policy,grid_i,grid_j,bias_p1,bias_p2,p_stage0,p_stage1,p_stage2,p_mixed,modal_outcome,outcome_entropy,n_replicates,final_horizon,stable_fraction,mean_first_dominance_time
epsilon_greedy,0,0,-2.0,-2.0,1.0,0.0,0.0,0.0,0,0.0,16,500000,1.0,346.5625
epsilon_greedy,0,1,-2.0,-1.9183673469387754,1.0,0.0,0.0,0.0,0,0.0,16,500000,1.0,462.5625
epsilon_greedy,0,2,-2.0,-1.836734693877551,1.0,0.0,0.0,0.0,0,0.0,16,500000,1.0,462.5625
epsilon_greedy,0,3,-2.0,-1.7551020408163265,1.0,0.0,0.0,0.0,0,0.0,16,500000,1.0,462.5625
epsilon_greedy,0,4,-2.0,-1.6734693877551021,1.0,0.0,0.0,0.0,0,0.0,16,500000,1.0,462.5625
epsilon_greedy,0,5,-2.0,-1.5918367346938775,1.0,0.0,0.0,0.0,0,0.0,16,500000,1.0,462.5625
epsilon_greedy,0,6,-2.0,-1.510204081632653,1.0,0.0,0.0,0.0,0,0.0,16,500000,1.0,462.5625
epsilon_greedy,0,7,-2.0,-1.4285714285714286,1.0,0.0,0.0,0.0,0,0.0,16,500000,1.0,462.5625
epsilon_greedy,0,8,-2.0,-1.3469387755102042,1.0,0.0,0.0,0.0,0,0.0,16,500000,1.0,462.5625
epsilon_greedy,0,9,-2.0,-1.2653061224489797,1.0,0.0,0.0,0.0,0,0.0,16,500000,1.0,462.5625
epsilon_greedy,0,10,-2.0,-1.183673469387755,1.0,0.0,0.0,0.0,0,0.0,16,500000,1.0,462.5625
epsilon_greedy,0,11,-2.0,-1.1020408163265307,1.0,0.0,0.0,0.0,0,0.0,16,500000,1.0,462.5625
epsilon_greedy,0,12,-2.0,-1.0204081632653061,1.0,0.0,0.0,0.0,0,0.0,16,500000,1.0,462.5625
epsilon_greedy,0,13,-2.0,-0.9387755102040818,1.0,0.0,0.0,0.0,0,0.0,16,500000,1.0,462.5625
epsilon_greedy,0,14,-2.0,-0.8571428571428572,1.0,0.0,0.0,0.0,0,0.0,16,500000,1.0,462.5625
epsilon_greedy,0,15,-2.0,-0.7755102040816328,1.0,0.0,0.0,0.0,0,0.0,16,500000,1.0,462.5625
epsilon_greedy,0,16,-2.0,-0.6938775510204083,1.0,0.0,0.0,0.0,0,0.0,16,500000,1.0,462.5625
epsilon_greedy,0,17,-2.0,-0.6122448979591837,1.0,0.0,0.0,0.0,0,0.0,16,500000,1.0,462.5625
epsilon_greedy,0,18,-2.0,-0.5306122448979593,1.0,0.0,0.0,0.0,0,0.0,16,500000,1.0,462.5625
epsilon_greedy,0,19,-2.0,-0.44897959183673475,1.0,0.0,0.0,0.0,0,0.0,16,500000,1.0,462.5625
epsilon_greedy,0,20,-2.0,-0.3673469387755104,1.0,0.0,0.0,0.0,0,0.0,16,500000,1.0,462.5625
epsilon_greedy,0,21,-2.0,-0.2857142857142858,1.0,0.0,0.0,0.0,0,0.0,16,500000,1.0,462.5625
epsilon_greedy,0,22,-2.0,-0.20408163265306145,1.0,0.0,0.0,0.0,0,0.0,16,500000,1.0,462.5625
epsilon_greedy,0,23,-2.0,-0.12244897959183687,1.0,0.0,0.0,0.0,0,0.0,16,500000,1.0,462.5625
epsilon_greedy,0,24,-2.0,-0.04081632653061229,1.0,0.0,0.0,0.0,0,0.0,16,500000,1.0,462.5625
epsilon_greedy,0,25,-2.0,0.04081632653061229,1.0,0.0,0.0,0.0,0,0.0,16,500000,1.0,462.5625
epsilon_greedy,0,26,-2.0,0.12244897959183643,1.0,0.0,0.0,0.0,0,0.0,16,500000,1.0,462.5625
epsilon_greedy,0,27,-2.0,0.204081632653061,1.0,0.0,0.0,0.0,0,0.0,16,500000,1.0,462.5625
epsilon_greedy,0,28,-2.0,0.2857142857142856,1.0,0.0,0.0,0.0,0,0.0,16,500000,1.0,462.5625
epsilon_greedy,0,29,-2.0,0.36734693877551017,1.0,0.0,0.0,0.0,0,0.0,16,500000,1.0,462.5625
epsilon_greedy,0,30,-2.0,0.4489795918367343,1.0,0.0,0.0,0.0,0,0.0,16,500000,1.0,462.5625
epsilon_greedy,0,31,-2.0,0.5306122448979589,1.0,0.0,0.0,0.0,0,0.0,16,500000,1.0,462.5625
epsilon_greedy,0,32,-2.0,0.6122448979591835,1.0,0.0,0.0,0.0,0,0.0,16,500000,1.0,462.5625
epsilon_greedy,0,33,-2.0,0.693877551020408,1.0,0.0,0.0,0.0,0,0.0,16,500000,1.0,462.5625
epsilon_greedy,0,34,-2.0,0.7755102040816326,1.0,0.0,0.0,0.0,0,0.0,16,500000,1.0,462.5625
epsilon_greedy,0,35,-2.0,0.8571428571428568,1.0,0.0,0.0,0.0,0,0.0,16,500000,1.0,462.5625
epsilon_greedy,0,36,-2.0,0.9387755102040813,1.0,0.0,0.0,0.0,0,0.0,16,500000,1.0,462.5625
epsilon_greedy,0,37,-2.0,1.020408163265306,1.0,0.0,0.0,0.0,0,0.0,16,500000,1.0,462.5625
epsilon_greedy,0,38,-2.0,1.1020408163265305,1.0,0.0,0.0,0.0,0,0.0,16,500000,1.0,462.5625
epsilon_greedy,0,39,-2.0,1.1836734693877546,1.0,0.0,0.0,0.0,0,0.0,16,500000,1.0,462.5625
epsilon_greedy,0,40,-2.0,1.2653061224489792,1.0,0.0,0.0,0.0,0,0.0,16,500000,1.0,462.5625
epsilon_greedy,0,41,-2.0,1.3469387755102038,1.0,0.0,0.0,0.0,0,0.0,16,500000,1.0,462.5625
epsilon_greedy,0,42,-2.0,1.4285714285714284,1.0,0.0,0.0,0.0,0,0.0,16,500000,1.0,462.5625
epsilon_greedy,0,43,-2.0,1.510204081632653,1.0,0.0,0.0,0.0,0,0.0,16,500000,1.0,462.5625
epsilon_greedy,0,44,-2.0,1.591836734693877,1.0,0.0,0.0,0.0,0,0.0,16,500000,1.0,462.5625
epsilon_greedy,0,45,-2.0,1.6734693877551017,1.0,0.0,0.0,0.0,0,0.0,16,500000,1.0,462.5625
epsilon_greedy,0,46,-2.0,1.7551020408163263,1.0,0.0,0.0,0.0,0,0.0,16,500000,1.0,462.5625
epsilon_greedy,0,47,-2.0,1.8367346938775508,1.0,0.0,0.0,0.0,0,0.0,16,500000,1.0,462.5625
epsilon_greedy,0,48,-2.0,1.9183673469387754,1.0,0.0,0.0,0.0,0,0.0,16,500000,1.0,462.5625
epsilon_greedy,0,49,-2.0,2.0,1.0,0.0,0.0,0.0,0,0.0,16,500000,1.0,353.75
epsilon_greedy,1,0,-1.9183673469387754,-2.0,1.0,0.0,0.0,0.0,0,0.0,16,500000,1.0,346.5625
epsilon_greedy,1,1,-1.9183673469387754,-1.9183673469387754,1.0,0.0,0.0,0.0,0,0.0,16,500000,1.0,462.5625
epsilon_greedy,1,2,-1.9183673469387754,-1.836734693877551,1.0,0.0,0.0,0.0,0,0.0,16,500000,1.0,462.5625
epsilon_greedy,1,3,-1.9183673469387754,-1.7551020408163265,1.0,0.0,0.0,0.0,0,0.0,16,500000,1.0,462.5625
epsilon_greedy,1,4,-1.9183673469387754,-1.6734693877551021,1.0,0.0,0.0,0.0,0,0.0,16,500000,1.0,462.5625
epsilon_greedy,1,5,-1.9183673469387754,-1.5918367346938775,1.0,0.0,0.0,0.0,0,0.0,16,500000,1.0,462.5625
epsilon_greedy,1,6,-1.9183673469387754,-1.510204081632653,1.0,0.0,0.0,0.0,0,0.0,16,500000,1.0,462.5625
epsilon_greedy,1,7,-1.9183673469387754,-1.4285714285714286,1.0,0.0,0.0,0.0,0,0.0,16,500000,1.0,462.5625
epsilon_greedy,1,8,-1.9183673469387754,-1.3469387755102042,1.0,0.0,0.0,0.0,0,0.0,16,500000,1.0,462.5625
epsilon_greedy,1,9,-1.9183673469387754,-1.2653061224489797,1.0,0.0,0.0,0.0,0,0.0,16,500000,1.0,462.5625
epsilon_greedy,1,10,-1.9183673469387754,-1.183673469387755,1.0,0.0,0.0,0.0,0,0.0,16,500000,1.0,462.5625
epsilon_greedy,1,11,-1.9183673469387754,-1.1020408163265307,1.0,0.0,0.0,0.0,0,0.0,16,500000,1.0,462.5625
epsilon_greedy,1,12,-1.9183673469387754,-1.0204081632653061,1.0,0.0,0.0,0.0,0,0.0,16,500000,1.0,462.5625
epsilon_greedy,1,13,-1.9183673469387754,-0.9387755102040818,1.0,0.0,0.0,0.0,0,0.0,16,500000,1.0,462.5625
epsilon_greedy,1,14,-1.9183673469387754,-0.8571428571428572,1.0,0.0,0.0,0.0,0,0.0,16,500000,1.0,462.5625
epsilon_greedy,1,15,-1.9183673469387754,-0.7755102040816328,1.0,0.0,0.0,0.0,0,0.0,16,500000,1.0,462.5625
epsilon_greedy,1,16,-1.9183673469387754,-0.6938775510204083,1.0,0.0,0.0,0.0,0,0.0,16,500000,1.0,462.5625
epsilon_greedy,1,17,-1.9183673469387754,-0.6122448979591837,1.0,0.0,0.0,0.0,0,0.0,16,500000,1.0,462.5625
epsilon_greedy,1,18,-1.9183673469387754,-0.5306122448979593,1.0,0.0,0.0,0.0,0,0.0,16,500000,1.0,462.5625
epsilon_greedy,1,19,-1.9183673469387754,-0.44897959183673475,1.0,0.0,0.0,0.0,0,0.0,16,500000,1.0,462.5625
epsilon_greedy,1,20,-1.9183673469387754,-0.3673469387755104,1.0,0.0,0.0,0.0,0,0.0,16,500000,1.0,462.5625
epsilon_greedy,1,21,-1.9183673469387754,-0.2857142857142858,1.0,0.0,0.0,0.0,0,0.0,16,500000,1.0,462.5625
epsilon_greedy,1,22,-1.9183673469387754,-0.20408163265306145,1.0,0.0,0.0,0.0,0,0.0,16,500000,1.0,462.5625
epsilon_greedy,1,23,-1.9183673469387754,-0.12244897959183687,1.0,0.0,0.0,0.0,0,0.0,16,500000,1.0,462.5625
epsilon_greedy,1,24,-1.9183673469387754,-0.04081632653061229,1.0,0.0,0.0,0.0,0,0.0,16,500000,1.0,462.5625
epsilon_greedy,1,25,-1.9183673469387754,0.04081632653061229,1.0,0.0,0.0,0.0,0,0.0,16,500000,1.0,462.5625
epsilon_greedy,1,26,-1.9183673469387754,0.12244897959183643,1.0,0.0,0.0,0.0,0,0.0,16,500000,1.0,462.5625
epsilon_greedy,1,27,-1.9183673469387754,0.204081632653061,1.0,0.0,0.0,0.0,0,0.0,16,500000,1.0,462.5625
epsilon_greedy,1,28,-1.9183673469387754,0.2857142857142856,1.0,0.0,0.0,0.0,0,0.0,16,500000,1.0,462.5625
epsilon_greedy,1,29,-1.9183673469387754,0.36734693877551017,1.0,0.0,0.0,0.0,0,0.0,16,500000,1.0,462.5625
epsilon_greedy,1,30,-1.9183673469387754,0.4489795918367343,1.0,0.0,0.0,0.0,0,0.0,16,500000,1.0,462.5625
epsilon_greedy,1,31,-1.9183673469387754,0.5306122448979589,1.0,0.0,0.0,0.0,0,0.0,16,500000,1.0,462.5625
epsilon_greedy,1,32,-1.9183673469387754,0.6122448979591835,1.0,0.0,0.0,0.0,0,0.0,16,500000,1.0,462.5625
epsilon_greedy,1,33,-1.9183673469387754,0.693877551020408,1.0,0.0,0.0,0.0,0,0.0,16,500000,1.0,462.5625
epsilon_greedy,1,34,-1.9183673469387754,0.7755102040816326,1.0,0.0,0.0,0.0,0,0.0,16,500000,1.0,462.5625
epsilon_greedy,1,35,-1.9183673469387754,0.8571428571428568,1.0,0.0,0.0,0.0,0,0.0,16,500000,1.0,462.5625
epsilon_greedy,1,36,-1.9183673469387754,0.9387755102040813,1.0,0.0,0.0,0.0,0,0.0,16,500000,1.0,462.5625
epsilon_greedy,1,37,-1.9183673469387754,1.020408163265306,1.0,0.0,0.0,0.0,0,0.0,16,500000,1.0,462.5625
epsilon_greedy,1,38,-1.9183673469387754,1.1020408163265305,1.0,0.0,0.0,0.0,0,0.0,16,500000,1.0,462.5625
epsilon_greedy,1,39,-1.9183673469387754,1.1836734693877546,1.0,0.0,0.0,0.0,0,0.0,16,500000,1.0,462.5625
epsilon_greedy,1,40,-1.9183673469387754,1.2653061224489792,1.0,0.0,0.0,0.0,0,0.0,16,500000,1.0,462.5625
epsilon_greedy,1,41,-1.9183673469387754,1.3469387755102038,1.0,0.0,0.0,0.0,0,0.0,16,500000,1.0,462.5625
epsilon_greedy,1,42,-1.9183673469387754,1.4285714285714284,1.0,0.0,0.0,0.0,0,0.0,16,500000,1.0,462.5625
epsilon_greedy,1,43,-1.9183673469387754,1.510204081632653,1.0,0.0,0.0,0.0,0,0.0,16,500000,1.0,462.5625
epsilon_greedy,1,44,-1.9183673469387754,1.591836734693877,1.0,0.0,0.0,0.0,0,0.0,16,500000,1.0,462.5625
epsilon_greedy,1,45,-1.9183673469387754,1.6734693877551017,1.0,0.0,0.0,0.0,0,0.0,16,500000,1.0,462.5625
epsilon_greedy,1,46,-1.9183673469387754,1.7551020408163263,1.0,0.0,0.0,0.0,0,0.0,16,500000,1.0,462.5625
epsilon_greedy,1,47,-1.9183673469387754,1.8367346938775508,1.0,0.0,0.0,0.0,0,0.0,16,500000,1.0,462.5625
epsilon_greedy,1,48,-1.9183673469387754,1.9183673469387754,1.0,0.0,0.0,0.0,0,0.0,16,500000,1.0,462.5625
epsilon_greedy,1,49,-1.9183673469387754,2.0,1.0,0.0,0.0,0.0,0,0.0,16,500000,1.0,353.75
epsilon_greedy,2,0,-1.836734693877551,-2.0,1.0,0.0,0.0,0.0,0,0.0,16,500000,1.0,346.5625
epsilon_greedy,2,1,-1.836734693877551,-1.9183673469387754,1.0,0.0,0.0,0.0,0,0.0,16,500000,1.0,462.5625
epsilon_greedy,2,2,-1.836734693877551,-1.836734693877551,1.0,0.0,0.0,0.0,0,0.0,16,500000,1.0,462.5625
epsilon_greedy,2,3,-1.836734693877551,-1.7551020408163265,1.0,0.0,0.0,0.0,0,0.0,16,500000,1.0,462.5625
epsilon_greedy,2,4,-1.836734693877551,-1.6734693877551021,1.0,0.0,0.0,0.0,0,0.0,16,500000,1.0,462.5625
epsilon_greedy,2,5,-1.836734693877551,-1.5918367346938775,1.0,0.0,0.0,0.0,0,0.0,16,500000,1.0,462.5625
epsilon_greedy,2,6,-1.836734693877551,-1.510204081632653,1.0,0.0,0.0,0.0,0,0.0,16,500000,1.0,462.5625
epsilon_greedy,2,7,-1.836734693877551,-1.4285714285714286,1.0,0.0,0.0,0.0,0,0.0,16,500000,1.0,462.5625
epsilon_greedy,2,8,-1.836734693877551,-1.3469387755102042,1.0,0.0,0.0,0.0,0,0.0,16,500000,1.0,462.5625
epsilon_greedy,2,9,-1.836734693877551,-1.2653061224489797,1.0,0.0,0.0,0.0,0,0.0,16,500000,1.0,462.5625
epsilon_greedy,2,10,-1.836734693877551,-1.183673469387755,1.0,0.0,0.0,0.0,0,0.0,16,500000,1.0,462.5625
epsilon_greedy,2,11,-1.836734693877551,-1.1020408163265307,1.0,0.0,0.0,0.0,0,0.0,16,500000,1.0,462.5625
epsilon_greedy,2,12,-1.836734693877551,-1.0204081632653061,1.0,0.0,0.0,0.0,0,0.0,16,500000,1.0,462.5625
epsilon_greedy,2,13,-1.836734693877551,-0.9387755102040818,1.0,0.0,0.0,0.0,0,0.0,16,500000,1.0,462.5625
epsilon_greedy,2,14,-1.836734693877551,-0.8571428571428572,1.0,0.0,0.0,0.0,0,0.0,16,500000,1.0,462.5625
epsilon_greedy,2,15,-1.836734693877551,-0.7755102040816328,1.0,0.0,0.0,0.0,0,0.0,16,500000,1.0,462.5625
epsilon_greedy,2,16,-1.836734693877551,-0.6938775510204083,1.0,0.0,0.0,0.0,0,0.0,16,500000,1.0,462.5625
epsilon_greedy,2,17,-1.836734693877551,-0.6122448979591837,1.0,0.0,0.0,0.0,0,0.0,16,500000,1.0,462.5625
epsilon_greedy,2,18,-1.836734693877551,-0.5306122448979593,1.0,0.0,0.0,0.0,0,0.0,16,500000,1.0,462.5625
epsilon_greedy,2,19,-1.836734693877551,-0.44897959183673475,1.0,0.0,0.0,0.0,0,0.0,16,500000,1.0,462.5625
epsilon_greedy,2,20,-1.836734693877551,-0.3673469387755104,1.0,0.0,0.0,0.0,0,0.0,16,500000,1.0,462.5625
epsilon_greedy,2,21,-1.836734693877551,-0.2857142857142858,1.0,0.0,0.0,0.0,0,0.0,16,500000,1.0,462.5625
epsilon_greedy,2,22,-1.836734693877551,-0.20408163265306145,1.0,0.0,0.0,0.0,0,0.0,16,500000,1.0,462.5625
epsilon_greedy,2,23,-1.836734693877551,-0.12244897959183687,1.0,0.0,0.0,0.0,0,0.0,16,500000,1.0,462.5625
epsilon_greedy,2,24,-1.836734693877551,-0.04081632653061229,1.0,0.0,0.0,0.0,0,0.0,16,500000,1.0,462.5625
epsilon_greedy,2,25,-1.836734693877551,0.04081632653061229,1.0,0.0,0.0,0.0,0,0.0,16,500000,1.0,462.5625
epsilon_greedy,2,26,-1.836734693877551,0.12244897959183643,1.0,0.0,0.0,0.0,0,0.0,16,500000,1.0,462.5625
epsilon_greedy,2,27,-1.836734693877551,0.204081632653061,1.0,0.0,0.0,0.0,0,0.0,16,500000,1.0,462.5625
epsilon_greedy,2,28,-1.836734693877551,0.2857142857142856,1.0,0.0,0.0,0.0,0,0.0,16,500000,1.0,462.5625
epsilon_greedy,2,29,-1.836734693877551,0.36734693877551017,1.0,0.0,0.0,0.0,0,0.0,16,500000,1.0,462.5625
epsilon_greedy,2,30,-1.836734693877551,0.4489795918367343,1.0,0.0,0.0,0.0,0,0.0,16,500000,1.0,462.5625
epsilon_greedy,2,31,-1.836734693877551,0.5306122448979589,1.0,0.0,0.0,0.0,0,0.0,16,500000,1.0,462.5625
epsilon_greedy,2,32,-1.836734693877551,0.6122448979591835,1.0,0.0,0.0,0.0,0,0.0,16,500000,1.0,462.5625
epsilon_greedy,2,33,-1.836734693877551,0.693877551020408,1.0,0.0,0.0,0.0,0,0.0,16,500000,1.0,462.5625
epsilon_greedy,2,34,-1.836734693877551,0.7755102040816326,1.0,0.0,0.0,0.0,0,0.0,16,500000,1.0,462.5625
epsilon_greedy,2,35,-1.836734693877551,0.8571428571428568,1.0,0.0,0.0,0.0,0,0.0,16,500000,1.0,462.5625
epsilon_greedy,2,36,-1.836734693877551,0.9387755102040813,1.0,0.0,0.0,0.0,0,0.0,16,500000,1.0,462.5625
epsilon_greedy,2,37,-1.836734693877551,1.020408163265306,1.0,0.0,0.0,0.0,0,0.0,16,500000,1.0,462.5625
epsilon_greedy,2,38,-1.836734693877551,1.1020408163265305,1.0,0.0,0.0,0.0,0,0.0,16,500000,1.0,462.5625
epsilon_greedy,2,39,-1.836734693877551,1.1836734693877546,1.0,0.0,0.0,0.0,0,0.0,16,500000,1.0,462.5625
epsilon_greedy,2,40,-1.836734693877551,1.2653061224489792,1.0,0.0,0.0,0.0,0,0.0,16,500000,1.0,462.5625
epsilon_greedy,2,41,-1.836734693877551,1.3469387755102038,1.0,0.0,0.0,0.0,0,0.0,16,500000,1.0,462.5625
epsilon_greedy,2,42,-1.836734693877551,1.4285714285714284,1.0,0.0,0.0,0.0,0,0.0,16,500000,1.0,462.5625
epsilon_greedy,2,43,-1.836734693877551,1.510204081632653,1.0,0.0,0.0,0.0,0,0.0,16,500000,1.0,462.5625
epsilon_greedy,2,44,-1.836734693877551,1.591836734693877,1.0,0.0,0.0,0.0,0,0.0,16,500000,1.0,462.5625
epsilon_greedy,2,45,-1.836734693877551,1.6734693877551017,1.0,0.0,0.0,0.0,0,0.0,16,500000,1.0,462.5625
epsilon_greedy,2,46,-1.836734693877551,1.7551020408163263,1.0,0.0,0.0,0.0,0,0.0,16,500000,1.0,462.5625
epsilon_greedy,2,47,-1.836734693877551,1.8367346938775508,1.0,0.0,0.0,0.0,0,0.0,16,500000,1.0,462.5625
epsilon_greedy,2,48,-1.836734693877551,1.9183673469387754,1.0,0.0,0.0,0.0,0,0.0,16,500000,1.0,462.5625
epsilon_greedy,2,49,-1.836734693877551,2.0,1.0,0.0,0.0,0.0,0,0.0,16,500000,1.0,353.75
epsilon_greedy,3,0,-1.7551020408163265,-2.0,1.0,0.0,0.0,0.0,0,0.0,16,500000,1.0,346.5625
epsilon_greedy,3,1,-1.7551020408163265,-1.9183673469387754,1.0,0.0,0.0,0.0,0,0.0,16,500000,1.0,462.5625
epsilon_greedy,3,2,-1.7551020408163265,-1.836734693877551,1.0,0.0,0.0,0.0,0,0.0,16,500000,1.0,462.5625
epsilon_greedy,3,3,-1.7551020408163265,-1.7551020408163265,1.0,0.0,0.0,0.0,0,0.0,16,500000,1.0,462.5625
epsilon_greedy,3,4,-1.7551020408163265,-1.6734693877551021,1.0,0.0,0.0,0.0,0,0.0,16,500000,1.0,462.5625
epsilon_greedy,3,5,-1.7551020408163265,-1.5918367346938775,1.0,0.0,0.0,0.0,0,0.0,16,500000,1.0,462.5625
epsilon_greedy,3,6,-1.7551020408163265,-1.510204081632653,1.0,0.0,0.0,0.0,0,0.0,16,500000,1.0,462.5625
epsilon_greedy,3,7,-1.7551020408163265,-1.4285714285714286,1.0,0.0,0.0,0.0,0,0.0,16,500000,1.0,462.5625
epsilon_greedy,3,8,-1.7551020408163265,-1.3469387755102042,1.0,0.0,0.0,0.0,0,0.0,16,500000,1.0,462.5625
epsilon_greedy,3,9,-1.7551020408163265,-1.2653061224489797,1.0,0.0,0.0,0.0,0,0.0,16,500000,1.0,462.5625
epsilon_greedy,3,10,-1.7551020408163265,-1.183673469387755,1.0,0.0,0.0,0.0,0,0.0,16,500000,1.0,462.5625
epsilon_greedy,3,11,-1.7551020408163265,-1.1020408163265307,1.0,0.0,0.0,0.0,0,0.0,16,500000,1.0,462.5625
epsilon_greedy,3,12,-1.7551020408163265,-1.0204081632653061,1.0,0.0,0.0,0.0,0,0.0,16,500000,1.0,462.5625
epsilon_greedy,3,13,-1.7551020408163265,-0.9387755102040818,1.0,0.0,0.0,0.0,0,0.0,16,500000,1.0,462.5625
epsilon_greedy,3,14,-1.7551020408163265,-0.8571428571428572,1.0,0.0,0.0,0.0,0,0.0,16,500000,1.0,462.5625
epsilon_greedy,3,15,-1.7551020408163265,-0.7755102040816328,1.0,0.0,0.0,0.0,0,0.0,16,500000,1.0,462.5625
epsilon_greedy,3,16,-1.7551020408163265,-0.6938775510204083,1.0,0.0,0.0,0.0,0,0.0,16,500000,1.0,462.5625
epsilon_greedy,3,17,-1.7551020408163265,-0.6122448979591837,1.0,0.0,0.0,0.0,0,0.0,16,500000,1.0,462.5625
epsilon_greedy,3,18,-1.7551020408163265,-0.5306122448979593,1.0,0.0,0.0,0.0,0,0.0,16,500000,1.0,462.5625
epsilon_greedy,3,19,-1.7551020408163265,-0.44897959183673475,1.0,0.0,0.0,0.0,0,0.0,16,500000,1.0,462.5625
epsilon_greedy,3,20,-1.7551020408163265,-0.3673469387755104,1.0,0.0,0.0,0.0,0,0.0,16,500000,1.0,462.5625
epsilon_greedy,3,21,-1.7551020408163265,-0.2857142857142858,1.0,0.0,0.0,0.0,0,0.0,16,500000,1.0,462.5625
epsilon_greedy,3,22,-1.7551020408163265,-0.20408163265306145,1.0,0.0,0.0,0.0,0,0.0,16,500000,1.0,462.5625
epsilon_greedy,3,23,-1.7551020408163265,-0.12244897959183687,1.0,0.0,0.0,0.0,0,0.0,16,500000,1.0,462.5625
epsilon_greedy,3,24,-1.7551020408163265,-0.04081632653061229,1.0,0.0,0.0,0.0,0,0.0,16,500000,1.0,462.5625
epsilon_greedy,3,25,-1.7551020408163265,0.04081632653061229,1.0,0.0,0.0,0.0,0,0.0,16,500000,1.0,462.5625
epsilon_greedy,3,26,-1.7551020408163265,0.12244897959183643,1.0,0.0,0.0,0.0,0,0.0,16,500000,1.0,462.5625
epsilon_greedy,3,27,-1.7551020408163265,0.204081632653061,1.0,0.0,0.0,0.0,0,0.0,16,500000,1.0,462.5625
epsilon_greedy,3,28,-1.7551020408163265,0.2857142857142856,1.0,0.0,0.0,0.0,0,0.0,16,500000,1.0,462.5625
epsilon_greedy,3,29,-1.7551020408163265,0.36734693877551017,1.0,0.0,0.0,0.0,0,0.0,16,500000,1.0,462.5625
epsilon_greedy,3,30,-1.7551020408163265,0.4489795918367343,1.0,0.0,0.0,0.0,0,0.0,16,500000,1.0,462.5625
epsilon_greedy,3,31,-1.7551020408163265,0.5306122448979589,1.0,0.0,0.0,0.0,0,0.0,16,500000,1.0,462.5625
epsilon_greedy,3,32,-1.7551020408163265,0.6122448979591835,1.0,0.0,0.0,0.0,0,0.0,16,500000,1.0,462.5625
epsilon_greedy,3,33,-1.7551020408163265,0.693877551020408,1.0,0.0,0.0,0.0,0,0.0,16,500000,1.0,462.5625
epsilon_greedy,3,34,-1.7551020408163265,0.7755102040816326,1.0,0.0,0.0,0.0,0,0.0,16,500000,1.0,462.5625
epsilon_greedy,3,35,-1.7551020408163265,0.8571428571428568,1.0,0.0,0.0,0.0,0,0.0,16,500000,1.0,462.5625
epsilon_greedy,3,36,-1.7551020408163265,0.9387755102040813,1.0,0.0,0.0,0.0,0,0.0,16,500000,1.0,462.5625
epsilon_greedy,3,37,-1.7551020408163265,1.020408163265306,1.0,0.0,0.0,0.0,0,0.0,16,500000,1.0,462.5625
epsilon_greedy,3,38,-1.7551020408163265,1.1020408163265305,1.0,0.0,0.0,0.0,0,0.0,16,500000,1.0,462.5625
epsilon_greedy,3,39,-1.7551020408163265,1.1836734693877546,1.0,0.0,0.0,0.0,0,0.0,16,500000,1.0,462.5625
epsilon_greedy,3,40,-1.7551020408163265,1.2653061224489792,1.0,0.0,0.0,0.0,0,0.0,16,500000,1.0,462.5625
epsilon_greedy,3,41,-1.7551020408163265,1.3469387755102038,1.0,0.0,0.0,0.0,0,0.0,16,500000,1.0,462.5625
epsilon_greedy,3,42,-1.7551020408163265,1.4285714285714284,1.0,0.0,0.0,0.0,0,0.0,16,500000,1.0,462.5625
epsilon_greedy,3,43,-1.7551020408163265,1.510204081632653,1.0,0.0,0.0,0.0,0,0.0,16,500000,1.0,462.5625
epsilon_greedy,3,44,-1.7551020408163265,1.591836734693877,1.0,0.0,0.0,0.0,0,0.0,16,500000,1.0,462.5625
epsilon_greedy,3,45,-1.7551020408163265,1.6734693877551017,1.0,0.0,0.0,0.0,0,0.0,16,500000,1.0,462.5625
epsilon_greedy,3,46,-1.7551020408163265,1.7551020408163263,1.0,0.0,0.0,0.0,0,0.0,16,500000,1.0,462.5625
epsilon_greedy,3,47,-1.7551020408163265,1.8367346938775508,1.0,0.0,0.0,0.0,0,0.0,16,500000,1.0,462.5625
epsilon_greedy,3,48,-1.7551020408163265,1.9183673469387754,1.0,0.0,0.0,0.0,0,0.0,16,500000,1.0,462.5625
epsilon_greedy,3,49,-1.7551020408163265,2.0,1.0,0.0,0.0,0.0,0,0.0,16,500000,1.0,353.75
epsilon_greedy,4,0,-1.6734693877551021,-2.0,1.0,0.0,0.0,0.0,0,0.0,16,500000,1.0,346.5625
epsilon_greedy,4,1,-1.6734693877551021,-1.9183673469387754,1.0,0.0,0.0,0.0,0,0.0,16,500000,1.0,462.5625
epsilon_greedy,4,2,-1.6734693877551021,-1.836734693877551,1.0,0.0,0.0,0.0,0,0.0,16,500000,1.0,462.5625
epsilon_greedy,4,3,-1.6734693877551021,-1.7551020408163265,1.0,0.0,0.0,0.0,0,0.0,16,500000,1.0,462.5625
epsilon_greedy,4,4,-1.6734693877551021,-1.6734693877551021,1.0,0.0,0.0,0.0,0,0.0,16,500000,1.0,462.5625
epsilon_greedy,4,5,-1.6734693877551021,-1.5918367346938775,1.0,0.0,0.0,0.0,0,0.0,16,500000,1.0,462.5625
epsilon_greedy,4,6,-1.6734693877551021,-1.510204081632653,1.0,0.0,0.0,0.0,0,0.0,16,500000,1.0,462.5625
epsilon_greedy,4,7,-1.6734693877551021,-1.4285714285714286,1.0,0.0,0.0,0.0,0,0.0,16,500000,1.0,462.5625
epsilon_greedy,4,8,-1.6734693877551021,-1.3469387755102042,1.0,0.0,0.0,0.0,0,0.0,16,500000,1.0,462.5625
epsilon_greedy,4,9,-1.6734693877551021,-1.2653061224489797,1.0,0.0,0.0,0.0,0,0.0,16,500000,1.0,462.5625
epsilon_greedy,4,10,-1.6734693877551021,-1.183673469387755,1.0,0.0,0.0,0.0,0,0.0,16,500000,1.0,462.5625
epsilon_greedy,4,11,-1.6734693877551021,-1.1020408163265307,1.0,0.0,0.0,0.0,0,0.0,16,500000,1.0,462.5625
epsilon_greedy,4,12,-1.6734693877551021,-1.0204081632653061,1.0,0.0,0.0,0.0,0,0.0,16,500000,1.0,462.5625
epsilon_greedy,4,13,-1.6734693877551021,-0.9387755102040818,1.0,0.0,0.0,0.0,0,0.0,16,500000,1.0,462.5625
epsilon_greedy,4,14,-1.6734693877551021,-0.8571428571428572,1.0,0.0,0.0,0.0,0,0.0,16,500000,1.0,462.5625
epsilon_greedy,4,15,-1.6734693877551021,-0.7755102040816328,1.0,0.0,0.0,0.0,0,0.0,16,500000,1.0,462.5625
epsilon_greedy,4,16,-1.6734693877551021,-0.6938775510204083,1.0,0.0,0.0,0.0,0,0.0,16,500000,1.0,462.5625
epsilon_greedy,4,17,-1.6734693877551021,-0.6122448979591837,1.0,0.0,0.0,0.0,0,0.0,16,500000,1.0,462.5625
epsilon_greedy,4,18,-1.6734693877551021,-0.5306122448979593,1.0,0.0,0.0,0.0,0,0.0,16,500000,1.0,462.5625
epsilon_greedy,4,19,-1.6734693877551021,-0.44897959183673475,1.0,0.0,0.0,0.0,0,0.0,16,500000,1.0,462.5625
epsilon_greedy,4,20,-1.6734693877551021,-0.3673469387755104,1.0,0.0,0.0,0.0,0,0.0,16,500000,1.0,462.5625
epsilon_greedy,4,21,-1.6734693877551021,-0.2857142857142858,1.0,0.0,0.0,0.0,0,0.0,16,500000,1.0,462.5625
epsilon_greedy,4,22,-1.6734693877551021,-0.20408163265306145,1.0,0.0,0.0,0.0,0,0.0,16,500000,1.0,462.5625
epsilon_greedy,4,23,-1.6734693877551021,-0.12244897959183687,1.0,0.0,0.0,0.0,0,0.0,16,500000,1.0,462.5625
epsilon_greedy,4,24,-1.6734693877551021,-0.04081632653061229,1.0,0.0,0.0,0.0,0,0.0,16,500000,1.0,462.5625
epsilon_greedy,4,25,-1.6734693877551021,0.04081632653061229,1.0,0.0,0.0,0.0,0,0.0,16,500000,1.0,462.5625
epsilon_greedy,4,26,-1.6734693877551021,0.12244897959183643,1.0,0.0,0.0,0.0,0,0.0,16,500000,1.0,462.5625
epsilon_greedy,4,27,-1.6734693877551021,0.204081632653061,1.0,0.0,0.0,0.0,0,0.0,16,500000,1.0,462.5625
epsilon_greedy,4,28,-1.6734693877551021,0.2857142857142856,1.0,0.0,0.0,0.0,0,0.0,16,500000,1.0,462.5625
epsilon_greedy,4,29,-1.6734693877551021,0.36734693877551017,1.0,0.0,0.0,0.0,0,0.0,16,500000,1.0,462.5625
epsilon_greedy,4,30,-1.6734693877551021,0.4489795918367343,1.0,0.0,0.0,0.0,0,0.0,16,500000,1.0,462.5625
epsilon_greedy,4,31,-1.6734693877551021,0.5306122448979589,1.0,0.0,0.0,0.0,0,0.0,16,500000,1.0,462.5625
epsilon_greedy,4,32,-1.6734693877551021,0.6122448979591835,1.0,0.0,0.0,0.0,0,0.0,16,500000,1.0,462.5625
epsilon_greedy,4,33,-1.6734693877551021,0.693877551020408,1.0,0.0,0.0,0.0,0,0.0,16,500000,1.0,462.5625
epsilon_greedy,4,34,-1.6734693877551021,0.7755102040816326,1.0,0.0,0.0,0.0,0,0.0,16,500000,1.0,462.5625
epsilon_greedy,4,35,-1.6734693877551021,0.8571428571428568,1.0,0.0,0.0,0.0,0,0.0,16,500000,1.0,462.5625
epsilon_greedy,4,36,-1.6734693877551021,0.9387755102040813,1.0,0.0,0.0,0.0,0,0.0,16,500000,1.0,462.5625
epsilon_greedy,4,37,-1.6734693877551021,1.020408163265306,1.0,0.0,0.0,0.0,0,0.0,16,500000,1.0,462.5625
epsilon_greedy,4,38,-1.6734693877551021,1.1020408163265305,1.0,0.0,0.0,0.0,0,0.0,16,500000,1.0,462.5625
epsilon_greedy,4,39,-1.6734693877551021,1.1836734693877546,1.0,0.0,0.0,0.0,0,0.0,16,500000,1.0,462.5625
epsilon_greedy,4,40,-1.6734693877551021,1.2653061224489792,1.0,0.0,0.0,0.0,0,0.0,16,500000,1.0,462.5625
epsilon_greedy,4,41,-1.6734693877551021,1.3469387755102038,1.0,0.0,0.0,0.0,0,0.0,16,500000,1.0,462.5625
epsilon_greedy,4,42,-1.6734693877551021,1.4285714285714284,1.0,0.0,0.0,0.0,0,0.0,16,500000,1.0,462.5625
epsilon_greedy,4,43,-1.6734693877551021,1.510204081632653,1.0,0.0,0.0,0.0,0,0.0,16,500000,1.0,462.5625
epsilon_greedy,4,44,-1.6734693877551021,1.591836734693877,1.0,0.0,0.0,0.0,0,0.0,16,500000,1.0,462.5625
epsilon_greedy,4,45,-1.6734693877551021,1.6734693877551017,1.0,0.0,0.0,0.0,0,0.0,16,500000,1.0,462.5625
epsilon_greedy,4,46,-1.6734693877551021,1.7551020408163263,1.0,0.0,0.0,0.0,0,0.0,16,500000,1.0,462.5625
epsilon_greedy,4,47,-1.6734693877551021,1.8367346938775508,1.0,0.0,0.0,0.0,0,0.0,16,500000,1.0,462.5625
epsilon_greedy,4,48,-1.6734693877551021,1.9183673469387754,1.0,0.0,0.0,0.0,0,0.0,16,500000,1.0,462.5625
epsilon_greedy,4,49,-1.6734693877551021,2.0,1.0,0.0,0.0,0.0,0,0.0,16,500000,1.0,353.75
epsilon_greedy,5,0,-1.5918367346938775,-2.0,1.0,0.0,0.0,0.0,0,0.0,16,500000,1.0,346.5625
epsilon_greedy,5,1,-1.5918367346938775,-1.9183673469387754,1.0,0.0,0.0,0.0,0,0.0,16,500000,1.0,462.5625
epsilon_greedy,5,2,-1.5918367346938775,-1.836734693877551,1.0,0.0,0.0,0.0,0,0.0,16,500000,1.0,462.5625
epsilon_greedy,5,3,-1.5918367346938775,-1.7551020408163265,1.0,0.0,0.0,0.0,0,0.0,16,500000,1.0,462.5625
epsilon_greedy,5,4,-1.5918367346938775,-1.6734693877551021,1.0,0.0,0.0,0.0,0,0.0,16,500000,1.0,462.5625
epsilon_greedy,5,5,-1.5918367346938775,-1.5918367346938775,1.0,0.0,0.0,0.0,0,0.0,16,500000,1.0,462.5625
epsilon_greedy,5,6,-1.5918367346938775,-1.510204081632653,1.0,0.0,0.0,0.0,0,0.0,16,500000,1.0,462.5625
epsilon_greedy,5,7,-1.5918367346938775,-1.4285714285714286,1.0,0.0,0.0,0.0,0,0.0,16,500000,1.0,462.5625
epsilon_greedy,5,8,-1.5918367346938775,-1.3469387755102042,1.0,0.0,0.0,0.0,0,0.0,16,500000,1.0,462.5625
epsilon_greedy,5,9,-1.5918367346938775,-1.2653061224489797,1.0,0.0,0.0,0.0,0,0.0,16,500000,1.0,462.5625
epsilon_greedy,5,10,-1.5918367346938775,-1.183673469387755,1.0,0.0,0.0,0.0,0,0.0,16,500000,1.0,462.5625
epsilon_greedy,5,11,-1.5918367346938775,-1.1020408163265307,1.0,0.0,0.0,0.0,0,0.0,16,500000,1.0,462.5625
epsilon_greedy,5,12,-1.5918367346938775,-1.0204081632653061,1.0,0.0,0.0,0.0,0,0.0,16,500000,1.0,462.5625
epsilon_greedy,5,13,-1.5918367346938775,-0.9387755102040818,1.0,0.0,0.0,0.0,0,0.0,16,500000,1.0,462.5625
epsilon_greedy,5,14,-1.5918367346938775,-0.8571428571428572,1.0,0.0,0.0,0.0,0,0.0,16,500000,1.0,462.5625
epsilon_greedy,5,15,-1.5918367346938775,-0.7755102040816328,1.0,0.0,0.0,0.0,0,0.0,16,500000,1.0,462.5625
epsilon_greedy,5,16,-1.5918367346938775,-0.6938775510204083,1.0,0.0,0.0,0.0,0,0.0,16,500000,1.0,462.5625
epsilon_greedy,5,17,-1.5918367346938775,-0.6122448979591837,1.0,0.0,0.0,0.0,0,0.0,16,500000,1.0,462.5625
epsilon_greedy,5,18,-1.5918367346938775,-0.5306122448979593,1.0,0.0,0.0,0.0,0,0.0,16,500000,1.0,462.5625
epsilon_greedy,5,19,-1.5918367346938775,-0.44897959183673475,1.0,0.0,0.0,0.0,0,0.0,16,500000,1.0,462.5625
epsilon_greedy,5,20,-1.5918367346938775,-0.3673469387755104,1.0,0.0,0.0,0.0,0,0.0,16,500000,1.0,462.5625
epsilon_greedy,5,21,-1.5918367346938775,-0.2857142857142858,1.0,0.0,0.0,0.0,0,0.0,16,500000,1.0,462.5625
epsilon_greedy,5,22,-1.5918367346938775,-0.20408163265306145,1.0,0.0,0.0,0.0,0,0.0,16,500000,1.0,462.5625
epsilon_greedy,5,23,-1.5918367346938775,-0.12244897959183687,1.0,0.0,0.0,0.0,0,0.0,16,500000,1.0,462.5625
epsilon_greedy,5,24,-1.5918367346938775,-0.04081632653061229,1.0,0.0,0.0,0.0,0,0.0,16,500000,1.0,462.5625
epsilon_greedy,5,25,-1.5918367346938775,0.04081632653061229,1.0,0.0,0.0,0.0,0,0.0,16,500000,1.0,462.5625
epsilon_greedy,5,26,-1.5918367346938775,0.12244897959183643,1.0,0.0,0.0,0.0,0,0.0,16,500000,1.0,462.5625
epsilon_greedy,5,27,-1.5918367346938775,0.204081632653061,1.0,0.0,0.0,0.0,0,0.0,16,500000,1.0,462.5625
epsilon_greedy,5,28,-1.5918367346938775,0.2857142857142856,1.0,0.0,0.0,0.0,0,0.0,16,500000,1.0,462.5625
epsilon_greedy,5,29,-1.5918367346938775,0.36734693877551017,1.0,0.0,0.0,0.0,0,0.0,16,500000,1.0,462.5625
epsilon_greedy,5,30,-1.5918367346938775,0.4489795918367343,1.0,0.0,0.0,0.0,0,0.0,16,500000,1.0,462.5625
epsilon_greedy,5,31,-1.5918367346938775,0.5306122448979589,1.0,0.0,0.0,0.0,0,0.0,16,500000,1.0,462.5625
epsilon_greedy,5,32,-1.5918367346938775,0.6122448979591835,1.0,0.0,0.0,0.0,0,0.0,16,500000,1.0,462.5625
epsilon_greedy,5,33,-1.5918367346938775,0.693877551020408,1.0,0.0,0.0,0.0,0,0.0,16,500000,1.0,462.5625
epsilon_greedy,5,34,-1.5918367346938775,0.7755102040816326,1.0,0.0,0.0,0.0,0,0.0,16,500000,1.0,462.5625
epsilon_greedy,5,35,-1.5918367346938775,0.8571428571428568,1.0,0.0,0.0,0.0,0,0.0,16,500000,1.0,462.5625
epsilon_greedy,5,36,-1.5918367346938775,0.9387755102040813,1.0,0.0,0.0,0.0,0,0.0,16,500000,1.0,462.5625
epsilon_greedy,5,37,-1.5918367346938775,1.020408163265306,1.0,0.0,0.0,0.0,0,0.0,16,500000,1.0,462.5625
epsilon_greedy,5,38,-1.5918367346938775,1.1020408163265305,1.0,0.0,0.0,0.0,0,0.0,16,500000,1.0,462.5625
epsilon_greedy,5,39,-1.5918367346938775,1.1836734693877546,1.0,0.0,0.0,0.0,0,0.0,16,500000,1.0,462.5625
epsilon_greedy,5,40,-1.5918367346938775,1.2653061224489792,1.0,0.0,0.0,0.0,0,0.0,16,500000,1.0,462.5625
epsilon_greedy,5,41,-1.5918367346938775,1.3469387755102038,1.0,0.0,0.0,0.0,0,0.0,16,500000,1.0,462.5625
epsilon_greedy,5,42,-1.5918367346938775,1.4285714285714284,1.0,0.0,0.0,0.0,0,0.0,16,500000,1.0,462.5625
epsilon_greedy,5,43,-1.5918367346938775,1.510204081632653,1.0,0.0,0.0,0.0,0,0.0,16,500000,1.0,462.5625
epsilon_greedy,5,44,-1.5918367346938775,1.591836734693877,1.0,0.0,0.0,0.0,0,0.0,16,500000,1.0,462.5625
epsilon_greedy,5,45,-1.5918367346938775,1.6734693877551017,1.0,0.0,0.0,0.0,0,0.0,16,500000,1.0,462.5625
epsilon_greedy,5,46,-1.5918367346938775,1.7551020408163263,1.0,0.0,0.0,0.0,0,0.0,16,500000,1.0,462.5625
epsilon_greedy,5,47,-1.5918367346938775,1.8367346938775508,1.0,0.0,0.0,0.0,0,0.0,16,500000,1.0,462.5625
epsilon_greedy,5,48,-1.5918367346938775,1.9183673469387754,1.0,0.0,0.0,0.0,0,0.0,16,500000,1.0,462.5625
epsilon_greedy,5,49,-1.5918367346938775,2.0,1.0,0.0,0.0,0.0,0,0.0,16,500000,1.0,353.75
epsilon_greedy,6,0,-1.510204081632653,-2.0,1.0,0.0,0.0,0.0,0,0.0,16,500000,1.0,346.5625
epsilon_greedy,6,1,-1.510204081632653,-1.9183673469387754,1.0,0.0,0.0,0.0,0,0.0,16,500000,1.0,462.5625
epsilon_greedy,6,2,-1.510204081632653,-1.836734693877551,1.0,0.0,0.0,0.0,0,0.0,16,500000,1.0,462.5625
epsilon_greedy,6,3,-1.510204081632653,-1.7551020408163265,1.0,0.0,0.0,0.0,0,0.0,16,500000,1.0,462.5625
epsilon_greedy,6,4,-1.510204081632653,-1.6734693877551021,1.0,0.0,0.0,0.0,0,0.0,16,500000,1.0,462.5625
epsilon_greedy,6,5,-1.510204081632653,-1.5918367346938775,1.0,0.0,0.0,0.0,0,0.0,16,500000,1.0,462.5625
epsilon_greedy,6,6,-1.510204081632653,-1.510204081632653,1.0,0.0,0.0,0.0,0,0.0,16,500000,1.0,462.5625
epsilon_greedy,6,7,-1.510204081632653,-1.4285714285714286,1.0,0.0,0.0,0.0,0,0.0,16,500000,1.0,462.5625
epsilon_greedy,6,8,-1.510204081632653,-1.3469387755102042,1.0,0.0,0.0,0.0,0,0.0,16,500000,1.0,462.5625
epsilon_greedy,6,9,-1.510204081632653,-1.2653061224489797,1.0,0.0,0.0,0.0,0,0.0,16,500000,1.0,462.5625
epsilon_greedy,6,10,-1.510204081632653,-1.183673469387755,1.0,0.0,0.0,0.0,0,0.0,16,500000,1.0,462.5625
epsilon_greedy,6,11,-1.510204081632653,-1.1020408163265307,1.0,0.0,0.0,0.0,0,0.0,16,500000,1.0,462.5625
epsilon_greedy,6,12,-1.510204081632653,-1.0204081632653061,1.0,0.0,0.0,0.0,0,0.0,16,500000,1.0,462.5625
epsilon_greedy,6,13,-1.510204081632653,-0.9387755102040818,1.0,0.0,0.0,0.0,0,0.0,16,500000,1.0,462.5625
epsilon_greedy,6,14,-1.510204081632653,-0.8571428571428572,1.0,0.0,0.0,0.0,0,0.0,16,500000,1.0,462.5625
epsilon_greedy,6,15,-1.510204081632653,-0.7755102040816328,1.0,0.0,0.0,0.0,0,0.0,16,500000,1.0,462.5625
epsilon_greedy,6,16,-1.510204081632653,-0.6938775510204083,1.0,0.0,0.0,0.0,0,0.0,16,500000,1.0,462.5625
epsilon_greedy,6,17,-1.510204081632653,-0.6122448979591837,1.0,0.0,0.0,0.0,0,0.0,16,500000,1.0,462.5625
epsilon_greedy,6,18,-1.510204081632653,-0.5306122448979593,1.0,0.0,0.0,0.0,0,0.0,16,500000,1.0,462.5625
epsilon_greedy,6,19,-1.510204081632653,-0.44897959183673475,1.0,0.0,0.0,0.0,0,0.0,16,500000,1.0,462.5625
epsilon_greedy,6,20,-1.510204081632653,-0.3673469387755104,1.0,0.0,0.0,0.0,0,0.0,16,500000,1.0,462.5625
epsilon_greedy,6,21,-1.510204081632653,-0.2857142857142858,1.0,0.0,0.0,0.0,0,0.0,16,500000,1.0,462.5625
epsilon_greedy,6,22,-1.510204081632653,-0.20408163265306145,1.0,0.0,0.0,0.0,0,0.0,16,500000,1.0,462.5625
epsilon_greedy,6,23,-1.510204081632653,-0.12244897959183687,1.0,0.0,0.0,0.0,0,0.0,16,500000,1.0,462.5625
epsilon_greedy,6,24,-1.510204081632653,-0.04081632653061229,1.0,0.0,0.0,0.0,0,0.0,16,500000,1.0,462.5625
epsilon_greedy,6,25,-1.510204081632653,0.04081632653061229,1.0,0.0,0.0,0.0,0,0.0,16,500000,1.0,462.5625
epsilon_greedy,6,26,-1.510204081632653,0.12244897959183643,1.0,0.0,0.0,0.0,0,0.0,16,500000,1.0,462.5625
epsilon_greedy,6,27,-1.510204081632653,0.204081632653061,1.0,0.0,0.0,0.0,0,0.0,16,500000,1.0,462.5625
epsilon_greedy,6,28,-1.510204081632653,0.2857142857142856,1.0,0.0,0.0,0.0,0,0.0,16,500000,1.0,462.5625
epsilon_greedy,6,29,-1.510204081632653,0.36734693877551017,1.0,0.0,0.0,0.0,0,0.0,16,500000,1.0,462.5625
epsilon_greedy,6,30,-1.510204081632653,0.4489795918367343,1.0,0.0,0.0,0.0,0,0.0,16,500000,1.0,462.5625
epsilon_greedy,6,31,-1.510204081632653,0.5306122448979589,1.0,0.0,0.0,0.0,0,0.0,16,500000,1.0,462.5625
epsilon_greedy,6,32,-1.510204081632653,0.6122448979591835,1.0,0.0,0.0,0.0,0,0.0,16,500000,1.0,462.5625
epsilon_greedy,6,33,-1.510204081632653,0.693877551020408,1.0,0.0,0.0,0.0,0,0.0,16,500000,1.0,462.5625
epsilon_greedy,6,34,-1.510204081632653,0.7755102040816326,1.0,0.0,0.0,0.0,0,0.0,16,500000,1.0,462.5625
epsilon_greedy,6,35,-1.510204081632653,0.8571428571428568,1.0,0.0,0.0,0.0,0,0.0,16,500000,1.0,462.5625
epsilon_greedy,6,36,-1.510204081632653,0.9387755102040813,1.0,0.0,0.0,0.0,0,0.0,16,500000,1.0,462.5625
epsilon_greedy,6,37,-1.510204081632653,1.020408163265306,1.0,0.0,0.0,0.0,0,0.0,16,500000,1.0,462.5625
epsilon_greedy,6,38,-1.510204081632653,1.1020408163265305,1.0,0.0,0.0,0.0,0,0.0,16,500000,1.0,462.5625
epsilon_greedy,6,39,-1.510204081632653,1.1836734693877546,1.0,0.0,0.0,0.0,0,0.0,16,500000,1.0,462.5625
epsilon_greedy,6,40,-1.510204081632653,1.2653061224489792,1.0,0.0,0.0,0.0,0,0.0,16,500000,1.0,462.5625
epsilon_greedy,6,41,-1.510204081632653,1.3469387755102038,1.0,0.0,0.0,0.0,0,0.0,16,500000,1.0,462.5625
epsilon_greedy,6,42,-1.510204081632653,1.4285714285714284,1.0,0.0,0.0,0.0,0,0.0,16,500000,1.0,462.5625
epsilon_greedy,6,43,-1.510204081632653,1.510204081632653,1.0,0.0,0.0,0.0,0,0.0,16,500000,1.0,462.5625
epsilon_greedy,6,44,-1.510204081632653,1.591836734693877,1.0,0.0,0.0,0.0,0,0.0,16,500000,1.0,462.5625
epsilon_greedy,6,45,-1.510204081632653,1.6734693877551017,1.0,0.0,0.0,0.0,0,0.0,16,500000,1.0,462.5625
epsilon_greedy,6,46,-1.510204081632653,1.7551020408163263,1.0,0.0,0.0,0.0,0,0.0,16,500000,1.0,462.5625
epsilon_greedy,6,47,-1.510204081632653,1.8367346938775508,1.0,0.0,0.0,0.0,0,0.0,16,500000,1.0,462.5625
epsilon_greedy,6,48,-1.510204081632653,1.9183673469387754,1.0,0.0,0.0,0.0,0,0.0,16,500000,1.0,462.5625
epsilon_greedy,6,49,-1.510204081632653,2.0,1.0,0.0,0.0,0.0,0,0.0,16,500000,1.0,353.75
epsilon_greedy,7,0,-1.4285714285714286,-2.0,1.0,0.0,0.0,0.0,0,0.0,16,500000,1.0,346.5625
epsilon_greedy,7,1,-1.4285714285714286,-1.9183673469387754,1.0,0.0,0.0,0.0,0,0.0,16,500000,1.0,462.5625
epsilon_greedy,7,2,-1.4285714285714286,-1.836734693877551,1.0,0.0,0.0,0.0,0,0.0,16,500000,1.0,462.5625
epsilon_greedy,7,3,-1.4285714285714286,-1.7551020408163265,1.0,0.0,0.0,0.0,0,0.0,16,500000,1.0,462.5625
epsilon_greedy,7,4,-1.4285714285714286,-1.6734693877551021,1.0,0.0,0.0,0.0,0,0.0,16,500000,1.0,462.5625
epsilon_greedy,7,5,-1.4285714285714286,-1.5918367346938775,1.0,0.0,0.0,0.0,0,0.0,16,500000,1.0,462.5625
epsilon_greedy,7,6,-1.4285714285714286,-1.510204081632653,1.0,0.0,0.0,0.0,0,0.0,16,500000,1.0,462.5625
epsilon_greedy,7,7,-1.4285714285714286,-1.4285714285714286,1.0,0.0,0.0,0.0,0,0.0,16,500000,1.0,462.5625
epsilon_greedy,7,8,-1.4285714285714286,-1.3469387755102042,1.0,0.0,0.0,0.0,0,0.0,16,500000,1.0,462.5625
epsilon_greedy,7,9,-1.4285714285714286,-1.2653061224489797,1.0,0.0,0.0,0.0,0,0.0,16,500000,1.0,462.5625
epsilon_greedy,7,10,-1.4285714285714286,-1.183673469387755,1.0,0.0,0.0,0.0,0,0.0,16,500000,1.0,462.5625
epsilon_greedy,7,11,-1.4285714285714286,-1.1020408163265307,1.0,0.0,0.0,0.0,0,0.0,16,500000,1.0,462.5625
epsilon_greedy,7,12,-1.4285714285714286,-1.0204081632653061,1.0,0.0,0.0,0.0,0,0.0,16,500000,1.0,462.5625
epsilon_greedy,7,13,-1.4285714285714286,-0.9387755102040818,1.0,0.0,0.0,0.0,0,0.0,16,500000,1.0,462.5625
epsilon_greedy,7,14,-1.4285714285714286,-0.8571428571428572,1.0,0.0,0.0,0.0,0,0.0,16,500000,1.0,462.5625
epsilon_greedy,7,15,-1.4285714285714286,-0.7755102040816328,1.0,0.0,0.0,0.0,0,0.0,16,500000,1.0,462.5625
epsilon_greedy,7,16,-1.4285714285714286,-0.6938775510204083,1.0,0.0,0.0,0.0,0,0.0,16,500000,1.0,462.5625
epsilon_greedy,7,17,-1.4285714285714286,-0.6122448979591837,1.0,0.0,0.0,0.0,0,0.0,16,500000,1.0,462.5625
epsilon_greedy,7,18,-1.4285714285714286,-0.5306122448979593,1.0,0.0,0.0,0.0,0,0.0,16,500000,1.0,462.5625
epsilon_greedy,7,19,-1.4285714285714286,-0.44897959183673475,1.0,0.0,0.0,0.0,0,0.0,16,500000,1.0,462.5625
epsilon_greedy,7,20,-1.4285714285714286,-0.3673469387755104,1.0,0.0,0.0,0.0,0,0.0,16,500000,1.0,462.5625
epsilon_greedy,7,21,-1.4285714285714286,-0.2857142857142858,1.0,0.0,0.0,0.0,0,0.0,16,500000,1.0,462.5625
epsilon_greedy,7,22,-1.4285714285714286,-0.20408163265306145,1.0,0.0,0.0,0.0,0,0.0,16,500000,1.0,462.5625
epsilon_greedy,7,23,-1.4285714285714286,-0.12244897959183687,1.0,0.0,0.0,0.0,0,0.0,16,500000,1.0,462.5625
epsilon_greedy,7,24,-1.4285714285714286,-0.04081632653061229,1.0,0.0,0.0,0.0,0,0.0,16,500000,1.0,462.5625
epsilon_greedy,7,25,-1.4285714285714286,0.04081632653061229,1.0,0.0,0.0,0.0,0,0.0,16,500000,1.0,462.5625
epsilon_greedy,7,26,-1.4285714285714286,0.12244897959183643,1.0,0.0,0.0,0.0,0,0.0,16,500000,1.0,462.5625
epsilon_greedy,7,27,-1.4285714285714286,0.204081632653061,1.0,0.0,0.0,0.0,0,0.0,16,500000,1.0,462.5625
epsilon_greedy,7,28,-1.4285714285714286,0.2857142857142856,1.0,0.0,0.0,0.0,0,0.0,16,500000,1.0,462.5625
epsilon_greedy,7,29,-1.4285714285714286,0.36734693877551017,1.0,0.0,0.0,0.0,0,0.0,16,500000,1.0,462.5625
epsilon_greedy,7,30,-1.4285714285714286,0.4489795918367343,1.0,0.0,0.0,0.0,0,0.0,16,500000,1.0,462.5625
epsilon_greedy,7,31,-1.4285714285714286,0.5306122448979589,1.0,0.0,0.0,0.0,0,0.0,16,500000,1.0,462.5625
epsilon_greedy,7,32,-1.4285714285714286,0.6122448979591835,1.0,0.0,0.0,0.0,0,0.0,16,500000,1.0,462.5625
epsilon_greedy,7,33,-1.4285714285714286,0.693877551020408,1.0,0.0,0.0,0.0,0,0.0,16,500000,1.0,462.5625
epsilon_greedy,7,34,-1.4285714285714286,0.7755102040816326,1.0,0.0,0.0,0.0,0,0.0,16,500000,1.0,462.5625
epsilon_greedy,7,35,-1.4285714285714286,0.8571428571428568,1.0,0.0,0.0,0.0,0,0.0,16,500000,1.0,462.5625
epsilon_greedy,7,36,-1.4285714285714286,0.9387755102040813,1.0,0.0,0.0,0.0,0,0.0,16,500000,1.0,462.5625
epsilon_greedy,7,37,-1.4285714285714286,1.020408163265306,1.0,0.0,0.0,0.0,0,0.0,16,500000,1.0,462.5625
epsilon_greedy,7,38,-1.4285714285714286,1.1020408163265305,1.0,0.0,0.0,0.0,0,0.0,16,500000,1.0,462.5625
epsilon_greedy,7,39,-1.4285714285714286,1.1836734693877546,1.0,0.0,0.0,0.0,0,0.0,16,500000,1.0,462.5625
epsilon_greedy,7,40,-1.4285714285714286,1.2653061224489792,1.0,0.0,0.0,0.0,0,0.0,16,500000,1.0,462.5625
epsilon_greedy,7,41,-1.4285714285714286,1.3469387755102038,1.0,0.0,0.0,0.0,0,0.0,16,500000,1.0,462.5625
epsilon_greedy,7,42,-1.4285714285714286,1.4285714285714284,1.0,0.0,0.0,0.0,0,0.0,16,500000,1.0,462.5625
epsilon_greedy,7,43,-1.4285714285714286,1.510204081632653,1.0,0.0,0.0,0.0,0,0.0,16,500000,1.0,462.5625
epsilon_greedy,7,44,-1.4285714285714286,1.591836734693877,1.0,0.0,0.0,0.0,0,0.0,16,500000,1.0,462.5625
epsilon_greedy,7,45,-1.4285714285714286,1.6734693877551017,1.0,0.0,0.0,0.0,0,0.0,16,500000,1.0,462.5625
epsilon_greedy,7,46,-1.4285714285714286,1.7551020408163263,1.0,0.0,0.0,0.0,0,0.0,16,500000,1.0,462.5625
epsilon_greedy,7,47,-1.4285714285714286,1.8367346938775508,1.0,0.0,0.0,0.0,0,0.0,16,500000,1.0,462.5625
epsilon_greedy,7,48,-1.4285714285714286,1.9183673469387754,1.0,0.0,0.0,0.0,0,0.0,16,500000,1.0,462.5625
epsilon_greedy,7,49,-1.4285714285714286,2.0,1.0,0.0,0.0,0.0,0,0.0,16,500000,1.0,353.75
epsilon_greedy,8,0,-1.3469387755102042,-2.0,1.0,0.0,0.0,0.0,0,0.0,16,500000,1.0,346.5625
epsilon_greedy,8,1,-1.3469387755102042,-1.9183673469387754,1.0,0.0,0.0,0.0,0,0.0,16,500000,1.0,462.5625
epsilon_greedy,8,2,-1.3469387755102042,-1.836734693877551,1.0,0.0,0.0,0.0,0,0.0,16,500000,1.0,462.5625
epsilon_greedy,8,3,-1.3469387755102042,-1.7551020408163265,1.0,0.0,0.0,0.0,0,0.0,16,500000,1.0,462.5625
epsilon_greedy,8,4,-1.3469387755102042,-1.6734693877551021,1.0,0.0,0.0,0.0,0,0.0,16,500000,1.0,462.5625
epsilon_greedy,8,5,-1.3469387755102042,-1.5918367346938775,1.0,0.0,0.0,0.0,0,0.0,16,500000,1.0,462.5625
epsilon_greedy,8,6,-1.3469387755102042,-1.510204081632653,1.0,0.0,0.0,0.0,0,0.0,16,500000,1.0,462.5625
epsilon_greedy,8,7,-1.3469387755102042,-1.4285714285714286,1.0,0.0,0.0,0.0,0,0.0,16,500000,1.0,462.5625
epsilon_greedy,8,8,-1.3469387755102042,-1.3469387755102042,1.0,0.0,0.0,0.0,0,0.0,16,500000,1.0,462.5625
epsilon_greedy,8,9,-1.3469387755102042,-1.2653061224489797,1.0,0.0,0.0,0.0,0,0.0,16,500000,1.0,462.5625
epsilon_greedy,8,10,-1.3469387755102042,-1.183673469387755,1.0,0.0,0.0,0.0,0,0.0,16,500000,1.0,462.5625
epsilon_greedy,8,11,-1.3469387755102042,-1.1020408163265307,1.0,0.0,0.0,0.0,0,0.0,16,500000,1.0,462.5625
epsilon_greedy,8,12,-1.3469387755102042,-1.0204081632653061,1.0,0.0,0.0,0.0,0,0.0,16,500000,1.0,462.5625
epsilon_greedy,8,13,-1.3469387755102042,-0.9387755102040818,1.0,0.0,0.0,0.0,0,0.0,16,500000,1.0,462.5625
epsilon_greedy,8,14,-1.3469387755102042,-0.8571428571428572,1.0,0.0,0.0,0.0,0,0.0,16,500000,1.0,462.5625
epsilon_greedy,8,15,-1.3469387755102042,-0.7755102040816328,1.0,0.0,0.0,0.0,0,0.0,16,500000,1.0,462.5625
epsilon_greedy,8,16,-1.3469387755102042,-0.6938775510204083,1.0,0.0,0.0,0.0,0,0.0,16,500000,1.0,462.5625
epsilon_greedy,8,17,-1.3469387755102042,-0.6122448979591837,1.0,0.0,0.0,0.0,0,0.0,16,500000,1.0,462.5625
epsilon_greedy,8,18,-1.3469387755102042,-0.5306122448979593,1.0,0.0,0.0,0.0,0,0.0,16,500000,1.0,462.5625
epsilon_greedy,8,19,-1.3469387755102042,-0.44897959183673475,1.0,0.0,0.0,0.0,0,0.0,16,500000,1.0,462.5625
epsilon_greedy,8,20,-1.3469387755102042,-0.3673469387755104,1.0,0.0,0.0,0.0,0,0.0,16,500000,1.0,462.5625
epsilon_greedy,8,21,-1.3469387755102042,-0.2857142857142858,1.0,0.0,0.0,0.0,0,0.0,16,500000,1.0,462.5625
epsilon_greedy,8,22,-1.3469387755102042,-0.20408163265306145,1.0,0.0,0.0,0.0,0,0.0,16,500000,1.0,462.5625
epsilon_greedy,8,23,-1.3469387755102042,-0.12244897959183687,1.0,0.0,0.0,0.0,0,0.0,16,500000,1.0,462.5625
epsilon_greedy,8,24,-1.3469387755102042,-0.04081632653061229,1.0,0.0,0.0,0.0,0,0.0,16,500000,1.0,462.5625
epsilon_greedy,8,25,-1.3469387755102042,0.04081632653061229,1.0,0.0,0.0,0.0,0,0.0,16,500000,1.0,462.5625
epsilon_greedy,8,26,-1.3469387755102042,0.12244897959183643,1.0,0.0,0.0,0.0,0,0.0,16,500000,1.0,462.5625
epsilon_greedy,8,27,-1.3469387755102042,0.204081632653061,1.0,0.0,0.0,0.0,0,0.0,16,500000,1.0,462.5625
epsilon_greedy,8,28,-1.3469387755102042,0.2857142857142856,1.0,0.0,0.0,0.0,0,0.0,16,500000,1.0,462.5625
epsilon_greedy,8,29,-1.3469387755102042,0.36734693877551017,1.0,0.0,0.0,0.0,0,0.0,16,500000,1.0,462.5625
epsilon_greedy,8,30,-1.3469387755102042,0.4489795918367343,1.0,0.0,0.0,0.0,0,0.0,16,500000,1.0,462.5625
epsilon_greedy,8,31,-1.3469387755102042,0.5306122448979589,1.0,0.0,0.0,0.0,0,0.0,16,500000,1.0,462.5625
epsilon_greedy,8,32,-1.3469387755102042,0.6122448979591835,1.0,0.0,0.0,0.0,0,0.0,16,500000,1.0,462.5625
epsilon_greedy,8,33,-1.3469387755102042,0.693877551020408,1.0,0.0,0.0,0.0,0,0.0,16,500000,1.0,462.5625
epsilon_greedy,8,34,-1.3469387755102042,0.7755102040816326,1.0,0.0,0.0,0.0,0,0.0,16,500000,1.0,462.5625
epsilon_greedy,8,35,-1.3469387755102042,0.8571428571428568,1.0,0.0,0.0,0.0,0,0.0,16,500000,1.0,462.5625
epsilon_greedy,8,36,-1.3469387755102042,0.9387755102040813,1.0,0.0,0.0,0.0,0,0.0,16,500000,1.0,462.5625
epsilon_greedy,8,37,-1.3469387755102042,1.020408163265306,1.0,0.0,0.0,0.0,0,0.0,16,500000,1.0,462.5625
epsilon_greedy,8,38,-1.3469387755102042,1.1020408163265305,1.0,0.0,0.0,0.0,0,0.0,16,500000,1.0,462.5625
epsilon_greedy,8,39,-1.3469387755102042,1.1836734693877546,1.0,0.0,0.0,0.0,0,0.0,16,500000,1.0,462.5625
epsilon_greedy,8,40,-1.3469387755102042,1.2653061224489792,1.0,0.0,0.0,0.0,0,0.0,16,500000,1.0,462.5625
epsilon_greedy,8,41,-1.3469387755102042,1.3469387755102038,1.0,0.0,0.0,0.0,0,0.0,16,500000,1.0,462.5625
epsilon_greedy,8,42,-1.3469387755102042,1.4285714285714284,1.0,0.0,0.0,0.0,0,0.0,16,500000,1.0,462.5625
epsilon_greedy,8,43,-1.3469387755102042,1.510204081632653,1.0,0.0,0.0,0.0,0,0.0,16,500000,1.0,462.5625
epsilon_greedy,8,44,-1.3469387755102042,1.591836734693877,1.0,0.0,0.0,0.0,0,0.0,16,500000,1.0,462.5625
epsilon_greedy,8,45,-1.3469387755102042,1.6734693877551017,1.0,0.0,0.0,0.0,0,0.0,16,500000,1.0,462.5625
epsilon_greedy,8,46,-1.3469387755102042,1.7551020408163263,1.0,0.0,0.0,0.0,0,0.0,16,500000,1.0,462.5625
epsilon_greedy,8,47,-1.3469387755102042,1.8367346938775508,1.0,0.0,0.0,0.0,0,0.0,16,500000,1.0,462.5625
epsilon_greedy,8,48,-1.3469387755102042,1.9183673469387754,1.0,0.0,0.0,0.0,0,0.0,16,500000,1.0,462.5625
epsilon_greedy,8,49,-1.3469387755102042,2.0,1.0,0.0,0.0,0.0,0,0.0,16,500000,1.0,353.75
epsilon_greedy,9,0,-1.2653061224489797,-2.0,1.0,0.0,0.0,0.0,0,0.0,16,500000,1.0,346.5625
epsilon_greedy,9,1,-1.2653061224489797,-1.9183673469387754,1.0,0.0,0.0,0.0,0,0.0,16,500000,1.0,462.5625
epsilon_greedy,9,2,-1.2653061224489797,-1.836734693877551,1.0,0.0,0.0,0.0,0,0.0,16,500000,1.0,462.5625
epsilon_greedy,9,3,-1.2653061224489797,-1.7551020408163265,1.0,0.0,0.0,0.0,0,0.0,16,500000,1.0,462.5625
epsilon_greedy,9,4,-1.2653061224489797,-1.6734693877551021,1.0,0.0,0.0,0.0,0,0.0,16,500000,1.0,462.5625
epsilon_greedy,9,5,-1.2653061224489797,-1.5918367346938775,1.0,0.0,0.0,0.0,0,0.0,16,500000,1.0,462.5625
epsilon_greedy,9,6,-1.2653061224489797,-1.510204081632653,1.0,0.0,0.0,0.0,0,0.0,16,500000,1.0,462.5625
epsilon_greedy,9,7,-1.2653061224489797,-1.4285714285714286,1.0,0.0,0.0,0.0,0,0.0,16,500000,1.0,462.5625
epsilon_greedy,9,8,-1.2653061224489797,-1.3469387755102042,1.0,0.0,0.0,0.0,0,0.0,16,500000,1.0,462.5625
epsilon_greedy,9,9,-1.2653061224489797,-1.2653061224489797,1.0,0.0,0.0,0.0,0,0.0,16,500000,1.0,462.5625
epsilon_greedy,9,10,-1.2653061224489797,-1.183673469387755,1.0,0.0,0.0,0.0,0,0.0,16,500000,1.0,462.5625
epsilon_greedy,9,11,-1.2653061224489797,-1.1020408163265307,1.0,0.0,0.0,0.0,0,0.0,16,500000,1.0,462.5625
epsilon_greedy,9,12,-1.2653061224489797,-1.0204081632653061,1.0,0.0,0.0,0.0,0,0.0,16,500000,1.0,462.5625
epsilon_greedy,9,13,-1.2653061224489797,-0.9387755102040818,1.0,0.0,0.0,0.0,0,0.0,16,500000,1.0,462.5625
epsilon_greedy,9,14,-1.2653061224489797,-0.8571428571428572,1.0,0.0,0.0,0.0,0,0.0,16,500000,1.0,462.5625
epsilon_greedy,9,15,-1.2653061224489797,-0.7755102040816328,1.0,0.0,0.0,0.0,0,0.0,16,500000,1.0,462.5625
epsilon_greedy,9,16,-1.2653061224489797,-0.6938775510204083,1.0,0.0,0.0,0.0,0,0.0,16,500000,1.0,462.5625
epsilon_greedy,9,17,-1.2653061224489797,-0.6122448979591837,1.0,0.0,0.0,0.0,0,0.0,16,500000,1.0,462.5625
epsilon_greedy,9,18,-1.2653061224489797,-0.5306122448979593,1.0,0.0,0.0,0.0,0,0.0,16,500000,1.0,462.5625
epsilon_greedy,9,19,-1.2653061224489797,-0.44897959183673475,1.0,0.0,0.0,0.0,0,0.0,16,500000,1.0,462.5625
epsilon_greedy,9,20,-1.2653061224489797,-0.3673469387755104,1.0,0.0,0.0,0.0,0,0.0,16,500000,1.0,462.5625
epsilon_greedy,9,21,-1.2653061224489797,-0.2857142857142858,1.0,0.0,0.0,0.0,0,0.0,16,500000,1.0,462.5625
epsilon_greedy,9,22,-1.2653061224489797,-0.20408163265306145,1.0,0.0,0.0,0.0,0,0.0,16,500000,1.0,462.5625
epsilon_greedy,9,23,-1.2653061224489797,-0.12244897959183687,1.0,0.0,0.0,0.0,0,0.0,16,500000,1.0,462.5625
epsilon_greedy,9,24,-1.2653061224489797,-0.04081632653061229,1.0,0.0,0.0,0.0,0,0.0,16,500000,1.0,462.5625
epsilon_greedy,9,25,-1.2653061224489797,0.04081632653061229,1.0,0.0,0.0,0.0,0,0.0,16,500000,1.0,462.5625
epsilon_greedy,9,26,-1.2653061224489797,0.12244897959183643,1.0,0.0,0.0,0.0,0,0.0,16,500000,1.0,462.5625
epsilon_greedy,9,27,-1.2653061224489797,0.204081632653061,1.0,0.0,0.0,0.0,0,0.0,16,500000,1.0,462.5625
epsilon_greedy,9,28,-1.2653061224489797,0.2857142857142856,1.0,0.0,0.0,0.0,0,0.0,16,500000,1.0,462.5625
epsilon_greedy,9,29,-1.2653061224489797,0.36734693877551017,1.0,0.0,0.0,0.0,0,0.0,16,500000,1.0,462.5625
epsilon_greedy,9,30,-1.2653061224489797,0.4489795918367343,1.0,0.0,0.0,0.0,0,0.0,16,500000,1.0,462.5625
epsilon_greedy,9,31,-1.2653061224489797,0.5306122448979589,1.0,0.0,0.0,0.0,0,0.0,16,500000,1.0,462.5625
epsilon_greedy,9,32,-1.2653061224489797,0.6122448979591835,1.0,0.0,0.0,0.0,0,0.0,16,500000,1.0,462.5625
epsilon_greedy,9,33,-1.2653061224489797,0.693877551020408,1.0,0.0,0.0,0.0,0,0.0,16,500000,1.0,462.5625
epsilon_greedy,9,34,-1.2653061224489797,0.7755102040816326,1.0,0.0,0.0,0.0,0,0.0,16,500000,1.0,462.5625
epsilon_greedy,9,35,-1.2653061224489797,0.8571428571428568,1.0,0.0,0.0,0.0,0,0.0,16,500000,1.0,462.5625
epsilon_greedy,9,36,-1.2653061224489797,0.9387755102040813,1.0,0.0,0.0,0.0,0,0.0,16,500000,1.0,462.5625
epsilon_greedy,9,37,-1.2653061224489797,1.020408163265306,1.0,0.0,0.0,0.0,0,0.0,16,500000,1.0,462.5625
epsilon_greedy,9,38,-1.2653061224489797,1.1020408163265305,1.0,0.0,0.0,0.0,0,0.0,16,500000,1.0,462.5625
epsilon_greedy,9,39,-1.2653061224489797,1.1836734693877546,1.0,0.0,0.0,0.0,0,0.0,16,500000,1.0,462.5625
epsilon_greedy,9,40,-1.2653061224489797,1.2653061224489792,1.0,0.0,0.0,0.0,0,0.0,16,500000,1.0,462.5625
epsilon_greedy,9,41,-1.2653061224489797,1.3469387755102038,1.0,0.0,0.0,0.0,0,0.0,16,500000,1.0,462.5625
epsilon_greedy,9,42,-1.2653061224489797,1.4285714285714284,1.0,0.0,0.0,0.0,0,0.0,16,500000,1.0,462.5625
epsilon_greedy,9,43,-1.2653061224489797,1.510204081632653,1.0,0.0,0.0,0.0,0,0.0,16,500000,1.0,462.5625
epsilon_greedy,9,44,-1.2653061224489797,1.591836734693877,1.0,0.0,0.0,0.0,0,0.0,16,500000,1.0,462.5625
epsilon_greedy,9,45,-1.2653061224489797,1.6734693877551017,1.0,0.0,0.0,0.0,0,0.0,16,500000,1.0,462.5625
epsilon_greedy,9,46,-1.2653061224489797,1.7551020408163263,1.0,0.0,0.0,0.0,0,0.0,16,500000,1.0,462.5625
epsilon_greedy,9,47,-1.2653061224489797,1.8367346938775508,1.0,0.0,0.0,0.0,0,0.0,16,500000,1.0,462.5625
epsilon_greedy,9,48,-1.2653061224489797,1.9183673469387754,1.0,0.0,0.0,0.0,0,0.0,16,500000,1.0,462.5625
epsilon_greedy,9,49,-1.2653061224489797,2.0,1.0,0.0,0.0,0.0,0,0.0,16,500000,1.0,353.75
epsilon_greedy,10,0,-1.183673469387755,-2.0,1.0,0.0,0.0,0.0,0,0.0,16,500000,1.0,346.5625
epsilon_greedy,10,1,-1.183673469387755,-1.9183673469387754,1.0,0.0,0.0,0.0,0,0.0,16,500000,1.0,462.5625
epsilon_greedy,10,2,-1.183673469387755,-1.836734693877551,1.0,0.0,0.0,0.0,0,0.0,16,500000,1.0,462.5625
epsilon_greedy,10,3,-1.183673469387755,-1.7551020408163265,1.0,0.0,0.0,0.0,0,0.0,16,500000,1.0,462.5625
epsilon_greedy,10,4,-1.183673469387755,-1.6734693877551021,1.0,0.0,0.0,0.0,0,0.0,16,500000,1.0,462.5625
epsilon_greedy,10,5,-1.183673469387755,-1.5918367346938775,1.0,0.0,0.0,0.0,0,0.0,16,500000,1.0,462.5625
epsilon_greedy,10,6,-1.183673469387755,-1.510204081632653,1.0,0.0,0.0,0.0,0,0.0,16,500000,1.0,462.5625
epsilon_greedy,10,7,-1.183673469387755,-1.4285714285714286,1.0,0.0,0.0,0.0,0,0.0,16,500000,1.0,462.5625
epsilon_greedy,10,8,-1.183673469387755,-1.3469387755102042,1.0,0.0,0.0,0.0,0,0.0,16,500000,1.0,462.5625
epsilon_greedy,10,9,-1.183673469387755,-1.2653061224489797,1.0,0.0,0.0,0.0,0,0.0,16,500000,1.0,462.5625
epsilon_greedy,10,10,-1.183673469387755,-1.183673469387755,1.0,0.0,0.0,0.0,0,0.0,16,500000,1.0,462.5625
epsilon_greedy,10,11,-1.183673469387755,-1.1020408163265307,1.0,0.0,0.0,0.0,0,0.0,16,500000,1.0,462.5625
epsilon_greedy,10,12,-1.183673469387755,-1.0204081632653061,1.0,0.0,0.0,0.0,0,0.0,16,500000,1.0,462.5625
epsilon_greedy,10,13,-1.183673469387755,-0.9387755102040818,1.0,0.0,0.0,0.0,0,0.0,16,500000,1.0,462.5625
epsilon_greedy,10,14,-1.183673469387755,-0.8571428571428572,1.0,0.0,0.0,0.0,0,0.0,16,500000,1.0,462.5625
epsilon_greedy,10,15,-1.183673469387755,-0.7755102040816328,1.0,0.0,0.0,0.0,0,0.0,16,500000,1.0,462.5625
epsilon_greedy,10,16,-1.183673469387755,-0.6938775510204083,1.0,0.0,0.0,0.0,0,0.0,16,500000,1.0,462.5625
epsilon_greedy,10,17,-1.183673469387755,-0.6122448979591837,1.0,0.0,0.0,0.0,0,0.0,16,500000,1.0,462.5625
epsilon_greedy,10,18,-1.183673469387755,-0.5306122448979593,1.0,0.0,0.0,0.0,0,0.0,16,500000,1.0,462.5625
epsilon_greedy,10,19,-1.183673469387755,-0.44897959183673475,1.0,0.0,0.0,0.0,0,0.0,16,500000,1.0,462.5625
epsilon_greedy,10,20,-1.183673469387755,-0.3673469387755104,1.0,0.0,0.0,0.0,0,0.0,16,500000,1.0,462.5625
epsilon_greedy,10,21,-1.183673469387755,-0.2857142857142858,1.0,0.0,0.0,0.0,0,0.0,16,500000,1.0,462.5625
epsilon_greedy,10,22,-1.183673469387755,-0.20408163265306145,1.0,0.0,0.0,0.0,0,0.0,16,500000,1.0,462.5625
epsilon_greedy,10,23,-1.183673469387755,-0.12244897959183687,1.0,0.0,0.0,0.0,0,0.0,16,500000,1.0,462.5625
epsilon_greedy,10,24,-1.183673469387755,-0.04081632653061229,1.0,0.0,0.0,0.0,0,0.0,16,500000,1.0,462.5625
epsilon_greedy,10,25,-1.183673469387755,0.04081632653061229,1.0,0.0,0.0,0.0,0,0.0,16,500000,1.0,462.5625
epsilon_greedy,10,26,-1.183673469387755,0.12244897959183643,1.0,0.0,0.0,0.0,0,0.0,16,500000,1.0,462.5625
epsilon_greedy,10,27,-1.183673469387755,0.204081632653061,1.0,0.0,0.0,0.0,0,0.0,16,500000,1.0,462.5625
epsilon_greedy,10,28,-1.183673469387755,0.2857142857142856,1.0,0.0,0.0,0.0,0,0.0,16,500000,1.0,462.5625
epsilon_greedy,10,29,-1.183673469387755,0.36734693877551017,1.0,0.0,0.0,0.0,0,0.0,16,500000,1.0,462.5625
epsilon_greedy,10,30,-1.183673469387755,0.4489795918367343,1.0,0.0,0.0,0.0,0,0.0,16,500000,1.0,462.5625
epsilon_greedy,10,31,-1.183673469387755,0.5306122448979589,1.0,0.0,0.0,0.0,0,0.0,16,500000,1.0,462.5625
epsilon_greedy,10,32,-1.183673469387755,0.6122448979591835,1.0,0.0,0.0,0.0,0,0.0,16,500000,1.0,462.5625
epsilon_greedy,10,33,-1.183673469387755,0.693877551020408,1.0,0.0,0.0,0.0,0,0.0,16,500000,1.0,462.5625
epsilon_greedy,10,34,-1.183673469387755,0.7755102040816326,1.0,0.0,0.0,0.0,0,0.0,16,500000,1.0,462.5625
epsilon_greedy,10,35,-1.183673469387755,0.8571428571428568,1.0,0.0,0.0,0.0,0,0.0,16,500000,1.0,462.5625
epsilon_greedy,10,36,-1.183673469387755,0.9387755102040813,1.0,0.0,0.0,0.0,0,0.0,16,500000,1.0,462.5625
epsilon_greedy,10,37,-1.183673469387755,1.020408163265306,1.0,0.0,0.0,0.0,0,0.0,16,500000,1.0,462.5625
epsilon_greedy,10,38,-1.183673469387755,1.1020408163265305,1.0,0.0,0.0,0.0,0,0.0,16,500000,1.0,462.5625
epsilon_greedy,10,39,-1.183673469387755,1.1836734693877546,1.0,0.0,0.0,0.0,0,0.0,16,500000,1.0,462.5625
epsilon_greedy,10,40,-1.183673469387755,1.2653061224489792,1.0,0.0,0.0,0.0,0,0.0,16,500000,1.0,462.5625
epsilon_greedy,10,41,-1.183673469387755,1.3469387755102038,1.0,0.0,0.0,0.0,0,0.0,16,500000,1.0,462.5625
epsilon_greedy,10,42,-1.183673469387755,1.4285714285714284,1.0,0.0,0.0,0.0,0,0.0,16,500000,1.0,462.5625
epsilon_greedy,10,43,-1.183673469387755,1.510204081632653,1.0,0.0,0.0,0.0,0,0.0,16,500000,1.0,462.5625
epsilon_greedy,10,44,-1.183673469387755,1.591836734693877,1.0,0.0,0.0,0.0,0,0.0,16,500000,1.0,462.5625
epsilon_greedy,10,45,-1.183673469387755,1.6734693877551017,1.0,0.0,0.0,0.0,0,0.0,16,500000,1.0,462.5625
epsilon_greedy,10,46,-1.183673469387755,1.7551020408163263,1.0,0.0,0.0,0.0,0,0.0,16,500000,1.0,462.5625
epsilon_greedy,10,47,-1.183673469387755,1.8367346938775508,1.0,0.0,0.0,0.0,0,0.0,16,500000,1.0,462.5625
epsilon_greedy,10,48,-1.183673469387755,1.9183673469387754,1.0,0.0,0.0,0.0,0,0.0,16,500000,1.0,462.5625
epsilon_greedy,10,49,-1.183673469387755,2.0,1.0,0.0,0.0,0.0,0,0.0,16,500000,1.0,353.75
epsilon_greedy,11,0,-1.1020408163265307,-2.0,1.0,0.0,0.0,0.0,0,0.0,16,500000,1.0,346.5625
epsilon_greedy,11,1,-1.1020408163265307,-1.9183673469387754,1.0,0.0,0.0,0.0,0,0.0,16,500000,1.0,462.5625
epsilon_greedy,11,2,-1.1020408163265307,-1.836734693877551,1.0,0.0,0.0,0.0,0,0.0,16,500000,1.0,462.5625
epsilon_greedy,11,3,-1.1020408163265307,-1.7551020408163265,1.0,0.0,0.0,0.0,0,0.0,16,500000,1.0,462.5625
epsilon_greedy,11,4,-1.1020408163265307,-1.6734693877551021,1.0,0.0,0.0,0.0,0,0.0,16,500000,1.0,462.5625
epsilon_greedy,11,5,-1.1020408163265307,-1.5918367346938775,1.0,0.0,0.0,0.0,0,0.0,16,500000,1.0,462.5625
epsilon_greedy,11,6,-1.1020408163265307,-1.510204081632653,1.0,0.0,0.0,0.0,0,0.0,16,500000,1.0,462.5625
epsilon_greedy,11,7,-1.1020408163265307,-1.4285714285714286,1.0,0.0,0.0,0.0,0,0.0,16,500000,1.0,462.5625
epsilon_greedy,11,8,-1.1020408163265307,-1.3469387755102042,1.0,0.0,0.0,0.0,0,0.0,16,500000,1.0,462.5625
epsilon_greedy,11,9,-1.1020408163265307,-1.2653061224489797,1.0,0.0,0.0,0.0,0,0.0,16,500000,1.0,462.5625
epsilon_greedy,11,10,-1.1020408163265307,-1.183673469387755,1.0,0.0,0.0,0.0,0,0.0,16,500000,1.0,462.5625
epsilon_greedy,11,11,-1.1020408163265307,-1.1020408163265307,1.0,0.0,0.0,0.0,0,0.0,16,500000,1.0,462.5625
epsilon_greedy,11,12,-1.1020408163265307,-1.0204081632653061,1.0,0.0,0.0,0.0,0,0.0,16,500000,1.0,462.5625
epsilon_greedy,11,13,-1.1020408163265307,-0.9387755102040818,1.0,0.0,0.0,0.0,0,0.0,16,500000,1.0,462.5625
epsilon_greedy,11,14,-1.1020408163265307,-0.8571428571428572,1.0,0.0,0.0,0.0,0,0.0,16,500000,1.0,462.5625
epsilon_greedy,11,15,-1.1020408163265307,-0.7755102040816328,1.0,0.0,0.0,0.0,0,0.0,16,500000,1.0,462.5625
epsilon_greedy,11,16,-1.1020408163265307,-0.6938775510204083,1.0,0.0,0.0,0.0,0,0.0,16,500000,1.0,462.5625
epsilon_greedy,11,17,-1.1020408163265307,-0.6122448979591837,1.0,0.0,0.0,0.0,0,0.0,16,500000,1.0,462.5625
epsilon_greedy,11,18,-1.1020408163265307,-0.5306122448979593,1.0,0.0,0.0,0.0,0,0.0,16,500000,1.0,462.5625
epsilon_greedy,11,19,-1.1020408163265307,-0.44897959183673475,1.0,0.0,0.0,0.0,0,0.0,16,500000,1.0,462.5625
epsilon_greedy,11,20,-1.1020408163265307,-0.3673469387755104,1.0,0.0,0.0,0.0,0,0.0,16,500000,1.0,462.5625
epsilon_greedy,11,21,-1.1020408163265307,-0.2857142857142858,1.0,0.0,0.0,0.0,0,0.0,16,500000,1.0,462.5625
epsilon_greedy,11,22,-1.1020408163265307,-0.20408163265306145,1.0,0.0,0.0,0.0,0,0.0,16,500000,1.0,462.5625
epsilon_greedy,11,23,-1.1020408163265307,-0.12244897959183687,1.0,0.0,0.0,0.0,0,0.0,16,500000,1.0,462.5625
epsilon_greedy,11,24,-1.1020408163265307,-0.04081632653061229,1.0,0.0,0.0,0.0,0,0.0,16,500000,1.0,462.5625
epsilon_greedy,11,25,-1.1020408163265307,0.04081632653061229,1.0,0.0,0.0,0.0,0,0.0,16,500000,1.0,462.5625
epsilon_greedy,11,26,-1.1020408163265307,0.12244897959183643,1.0,0.0,0.0,0.0,0,0.0,16,500000,1.0,462.5625
epsilon_greedy,11,27,-1.1020408163265307,0.204081632653061,1.0,0.0,0.0,0.0,0,0.0,16,500000,1.0,462.5625
epsilon_greedy,11,28,-1.1020408163265307,0.2857142857142856,1.0,0.0,0.0,0.0,0,0.0,16,500000,1.0,462.5625
epsilon_greedy,11,29,-1.1020408163265307,0.36734693877551017,1.0,0.0,0.0,0.0,0,0.0,16,500000,1.0,462.5625
epsilon_greedy,11,30,-1.1020408163265307,0.4489795918367343,1.0,0.0,0.0,0.0,0,0.0,16,500000,1.0,462.5625
epsilon_greedy,11,31,-1.1020408163265307,0.5306122448979589,1.0,0.0,0.0,0.0,0,0.0,16,500000,1.0,462.5625
epsilon_greedy,11,32,-1.1020408163265307,0.6122448979591835,1.0,0.0,0.0,0.0,0,0.0,16,500000,1.0,462.5625
epsilon_greedy,11,33,-1.1020408163265307,0.693877551020408,1.0,0.0,0.0,0.0,0,0.0,16,500000,1.0,462.5625
epsilon_greedy,11,34,-1.1020408163265307,0.7755102040816326,1.0,0.0,0.0,0.0,0,0.0,16,500000,1.0,462.5625
epsilon_greedy,11,35,-1.1020408163265307,0.8571428571428568,1.0,0.0,0.0,0.0,0,0.0,16,500000,1.0,462.5625
epsilon_greedy,11,36,-1.1020408163265307,0.9387755102040813,1.0,0.0,0.0,0.0,0,0.0,16,500000,1.0,462.5625
epsilon_greedy,11,37,-1.1020408163265307,1.020408163265306,1.0,0.0,0.0,0.0,0,0.0,16,500000,1.0,462.5625
epsilon_greedy,11,38,-1.1020408163265307,1.1020408163265305,1.0,0.0,0.0,0.0,0,0.0,16,500000,1.0,462.5625
epsilon_greedy,11,39,-1.1020408163265307,1.1836734693877546,1.0,0.0,0.0,0.0,0,0.0,16,500000,1.0,462.5625
epsilon_greedy,11,40,-1.1020408163265307,1.2653061224489792,1.0,0.0,0.0,0.0,0,0.0,16,500000,1.0,462.5625
epsilon_greedy,11,41,-1.1020408163265307,1.3469387755102038,1.0,0.0,0.0,0.0,0,0.0,16,500000,1.0,462.5625
epsilon_greedy,11,42,-1.1020408163265307,1.4285714285714284,1.0,0.0,0.0,0.0,0,0.0,16,500000,1.0,462.5625
epsilon_greedy,11,43,-1.1020408163265307,1.510204081632653,1.0,0.0,0.0,0.0,0,0.0,16,500000,1.0,462.5625
epsilon_greedy,11,44,-1.1020408163265307,1.591836734693877,1.0,0.0,0.0,0.0,0,0.0,16,500000,1.0,462.5625
epsilon_greedy,11,45,-1.1020408163265307,1.6734693877551017,1.0,0.0,0.0,0.0,0,0.0,16,500000,1.0,462.5625
epsilon_greedy,11,46,-1.1020408163265307,1.7551020408163263,1.0,0.0,0.0,0.0,0,0.0,16,500000,1.0,462.5625
epsilon_greedy,11,47,-1.1020408163265307,1.8367346938775508,1.0,0.0,0.0,0.0,0,0.0,16,500000,1.0,462.5625
epsilon_greedy,11,48,-1.1020408163265307,1.9183673469387754,1.0,0.0,0.0,0.0,0,0.0,16,500000,1.0,462.5625
epsilon_greedy,11,49,-1.1020408163265307,2.0,1.0,0.0,0.0,0.0,0,0.0,16,500000,1.0,353.75
epsilon_greedy,12,0,-1.0204081632653061,-2.0,1.0,0.0,0.0,0.0,0,0.0,16,500000,1.0,346.5625
epsilon_greedy,12,1,-1.0204081632653061,-1.9183673469387754,1.0,0.0,0.0,0.0,0,0.0,16,500000,1.0,462.5625
epsilon_greedy,12,2,-1.0204081632653061,-1.836734693877551,1.0,0.0,0.0,0.0,0,0.0,16,500000,1.0,462.5625
epsilon_greedy,12,3,-1.0204081632653061,-1.7551020408163265,1.0,0.0,0.0,0.0,0,0.0,16,500000,1.0,462.5625
epsilon_greedy,12,4,-1.0204081632653061,-1.6734693877551021,1.0,0.0,0.0,0.0,0,0.0,16,500000,1.0,462.5625
epsilon_greedy,12,5,-1.0204081632653061,-1.5918367346938775,1.0,0.0,0.0,0.0,0,0.0,16,500000,1.0,462.5625
epsilon_greedy,12,6,-1.0204081632653061,-1.510204081632653,1.0,0.0,0.0,0.0,0,0.0,16,500000,1.0,462.5625
epsilon_greedy,12,7,-1.0204081632653061,-1.4285714285714286,1.0,0.0,0.0,0.0,0,0.0,16,500000,1.0,462.5625
epsilon_greedy,12,8,-1.0204081632653061,-1.3469387755102042,1.0,0.0,0.0,0.0,0,0.0,16,500000,1.0,462.5625
epsilon_greedy,12,9,-1.0204081632653061,-1.2653061224489797,1.0,0.0,0.0,0.0,0,0.0,16,500000,1.0,462.5625
epsilon_greedy,12,10,-1.0204081632653061,-1.183673469387755,1.0,0.0,0.0,0.0,0,0.0,16,500000,1.0,462.5625
epsilon_greedy,12,11,-1.0204081632653061,-1.1020408163265307,1.0,0.0,0.0,0.0,0,0.0,16,500000,1.0,462.5625
epsilon_greedy,12,12,-1.0204081632653061,-1.0204081632653061,1.0,0.0,0.0,0.0,0,0.0,16,500000,1.0,462.5625
epsilon_greedy,12,13,-1.0204081632653061,-0.9387755102040818,1.0,0.0,0.0,0.0,0,0.0,16,500000,1.0,462.5625
epsilon_greedy,12,14,-1.0204081632653061,-0.8571428571428572,1.0,0.0,0.0,0.0,0,0.0,16,500000,1.0,462.5625
epsilon_greedy,12,15,-1.0204081632653061,-0.7755102040816328,1.0,0.0,0.0,0.0,0,0.0,16,500000,1.0,462.5625
epsilon_greedy,12,16,-1.0204081632653061,-0.6938775510204083,1.0,0.0,0.0,0.0,0,0.0,16,500000,1.0,462.5625
epsilon_greedy,12,17,-1.0204081632653061,-0.6122448979591837,1.0,0.0,0.0,0.0,0,0.0,16,500000,1.0,462.5625
epsilon_greedy,12,18,-1.0204081632653061,-0.5306122448979593,1.0,0.0,0.0,0.0,0,0.0,16,500000,1.0,462.5625
epsilon_greedy,12,19,-1.0204081632653061,-0.44897959183673475,1.0,0.0,0.0,0.0,0,0.0,16,500000,1.0,462.5625
epsilon_greedy,12,20,-1.0204081632653061,-0.3673469387755104,1.0,0.0,0.0,0.0,0,0.0,16,500000,1.0,462.5625
epsilon_greedy,12,21,-1.0204081632653061,-0.2857142857142858,1.0,0.0,0.0,0.0,0,0.0,16,500000,1.0,462.5625
epsilon_greedy,12,22,-1.0204081632653061,-0.20408163265306145,1.0,0.0,0.0,0.0,0,0.0,16,500000,1.0,462.5625
epsilon_greedy,12,23,-1.0204081632653061,-0.12244897959183687,1.0,0.0,0.0,0.0,0,0.0,16,500000,1.0,462.5625
epsilon_greedy,12,24,-1.0204081632653061,-0.04081632653061229,1.0,0.0,0.0,0.0,0,0.0,16,500000,1.0,462.5625
epsilon_greedy,12,25,-1.0204081632653061,0.04081632653061229,1.0,0.0,0.0,0.0,0,0.0,16,500000,1.0,462.5625
epsilon_greedy,12,26,-1.0204081632653061,0.12244897959183643,1.0,0.0,0.0,0.0,0,0.0,16,500000,1.0,462.5625
epsilon_greedy,12,27,-1.0204081632653061,0.204081632653061,1.0,0.0,0.0,0.0,0,0.0,16,500000,1.0,462.5625
epsilon_greedy,12,28,-1.0204081632653061,0.2857142857142856,1.0,0.0,0.0,0.0,0,0.0,16,500000,1.0,462.5625
epsilon_greedy,12,29,-1.0204081632653061,0.36734693877551017,1.0,0.0,0.0,0.0,0,0.0,16,500000,1.0,462.5625
epsilon_greedy,12,30,-1.0204081632653061,0.4489795918367343,1.0,0.0,0.0,0.0,0,0.0,16,500000,1.0,462.5625
epsilon_greedy,12,31,-1.0204081632653061,0.5306122448979589,1.0,0.0,0.0,0.0,0,0.0,16,500000,1.0,462.5625
epsilon_greedy,12,32,-1.0204081632653061,0.6122448979591835,1.0,0.0,0.0,0.0,0,0.0,16,500000,1.0,462.5625
epsilon_greedy,12,33,-1.0204081632653061,0.693877551020408,1.0,0.0,0.0,0.0,0,0.0,16,500000,1.0,462.5625
epsilon_greedy,12,34,-1.0204081632653061,0.7755102040816326,1.0,0.0,0.0,0.0,0,0.0,16,500000,1.0,462.5625
epsilon_greedy,12,35,-1.0204081632653061,0.8571428571428568,1.0,0.0,0.0,0.0,0,0.0,16,500000,1.0,462.5625
epsilon_greedy,12,36,-1.0204081632653061,0.9387755102040813,1.0,0.0,0.0,0.0,0,0.0,16,500000,1.0,462.5625
epsilon_greedy,12,37,-1.0204081632653061,1.020408163265306,1.0,0.0,0.0,0.0,0,0.0,16,500000,1.0,462.5625
epsilon_greedy,12,38,-1.0204081632653061,1.1020408163265305,1.0,0.0,0.0,0.0,0,0.0,16,500000,1.0,462.5625
epsilon_greedy,12,39,-1.0204081632653061,1.1836734693877546,1.0,0.0,0.0,0.0,0,0.0,16,500000,1.0,462.5625
epsilon_greedy,12,40,-1.0204081632653061,1.2653061224489792,1.0,0.0,0.0,0.0,0,0.0,16,500000,1.0,462.5625
epsilon_greedy,12,41,-1.0204081632653061,1.3469387755102038,1.0,0.0,0.0,0.0,0,0.0,16,500000,1.0,462.5625
epsilon_greedy,12,42,-1.0204081632653061,1.4285714285714284,1.0,0.0,0.0,0.0,0,0.0,16,500000,1.0,462.5625
epsilon_greedy,12,43,-1.0204081632653061,1.510204081632653,1.0,0.0,0.0,0.0,0,0.0,16,500000,1.0,462.5625
epsilon_greedy,12,44,-1.0204081632653061,1.591836734693877,1.0,0.0,0.0,0.0,0,0.0,16,500000,1.0,462.5625
epsilon_greedy,12,45,-1.0204081632653061,1.6734693877551017,1.0,0.0,0.0,0.0,0,0.0,16,500000,1.0,462.5625
epsilon_greedy,12,46,-1.0204081632653061,1.7551020408163263,1.0,0.0,0.0,0.0,0,0.0,16,500000,1.0,462.5625
epsilon_greedy,12,47,-1.0204081632653061,1.8367346938775508,1.0,0.0,0.0,0.0,0,0.0,16,500000,1.0,462.5625
epsilon_greedy,12,48,-1.0204081632653061,1.9183673469387754,1.0,0.0,0.0,0.0,0,0.0,16,500000,1.0,462.5625
epsilon_greedy,12,49,-1.0204081632653061,2.0,1.0,0.0,0.0,0.0,0,0.0,16,500000,1.0,353.75
epsilon_greedy,13,0,-0.9387755102040818,-2.0,1.0,0.0,0.0,0.0,0,0.0,16,500000,1.0,346.5625
epsilon_greedy,13,1,-0.9387755102040818,-1.9183673469387754,1.0,0.0,0.0,0.0,0,0.0,16,500000,1.0,462.5625
epsilon_greedy,13,2,-0.9387755102040818,-1.836734693877551,1.0,0.0,0.0,0.0,0,0.0,16,500000,1.0,462.5625
epsilon_greedy,13,3,-0.9387755102040818,-1.7551020408163265,1.0,0.0,0.0,0.0,0,0.0,16,500000,1.0,462.5625
epsilon_greedy,13,4,-0.9387755102040818,-1.6734693877551021,1.0,0.0,0.0,0.0,0,0.0,16,500000,1.0,462.5625
epsilon_greedy,13,5,-0.9387755102040818,-1.5918367346938775,1.0,0.0,0.0,0.0,0,0.0,16,500000,1.0,462.5625
epsilon_greedy,13,6,-0.9387755102040818,-1.510204081632653,1.0,0.0,0.0,0.0,0,0.0,16,500000,1.0,462.5625
epsilon_greedy,13,7,-0.9387755102040818,-1.4285714285714286,1.0,0.0,0.0,0.0,0,0.0,16,500000,1.0,462.5625
epsilon_greedy,13,8,-0.9387755102040818,-1.3469387755102042,1.0,0.0,0.0,0.0,0,0.0,16,500000,1.0,462.5625
epsilon_greedy,13,9,-0.9387755102040818,-1.2653061224489797,1.0,0.0,0.0,0.0,0,0.0,16,500000,1.0,462.5625
epsilon_greedy,13,10,-0.9387755102040818,-1.183673469387755,1.0,0.0,0.0,0.0,0,0.0,16,500000,1.0,462.5625
epsilon_greedy,13,11,-0.9387755102040818,-1.1020408163265307,1.0,0.0,0.0,0.0,0,0.0,16,500000,1.0,462.5625
epsilon_greedy,13,12,-0.9387755102040818,-1.0204081632653061,1.0,0.0,0.0,0.0,0,0.0,16,500000,1.0,462.5625
epsilon_greedy,13,13,-0.9387755102040818,-0.9387755102040818,1.0,0.0,0.0,0.0,0,0.0,16,500000,1.0,462.5625
epsilon_greedy,13,14,-0.9387755102040818,-0.8571428571428572,1.0,0.0,0.0,0.0,0,0.0,16,500000,1.0,462.5625
epsilon_greedy,13,15,-0.9387755102040818,-0.7755102040816328,1.0,0.0,0.0,0.0,0,0.0,16,500000,1.0,462.5625
epsilon_greedy,13,16,-0.9387755102040818,-0.6938775510204083,1.0,0.0,0.0,0.0,0,0.0,16,500000,1.0,462.5625
epsilon_greedy,13,17,-0.9387755102040818,-0.6122448979591837,1.0,0.0,0.0,0.0,0,0.0,16,500000,1.0,462.5625
epsilon_greedy,13,18,-0.9387755102040818,-0.5306122448979593,1.0,0.0,0.0,0.0,0,0.0,16,500000,1.0,462.5625
epsilon_greedy,13,19,-0.9387755102040818,-0.44897959183673475,1.0,0.0,0.0,0.0,0,0.0,16,500000,1.0,462.5625
epsilon_greedy,13,20,-0.9387755102040818,-0.3673469387755104,1.0,0.0,0.0,0.0,0,0.0,16,500000,1.0,462.5625
epsilon_greedy,13,21,-0.9387755102040818,-0.2857142857142858,1.0,0.0,0.0,0.0,0,0.0,16,500000,1.0,462.5625
epsilon_greedy,13,22,-0.9387755102040818,-0.20408163265306145,1.0,0.0,0.0,0.0,0,0.0,16,500000,1.0,462.5625
epsilon_greedy,13,23,-0.9387755102040818,-0.12244897959183687,1.0,0.0,0.0,0.0,0,0.0,16,500000,1.0,462.5625
epsilon_greedy,13,24,-0.9387755102040818,-0.04081632653061229,1.0,0.0,0.0,0.0,0,0.0,16,500000,1.0,462.5625
epsilon_greedy,13,25,-0.9387755102040818,0.04081632653061229,1.0,0.0,0.0,0.0,0,0.0,16,500000,1.0,462.5625
epsilon_greedy,13,26,-0.9387755102040818,0.12244897959183643,1.0,0.0,0.0,0.0,0,0.0,16,500000,1.0,462.5625
epsilon_greedy,13,27,-0.9387755102040818,0.204081632653061,1.0,0.0,0.0,0.0,0,0.0,16,500000,1.0,462.5625
epsilon_greedy,13,28,-0.9387755102040818,0.2857142857142856,1.0,0.0,0.0,0.0,0,0.0,16,500000,1.0,462.5625
epsilon_greedy,13,29,-0.9387755102040818,0.36734693877551017,1.0,0.0,0.0,0.0,0,0.0,16,500000,1.0,462.5625
epsilon_greedy,13,30,-0.9387755102040818,0.4489795918367343,1.0,0.0,0.0,0.0,0,0.0,16,500000,1.0,462.5625
epsilon_greedy,13,31,-0.9387755102040818,0.5306122448979589,1.0,0.0,0.0,0.0,0,0.0,16,500000,1.0,462.5625
epsilon_greedy,13,32,-0.9387755102040818,0.6122448979591835,1.0,0.0,0.0,0.0,0,0.0,16,500000,1.0,462.5625
epsilon_greedy,13,33,-0.9387755102040818,0.693877551020408,1.0,0.0,0.0,0.0,0,0.0,16,500000,1.0,462.5625
epsilon_greedy,13,34,-0.9387755102040818,0.7755102040816326,1.0,0.0,0.0,0.0,0,0.0,16,500000,1.0,462.5625
epsilon_greedy,13,35,-0.9387755102040818,0.8571428571428568,1.0,0.0,0.0,0.0,0,0.0,16,500000,1.0,462.5625
epsilon_greedy,13,36,-0.9387755102040818,0.9387755102040813,1.0,0.0,0.0,0.0,0,0.0,16,500000,1.0,462.5625
epsilon_greedy,13,37,-0.9387755102040818,1.020408163265306,1.0,0.0,0.0,0.0,0,0.0,16,500000,1.0,462.5625
epsilon_greedy,13,38,-0.9387755102040818,1.1020408163265305,1.0,0.0,0.0,0.0,0,0.0,16,500000,1.0,462.5625
epsilon_greedy,13,39,-0.9387755102040818,1.1836734693877546,1.0,0.0,0.0,0.0,0,0.0,16,500000,1.0,462.5625
epsilon_greedy,13,40,-0.9387755102040818,1.2653061224489792,1.0,0.0,0.0,0.0,0,0.0,16,500000,1.0,462.5625
epsilon_greedy,13,41,-0.9387755102040818,1.3469387755102038,1.0,0.0,0.0,0.0,0,0.0,16,500000,1.0,462.5625
epsilon_greedy,13,42,-0.9387755102040818,1.4285714285714284,1.0,0.0,0.0,0.0,0,0.0,16,500000,1.0,462.5625
epsilon_greedy,13,43,-0.9387755102040818,1.510204081632653,1.0,0.0,0.0,0.0,0,0.0,16,500000,1.0,462.5625
epsilon_greedy,13,44,-0.9387755102040818,1.591836734693877,1.0,0.0,0.0,0.0,0,0.0,16,500000,1.0,462.5625
epsilon_greedy,13,45,-0.9387755102040818,1.6734693877551017,1.0,0.0,0.0,0.0,0,0.0,16,500000,1.0,462.5625
epsilon_greedy,13,46,-0.9387755102040818,1.7551020408163263,1.0,0.0,0.0,0.0,0,0.0,16,500000,1.0,462.5625
epsilon_greedy,13,47,-0.9387755102040818,1.8367346938775508,1.0,0.0,0.0,0.0,0,0.0,16,500000,1.0,462.5625
epsilon_greedy,13,48,-0.9387755102040818,1.9183673469387754,1.0,0.0,0.0,0.0,0,0.0,16,500000,1.0,462.5625
epsilon_greedy,13,49,-0.9387755102040818,2.0,1.0,0.0,0.0,0.0,0,0.0,16,500000,1.0,353.75
epsilon_greedy,14,0,-0.8571428571428572,-2.0,1.0,0.0,0.0,0.0,0,0.0,16,500000,1.0,346.5625
epsilon_greedy,14,1,-0.8571428571428572,-1.9183673469387754,1.0,0.0,0.0,0.0,0,0.0,16,500000,1.0,462.5625
epsilon_greedy,14,2,-0.8571428571428572,-1.836734693877551,1.0,0.0,0.0,0.0,0,0.0,16,500000,1.0,462.5625
epsilon_greedy,14,3,-0.8571428571428572,-1.7551020408163265,1.0,0.0,0.0,0.0,0,0.0,16,500000,1.0,462.5625
epsilon_greedy,14,4,-0.8571428571428572,-1.6734693877551021,1.0,0.0,0.0,0.0,0,0.0,16,500000,1.0,462.5625
epsilon_greedy,14,5,-0.8571428571428572,-1.5918367346938775,1.0,0.0,0.0,0.0,0,0.0,16,500000,1.0,462.5625
epsilon_greedy,14,6,-0.8571428571428572,-1.510204081632653,1.0,0.0,0.0,0.0,0,0.0,16,500000,1.0,462.5625
epsilon_greedy,14,7,-0.8571428571428572,-1.4285714285714286,1.0,0.0,0.0,0.0,0,0.0,16,500000,1.0,462.5625
epsilon_greedy,14,8,-0.8571428571428572,-1.3469387755102042,1.0,0.0,0.0,0.0,0,0.0,16,500000,1.0,462.5625
epsilon_greedy,14,9,-0.8571428571428572,-1.2653061224489797,1.0,0.0,0.0,0.0,0,0.0,16,500000,1.0,462.5625
epsilon_greedy,14,10,-0.8571428571428572,-1.183673469387755,1.0,0.0,0.0,0.0,0,0.0,16,500000,1.0,462.5625
epsilon_greedy,14,11,-0.8571428571428572,-1.1020408163265307,1.0,0.0,0.0,0.0,0,0.0,16,500000,1.0,462.5625
epsilon_greedy,14,12,-0.8571428571428572,-1.0204081632653061,1.0,0.0,0.0,0.0,0,0.0,16,500000,1.0,462.5625
epsilon_greedy,14,13,-0.8571428571428572,-0.9387755102040818,1.0,0.0,0.0,0.0,0,0.0,16,500000,1.0,462.5625
epsilon_greedy,14,14,-0.8571428571428572,-0.8571428571428572,1.0,0.0,0.0,0.0,0,0.0,16,500000,1.0,462.5625
epsilon_greedy,14,15,-0.8571428571428572,-0.7755102040816328,1.0,0.0,0.0,0.0,0,0.0,16,500000,1.0,462.5625
epsilon_greedy,14,16,-0.8571428571428572,-0.6938775510204083,1.0,0.0,0.0,0.0,0,0.0,16,500000,1.0,462.5625
epsilon_greedy,14,17,-0.8571428571428572,-0.6122448979591837,1.0,0.0,0.0,0.0,0,0.0,16,500000,1.0,462.5625
epsilon_greedy,14,18,-0.8571428571428572,-0.5306122448979593,1.0,0.0,0.0,0.0,0,0.0,16,500000,1.0,462.5625
epsilon_greedy,14,19,-0.8571428571428572,-0.44897959183673475,1.0,0.0,0.0,0.0,0,0.0,16,500000,1.0,462.5625
epsilon_greedy,14,20,-0.8571428571428572,-0.3673469387755104,1.0,0.0,0.0,0.0,0,0.0,16,500000,1.0,462.5625
epsilon_greedy,14,21,-0.8571428571428572,-0.2857142857142858,1.0,0.0,0.0,0.0,0,0.0,16,500000,1.0,462.5625
epsilon_greedy,14,22,-0.8571428571428572,-0.20408163265306145,1.0,0.0,0.0,0.0,0,0.0,16,500000,1.0,462.5625
epsilon_greedy,14,23,-0.8571428571428572,-0.12244897959183687,1.0,0.0,0.0,0.0,0,0.0,16,500000,1.0,462.5625
epsilon_greedy,14,24,-0.8571428571428572,-0.04081632653061229,1.0,0.0,0.0,0.0,0,0.0,16,500000,1.0,462.5625
epsilon_greedy,14,25,-0.8571428571428572,0.04081632653061229,1.0,0.0,0.0,0.0,0,0.0,16,500000,1.0,462.5625
epsilon_greedy,14,26,-0.8571428571428572,0.12244897959183643,1.0,0.0,0.0,0.0,0,0.0,16,500000,1.0,462.5625
epsilon_greedy,14,27,-0.8571428571428572,0.204081632653061,1.0,0.0,0.0,0.0,0,0.0,16,500000,1.0,462.5625
epsilon_greedy,14,28,-0.8571428571428572,0.2857142857142856,1.0,0.0,0.0,0.0,0,0.0,16,500000,1.0,462.5625
epsilon_greedy,14,29,-0.8571428571428572,0.36734693877551017,1.0,0.0,0.0,0.0,0,0.0,16,500000,1.0,462.5625
epsilon_greedy,14,30,-0.8571428571428572,0.4489795918367343,1.0,0.0,0.0,0.0,0,0.0,16,500000,1.0,462.5625
epsilon_greedy,14,31,-0.8571428571428572,0.5306122448979589,1.0,0.0,0.0,0.0,0,0.0,16,500000,1.0,462.5625
epsilon_greedy,14,32,-0.8571428571428572,0.6122448979591835,1.0,0.0,0.0,0.0,0,0.0,16,500000,1.0,462.5625
epsilon_greedy,14,33,-0.8571428571428572,0.693877551020408,1.0,0.0,0.0,0.0,0,0.0,16,500000,1.0,462.5625
epsilon_greedy,14,34,-0.8571428571428572,0.7755102040816326,1.0,0.0,0.0,0.0,0,0.0,16,500000,1.0,462.5625
epsilon_greedy,14,35,-0.8571428571428572,0.8571428571428568,1.0,0.0,0.0,0.0,0,0.0,16,500000,1.0,462.5625
epsilon_greedy,14,36,-0.8571428571428572,0.9387755102040813,1.0,0.0,0.0,0.0,0,0.0,16,500000,1.0,462.5625
epsilon_greedy,14,37,-0.8571428571428572,1.020408163265306,1.0,0.0,0.0,0.0,0,0.0,16,500000,1.0,462.5625
epsilon_greedy,14,38,-0.8571428571428572,1.1020408163265305,1.0,0.0,0.0,0.0,0,0.0,16,500000,1.0,462.5625
epsilon_greedy,14,39,-0.8571428571428572,1.1836734693877546,1.0,0.0,0.0,0.0,0,0.0,16,500000,1.0,462.5625
epsilon_greedy,14,40,-0.8571428571428572,1.2653061224489792,1.0,0.0,0.0,0.0,0,0.0,16,500000,1.0,462.5625
epsilon_greedy,14,41,-0.8571428571428572,1.3469387755102038,1.0,0.0,0.0,0.0,0,0.0,16,500000,1.0,462.5625
epsilon_greedy,14,42,-0.8571428571428572,1.4285714285714284,1.0,0.0,0.0,0.0,0,0.0,16,500000,1.0,462.5625
epsilon_greedy,14,43,-0.8571428571428572,1.510204081632653,1.0,0.0,0.0,0.0,0,0.0,16,500000,1.0,462.5625
epsilon_greedy,14,44,-0.8571428571428572,1.591836734693877,1.0,0.0,0.0,0.0,0,0.0,16,500000,1.0,462.5625
epsilon_greedy,14,45,-0.8571428571428572,1.6734693877551017,1.0,0.0,0.0,0.0,0,0.0,16,500000,1.0,462.5625
epsilon_greedy,14,46,-0.8571428571428572,1.7551020408163263,1.0,0.0,0.0,0.0,0,0.0,16,500000,1.0,462.5625
epsilon_greedy,14,47,-0.8571428571428572,1.8367346938775508,1.0,0.0,0.0,0.0,0,0.0,16,500000,1.0,462.5625
epsilon_greedy,14,48,-0.8571428571428572,1.9183673469387754,1.0,0.0,0.0,0.0,0,0.0,16,500000,1.0,462.5625
epsilon_greedy,14,49,-0.8571428571428572,2.0,1.0,0.0,0.0,0.0,0,0.0,16,500000,1.0,353.75
epsilon_greedy,15,0,-0.7755102040816328,-2.0,1.0,0.0,0.0,0.0,0,0.0,16,500000,1.0,346.5625
epsilon_greedy,15,1,-0.7755102040816328,-1.9183673469387754,1.0,0.0,0.0,0.0,0,0.0,16,500000,1.0,462.5625
epsilon_greedy,15,2,-0.7755102040816328,-1.836734693877551,1.0,0.0,0.0,0.0,0,0.0,16,500000,1.0,462.5625
epsilon_greedy,15,3,-0.7755102040816328,-1.7551020408163265,1.0,0.0,0.0,0.0,0,0.0,16,500000,1.0,462.5625
epsilon_greedy,15,4,-0.7755102040816328,-1.6734693877551021,1.0,0.0,0.0,0.0,0,0.0,16,500000,1.0,462.5625
epsilon_greedy,15,5,-0.7755102040816328,-1.5918367346938775,1.0,0.0,0.0,0.0,0,0.0,16,500000,1.0,462.5625
epsilon_greedy,15,6,-0.7755102040816328,-1.510204081632653,1.0,0.0,0.0,0.0,0,0.0,16,500000,1.0,462.5625
epsilon_greedy,15,7,-0.7755102040816328,-1.4285714285714286,1.0,0.0,0.0,0.0,0,0.0,16,500000,1.0,462.5625
epsilon_greedy,15,8,-0.7755102040816328,-1.3469387755102042,1.0,0.0,0.0,0.0,0,0.0,16,500000,1.0,462.5625
epsilon_greedy,15,9,-0.7755102040816328,-1.2653061224489797,1.0,0.0,0.0,0.0,0,0.0,16,500000,1.0,462.5625
epsilon_greedy,15,10,-0.7755102040816328,-1.183673469387755,1.0,0.0,0.0,0.0,0,0.0,16,500000,1.0,462.5625
epsilon_greedy,15,11,-0.7755102040816328,-1.1020408163265307,1.0,0.0,0.0,0.0,0,0.0,16,500000,1.0,462.5625
epsilon_greedy,15,12,-0.7755102040816328,-1.0204081632653061,1.0,0.0,0.0,0.0,0,0.0,16,500000,1.0,462.5625
epsilon_greedy,15,13,-0.7755102040816328,-0.9387755102040818,1.0,0.0,0.0,0.0,0,0.0,16,500000,1.0,462.5625
epsilon_greedy,15,14,-0.7755102040816328,-0.8571428571428572,1.0,0.0,0.0,0.0,0,0.0,16,500000,1.0,462.5625
epsilon_greedy,15,15,-0.7755102040816328,-0.7755102040816328,1.0,0.0,0.0,0.0,0,0.0,16,500000,1.0,462.5625
epsilon_greedy,15,16,-0.7755102040816328,-0.6938775510204083,1.0,0.0,0.0,0.0,0,0.0,16,500000,1.0,462.5625
epsilon_greedy,15,17,-0.7755102040816328,-0.6122448979591837,1.0,0.0,0.0,0.0,0,0.0,16,500000,1.0,462.5625
epsilon_greedy,15,18,-0.7755102040816328,-0.5306122448979593,1.0,0.0,0.0,0.0,0,0.0,16,500000,1.0,462.5625
epsilon_greedy,15,19,-0.7755102040816328,-0.44897959183673475,1.0,0.0,0.0,0.0,0,0.0,16,500000,1.0,462.5625
epsilon_greedy,15,20,-0.7755102040816328,-0.3673469387755104,1.0,0.0,0.0,0.0,0,0.0,16,500000,1.0,462.5625
epsilon_greedy,15,21,-0.7755102040816328,-0.2857142857142858,1.0,0.0,0.0,0.0,0,0.0,16,500000,1.0,462.5625
epsilon_greedy,15,22,-0.7755102040816328,-0.20408163265306145,1.0,0.0,0.0,0.0,0,0.0,16,500000,1.0,462.5625
epsilon_greedy,15,23,-0.7755102040816328,-0.12244897959183687,1.0,0.0,0.0,0.0,0,0.0,16,500000,1.0,462.5625
epsilon_greedy,15,24,-0.7755102040816328,-0.04081632653061229,1.0,0.0,0.0,0.0,0,0.0,16,500000,1.0,462.5625
epsilon_greedy,15,25,-0.7755102040816328,0.04081632653061229,1.0,0.0,0.0,0.0,0,0.0,16,500000,1.0,462.5625
epsilon_greedy,15,26,-0.7755102040816328,0.12244897959183643,1.0,0.0,0.0,0.0,0,0.0,16,500000,1.0,462.5625
epsilon_greedy,15,27,-0.7755102040816328,0.204081632653061,1.0,0.0,0.0,0.0,0,0.0,16,500000,1.0,462.5625
epsilon_greedy,15,28,-0.7755102040816328,0.2857142857142856,1.0,0.0,0.0,0.0,0,0.0,16,500000,1.0,462.5625
epsilon_greedy,15,29,-0.7755102040816328,0.36734693877551017,1.0,0.0,0.0,0.0,0,0.0,16,500000,1.0,462.5625
epsilon_greedy,15,30,-0.7755102040816328,0.4489795918367343,1.0,0.0,0.0,0.0,0,0.0,16,500000,1.0,462.5625
epsilon_greedy,15,31,-0.7755102040816328,0.5306122448979589,1.0,0.0,0.0,0.0,0,0.0,16,500000,1.0,462.5625
epsilon_greedy,15,32,-0.7755102040816328,0.6122448979591835,1.0,0.0,0.0,0.0,0,0.0,16,500000,1.0,462.5625
epsilon_greedy,15,33,-0.7755102040816328,0.693877551020408,1.0,0.0,0.0,0.0,0,0.0,16,500000,1.0,462.5625
epsilon_greedy,15,34,-0.7755102040816328,0.7755102040816326,1.0,0.0,0.0,0.0,0,0.0,16,500000,1.0,462.5625
epsilon_greedy,15,35,-0.7755102040816328,0.8571428571428568,1.0,0.0,0.0,0.0,0,0.0,16,500000,1.0,462.5625
epsilon_greedy,15,36,-0.7755102040816328,0.9387755102040813,1.0,0.0,0.0,0.0,0,0.0,16,500000,1.0,462.5625
epsilon_greedy,15,37,-0.7755102040816328,1.020408163265306,1.0,0.0,0.0,0.0,0,0.0,16,500000,1.0,462.5625
epsilon_greedy,15,38,-0.7755102040816328,1.1020408163265305,1.0,0.0,0.0,0.0,0,0.0,16,500000,1.0,462.5625
epsilon_greedy,15,39,-0.7755102040816328,1.1836734693877546,1.0,0.0,0.0,0.0,0,0.0,16,500000,1.0,462.5625
epsilon_greedy,15,40,-0.7755102040816328,1.2653061224489792,1.0,0.0,0.0,0.0,0,0.0,16,500000,1.0,462.5625
epsilon_greedy,15,41,-0.7755102040816328,1.3469387755102038,1.0,0.0,0.0,0.0,0,0.0,16,500000,1.0,462.5625
epsilon_greedy,15,42,-0.7755102040816328,1.4285714285714284,1.0,0.0,0.0,0.0,0,0.0,16,500000,1.0,462.5625
epsilon_greedy,15,43,-0.7755102040816328,1.510204081632653,1.0,0.0,0.0,0.0,0,0.0,16,500000,1.0,462.5625
epsilon_greedy,15,44,-0.7755102040816328,1.591836734693877,1.0,0.0,0.0,0.0,0,0.0,16,500000,1.0,462.5625
epsilon_greedy,15,45,-0.7755102040816328,1.6734693877551017,1.0,0.0,0.0,0.0,0,0.0,16,500000,1.0,462.5625
epsilon_greedy,15,46,-0.7755102040816328,1.7551020408163263,1.0,0.0,0.0,0.0,0,0.0,16,500000,1.0,462.5625
epsilon_greedy,15,47,-0.7755102040816328,1.8367346938775508,1.0,0.0,0.0,0.0,0,0.0,16,500000,1.0,462.5625
epsilon_greedy,15,48,-0.7755102040816328,1.9183673469387754,1.0,0.0,0.0,0.0,0,0.0,16,500000,1.0,462.5625
epsilon_greedy,15,49,-0.7755102040816328,2.0,1.0,0.0,0.0,0.0,0,0.0,16,500000,1.0,353.75
epsilon_greedy,16,0,-0.6938775510204083,-2.0,1.0,0.0,0.0,0.0,0,0.0,16,500000,1.0,346.5625
epsilon_greedy,16,1,-0.6938775510204083,-1.9183673469387754,1.0,0.0,0.0,0.0,0,0.0,16,500000,1.0,462.5625
epsilon_greedy,16,2,-0.6938775510204083,-1.836734693877551,1.0,0.0,0.0,0.0,0,0.0,16,500000,1.0,462.5625
epsilon_greedy,16,3,-0.6938775510204083,-1.7551020408163265,1.0,0.0,0.0,0.0,0,0.0,16,500000,1.0,462.5625
epsilon_greedy,16,4,-0.6938775510204083,-1.6734693877551021,1.0,0.0,0.0,0.0,0,0.0,16,500000,1.0,462.5625
epsilon_greedy,16,5,-0.6938775510204083,-1.5918367346938775,1.0,0.0,0.0,0.0,0,0.0,16,500000,1.0,462.5625
epsilon_greedy,16,6,-0.6938775510204083,-1.510204081632653,1.0,0.0,0.0,0.0,0,0.0,16,500000,1.0,462.5625
epsilon_greedy,16,7,-0.6938775510204083,-1.4285714285714286,1.0,0.0,0.0,0.0,0,0.0,16,500000,1.0,462.5625
epsilon_greedy,16,8,-0.6938775510204083,-1.3469387755102042,1.0,0.0,0.0,0.0,0,0.0,16,500000,1.0,462.5625
epsilon_greedy,16,9,-0.6938775510204083,-1.2653061224489797,1.0,0.0,0.0,0.0,0,0.0,16,500000,1.0,462.5625
epsilon_greedy,16,10,-0.6938775510204083,-1.183673469387755,1.0,0.0,0.0,0.0,0,0.0,16,500000,1.0,462.5625
epsilon_greedy,16,11,-0.6938775510204083,-1.1020408163265307,1.0,0.0,0.0,0.0,0,0.0,16,500000,1.0,462.5625
epsilon_greedy,16,12,-0.6938775510204083,-1.0204081632653061,1.0,0.0,0.0,0.0,0,0.0,16,500000,1.0,462.5625
epsilon_greedy,16,13,-0.6938775510204083,-0.9387755102040818,1.0,0.0,0.0,0.0,0,0.0,16,500000,1.0,462.5625
epsilon_greedy,16,14,-0.6938775510204083,-0.8571428571428572,1.0,0.0,0.0,0.0,0,0.0,16,500000,1.0,462.5625
epsilon_greedy,16,15,-0.6938775510204083,-0.7755102040816328,1.0,0.0,0.0,0.0,0,0.0,16,500000,1.0,462.5625
epsilon_greedy,16,16,-0.6938775510204083,-0.6938775510204083,1.0,0.0,0.0,0.0,0,0.0,16,500000,1.0,462.5625
epsilon_greedy,16,17,-0.6938775510204083,-0.6122448979591837,1.0,0.0,0.0,0.0,0,0.0,16,500000,1.0,462.5625
epsilon_greedy,16,18,-0.6938775510204083,-0.5306122448979593,1.0,0.0,0.0,0.0,0,0.0,16,500000,1.0,462.5625
epsilon_greedy,16,19,-0.6938775510204083,-0.44897959183673475,1.0,0.0,0.0,0.0,0,0.0,16,500000,1.0,462.5625
epsilon_greedy,16,20,-0.6938775510204083,-0.3673469387755104,1.0,0.0,0.0,0.0,0,0.0,16,500000,1.0,462.5625
epsilon_greedy,16,21,-0.6938775510204083,-0.2857142857142858,1.0,0.0,0.0,0.0,0,0.0,16,500000,1.0,462.5625
epsilon_greedy,16,22,-0.6938775510204083,-0.20408163265306145,1.0,0.0,0.0,0.0,0,0.0,16,500000,1.0,462.5625
epsilon_greedy,16,23,-0.6938775510204083,-0.12244897959183687,1.0,0.0,0.0,0.0,0,0.0,16,500000,1.0,462.5625
epsilon_greedy,16,24,-0.6938775510204083,-0.04081632653061229,1.0,0.0,0.0,0.0,0,0.0,16,500000,1.0,462.5625
epsilon_greedy,16,25,-0.6938775510204083,0.04081632653061229,1.0,0.0,0.0,0.0,0,0.0,16,500000,1.0,462.5625
epsilon_greedy,16,26,-0.6938775510204083,0.12244897959183643,1.0,0.0,0.0,0.0,0,0.0,16,500000,1.0,462.5625
epsilon_greedy,16,27,-0.6938775510204083,0.204081632653061,1.0,0.0,0.0,0.0,0,0.0,16,500000,1.0,462.5625
epsilon_greedy,16,28,-0.6938775510204083,0.2857142857142856,1.0,0.0,0.0,0.0,0,0.0,16,500000,1.0,462.5625
epsilon_greedy,16,29,-0.6938775510204083,0.36734693877551017,1.0,0.0,0.0,0.0,0,0.0,16,500000,1.0,462.5625
epsilon_greedy,16,30,-0.6938775510204083,0.4489795918367343,1.0,0.0,0.0,0.0,0,0.0,16,500000,1.0,462.5625
epsilon_greedy,16,31,-0.6938775510204083,0.5306122448979589,1.0,0.0,0.0,0.0,0,0.0,16,500000,1.0,462.5625
epsilon_greedy,16,32,-0.6938775510204083,0.6122448979591835,1.0,0.0,0.0,0.0,0,0.0,16,500000,1.0,462.5625
epsilon_greedy,16,33,-0.6938775510204083,0.693877551020408,1.0,0.0,0.0,0.0,0,0.0,16,500000,1.0,462.5625
epsilon_greedy,16,34,-0.6938775510204083,0.7755102040816326,1.0,0.0,0.0,0.0,0,0.0,16,500000,1.0,462.5625
epsilon_greedy,16,35,-0.6938775510204083,0.8571428571428568,1.0,0.0,0.0,0.0,0,0.0,16,500000,1.0,462.5625
epsilon_greedy,16,36,-0.6938775510204083,0.9387755102040813,1.0,0.0,0.0,0.0,0,0.0,16,500000,1.0,462.5625
epsilon_greedy,16,37,-0.6938775510204083,1.020408163265306,1.0,0.0,0.0,0.0,0,0.0,16,500000,1.0,462.5625
epsilon_greedy,16,38,-0.6938775510204083,1.1020408163265305,1.0,0.0,0.0,0.0,0,0.0,16,500000,1.0,462.5625
epsilon_greedy,16,39,-0.6938775510204083,1.1836734693877546,1.0,0.0,0.0,0.0,0,0.0,16,500000,1.0,462.5625
epsilon_greedy,16,40,-0.6938775510204083,1.2653061224489792,1.0,0.0,0.0,0.0,0,0.0,16,500000,1.0,462.5625
epsilon_greedy,16,41,-0.6938775510204083,1.3469387755102038,1.0,0.0,0.0,0.0,0,0.0,16,500000,1.0,462.5625
epsilon_greedy,16,42,-0.6938775510204083,1.4285714285714284,1.0,0.0,0.0,0.0,0,0.0,16,500000,1.0,462.5625
epsilon_greedy,16,43,-0.6938775510204083,1.510204081632653,1.0,0.0,0.0,0.0,0,0.0,16,500000,1.0,462.5625
epsilon_greedy,16,44,-0.6938775510204083,1.591836734693877,1.0,0.0,0.0,0.0,0,0.0,16,500000,1.0,462.5625
epsilon_greedy,16,45,-0.6938775510204083,1.6734693877551017,1.0,0.0,0.0,0.0,0,0.0,16,500000,1.0,462.5625
epsilon_greedy,16,46,-0.6938775510204083,1.7551020408163263,1.0,0.0,0.0,0.0,0,0.0,16,500000,1.0,462.5625
epsilon_greedy,16,47,-0.6938775510204083,1.8367346938775508,1.0,0.0,0.0,0.0,0,0.0,16,500000,1.0,462.5625
epsilon_greedy,16,48,-0.6938775510204083,1.9183673469387754,1.0,0.0,0.0,0.0,0,0.0,16,500000,1.0,462.5625
epsilon_greedy,16,49,-0.6938775510204083,2.0,1.0,0.0,0.0,0.0,0,0.0,16,500000,1.0,353.75
epsilon_greedy,17,0,-0.6122448979591837,-2.0,1.0,0.0,0.0,0.0,0,0.0,16,500000,1.0,346.5625
epsilon_greedy,17,1,-0.6122448979591837,-1.9183673469387754,1.0,0.0,0.0,0.0,0,0.0,16,500000,1.0,462.5625
epsilon_greedy,17,2,-0.6122448979591837,-1.836734693877551,1.0,0.0,0.0,0.0,0,0.0,16,500000,1.0,462.5625
epsilon_greedy,17,3,-0.6122448979591837,-1.7551020408163265,1.0,0.0,0.0,0.0,0,0.0,16,500000,1.0,462.5625
epsilon_greedy,17,4,-0.6122448979591837,-1.6734693877551021,1.0,0.0,0.0,0.0,0,0.0,16,500000,1.0,462.5625
epsilon_greedy,17,5,-0.6122448979591837,-1.5918367346938775,1.0,0.0,0.0,0.0,0,0.0,16,500000,1.0,462.5625
epsilon_greedy,17,6,-0.6122448979591837,-1.510204081632653,1.0,0.0,0.0,0.0,0,0.0,16,500000,1.0,462.5625
epsilon_greedy,17,7,-0.6122448979591837,-1.4285714285714286,1.0,0.0,0.0,0.0,0,0.0,16,500000,1.0,462.5625
epsilon_greedy,17,8,-0.6122448979591837,-1.3469387755102042,1.0,0.0,0.0,0.0,0,0.0,16,500000,1.0,462.5625
epsilon_greedy,17,9,-0.6122448979591837,-1.2653061224489797,1.0,0.0,0.0,0.0,0,0.0,16,500000,1.0,462.5625
epsilon_greedy,17,10,-0.6122448979591837,-1.183673469387755,1.0,0.0,0.0,0.0,0,0.0,16,500000,1.0,462.5625
epsilon_greedy,17,11,-0.6122448979591837,-1.1020408163265307,1.0,0.0,0.0,0.0,0,0.0,16,500000,1.0,462.5625
epsilon_greedy,17,12,-0.6122448979591837,-1.0204081632653061,1.0,0.0,0.0,0.0,0,0.0,16,500000,1.0,462.5625
epsilon_greedy,17,13,-0.6122448979591837,-0.9387755102040818,1.0,0.0,0.0,0.0,0,0.0,16,500000,1.0,462.5625
epsilon_greedy,17,14,-0.6122448979591837,-0.8571428571428572,1.0,0.0,0.0,0.0,0,0.0,16,500000,1.0,462.5625
epsilon_greedy,17,15,-0.6122448979591837,-0.7755102040816328,1.0,0.0,0.0,0.0,0,0.0,16,500000,1.0,462.5625
epsilon_greedy,17,16,-0.6122448979591837,-0.6938775510204083,1.0,0.0,0.0,0.0,0,0.0,16,500000,1.0,462.5625
epsilon_greedy,17,17,-0.6122448979591837,-0.6122448979591837,1.0,0.0,0.0,0.0,0,0.0,16,500000,1.0,462.5625
epsilon_greedy,17,18,-0.6122448979591837,-0.5306122448979593,1.0,0.0,0.0,0.0,0,0.0,16,500000,1.0,462.5625
epsilon_greedy,17,19,-0.6122448979591837,-0.44897959183673475,1.0,0.0,0.0,0.0,0,0.0,16,500000,1.0,462.5625
epsilon_greedy,17,20,-0.6122448979591837,-0.3673469387755104,1.0,0.0,0.0,0.0,0,0.0,16,500000,1.0,462.5625
epsilon_greedy,17,21,-0.6122448979591837,-0.2857142857142858,1.0,0.0,0.0,0.0,0,0.0,16,500000,1.0,462.5625
epsilon_greedy,17,22,-0.6122448979591837,-0.20408163265306145,1.0,0.0,0.0,0.0,0,0.0,16,500000,1.0,462.5625
epsilon_greedy,17,23,-0.6122448979591837,-0.12244897959183687,1.0,0.0,0.0,0.0,0,0.0,16,500000,1.0,462.5625
epsilon_greedy,17,24,-0.6122448979591837,-0.04081632653061229,1.0,0.0,0.0,0.0,0,0.0,16,500000,1.0,462.5625
epsilon_greedy,17,25,-0.6122448979591837,0.04081632653061229,1.0,0.0,0.0,0.0,0,0.0,16,500000,1.0,462.5625
epsilon_greedy,17,26,-0.6122448979591837,0.12244897959183643,1.0,0.0,0.0,0.0,0,0.0,16,500000,1.0,462.5625
epsilon_greedy,17,27,-0.6122448979591837,0.204081632653061,1.0,0.0,0.0,0.0,0,0.0,16,500000,1.0,462.5625
epsilon_greedy,17,28,-0.6122448979591837,0.2857142857142856,1.0,0.0,0.0,0.0,0,0.0,16,500000,1.0,462.5625
epsilon_greedy,17,29,-0.6122448979591837,0.36734693877551017,1.0,0.0,0.0,0.0,0,0.0,16,500000,1.0,462.5625
epsilon_greedy,17,30,-0.6122448979591837,0.4489795918367343,1.0,0.0,0.0,0.0,0,0.0,16,500000,1.0,462.5625
epsilon_greedy,17,31,-0.6122448979591837,0.5306122448979589,1.0,0.0,0.0,0.0,0,0.0,16,500000,1.0,462.5625
epsilon_greedy,17,32,-0.6122448979591837,0.6122448979591835,1.0,0.0,0.0,0.0,0,0.0,16,500000,1.0,462.5625
epsilon_greedy,17,33,-0.6122448979591837,0.693877551020408,1.0,0.0,0.0,0.0,0,0.0,16,500000,1.0,462.5625
epsilon_greedy,17,34,-0.6122448979591837,0.7755102040816326,1.0,0.0,0.0,0.0,0,0.0,16,500000,1.0,462.5625
epsilon_greedy,17,35,-0.6122448979591837,0.8571428571428568,1.0,0.0,0.0,0.0,0,0.0,16,500000,1.0,462.5625
epsilon_greedy,17,36,-0.6122448979591837,0.9387755102040813,1.0,0.0,0.0,0.0,0,0.0,16,500000,1.0,462.5625
epsilon_greedy,17,37,-0.6122448979591837,1.020408163265306,1.0,0.0,0.0,0.0,0,0.0,16,500000,1.0,462.5625
epsilon_greedy,17,38,-0.6122448979591837,1.1020408163265305,1.0,0.0,0.0,0.0,0,0.0,16,500000,1.0,462.5625
epsilon_greedy,17,39,-0.6122448979591837,1.1836734693877546,1.0,0.0,0.0,0.0,0,0.0,16,500000,1.0,462.5625
epsilon_greedy,17,40,-0.6122448979591837,1.2653061224489792,1.0,0.0,0.0,0.0,0,0.0,16,500000,1.0,462.5625
epsilon_greedy,17,41,-0.6122448979591837,1.3469387755102038,1.0,0.0,0.0,0.0,0,0.0,16,500000,1.0,462.5625
epsilon_greedy,17,42,-0.6122448979591837,1.4285714285714284,1.0,0.0,0.0,0.0,0,0.0,16,500000,1.0,462.5625
epsilon_greedy,17,43,-0.6122448979591837,1.510204081632653,1.0,0.0,0.0,0.0,0,0.0,16,500000,1.0,462.5625
epsilon_greedy,17,44,-0.6122448979591837,1.591836734693877,1.0,0.0,0.0,0.0,0,0.0,16,500000,1.0,462.5625
epsilon_greedy,17,45,-0.6122448979591837,1.6734693877551017,1.0,0.0,0.0,0.0,0,0.0,16,500000,1.0,462.5625
epsilon_greedy,17,46,-0.6122448979591837,1.7551020408163263,1.0,0.0,0.0,0.0,0,0.0,16,500000,1.0,462.5625
epsilon_greedy,17,47,-0.6122448979591837,1.8367346938775508,1.0,0.0,0.0,0.0,0,0.0,16,500000,1.0,462.5625
epsilon_greedy,17,48,-0.6122448979591837,1.9183673469387754,1.0,0.0,0.0,0.0,0,0.0,16,500000,1.0,462.5625
epsilon_greedy,17,49,-0.6122448979591837,2.0,1.0,0.0,0.0,0.0,0,0.0,16,500000,1.0,353.75
epsilon_greedy,18,0,-0.5306122448979593,-2.0,1.0,0.0,0.0,0.0,0,0.0,16,500000,1.0,346.5625
epsilon_greedy,18,1,-0.5306122448979593,-1.9183673469387754,1.0,0.0,0.0,0.0,0,0.0,16,500000,1.0,462.5625
epsilon_greedy,18,2,-0.5306122448979593,-1.836734693877551,1.0,0.0,0.0,0.0,0,0.0,16,500000,1.0,462.5625
epsilon_greedy,18,3,-0.5306122448979593,-1.7551020408163265,1.0,0.0,0.0,0.0,0,0.0,16,500000,1.0,462.5625
epsilon_greedy,18,4,-0.5306122448979593,-1.6734693877551021,1.0,0.0,0.0,0.0,0,0.0,16,500000,1.0,462.5625
epsilon_greedy,18,5,-0.5306122448979593,-1.5918367346938775,1.0,0.0,0.0,0.0,0,0.0,16,500000,1.0,462.5625
epsilon_greedy,18,6,-0.5306122448979593,-1.510204081632653,1.0,0.0,0.0,0.0,0,0.0,16,500000,1.0,462.5625
epsilon_greedy,18,7,-0.5306122448979593,-1.4285714285714286,1.0,0.0,0.0,0.0,0,0.0,16,500000,1.0,462.5625
epsilon_greedy,18,8,-0.5306122448979593,-1.3469387755102042,1.0,0.0,0.0,0.0,0,0.0,16,500000,1.0,462.5625
epsilon_greedy,18,9,-0.5306122448979593,-1.2653061224489797,1.0,0.0,0.0,0.0,0,0.0,16,500000,1.0,462.5625
epsilon_greedy,18,10,-0.5306122448979593,-1.183673469387755,1.0,0.0,0.0,0.0,0,0.0,16,500000,1.0,462.5625
epsilon_greedy,18,11,-0.5306122448979593,-1.1020408163265307,1.0,0.0,0.0,0.0,0,0.0,16,500000,1.0,462.5625
epsilon_greedy,18,12,-0.5306122448979593,-1.0204081632653061,1.0,0.0,0.0,0.0,0,0.0,16,500000,1.0,462.5625
epsilon_greedy,18,13,-0.5306122448979593,-0.9387755102040818,1.0,0.0,0.0,0.0,0,0.0,16,500000,1.0,462.5625
epsilon_greedy,18,14,-0.5306122448979593,-0.8571428571428572,1.0,0.0,0.0,0.0,0,0.0,16,500000,1.0,462.5625
epsilon_greedy,18,15,-0.5306122448979593,-0.7755102040816328,1.0,0.0,0.0,0.0,0,0.0,16,500000,1.0,462.5625
epsilon_greedy,18,16,-0.5306122448979593,-0.6938775510204083,1.0,0.0,0.0,0.0,0,0.0,16,500000,1.0,462.5625
epsilon_greedy,18,17,-0.5306122448979593,-0.6122448979591837,1.0,0.0,0.0,0.0,0,0.0,16,500000,1.0,462.5625
epsilon_greedy,18,18,-0.5306122448979593,-0.5306122448979593,1.0,0.0,0.0,0.0,0,0.0,16,500000,1.0,462.5625
epsilon_greedy,18,19,-0.5306122448979593,-0.44897959183673475,1.0,0.0,0.0,0.0,0,0.0,16,500000,1.0,462.5625
epsilon_greedy,18,20,-0.5306122448979593,-0.3673469387755104,1.0,0.0,0.0,0.0,0,0.0,16,500000,1.0,462.5625
epsilon_greedy,18,21,-0.5306122448979593,-0.2857142857142858,1.0,0.0,0.0,0.0,0,0.0,16,500000,1.0,462.5625
epsilon_greedy,18,22,-0.5306122448979593,-0.20408163265306145,1.0,0.0,0.0,0.0,0,0.0,16,500000,1.0,462.5625
epsilon_greedy,18,23,-0.5306122448979593,-0.12244897959183687,1.0,0.0,0.0,0.0,0,0.0,16,500000,1.0,462.5625
epsilon_greedy,18,24,-0.5306122448979593,-0.04081632653061229,1.0,0.0,0.0,0.0,0,0.0,16,500000,1.0,462.5625
epsilon_greedy,18,25,-0.5306122448979593,0.04081632653061229,1.0,0.0,0.0,0.0,0,0.0,16,500000,1.0,462.5625
epsilon_greedy,18,26,-0.5306122448979593,0.12244897959183643,1.0,0.0,0.0,0.0,0,0.0,16,500000,1.0,462.5625
epsilon_greedy,18,27,-0.5306122448979593,0.204081632653061,1.0,0.0,0.0,0.0,0,0.0,16,500000,1.0,462.5625
epsilon_greedy,18,28,-0.5306122448979593,0.2857142857142856,1.0,0.0,0.0,0.0,0,0.0,16,500000,1.0,462.5625
epsilon_greedy,18,29,-0.5306122448979593,0.36734693877551017,1.0,0.0,0.0,0.0,0,0.0,16,500000,1.0,462.5625
epsilon_greedy,18,30,-0.5306122448979593,0.4489795918367343,1.0,0.0,0.0,0.0,0,0.0,16,500000,1.0,462.5625
epsilon_greedy,18,31,-0.5306122448979593,0.5306122448979589,1.0,0.0,0.0,0.0,0,0.0,16,500000,1.0,462.5625
epsilon_greedy,18,32,-0.5306122448979593,0.6122448979591835,1.0,0.0,0.0,0.0,0,0.0,16,500000,1.0,462.5625
epsilon_greedy,18,33,-0.5306122448979593,0.693877551020408,1.0,0.0,0.0,0.0,0,0.0,16,500000,1.0,462.5625
epsilon_greedy,18,34,-0.5306122448979593,0.7755102040816326,1.0,0.0,0.0,0.0,0,0.0,16,500000,1.0,462.5625
epsilon_greedy,18,35,-0.5306122448979593,0.8571428571428568,1.0,0.0,0.0,0.0,0,0.0,16,500000,1.0,462.5625
epsilon_greedy,18,36,-0.5306122448979593,0.9387755102040813,1.0,0.0,0.0,0.0,0,0.0,16,500000,1.0,462.5625
epsilon_greedy,18,37,-0.5306122448979593,1.020408163265306,1.0,0.0,0.0,0.0,0,0.0,16,500000,1.0,462.5625
epsilon_greedy,18,38,-0.5306122448979593,1.1020408163265305,1.0,0.0,0.0,0.0,0,0.0,16,500000,1.0,462.5625
epsilon_greedy,18,39,-0.5306122448979593,1.1836734693877546,1.0,0.0,0.0,0.0,0,0.0,16,500000,1.0,462.5625
epsilon_greedy,18,40,-0.5306122448979593,1.2653061224489792,1.0,0.0,0.0,0.0,0,0.0,16,500000,1.0,462.5625
epsilon_greedy,18,41,-0.5306122448979593,1.3469387755102038,1.0,0.0,0.0,0.0,0,0.0,16,500000,1.0,462.5625
epsilon_greedy,18,42,-0.5306122448979593,1.4285714285714284,1.0,0.0,0.0,0.0,0,0.0,16,500000,1.0,462.5625
epsilon_greedy,18,43,-0.5306122448979593,1.510204081632653,1.0,0.0,0.0,0.0,0,0.0,16,500000,1.0,462.5625
epsilon_greedy,18,44,-0.5306122448979593,1.591836734693877,1.0,0.0,0.0,0.0,0,0.0,16,500000,1.0,462.5625
epsilon_greedy,18,45,-0.5306122448979593,1.6734693877551017,1.0,0.0,0.0,0.0,0,0.0,16,500000,1.0,462.5625
epsilon_greedy,18,46,-0.5306122448979593,1.7551020408163263,1.0,0.0,0.0,0.0,0,0.0,16,500000,1.0,462.5625
epsilon_greedy,18,47,-0.5306122448979593,1.8367346938775508,1.0,0.0,0.0,0.0,0,0.0,16,500000,1.0,462.5625
epsilon_greedy,18,48,-0.5306122448979593,1.9183673469387754,1.0,0.0,0.0,0.0,0,0.0,16,500000,1.0,462.5625
epsilon_greedy,18,49,-0.5306122448979593,2.0,1.0,0.0,0.0,0.0,0,0.0,16,500000,1.0,353.75
epsilon_greedy,19,0,-0.44897959183673475,-2.0,1.0,0.0,0.0,0.0,0,0.0,16,500000,1.0,346.5625
epsilon_greedy,19,1,-0.44897959183673475,-1.9183673469387754,1.0,0.0,0.0,0.0,0,0.0,16,500000,1.0,462.5625
epsilon_greedy,19,2,-0.44897959183673475,-1.836734693877551,1.0,0.0,0.0,0.0,0,0.0,16,500000,1.0,462.5625
epsilon_greedy,19,3,-0.44897959183673475,-1.7551020408163265,1.0,0.0,0.0,0.0,0,0.0,16,500000,1.0,462.5625
epsilon_greedy,19,4,-0.44897959183673475,-1.6734693877551021,1.0,0.0,0.0,0.0,0,0.0,16,500000,1.0,462.5625
epsilon_greedy,19,5,-0.44897959183673475,-1.5918367346938775,1.0,0.0,0.0,0.0,0,0.0,16,500000,1.0,462.5625
epsilon_greedy,19,6,-0.44897959183673475,-1.510204081632653,1.0,0.0,0.0,0.0,0,0.0,16,500000,1.0,462.5625
epsilon_greedy,19,7,-0.44897959183673475,-1.4285714285714286,1.0,0.0,0.0,0.0,0,0.0,16,500000,1.0,462.5625
epsilon_greedy,19,8,-0.44897959183673475,-1.3469387755102042,1.0,0.0,0.0,0.0,0,0.0,16,500000,1.0,462.5625
epsilon_greedy,19,9,-0.44897959183673475,-1.2653061224489797,1.0,0.0,0.0,0.0,0,0.0,16,500000,1.0,462.5625
epsilon_greedy,19,10,-0.44897959183673475,-1.183673469387755,1.0,0.0,0.0,0.0,0,0.0,16,500000,1.0,462.5625
epsilon_greedy,19,11,-0.44897959183673475,-1.1020408163265307,1.0,0.0,0.0,0.0,0,0.0,16,500000,1.0,462.5625
epsilon_greedy,19,12,-0.44897959183673475,-1.0204081632653061,1.0,0.0,0.0,0.0,0,0.0,16,500000,1.0,462.5625
epsilon_greedy,19,13,-0.44897959183673475,-0.9387755102040818,1.0,0.0,0.0,0.0,0,0.0,16,500000,1.0,462.5625
epsilon_greedy,19,14,-0.44897959183673475,-0.8571428571428572,1.0,0.0,0.0,0.0,0,0.0,16,500000,1.0,462.5625
epsilon_greedy,19,15,-0.44897959183673475,-0.7755102040816328,1.0,0.0,0.0,0.0,0,0.0,16,500000,1.0,462.5625
epsilon_greedy,19,16,-0.44897959183673475,-0.6938775510204083,1.0,0.0,0.0,0.0,0,0.0,16,500000,1.0,462.5625
epsilon_greedy,19,17,-0.44897959183673475,-0.6122448979591837,1.0,0.0,0.0,0.0,0,0.0,16,500000,1.0,462.5625
epsilon_greedy,19,18,-0.44897959183673475,-0.5306122448979593,1.0,0.0,0.0,0.0,0,0.0,16,500000,1.0,462.5625
epsilon_greedy,19,19,-0.44897959183673475,-0.44897959183673475,1.0,0.0,0.0,0.0,0,0.0,16,500000,1.0,462.5625
epsilon_greedy,19,20,-0.44897959183673475,-0.3673469387755104,1.0,0.0,0.0,0.0,0,0.0,16,500000,1.0,462.5625
epsilon_greedy,19,21,-0.44897959183673475,-0.2857142857142858,1.0,0.0,0.0,0.0,0,0.0,16,500000,1.0,462.5625
epsilon_greedy,19,22,-0.44897959183673475,-0.20408163265306145,1.0,0.0,0.0,0.0,0,0.0,16,500000,1.0,462.5625
epsilon_greedy,19,23,-0.44897959183673475,-0.12244897959183687,1.0,0.0,0.0,0.0,0,0.0,16,500000,1.0,462.5625
epsilon_greedy,19,24,-0.44897959183673475,-0.04081632653061229,1.0,0.0,0.0,0.0,0,0.0,16,500000,1.0,462.5625
epsilon_greedy,19,25,-0.44897959183673475,0.04081632653061229,1.0,0.0,0.0,0.0,0,0.0,16,500000,1.0,462.5625
epsilon_greedy,19,26,-0.44897959183673475,0.12244897959183643,1.0,0.0,0.0,0.0,0,0.0,16,500000,1.0,462.5625
epsilon_greedy,19,27,-0.44897959183673475,0.204081632653061,1.0,0.0,0.0,0.0,0,0.0,16,500000,1.0,462.5625
epsilon_greedy,19,28,-0.44897959183673475,0.2857142857142856,1.0,0.0,0.0,0.0,0,0.0,16,500000,1.0,462.5625
epsilon_greedy,19,29,-0.44897959183673475,0.36734693877551017,1.0,0.0,0.0,0.0,0,0.0,16,500000,1.0,462.5625
epsilon_greedy,19,30,-0.44897959183673475,0.4489795918367343,1.0,0.0,0.0,0.0,0,0.0,16,500000,1.0,462.5625
epsilon_greedy,19,31,-0.44897959183673475,0.5306122448979589,1.0,0.0,0.0,0.0,0,0.0,16,500000,1.0,462.5625
epsilon_greedy,19,32,-0.44897959183673475,0.6122448979591835,1.0,0.0,0.0,0.0,0,0.0,16,500000,1.0,462.5625
epsilon_greedy,19,33,-0.44897959183673475,0.693877551020408,1.0,0.0,0.0,0.0,0,0.0,16,500000,1.0,462.5625
epsilon_greedy,19,34,-0.44897959183673475,0.7755102040816326,1.0,0.0,0.0,0.0,0,0.0,16,500000,1.0,462.5625
epsilon_greedy,19,35,-0.44897959183673475,0.8571428571428568,1.0,0.0,0.0,0.0,0,0.0,16,500000,1.0,462.5625
epsilon_greedy,19,36,-0.44897959183673475,0.9387755102040813,1.0,0.0,0.0,0.0,0,0.0,16,500000,1.0,462.5625
epsilon_greedy,19,37,-0.44897959183673475,1.020408163265306,1.0,0.0,0.0,0.0,0,0.0,16,500000,1.0,462.5625
epsilon_greedy,19,38,-0.44897959183673475,1.1020408163265305,1.0,0.0,0.0,0.0,0,0.0,16,500000,1.0,462.5625
epsilon_greedy,19,39,-0.44897959183673475,1.1836734693877546,1.0,0.0,0.0,0.0,0,0.0,16,500000,1.0,462.5625
epsilon_greedy,19,40,-0.44897959183673475,1.2653061224489792,1.0,0.0,0.0,0.0,0,0.0,16,500000,1.0,462.5625
epsilon_greedy,19,41,-0.44897959183673475,1.3469387755102038,1.0,0.0,0.0,0.0,0,0.0,16,500000,1.0,462.5625
epsilon_greedy,19,42,-0.44897959183673475,1.4285714285714284,1.0,0.0,0.0,0.0,0,0.0,16,500000,1.0,462.5625
epsilon_greedy,19,43,-0.44897959183673475,1.510204081632653,1.0,0.0,0.0,0.0,0,0.0,16,500000,1.0,462.5625
epsilon_greedy,19,44,-0.44897959183673475,1.591836734693877,1.0,0.0,0.0,0.0,0,0.0,16,500000,1.0,462.5625
epsilon_greedy,19,45,-0.44897959183673475,1.6734693877551017,1.0,0.0,0.0,0.0,0,0.0,16,500000,1.0,462.5625
epsilon_greedy,19,46,-0.44897959183673475,1.7551020408163263,1.0,0.0,0.0,0.0,0,0.0,16,500000,1.0,462.5625
epsilon_greedy,19,47,-0.44897959183673475,1.8367346938775508,1.0,0.0,0.0,0.0,0,0.0,16,500000,1.0,462.5625
epsilon_greedy,19,48,-0.44897959183673475,1.9183673469387754,1.0,0.0,0.0,0.0,0,0.0,16,500000,1.0,462.5625
epsilon_greedy,19,49,-0.44897959183673475,2.0,1.0,0.0,0.0,0.0,0,0.0,16,500000,1.0,353.75
epsilon_greedy,20,0,-0.3673469387755104,-2.0,1.0,0.0,0.0,0.0,0,0.0,16,500000,1.0,346.5625
epsilon_greedy,20,1,-0.3673469387755104,-1.9183673469387754,1.0,0.0,0.0,0.0,0,0.0,16,500000,1.0,462.5625
epsilon_greedy,20,2,-0.3673469387755104,-1.836734693877551,1.0,0.0,0.0,0.0,0,0.0,16,500000,1.0,462.5625
epsilon_greedy,20,3,-0.3673469387755104,-1.7551020408163265,1.0,0.0,0.0,0.0,0,0.0,16,500000,1.0,462.5625
epsilon_greedy,20,4,-0.3673469387755104,-1.6734693877551021,1.0,0.0,0.0,0.0,0,0.0,16,500000,1.0,462.5625
epsilon_greedy,20,5,-0.3673469387755104,-1.5918367346938775,1.0,0.0,0.0,0.0,0,0.0,16,500000,1.0,462.5625
epsilon_greedy,20,6,-0.3673469387755104,-1.510204081632653,1.0,0.0,0.0,0.0,0,0.0,16,500000,1.0,462.5625
epsilon_greedy,20,7,-0.3673469387755104,-1.4285714285714286,1.0,0.0,0.0,0.0,0,0.0,16,500000,1.0,462.5625
epsilon_greedy,20,8,-0.3673469387755104,-1.3469387755102042,1.0,0.0,0.0,0.0,0,0.0,16,500000,1.0,462.5625
epsilon_greedy,20,9,-0.3673469387755104,-1.2653061224489797,1.0,0.0,0.0,0.0,0,0.0,16,500000,1.0,462.5625
epsilon_greedy,20,10,-0.3673469387755104,-1.183673469387755,1.0,0.0,0.0,0.0,0,0.0,16,500000,1.0,462.5625
epsilon_greedy,20,11,-0.3673469387755104,-1.1020408163265307,1.0,0.0,0.0,0.0,0,0.0,16,500000,1.0,462.5625
epsilon_greedy,20,12,-0.3673469387755104,-1.0204081632653061,1.0,0.0,0.0,0.0,0,0.0,16,500000,1.0,462.5625
epsilon_greedy,20,13,-0.3673469387755104,-0.9387755102040818,1.0,0.0,0.0,0.0,0,0.0,16,500000,1.0,462.5625
epsilon_greedy,20,14,-0.3673469387755104,-0.8571428571428572,1.0,0.0,0.0,0.0,0,0.0,16,500000,1.0,462.5625
epsilon_greedy,20,15,-0.3673469387755104,-0.7755102040816328,1.0,0.0,0.0,0.0,0,0.0,16,500000,1.0,462.5625
epsilon_greedy,20,16,-0.3673469387755104,-0.6938775510204083,1.0,0.0,0.0,0.0,0,0.0,16,500000,1.0,462.5625
epsilon_greedy,20,17,-0.3673469387755104,-0.6122448979591837,1.0,0.0,0.0,0.0,0,0.0,16,500000,1.0,462.5625
epsilon_greedy,20,18,-0.3673469387755104,-0.5306122448979593,1.0,0.0,0.0,0.0,0,0.0,16,500000,1.0,462.5625
epsilon_greedy,20,19,-0.3673469387755104,-0.44897959183673475,1.0,0.0,0.0,0.0,0,0.0,16,500000,1.0,462.5625
epsilon_greedy,20,20,-0.3673469387755104,-0.3673469387755104,1.0,0.0,0.0,0.0,0,0.0,16,500000,1.0,462.5625
epsilon_greedy,20,21,-0.3673469387755104,-0.2857142857142858,1.0,0.0,0.0,0.0,0,0.0,16,500000,1.0,462.5625
epsilon_greedy,20,22,-0.3673469387755104,-0.20408163265306145,1.0,0.0,0.0,0.0,0,0.0,16,500000,1.0,462.5625
epsilon_greedy,20,23,-0.3673469387755104,-0.12244897959183687,1.0,0.0,0.0,0.0,0,0.0,16,500000,1.0,462.5625
epsilon_greedy,20,24,-0.3673469387755104,-0.04081632653061229,1.0,0.0,0.0,0.0,0,0.0,16,500000,1.0,462.5625
epsilon_greedy,20,25,-0.3673469387755104,0.04081632653061229,1.0,0.0,0.0,0.0,0,0.0,16,500000,1.0,462.5625
epsilon_greedy,20,26,-0.3673469387755104,0.12244897959183643,1.0,0.0,0.0,0.0,0,0.0,16,500000,1.0,462.5625
epsilon_greedy,20,27,-0.3673469387755104,0.204081632653061,1.0,0.0,0.0,0.0,0,0.0,16,500000,1.0,462.5625
epsilon_greedy,20,28,-0.3673469387755104,0.2857142857142856,1.0,0.0,0.0,0.0,0,0.0,16,500000,1.0,462.5625
epsilon_greedy,20,29,-0.3673469387755104,0.36734693877551017,1.0,0.0,0.0,0.0,0,0.0,16,500000,1.0,462.5625
epsilon_greedy,20,30,-0.3673469387755104,0.4489795918367343,1.0,0.0,0.0,0.0,0,0.0,16,500000,1.0,462.5625
epsilon_greedy,20,31,-0.3673469387755104,0.5306122448979589,1.0,0.0,0.0,0.0,0,0.0,16,500000,1.0,462.5625
epsilon_greedy,20,32,-0.3673469387755104,0.6122448979591835,1.0,0.0,0.0,0.0,0,0.0,16,500000,1.0,462.5625
epsilon_greedy,20,33,-0.3673469387755104,0.693877551020408,1.0,0.0,0.0,0.0,0,0.0,16,500000,1.0,462.5625
epsilon_greedy,20,34,-0.3673469387755104,0.7755102040816326,1.0,0.0,0.0,0.0,0,0.0,16,500000,1.0,462.5625
epsilon_greedy,20,35,-0.3673469387755104,0.8571428571428568,1.0,0.0,0.0,0.0,0,0.0,16,500000,1.0,462.5625
epsilon_greedy,20,36,-0.3673469387755104,0.9387755102040813,1.0,0.0,0.0,0.0,0,0.0,16,500000,1.0,462.5625
epsilon_greedy,20,37,-0.3673469387755104,1.020408163265306,1.0,0.0,0.0,0.0,0,0.0,16,500000,1.0,462.5625
epsilon_greedy,20,38,-0.3673469387755104,1.1020408163265305,1.0,0.0,0.0,0.0,0,0.0,16,500000,1.0,462.5625
epsilon_greedy,20,39,-0.3673469387755104,1.1836734693877546,1.0,0.0,0.0,0.0,0,0.0,16,500000,1.0,462.5625
epsilon_greedy,20,40,-0.3673469387755104,1.2653061224489792,1.0,0.0,0.0,0.0,0,0.0,16,500000,1.0,462.5625
epsilon_greedy,20,41,-0.3673469387755104,1.3469387755102038,1.0,0.0,0.0,0.0,0,0.0,16,500000,1.0,462.5625
epsilon_greedy,20,42,-0.3673469387755104,1.4285714285714284,1.0,0.0,0.0,0.0,0,0.0,16,500000,1.0,462.5625
epsilon_greedy,20,43,-0.3673469387755104,1.510204081632653,1.0,0.0,0.0,0.0,0,0.0,16,500000,1.0,462.5625
epsilon_greedy,20,44,-0.3673469387755104,1.591836734693877,1.0,0.0,0.0,0.0,0,0.0,16,500000,1.0,462.5625
epsilon_greedy,20,45,-0.3673469387755104,1.6734693877551017,1.0,0.0,0.0,0.0,0,0.0,16,500000,1.0,462.5625
epsilon_greedy,20,46,-0.3673469387755104,1.7551020408163263,1.0,0.0,0.0,0.0,0,0.0,16,500000,1.0,462.5625
epsilon_greedy,20,47,-0.3673469387755104,1.8367346938775508,1.0,0.0,0.0,0.0,0,0.0,16,500000,1.0,462.5625
epsilon_greedy,20,48,-0.3673469387755104,1.9183673469387754,1.0,0.0,0.0,0.0,0,0.0,16,500000,1.0,462.5625
epsilon_greedy,20,49,-0.3673469387755104,2.0,1.0,0.0,0.0,0.0,0,0.0,16,500000,1.0,353.75
epsilon_greedy,21,0,-0.2857142857142858,-2.0,1.0,0.0,0.0,0.0,0,0.0,16,500000,1.0,346.5625
epsilon_greedy,21,1,-0.2857142857142858,-1.9183673469387754,1.0,0.0,0.0,0.0,0,0.0,16,500000,1.0,462.5625
epsilon_greedy,21,2,-0.2857142857142858,-1.836734693877551,1.0,0.0,0.0,0.0,0,0.0,16,500000,1.0,462.5625
epsilon_greedy,21,3,-0.2857142857142858,-1.7551020408163265,1.0,0.0,0.0,0.0,0,0.0,16,500000,1.0,462.5625
epsilon_greedy,21,4,-0.2857142857142858,-1.6734693877551021,1.0,0.0,0.0,0.0,0,0.0,16,500000,1.0,462.5625
epsilon_greedy,21,5,-0.2857142857142858,-1.5918367346938775,1.0,0.0,0.0,0.0,0,0.0,16,500000,1.0,462.5625
epsilon_greedy,21,6,-0.2857142857142858,-1.510204081632653,1.0,0.0,0.0,0.0,0,0.0,16,500000,1.0,462.5625
epsilon_greedy,21,7,-0.2857142857142858,-1.4285714285714286,1.0,0.0,0.0,0.0,0,0.0,16,500000,1.0,462.5625
epsilon_greedy,21,8,-0.2857142857142858,-1.3469387755102042,1.0,0.0,0.0,0.0,0,0.0,16,500000,1.0,462.5625
epsilon_greedy,21,9,-0.2857142857142858,-1.2653061224489797,1.0,0.0,0.0,0.0,0,0.0,16,500000,1.0,462.5625
epsilon_greedy,21,10,-0.2857142857142858,-1.183673469387755,1.0,0.0,0.0,0.0,0,0.0,16,500000,1.0,462.5625
epsilon_greedy,21,11,-0.2857142857142858,-1.1020408163265307,1.0,0.0,0.0,0.0,0,0.0,16,500000,1.0,462.5625
epsilon_greedy,21,12,-0.2857142857142858,-1.0204081632653061,1.0,0.0,0.0,0.0,0,0.0,16,500000,1.0,462.5625
epsilon_greedy,21,13,-0.2857142857142858,-0.9387755102040818,1.0,0.0,0.0,0.0,0,0.0,16,500000,1.0,462.5625
epsilon_greedy,21,14,-0.2857142857142858,-0.8571428571428572,1.0,0.0,0.0,0.0,0,0.0,16,500000,1.0,462.5625
epsilon_greedy,21,15,-0.2857142857142858,-0.7755102040816328,1.0,0.0,0.0,0.0,0,0.0,16,500000,1.0,462.5625
epsilon_greedy,21,16,-0.2857142857142858,-0.6938775510204083,1.0,0.0,0.0,0.0,0,0.0,16,500000,1.0,462.5625
epsilon_greedy,21,17,-0.2857142857142858,-0.6122448979591837,1.0,0.0,0.0,0.0,0,0.0,16,500000,1.0,462.5625
epsilon_greedy,21,18,-0.2857142857142858,-0.5306122448979593,1.0,0.0,0.0,0.0,0,0.0,16,500000,1.0,462.5625
epsilon_greedy,21,19,-0.2857142857142858,-0.44897959183673475,1.0,0.0,0.0,0.0,0,0.0,16,500000,1.0,462.5625
epsilon_greedy,21,20,-0.2857142857142858,-0.3673469387755104,1.0,0.0,0.0,0.0,0,0.0,16,500000,1.0,462.5625
epsilon_greedy,21,21,-0.2857142857142858,-0.2857142857142858,1.0,0.0,0.0,0.0,0,0.0,16,500000,1.0,462.5625
epsilon_greedy,21,22,-0.2857142857142858,-0.20408163265306145,1.0,0.0,0.0,0.0,0,0.0,16,500000,1.0,462.5625
epsilon_greedy,21,23,-0.2857142857142858,-0.12244897959183687,1.0,0.0,0.0,0.0,0,0.0,16,500000,1.0,462.5625
epsilon_greedy,21,24,-0.2857142857142858,-0.04081632653061229,1.0,0.0,0.0,0.0,0,0.0,16,500000,1.0,462.5625
epsilon_greedy,21,25,-0.2857142857142858,0.04081632653061229,1.0,0.0,0.0,0.0,0,0.0,16,500000,1.0,462.5625
epsilon_greedy,21,26,-0.2857142857142858,0.12244897959183643,1.0,0.0,0.0,0.0,0,0.0,16,500000,1.0,462.5625
epsilon_greedy,21,27,-0.2857142857142858,0.204081632653061,1.0,0.0,0.0,0.0,0,0.0,16,500000,1.0,462.5625
epsilon_greedy,21,28,-0.2857142857142858,0.2857142857142856,1.0,0.0,0.0,0.0,0,0.0,16,500000,1.0,462.5625
epsilon_greedy,21,29,-0.2857142857142858,0.36734693877551017,1.0,0.0,0.0,0.0,0,0.0,16,500000,1.0,462.5625
epsilon_greedy,21,30,-0.2857142857142858,0.4489795918367343,1.0,0.0,0.0,0.0,0,0.0,16,500000,1.0,462.5625
epsilon_greedy,21,31,-0.2857142857142858,0.5306122448979589,1.0,0.0,0.0,0.0,0,0.0,16,500000,1.0,462.5625
epsilon_greedy,21,32,-0.2857142857142858,0.6122448979591835,1.0,0.0,0.0,0.0,0,0.0,16,500000,1.0,462.5625
epsilon_greedy,21,33,-0.2857142857142858,0.693877551020408,1.0,0.0,0.0,0.0,0,0.0,16,500000,1.0,462.5625
epsilon_greedy,21,34,-0.2857142857142858,0.7755102040816326,1.0,0.0,0.0,0.0,0,0.0,16,500000,1.0,462.5625
epsilon_greedy,21,35,-0.2857142857142858,0.8571428571428568,1.0,0.0,0.0,0.0,0,0.0,16,500000,1.0,462.5625
epsilon_greedy,21,36,-0.2857142857142858,0.9387755102040813,1.0,0.0,0.0,0.0,0,0.0,16,500000,1.0,462.5625
epsilon_greedy,21,37,-0.2857142857142858,1.020408163265306,1.0,0.0,0.0,0.0,0,0.0,16,500000,1.0,462.5625
epsilon_greedy,21,38,-0.2857142857142858,1.1020408163265305,1.0,0.0,0.0,0.0,0,0.0,16,500000,1.0,462.5625
epsilon_greedy,21,39,-0.2857142857142858,1.1836734693877546,1.0,0.0,0.0,0.0,0,0.0,16,500000,1.0,462.5625
epsilon_greedy,21,40,-0.2857142857142858,1.2653061224489792,1.0,0.0,0.0,0.0,0,0.0,16,500000,1.0,462.5625
epsilon_greedy,21,41,-0.2857142857142858,1.3469387755102038,1.0,0.0,0.0,0.0,0,0.0,16,500000,1.0,462.5625
epsilon_greedy,21,42,-0.2857142857142858,1.4285714285714284,1.0,0.0,0.0,0.0,0,0.0,16,500000,1.0,462.5625
epsilon_greedy,21,43,-0.2857142857142858,1.510204081632653,1.0,0.0,0.0,0.0,0,0.0,16,500000,1.0,462.5625
epsilon_greedy,21,44,-0.2857142857142858,1.591836734693877,1.0,0.0,0.0,0.0,0,0.0,16,500000,1.0,462.5625
epsilon_greedy,21,45,-0.2857142857142858,1.6734693877551017,1.0,0.0,0.0,0.0,0,0.0,16,500000,1.0,462.5625
epsilon_greedy,21,46,-0.2857142857142858,1.7551020408163263,1.0,0.0,0.0,0.0,0,0.0,16,500000,1.0,462.5625
epsilon_greedy,21,47,-0.2857142857142858,1.8367346938775508,1.0,0.0,0.0,0.0,0,0.0,16,500000,1.0,462.5625
epsilon_greedy,21,48,-0.2857142857142858,1.9183673469387754,1.0,0.0,0.0,0.0,0,0.0,16,500000,1.0,462.5625
epsilon_greedy,21,49,-0.2857142857142858,2.0,1.0,0.0,0.0,0.0,0,0.0,16,500000,1.0,353.75
epsilon_greedy,22,0,-0.20408163265306145,-2.0,1.0,0.0,0.0,0.0,0,0.0,16,500000,1.0,346.5625
epsilon_greedy,22,1,-0.20408163265306145,-1.9183673469387754,1.0,0.0,0.0,0.0,0,0.0,16,500000,1.0,462.5625
epsilon_greedy,22,2,-0.20408163265306145,-1.836734693877551,1.0,0.0,0.0,0.0,0,0.0,16,500000,1.0,462.5625
epsilon_greedy,22,3,-0.20408163265306145,-1.7551020408163265,1.0,0.0,0.0,0.0,0,0.0,16,500000,1.0,462.5625
epsilon_greedy,22,4,-0.20408163265306145,-1.6734693877551021,1.0,0.0,0.0,0.0,0,0.0,16,500000,1.0,462.5625
epsilon_greedy,22,5,-0.20408163265306145,-1.5918367346938775,1.0,0.0,0.0,0.0,0,0.0,16,500000,1.0,462.5625
epsilon_greedy,22,6,-0.20408163265306145,-1.510204081632653,1.0,0.0,0.0,0.0,0,0.0,16,500000,1.0,462.5625
epsilon_greedy,22,7,-0.20408163265306145,-1.4285714285714286,1.0,0.0,0.0,0.0,0,0.0,16,500000,1.0,462.5625
epsilon_greedy,22,8,-0.20408163265306145,-1.3469387755102042,1.0,0.0,0.0,0.0,0,0.0,16,500000,1.0,462.5625
epsilon_greedy,22,9,-0.20408163265306145,-1.2653061224489797,1.0,0.0,0.0,0.0,0,0.0,16,500000,1.0,462.5625
epsilon_greedy,22,10,-0.20408163265306145,-1.183673469387755,1.0,0.0,0.0,0.0,0,0.0,16,500000,1.0,462.5625
epsilon_greedy,22,11,-0.20408163265306145,-1.1020408163265307,1.0,0.0,0.0,0.0,0,0.0,16,500000,1.0,462.5625
epsilon_greedy,22,12,-0.20408163265306145,-1.0204081632653061,1.0,0.0,0.0,0.0,0,0.0,16,500000,1.0,462.5625
epsilon_greedy,22,13,-0.20408163265306145,-0.9387755102040818,1.0,0.0,0.0,0.0,0,0.0,16,500000,1.0,462.5625
epsilon_greedy,22,14,-0.20408163265306145,-0.8571428571428572,1.0,0.0,0.0,0.0,0,0.0,16,500000,1.0,462.5625
epsilon_greedy,22,15,-0.20408163265306145,-0.7755102040816328,1.0,0.0,0.0,0.0,0,0.0,16,500000,1.0,462.5625
epsilon_greedy,22,16,-0.20408163265306145,-0.6938775510204083,1.0,0.0,0.0,0.0,0,0.0,16,500000,1.0,462.5625
epsilon_greedy,22,17,-0.20408163265306145,-0.6122448979591837,1.0,0.0,0.0,0.0,0,0.0,16,500000,1.0,462.5625
epsilon_greedy,22,18,-0.20408163265306145,-0.5306122448979593,1.0,0.0,0.0,0.0,0,0.0,16,500000,1.0,462.5625
epsilon_greedy,22,19,-0.20408163265306145,-0.44897959183673475,1.0,0.0,0.0,0.0,0,0.0,16,500000,1.0,462.5625
epsilon_greedy,22,20,-0.20408163265306145,-0.3673469387755104,1.0,0.0,0.0,0.0,0,0.0,16,500000,1.0,462.5625
epsilon_greedy,22,21,-0.20408163265306145,-0.2857142857142858,1.0,0.0,0.0,0.0,0,0.0,16,500000,1.0,462.5625
epsilon_greedy,22,22,-0.20408163265306145,-0.20408163265306145,1.0,0.0,0.0,0.0,0,0.0,16,500000,1.0,462.5625
epsilon_greedy,22,23,-0.20408163265306145,-0.12244897959183687,1.0,0.0,0.0,0.0,0,0.0,16,500000,1.0,462.5625
epsilon_greedy,22,24,-0.20408163265306145,-0.04081632653061229,1.0,0.0,0.0,0.0,0,0.0,16,500000,1.0,462.5625
epsilon_greedy,22,25,-0.20408163265306145,0.04081632653061229,1.0,0.0,0.0,0.0,0,0.0,16,500000,1.0,462.5625
epsilon_greedy,22,26,-0.20408163265306145,0.12244897959183643,1.0,0.0,0.0,0.0,0,0.0,16,500000,1.0,462.5625
epsilon_greedy,22,27,-0.20408163265306145,0.204081632653061,1.0,0.0,0.0,0.0,0,0.0,16,500000,1.0,462.5625
epsilon_greedy,22,28,-0.20408163265306145,0.2857142857142856,1.0,0.0,0.0,0.0,0,0.0,16,500000,1.0,462.5625
epsilon_greedy,22,29,-0.20408163265306145,0.36734693877551017,1.0,0.0,0.0,0.0,0,0.0,16,500000,1.0,462.5625
epsilon_greedy,22,30,-0.20408163265306145,0.4489795918367343,1.0,0.0,0.0,0.0,0,0.0,16,500000,1.0,462.5625
epsilon_greedy,22,31,-0.20408163265306145,0.5306122448979589,1.0,0.0,0.0,0.0,0,0.0,16,500000,1.0,462.5625
epsilon_greedy,22,32,-0.20408163265306145,0.6122448979591835,1.0,0.0,0.0,0.0,0,0.0,16,500000,1.0,462.5625
epsilon_greedy,22,33,-0.20408163265306145,0.693877551020408,1.0,0.0,0.0,0.0,0,0.0,16,500000,1.0,462.5625
epsilon_greedy,22,34,-0.20408163265306145,0.7755102040816326,1.0,0.0,0.0,0.0,0,0.0,16,500000,1.0,462.5625
epsilon_greedy,22,35,-0.20408163265306145,0.8571428571428568,1.0,0.0,0.0,0.0,0,0.0,16,500000,1.0,462.5625
epsilon_greedy,22,36,-0.20408163265306145,0.9387755102040813,1.0,0.0,0.0,0.0,0,0.0,16,500000,1.0,462.5625
epsilon_greedy,22,37,-0.20408163265306145,1.020408163265306,1.0,0.0,0.0,0.0,0,0.0,16,500000,1.0,462.5625
epsilon_greedy,22,38,-0.20408163265306145,1.1020408163265305,1.0,0.0,0.0,0.0,0,0.0,16,500000,1.0,462.5625
epsilon_greedy,22,39,-0.20408163265306145,1.1836734693877546,1.0,0.0,0.0,0.0,0,0.0,16,500000,1.0,462.5625
epsilon_greedy,22,40,-0.20408163265306145,1.2653061224489792,1.0,0.0,0.0,0.0,0,0.0,16,500000,1.0,462.5625
epsilon_greedy,22,41,-0.20408163265306145,1.3469387755102038,1.0,0.0,0.0,0.0,0,0.0,16,500000,1.0,462.5625
epsilon_greedy,22,42,-0.20408163265306145,1.4285714285714284,1.0,0.0,0.0,0.0,0,0.0,16,500000,1.0,462.5625
epsilon_greedy,22,43,-0.20408163265306145,1.510204081632653,1.0,0.0,0.0,0.0,0,0.0,16,500000,1.0,462.5625
epsilon_greedy,22,44,-0.20408163265306145,1.591836734693877,1.0,0.0,0.0,0.0,0,0.0,16,500000,1.0,462.5625
epsilon_greedy,22,45,-0.20408163265306145,1.6734693877551017,1.0,0.0,0.0,0.0,0,0.0,16,500000,1.0,462.5625
epsilon_greedy,22,46,-0.20408163265306145,1.7551020408163263,1.0,0.0,0.0,0.0,0,0.0,16,500000,1.0,462.5625
epsilon_greedy,22,47,-0.20408163265306145,1.8367346938775508,1.0,0.0,0.0,0.0,0,0.0,16,500000,1.0,462.5625
epsilon_greedy,22,48,-0.20408163265306145,1.9183673469387754,1.0,0.0,0.0,0.0,0,0.0,16,500000,1.0,462.5625
epsilon_greedy,22,49,-0.20408163265306145,2.0,1.0,0.0,0.0,0.0,0,0.0,16,500000,1.0,353.75
epsilon_greedy,23,0,-0.12244897959183687,-2.0,1.0,0.0,0.0,0.0,0,0.0,16,500000,1.0,346.5625
epsilon_greedy,23,1,-0.12244897959183687,-1.9183673469387754,1.0,0.0,0.0,0.0,0,0.0,16,500000,1.0,462.5625
epsilon_greedy,23,2,-0.12244897959183687,-1.836734693877551,1.0,0.0,0.0,0.0,0,0.0,16,500000,1.0,462.5625
epsilon_greedy,23,3,-0.12244897959183687,-1.7551020408163265,1.0,0.0,0.0,0.0,0,0.0,16,500000,1.0,462.5625
epsilon_greedy,23,4,-0.12244897959183687,-1.6734693877551021,1.0,0.0,0.0,0.0,0,0.0,16,500000,1.0,462.5625
epsilon_greedy,23,5,-0.12244897959183687,-1.5918367346938775,1.0,0.0,0.0,0.0,0,0.0,16,500000,1.0,462.5625
epsilon_greedy,23,6,-0.12244897959183687,-1.510204081632653,1.0,0.0,0.0,0.0,0,0.0,16,500000,1.0,462.5625
epsilon_greedy,23,7,-0.12244897959183687,-1.4285714285714286,1.0,0.0,0.0,0.0,0,0.0,16,500000,1.0,462.5625
epsilon_greedy,23,8,-0.12244897959183687,-1.3469387755102042,1.0,0.0,0.0,0.0,0,0.0,16,500000,1.0,462.5625
epsilon_greedy,23,9,-0.12244897959183687,-1.2653061224489797,1.0,0.0,0.0,0.0,0,0.0,16,500000,1.0,462.5625
epsilon_greedy,23,10,-0.12244897959183687,-1.183673469387755,1.0,0.0,0.0,0.0,0,0.0,16,500000,1.0,462.5625
epsilon_greedy,23,11,-0.12244897959183687,-1.1020408163265307,1.0,0.0,0.0,0.0,0,0.0,16,500000,1.0,462.5625
epsilon_greedy,23,12,-0.12244897959183687,-1.0204081632653061,1.0,0.0,0.0,0.0,0,0.0,16,500000,1.0,462.5625
epsilon_greedy,23,13,-0.12244897959183687,-0.9387755102040818,1.0,0.0,0.0,0.0,0,0.0,16,500000,1.0,462.5625
epsilon_greedy,23,14,-0.12244897959183687,-0.8571428571428572,1.0,0.0,0.0,0.0,0,0.0,16,500000,1.0,462.5625
epsilon_greedy,23,15,-0.12244897959183687,-0.7755102040816328,1.0,0.0,0.0,0.0,0,0.0,16,500000,1.0,462.5625
epsilon_greedy,23,16,-0.12244897959183687,-0.6938775510204083,1.0,0.0,0.0,0.0,0,0.0,16,500000,1.0,462.5625
epsilon_greedy,23,17,-0.12244897959183687,-0.6122448979591837,1.0,0.0,0.0,0.0,0,0.0,16,500000,1.0,462.5625
epsilon_greedy,23,18,-0.12244897959183687,-0.5306122448979593,1.0,0.0,0.0,0.0,0,0.0,16,500000,1.0,462.5625
epsilon_greedy,23,19,-0.12244897959183687,-0.44897959183673475,1.0,0.0,0.0,0.0,0,0.0,16,500000,1.0,462.5625
epsilon_greedy,23,20,-0.12244897959183687,-0.3673469387755104,1.0,0.0,0.0,0.0,0,0.0,16,500000,1.0,462.5625
epsilon_greedy,23,21,-0.12244897959183687,-0.2857142857142858,1.0,0.0,0.0,0.0,0,0.0,16,500000,1.0,462.5625
epsilon_greedy,23,22,-0.12244897959183687,-0.20408163265306145,1.0,0.0,0.0,0.0,0,0.0,16,500000,1.0,462.5625
epsilon_greedy,23,23,-0.12244897959183687,-0.12244897959183687,1.0,0.0,0.0,0.0,0,0.0,16,500000,1.0,462.5625
epsilon_greedy,23,24,-0.12244897959183687,-0.04081632653061229,1.0,0.0,0.0,0.0,0,0.0,16,500000,1.0,462.5625
epsilon_greedy,23,25,-0.12244897959183687,0.04081632653061229,1.0,0.0,0.0,0.0,0,0.0,16,500000,1.0,462.5625
epsilon_greedy,23,26,-0.12244897959183687,0.12244897959183643,1.0,0.0,0.0,0.0,0,0.0,16,500000,1.0,462.5625
epsilon_greedy,23,27,-0.12244897959183687,0.204081632653061,1.0,0.0,0.0,0.0,0,0.0,16,500000,1.0,462.5625
epsilon_greedy,23,28,-0.12244897959183687,0.2857142857142856,1.0,0.0,0.0,0.0,0,0.0,16,500000,1.0,462.5625
epsilon_greedy,23,29,-0.12244897959183687,0.36734693877551017,1.0,0.0,0.0,0.0,0,0.0,16,500000,1.0,462.5625
epsilon_greedy,23,30,-0.12244897959183687,0.4489795918367343,1.0,0.0,0.0,0.0,0,0.0,16,500000,1.0,462.5625
epsilon_greedy,23,31,-0.12244897959183687,0.5306122448979589,1.0,0.0,0.0,0.0,0,0.0,16,500000,1.0,462.5625
epsilon_greedy,23,32,-0.12244897959183687,0.6122448979591835,1.0,0.0,0.0,0.0,0,0.0,16,500000,1.0,462.5625
epsilon_greedy,23,33,-0.12244897959183687,0.693877551020408,1.0,0.0,0.0,0.0,0,0.0,16,500000,1.0,462.5625
epsilon_greedy,23,34,-0.12244897959183687,0.7755102040816326,1.0,0.0,0.0,0.0,0,0.0,16,500000,1.0,462.5625
epsilon_greedy,23,35,-0.12244897959183687,0.8571428571428568,1.0,0.0,0.0,0.0,0,0.0,16,500000,1.0,462.5625
epsilon_greedy,23,36,-0.12244897959183687,0.9387755102040813,1.0,0.0,0.0,0.0,0,0.0,16,500000,1.0,462.5625
epsilon_greedy,23,37,-0.12244897959183687,1.020408163265306,1.0,0.0,0.0,0.0,0,0.0,16,500000,1.0,462.5625
epsilon_greedy,23,38,-0.12244897959183687,1.1020408163265305,1.0,0.0,0.0,0.0,0,0.0,16,500000,1.0,462.5625
epsilon_greedy,23,39,-0.12244897959183687,1.1836734693877546,1.0,0.0,0.0,0.0,0,0.0,16,500000,1.0,462.5625
epsilon_greedy,23,40,-0.12244897959183687,1.2653061224489792,1.0,0.0,0.0,0.0,0,0.0,16,500000,1.0,462.5625
epsilon_greedy,23,41,-0.12244897959183687,1.3469387755102038,1.0,0.0,0.0,0.0,0,0.0,16,500000,1.0,462.5625
epsilon_greedy,23,42,-0.12244897959183687,1.4285714285714284,1.0,0.0,0.0,0.0,0,0.0,16,500000,1.0,462.5625
epsilon_greedy,23,43,-0.12244897959183687,1.510204081632653,1.0,0.0,0.0,0.0,0,0.0,16,500000,1.0,462.5625
epsilon_greedy,23,44,-0.12244897959183687,1.591836734693877,1.0,0.0,0.0,0.0,0,0.0,16,500000,1.0,462.5625
epsilon_greedy,23,45,-0.12244897959183687,1.6734693877551017,1.0,0.0,0.0,0.0,0,0.0,16,500000,1.0,462.5625
epsilon_greedy,23,46,-0.12244897959183687,1.7551020408163263,1.0,0.0,0.0,0.0,0,0.0,16,500000,1.0,462.5625
epsilon_greedy,23,47,-0.12244897959183687,1.8367346938775508,1.0,0.0,0.0,0.0,0,0.0,16,500000,1.0,462.5625
epsilon_greedy,23,48,-0.12244897959183687,1.9183673469387754,1.0,0.0,0.0,0.0,0,0.0,16,500000,1.0,462.5625
epsilon_greedy,23,49,-0.12244897959183687,2.0,1.0,0.0,0.0,0.0,0,0.0,16,500000,1.0,353.75
epsilon_greedy,24,0,-0.04081632653061229,-2.0,1.0,0.0,0.0,0.0,0,0.0,16,500000,1.0,346.5625
epsilon_greedy,24,1,-0.04081632653061229,-1.9183673469387754,1.0,0.0,0.0,0.0,0,0.0,16,500000,1.0,462.5625
epsilon_greedy,24,2,-0.04081632653061229,-1.836734693877551,1.0,0.0,0.0,0.0,0,0.0,16,500000,1.0,462.5625
epsilon_greedy,24,3,-0.04081632653061229,-1.7551020408163265,1.0,0.0,0.0,0.0,0,0.0,16,500000,1.0,462.5625
epsilon_greedy,24,4,-0.04081632653061229,-1.6734693877551021,1.0,0.0,0.0,0.0,0,0.0,16,500000,1.0,462.5625
epsilon_greedy,24,5,-0.04081632653061229,-1.5918367346938775,1.0,0.0,0.0,0.0,0,0.0,16,500000,1.0,462.5625
epsilon_greedy,24,6,-0.04081632653061229,-1.510204081632653,1.0,0.0,0.0,0.0,0,0.0,16,500000,1.0,462.5625
epsilon_greedy,24,7,-0.04081632653061229,-1.4285714285714286,1.0,0.0,0.0,0.0,0,0.0,16,500000,1.0,462.5625
epsilon_greedy,24,8,-0.04081632653061229,-1.3469387755102042,1.0,0.0,0.0,0.0,0,0.0,16,500000,1.0,462.5625
epsilon_greedy,24,9,-0.04081632653061229,-1.2653061224489797,1.0,0.0,0.0,0.0,0,0.0,16,500000,1.0,462.5625
epsilon_greedy,24,10,-0.04081632653061229,-1.183673469387755,1.0,0.0,0.0,0.0,0,0.0,16,500000,1.0,462.5625
epsilon_greedy,24,11,-0.04081632653061229,-1.1020408163265307,1.0,0.0,0.0,0.0,0,0.0,16,500000,1.0,462.5625
epsilon_greedy,24,12,-0.04081632653061229,-1.0204081632653061,1.0,0.0,0.0,0.0,0,0.0,16,500000,1.0,462.5625
epsilon_greedy,24,13,-0.04081632653061229,-0.9387755102040818,1.0,0.0,0.0,0.0,0,0.0,16,500000,1.0,462.5625
epsilon_greedy,24,14,-0.04081632653061229,-0.8571428571428572,1.0,0.0,0.0,0.0,0,0.0,16,500000,1.0,462.5625
epsilon_greedy,24,15,-0.04081632653061229,-0.7755102040816328,1.0,0.0,0.0,0.0,0,0.0,16,500000,1.0,462.5625
epsilon_greedy,24,16,-0.04081632653061229,-0.6938775510204083,1.0,0.0,0.0,0.0,0,0.0,16,500000,1.0,462.5625
epsilon_greedy,24,17,-0.04081632653061229,-0.6122448979591837,1.0,0.0,0.0,0.0,0,0.0,16,500000,1.0,462.5625
epsilon_greedy,24,18,-0.04081632653061229,-0.5306122448979593,1.0,0.0,0.0,0.0,0,0.0,16,500000,1.0,462.5625
epsilon_greedy,24,19,-0.04081632653061229,-0.44897959183673475,1.0,0.0,0.0,0.0,0,0.0,16,500000,1.0,462.5625
epsilon_greedy,24,20,-0.04081632653061229,-0.3673469387755104,1.0,0.0,0.0,0.0,0,0.0,16,500000,1.0,462.5625
epsilon_greedy,24,21,-0.04081632653061229,-0.2857142857142858,1.0,0.0,0.0,0.0,0,0.0,16,500000,1.0,462.5625
epsilon_greedy,24,22,-0.04081632653061229,-0.20408163265306145,1.0,0.0,0.0,0.0,0,0.0,16,500000,1.0,462.5625
epsilon_greedy,24,23,-0.04081632653061229,-0.12244897959183687,1.0,0.0,0.0,0.0,0,0.0,16,500000,1.0,462.5625
epsilon_greedy,24,24,-0.04081632653061229,-0.04081632653061229,1.0,0.0,0.0,0.0,0,0.0,16,500000,1.0,462.5625
epsilon_greedy,24,25,-0.04081632653061229,0.04081632653061229,1.0,0.0,0.0,0.0,0,0.0,16,500000,1.0,462.5625
epsilon_greedy,24,26,-0.04081632653061229,0.12244897959183643,1.0,0.0,0.0,0.0,0,0.0,16,500000,1.0,462.5625
epsilon_greedy,24,27,-0.04081632653061229,0.204081632653061,1.0,0.0,0.0,0.0,0,0.0,16,500000,1.0,462.5625
epsilon_greedy,24,28,-0.04081632653061229,0.2857142857142856,1.0,0.0,0.0,0.0,0,0.0,16,500000,1.0,462.5625
epsilon_greedy,24,29,-0.04081632653061229,0.36734693877551017,1.0,0.0,0.0,0.0,0,0.0,16,500000,1.0,462.5625
epsilon_greedy,24,30,-0.04081632653061229,0.4489795918367343,1.0,0.0,0.0,0.0,0,0.0,16,500000,1.0,462.5625
epsilon_greedy,24,31,-0.04081632653061229,0.5306122448979589,1.0,0.0,0.0,0.0,0,0.0,16,500000,1.0,462.5625
epsilon_greedy,24,32,-0.04081632653061229,0.6122448979591835,1.0,0.0,0.0,0.0,0,0.0,16,500000,1.0,462.5625
epsilon_greedy,24,33,-0.04081632653061229,0.693877551020408,1.0,0.0,0.0,0.0,0,0.0,16,500000,1.0,462.5625
epsilon_greedy,24,34,-0.04081632653061229,0.7755102040816326,1.0,0.0,0.0,0.0,0,0.0,16,500000,1.0,462.5625
epsilon_greedy,24,35,-0.04081632653061229,0.8571428571428568,1.0,0.0,0.0,0.0,0,0.0,16,500000,1.0,462.5625
epsilon_greedy,24,36,-0.04081632653061229,0.9387755102040813,1.0,0.0,0.0,0.0,0,0.0,16,500000,1.0,462.5625
epsilon_greedy,24,37,-0.04081632653061229,1.020408163265306,1.0,0.0,0.0,0.0,0,0.0,16,500000,1.0,462.5625
epsilon_greedy,24,38,-0.04081632653061229,1.1020408163265305,1.0,0.0,0.0,0.0,0,0.0,16,500000,1.0,462.5625
epsilon_greedy,24,39,-0.04081632653061229,1.1836734693877546,1.0,0.0,0.0,0.0,0,0.0,16,500000,1.0,462.5625
epsilon_greedy,24,40,-0.04081632653061229,1.2653061224489792,1.0,0.0,0.0,0.0,0,0.0,16,500000,1.0,462.5625
epsilon_greedy,24,41,-0.04081632653061229,1.3469387755102038,1.0,0.0,0.0,0.0,0,0.0,16,500000,1.0,462.5625
epsilon_greedy,24,42,-0.04081632653061229,1.4285714285714284,1.0,0.0,0.0,0.0,0,0.0,16,500000,1.0,462.5625
epsilon_greedy,24,43,-0.04081632653061229,1.510204081632653,1.0,0.0,0.0,0.0,0,0.0,16,500000,1.0,462.5625
epsilon_greedy,24,44,-0.04081632653061229,1.591836734693877,1.0,0.0,0.0,0.0,0,0.0,16,500000,1.0,462.5625
epsilon_greedy,24,45,-0.04081632653061229,1.6734693877551017,1.0,0.0,0.0,0.0,0,0.0,16,500000,1.0,462.5625
epsilon_greedy,24,46,-0.04081632653061229,1.7551020408163263,1.0,0.0,0.0,0.0,0,0.0,16,500000,1.0,462.5625
epsilon_greedy,24,47,-0.04081632653061229,1.8367346938775508,1.0,0.0,0.0,0.0,0,0.0,16,500000,1.0,462.5625
epsilon_greedy,24,48,-0.04081632653061229,1.9183673469387754,1.0,0.0,0.0,0.0,0,0.0,16,500000,1.0,462.5625
epsilon_greedy,24,49,-0.04081632653061229,2.0,1.0,0.0,0.0,0.0,0,0.0,16,500000,1.0,353.75
epsilon_greedy,25,0,0.04081632653061229,-2.0,1.0,0.0,0.0,0.0,0,0.0,16,500000,1.0,346.5625
epsilon_greedy,25,1,0.04081632653061229,-1.9183673469387754,1.0,0.0,0.0,0.0,0,0.0,16,500000,1.0,462.5625
epsilon_greedy,25,2,0.04081632653061229,-1.836734693877551,1.0,0.0,0.0,0.0,0,0.0,16,500000,1.0,462.5625
epsilon_greedy,25,3,0.04081632653061229,-1.7551020408163265,1.0,0.0,0.0,0.0,0,0.0,16,500000,1.0,462.5625
epsilon_greedy,25,4,0.04081632653061229,-1.6734693877551021,1.0,0.0,0.0,0.0,0,0.0,16,500000,1.0,462.5625
epsilon_greedy,25,5,0.04081632653061229,-1.5918367346938775,1.0,0.0,0.0,0.0,0,0.0,16,500000,1.0,462.5625
epsilon_greedy,25,6,0.04081632653061229,-1.510204081632653,1.0,0.0,0.0,0.0,0,0.0,16,500000,1.0,462.5625
epsilon_greedy,25,7,0.04081632653061229,-1.4285714285714286,1.0,0.0,0.0,0.0,0,0.0,16,500000,1.0,462.5625
epsilon_greedy,25,8,0.04081632653061229,-1.3469387755102042,1.0,0.0,0.0,0.0,0,0.0,16,500000,1.0,462.5625
epsilon_greedy,25,9,0.04081632653061229,-1.2653061224489797,1.0,0.0,0.0,0.0,0,0.0,16,500000,1.0,462.5625
epsilon_greedy,25,10,0.04081632653061229,-1.183673469387755,1.0,0.0,0.0,0.0,0,0.0,16,500000,1.0,462.5625
epsilon_greedy,25,11,0.04081632653061229,-1.1020408163265307,1.0,0.0,0.0,0.0,0,0.0,16,500000,1.0,462.5625
epsilon_greedy,25,12,0.04081632653061229,-1.0204081632653061,1.0,0.0,0.0,0.0,0,0.0,16,500000,1.0,462.5625
epsilon_greedy,25,13,0.04081632653061229,-0.9387755102040818,1.0,0.0,0.0,0.0,0,0.0,16,500000,1.0,462.5625
epsilon_greedy,25,14,0.04081632653061229,-0.8571428571428572,1.0,0.0,0.0,0.0,0,0.0,16,500000,1.0,462.5625
epsilon_greedy,25,15,0.04081632653061229,-0.7755102040816328,1.0,0.0,0.0,0.0,0,0.0,16,500000,1.0,462.5625
epsilon_greedy,25,16,0.04081632653061229,-0.6938775510204083,1.0,0.0,0.0,0.0,0,0.0,16,500000,1.0,462.5625
epsilon_greedy,25,17,0.04081632653061229,-0.6122448979591837,1.0,0.0,0.0,0.0,0,0.0,16,500000,1.0,462.5625
epsilon_greedy,25,18,0.04081632653061229,-0.5306122448979593,1.0,0.0,0.0,0.0,0,0.0,16,500000,1.0,462.5625
epsilon_greedy,25,19,0.04081632653061229,-0.44897959183673475,1.0,0.0,0.0,0.0,0,0.0,16,500000,1.0,462.5625
epsilon_greedy,25,20,0.04081632653061229,-0.3673469387755104,1.0,0.0,0.0,0.0,0,0.0,16,500000,1.0,462.5625
epsilon_greedy,25,21,0.04081632653061229,-0.2857142857142858,1.0,0.0,0.0,0.0,0,0.0,16,500000,1.0,462.5625
epsilon_greedy,25,22,0.04081632653061229,-0.20408163265306145,1.0,0.0,0.0,0.0,0,0.0,16,500000,1.0,462.5625
epsilon_greedy,25,23,0.04081632653061229,-0.12244897959183687,1.0,0.0,0.0,0.0,0,0.0,16,500000,1.0,462.5625
epsilon_greedy,25,24,0.04081632653061229,-0.04081632653061229,1.0,0.0,0.0,0.0,0,0.0,16,500000,1.0,462.5625
epsilon_greedy,25,25,0.04081632653061229,0.04081632653061229,1.0,0.0,0.0,0.0,0,0.0,16,500000,1.0,462.5625
epsilon_greedy,25,26,0.04081632653061229,0.12244897959183643,1.0,0.0,0.0,0.0,0,0.0,16,500000,1.0,462.5625
epsilon_greedy,25,27,0.04081632653061229,0.204081632653061,1.0,0.0,0.0,0.0,0,0.0,16,500000,1.0,462.5625
epsilon_greedy,25,28,0.04081632653061229,0.2857142857142856,1.0,0.0,0.0,0.0,0,0.0,16,500000,1.0,462.5625
epsilon_greedy,25,29,0.04081632653061229,0.36734693877551017,1.0,0.0,0.0,0.0,0,0.0,16,500000,1.0,462.5625
epsilon_greedy,25,30,0.04081632653061229,0.4489795918367343,1.0,0.0,0.0,0.0,0,0.0,16,500000,1.0,462.5625
epsilon_greedy,25,31,0.04081632653061229,0.5306122448979589,1.0,0.0,0.0,0.0,0,0.0,16,500000,1.0,462.5625
epsilon_greedy,25,32,0.04081632653061229,0.6122448979591835,1.0,0.0,0.0,0.0,0,0.0,16,500000,1.0,462.5625
epsilon_greedy,25,33,0.04081632653061229,0.693877551020408,1.0,0.0,0.0,0.0,0,0.0,16,500000,1.0,462.5625
epsilon_greedy,25,34,0.04081632653061229,0.7755102040816326,1.0,0.0,0.0,0.0,0,0.0,16,500000,1.0,462.5625
epsilon_greedy,25,35,0.04081632653061229,0.8571428571428568,1.0,0.0,0.0,0.0,0,0.0,16,500000,1.0,462.5625
epsilon_greedy,25,36,0.04081632653061229,0.9387755102040813,1.0,0.0,0.0,0.0,0,0.0,16,500000,1.0,462.5625
epsilon_greedy,25,37,0.04081632653061229,1.020408163265306,1.0,0.0,0.0,0.0,0,0.0,16,500000,1.0,462.5625
epsilon_greedy,25,38,0.04081632653061229,1.1020408163265305,1.0,0.0,0.0,0.0,0,0.0,16,500000,1.0,462.5625
epsilon_greedy,25,39,0.04081632653061229,1.1836734693877546,1.0,0.0,0.0,0.0,0,0.0,16,500000,1.0,462.5625
epsilon_greedy,25,40,0.04081632653061229,1.2653061224489792,1.0,0.0,0.0,0.0,0,0.0,16,500000,1.0,462.5625
epsilon_greedy,25,41,0.04081632653061229,1.3469387755102038,1.0,0.0,0.0,0.0,0,0.0,16,500000,1.0,462.5625
epsilon_greedy,25,42,0.04081632653061229,1.4285714285714284,1.0,0.0,0.0,0.0,0,0.0,16,500000,1.0,462.5625
epsilon_greedy,25,43,0.04081632653061229,1.510204081632653,1.0,0.0,0.0,0.0,0,0.0,16,500000,1.0,462.5625
epsilon_greedy,25,44,0.04081632653061229,1.591836734693877,1.0,0.0,0.0,0.0,0,0.0,16,500000,1.0,462.5625
epsilon_greedy,25,45,0.04081632653061229,1.6734693877551017,1.0,0.0,0.0,0.0,0,0.0,16,500000,1.0,462.5625
epsilon_greedy,25,46,0.04081632653061229,1.7551020408163263,1.0,0.0,0.0,0.0,0,0.0,16,500000,1.0,462.5625
epsilon_greedy,25,47,0.04081632653061229,1.8367346938775508,1.0,0.0,0.0,0.0,0,0.0,16,500000,1.0,462.5625
epsilon_greedy,25,48,0.04081632653061229,1.9183673469387754,1.0,0.0,0.0,0.0,0,0.0,16,500000,1.0,462.5625
epsilon_greedy,25,49,0.04081632653061229,2.0,1.0,0.0,0.0,0.0,0,0.0,16,500000,1.0,353.75
epsilon_greedy,26,0,0.12244897959183643,-2.0,1.0,0.0,0.0,0.0,0,0.0,16,500000,1.0,346.5625
epsilon_greedy,26,1,0.12244897959183643,-1.9183673469387754,1.0,0.0,0.0,0.0,0,0.0,16,500000,1.0,462.5625
epsilon_greedy,26,2,0.12244897959183643,-1.836734693877551,1.0,0.0,0.0,0.0,0,0.0,16,500000,1.0,462.5625
epsilon_greedy,26,3,0.12244897959183643,-1.7551020408163265,1.0,0.0,0.0,0.0,0,0.0,16,500000,1.0,462.5625
epsilon_greedy,26,4,0.12244897959183643,-1.6734693877551021,1.0,0.0,0.0,0.0,0,0.0,16,500000,1.0,462.5625
epsilon_greedy,26,5,0.12244897959183643,-1.5918367346938775,1.0,0.0,0.0,0.0,0,0.0,16,500000,1.0,462.5625
epsilon_greedy,26,6,0.12244897959183643,-1.510204081632653,1.0,0.0,0.0,0.0,0,0.0,16,500000,1.0,462.5625
epsilon_greedy,26,7,0.12244897959183643,-1.4285714285714286,1.0,0.0,0.0,0.0,0,0.0,16,500000,1.0,462.5625
epsilon_greedy,26,8,0.12244897959183643,-1.3469387755102042,1.0,0.0,0.0,0.0,0,0.0,16,500000,1.0,462.5625
epsilon_greedy,26,9,0.12244897959183643,-1.2653061224489797,1.0,0.0,0.0,0.0,0,0.0,16,500000,1.0,462.5625
epsilon_greedy,26,10,0.12244897959183643,-1.183673469387755,1.0,0.0,0.0,0.0,0,0.0,16,500000,1.0,462.5625
epsilon_greedy,26,11,0.12244897959183643,-1.1020408163265307,1.0,0.0,0.0,0.0,0,0.0,16,500000,1.0,462.5625
epsilon_greedy,26,12,0.12244897959183643,-1.0204081632653061,1.0,0.0,0.0,0.0,0,0.0,16,500000,1.0,462.5625
epsilon_greedy,26,13,0.12244897959183643,-0.9387755102040818,1.0,0.0,0.0,0.0,0,0.0,16,500000,1.0,462.5625
epsilon_greedy,26,14,0.12244897959183643,-0.8571428571428572,1.0,0.0,0.0,0.0,0,0.0,16,500000,1.0,462.5625
epsilon_greedy,26,15,0.12244897959183643,-0.7755102040816328,1.0,0.0,0.0,0.0,0,0.0,16,500000,1.0,462.5625
epsilon_greedy,26,16,0.12244897959183643,-0.6938775510204083,1.0,0.0,0.0,0.0,0,0.0,16,500000,1.0,462.5625
epsilon_greedy,26,17,0.12244897959183643,-0.6122448979591837,1.0,0.0,0.0,0.0,0,0.0,16,500000,1.0,462.5625
epsilon_greedy,26,18,0.12244897959183643,-0.5306122448979593,1.0,0.0,0.0,0.0,0,0.0,16,500000,1.0,462.5625
epsilon_greedy,26,19,0.12244897959183643,-0.44897959183673475,1.0,0.0,0.0,0.0,0,0.0,16,500000,1.0,462.5625
epsilon_greedy,26,20,0.12244897959183643,-0.3673469387755104,1.0,0.0,0.0,0.0,0,0.0,16,500000,1.0,462.5625
epsilon_greedy,26,21,0.12244897959183643,-0.2857142857142858,1.0,0.0,0.0,0.0,0,0.0,16,500000,1.0,462.5625
epsilon_greedy,26,22,0.12244897959183643,-0.20408163265306145,1.0,0.0,0.0,0.0,0,0.0,16,500000,1.0,462.5625
epsilon_greedy,26,23,0.12244897959183643,-0.12244897959183687,1.0,0.0,0.0,0.0,0,0.0,16,500000,1.0,462.5625
epsilon_greedy,26,24,0.12244897959183643,-0.04081632653061229,1.0,0.0,0.0,0.0,0,0.0,16,500000,1.0,462.5625
epsilon_greedy,26,25,0.12244897959183643,0.04081632653061229,1.0,0.0,0.0,0.0,0,0.0,16,500000,1.0,462.5625
epsilon_greedy,26,26,0.12244897959183643,0.12244897959183643,1.0,0.0,0.0,0.0,0,0.0,16,500000,1.0,462.5625
epsilon_greedy,26,27,0.12244897959183643,0.204081632653061,1.0,0.0,0.0,0.0,0,0.0,16,500000,1.0,462.5625
epsilon_greedy,26,28,0.12244897959183643,0.2857142857142856,1.0,0.0,0.0,0.0,0,0.0,16,500000,1.0,462.5625
epsilon_greedy,26,29,0.12244897959183643,0.36734693877551017,1.0,0.0,0.0,0.0,0,0.0,16,500000,1.0,462.5625
epsilon_greedy,26,30,0.12244897959183643,0.4489795918367343,1.0,0.0,0.0,0.0,0,0.0,16,500000,1.0,462.5625
epsilon_greedy,26,31,0.12244897959183643,0.5306122448979589,1.0,0.0,0.0,0.0,0,0.0,16,500000,1.0,462.5625
epsilon_greedy,26,32,0.12244897959183643,0.6122448979591835,1.0,0.0,0.0,0.0,0,0.0,16,500000,1.0,462.5625
epsilon_greedy,26,33,0.12244897959183643,0.693877551020408,1.0,0.0,0.0,0.0,0,0.0,16,500000,1.0,462.5625
epsilon_greedy,26,34,0.12244897959183643,0.7755102040816326,1.0,0.0,0.0,0.0,0,0.0,16,500000,1.0,462.5625
epsilon_greedy,26,35,0.12244897959183643,0.8571428571428568,1.0,0.0,0.0,0.0,0,0.0,16,500000,1.0,462.5625
epsilon_greedy,26,36,0.12244897959183643,0.9387755102040813,1.0,0.0,0.0,0.0,0,0.0,16,500000,1.0,462.5625
epsilon_greedy,26,37,0.12244897959183643,1.020408163265306,1.0,0.0,0.0,0.0,0,0.0,16,500000,1.0,462.5625
epsilon_greedy,26,38,0.12244897959183643,1.1020408163265305,1.0,0.0,0.0,0.0,0,0.0,16,500000,1.0,462.5625
epsilon_greedy,26,39,0.12244897959183643,1.1836734693877546,1.0,0.0,0.0,0.0,0,0.0,16,500000,1.0,462.5625
epsilon_greedy,26,40,0.12244897959183643,1.2653061224489792,1.0,0.0,0.0,0.0,0,0.0,16,500000,1.0,462.5625
epsilon_greedy,26,41,0.12244897959183643,1.3469387755102038,1.0,0.0,0.0,0.0,0,0.0,16,500000,1.0,462.5625
epsilon_greedy,26,42,0.12244897959183643,1.4285714285714284,1.0,0.0,0.0,0.0,0,0.0,16,500000,1.0,462.5625
epsilon_greedy,26,43,0.12244897959183643,1.510204081632653,1.0,0.0,0.0,0.0,0,0.0,16,500000,1.0,462.5625
epsilon_greedy,26,44,0.12244897959183643,1.591836734693877,1.0,0.0,0.0,0.0,0,0.0,16,500000,1.0,462.5625
epsilon_greedy,26,45,0.12244897959183643,1.6734693877551017,1.0,0.0,0.0,0.0,0,0.0,16,500000,1.0,462.5625
epsilon_greedy,26,46,0.12244897959183643,1.7551020408163263,1.0,0.0,0.0,0.0,0,0.0,16,500000,1.0,462.5625
epsilon_greedy,26,47,0.12244897959183643,1.8367346938775508,1.0,0.0,0.0,0.0,0,0.0,16,500000,1.0,462.5625
epsilon_greedy,26,48,0.12244897959183643,1.9183673469387754,1.0,0.0,0.0,0.0,0,0.0,16,500000,1.0,462.5625
epsilon_greedy,26,49,0.12244897959183643,2.0,1.0,0.0,0.0,0.0,0,0.0,16,500000,1.0,353.75
epsilon_greedy,27,0,0.204081632653061,-2.0,1.0,0.0,0.0,0.0,0,0.0,16,500000,1.0,346.5625
epsilon_greedy,27,1,0.204081632653061,-1.9183673469387754,1.0,0.0,0.0,0.0,0,0.0,16,500000,1.0,462.5625
epsilon_greedy,27,2,0.204081632653061,-1.836734693877551,1.0,0.0,0.0,0.0,0,0.0,16,500000,1.0,462.5625
epsilon_greedy,27,3,0.204081632653061,-1.7551020408163265,1.0,0.0,0.0,0.0,0,0.0,16,500000,1.0,462.5625
epsilon_greedy,27,4,0.204081632653061,-1.6734693877551021,1.0,0.0,0.0,0.0,0,0.0,16,500000,1.0,462.5625
epsilon_greedy,27,5,0.204081632653061,-1.5918367346938775,1.0,0.0,0.0,0.0,0,0.0,16,500000,1.0,462.5625
epsilon_greedy,27,6,0.204081632653061,-1.510204081632653,1.0,0.0,0.0,0.0,0,0.0,16,500000,1.0,462.5625
epsilon_greedy,27,7,0.204081632653061,-1.4285714285714286,1.0,0.0,0.0,0.0,0,0.0,16,500000,1.0,462.5625
epsilon_greedy,27,8,0.204081632653061,-1.3469387755102042,1.0,0.0,0.0,0.0,0,0.0,16,500000,1.0,462.5625
epsilon_greedy,27,9,0.204081632653061,-1.2653061224489797,1.0,0.0,0.0,0.0,0,0.0,16,500000,1.0,462.5625
epsilon_greedy,27,10,0.204081632653061,-1.183673469387755,1.0,0.0,0.0,0.0,0,0.0,16,500000,1.0,462.5625
epsilon_greedy,27,11,0.204081632653061,-1.1020408163265307,1.0,0.0,0.0,0.0,0,0.0,16,500000,1.0,462.5625
epsilon_greedy,27,12,0.204081632653061,-1.0204081632653061,1.0,0.0,0.0,0.0,0,0.0,16,500000,1.0,462.5625
epsilon_greedy,27,13,0.204081632653061,-0.9387755102040818,1.0,0.0,0.0,0.0,0,0.0,16,500000,1.0,462.5625
epsilon_greedy,27,14,0.204081632653061,-0.8571428571428572,1.0,0.0,0.0,0.0,0,0.0,16,500000,1.0,462.5625
epsilon_greedy,27,15,0.204081632653061,-0.7755102040816328,1.0,0.0,0.0,0.0,0,0.0,16,500000,1.0,462.5625
epsilon_greedy,27,16,0.204081632653061,-0.6938775510204083,1.0,0.0,0.0,0.0,0,0.0,16,500000,1.0,462.5625
epsilon_greedy,27,17,0.204081632653061,-0.6122448979591837,1.0,0.0,0.0,0.0,0,0.0,16,500000,1.0,462.5625
epsilon_greedy,27,18,0.204081632653061,-0.5306122448979593,1.0,0.0,0.0,0.0,0,0.0,16,500000,1.0,462.5625
epsilon_greedy,27,19,0.204081632653061,-0.44897959183673475,1.0,0.0,0.0,0.0,0,0.0,16,500000,1.0,462.5625
epsilon_greedy,27,20,0.204081632653061,-0.3673469387755104,1.0,0.0,0.0,0.0,0,0.0,16,500000,1.0,462.5625
epsilon_greedy,27,21,0.204081632653061,-0.2857142857142858,1.0,0.0,0.0,0.0,0,0.0,16,500000,1.0,462.5625
epsilon_greedy,27,22,0.204081632653061,-0.20408163265306145,1.0,0.0,0.0,0.0,0,0.0,16,500000,1.0,462.5625
epsilon_greedy,27,23,0.204081632653061,-0.12244897959183687,1.0,0.0,0.0,0.0,0,0.0,16,500000,1.0,462.5625
epsilon_greedy,27,24,0.204081632653061,-0.04081632653061229,1.0,0.0,0.0,0.0,0,0.0,16,500000,1.0,462.5625
epsilon_greedy,27,25,0.204081632653061,0.04081632653061229,1.0,0.0,0.0,0.0,0,0.0,16,500000,1.0,462.5625
epsilon_greedy,27,26,0.204081632653061,0.12244897959183643,1.0,0.0,0.0,0.0,0,0.0,16,500000,1.0,462.5625
epsilon_greedy,27,27,0.204081632653061,0.204081632653061,1.0,0.0,0.0,0.0,0,0.0,16,500000,1.0,462.5625
epsilon_greedy,27,28,0.204081632653061,0.2857142857142856,1.0,0.0,0.0,0.0,0,0.0,16,500000,1.0,462.5625
epsilon_greedy,27,29,0.204081632653061,0.36734693877551017,1.0,0.0,0.0,0.0,0,0.0,16,500000,1.0,462.5625
epsilon_greedy,27,30,0.204081632653061,0.4489795918367343,1.0,0.0,0.0,0.0,0,0.0,16,500000,1.0,462.5625
epsilon_greedy,27,31,0.204081632653061,0.5306122448979589,1.0,0.0,0.0,0.0,0,0.0,16,500000,1.0,462.5625
epsilon_greedy,27,32,0.204081632653061,0.6122448979591835,1.0,0.0,0.0,0.0,0,0.0,16,500000,1.0,462.5625
epsilon_greedy,27,33,0.204081632653061,0.693877551020408,1.0,0.0,0.0,0.0,0,0.0,16,500000,1.0,462.5625
epsilon_greedy,27,34,0.204081632653061,0.7755102040816326,1.0,0.0,0.0,0.0,0,0.0,16,500000,1.0,462.5625
epsilon_greedy,27,35,0.204081632653061,0.8571428571428568,1.0,0.0,0.0,0.0,0,0.0,16,500000,1.0,462.5625
epsilon_greedy,27,36,0.204081632653061,0.9387755102040813,1.0,0.0,0.0,0.0,0,0.0,16,500000,1.0,462.5625
epsilon_greedy,27,37,0.204081632653061,1.020408163265306,1.0,0.0,0.0,0.0,0,0.0,16,500000,1.0,462.5625
epsilon_greedy,27,38,0.204081632653061,1.1020408163265305,1.0,0.0,0.0,0.0,0,0.0,16,500000,1.0,462.5625
epsilon_greedy,27,39,0.204081632653061,1.1836734693877546,1.0,0.0,0.0,0.0,0,0.0,16,500000,1.0,462.5625
epsilon_greedy,27,40,0.204081632653061,1.2653061224489792,1.0,0.0,0.0,0.0,0,0.0,16,500000,1.0,462.5625
epsilon_greedy,27,41,0.204081632653061,1.3469387755102038,1.0,0.0,0.0,0.0,0,0.0,16,500000,1.0,462.5625
epsilon_greedy,27,42,0.204081632653061,1.4285714285714284,1.0,0.0,0.0,0.0,0,0.0,16,500000,1.0,462.5625
epsilon_greedy,27,43,0.204081632653061,1.510204081632653,1.0,0.0,0.0,0.0,0,0.0,16,500000,1.0,462.5625
epsilon_greedy,27,44,0.204081632653061,1.591836734693877,1.0,0.0,0.0,0.0,0,0.0,16,500000,1.0,462.5625
epsilon_greedy,27,45,0.204081632653061,1.6734693877551017,1.0,0.0,0.0,0.0,0,0.0,16,500000,1.0,462.5625
epsilon_greedy,27,46,0.204081632653061,1.7551020408163263,1.0,0.0,0.0,0.0,0,0.0,16,500000,1.0,462.5625
epsilon_greedy,27,47,0.204081632653061,1.8367346938775508,1.0,0.0,0.0,0.0,0,0.0,16,500000,1.0,462.5625
epsilon_greedy,27,48,0.204081632653061,1.9183673469387754,1.0,0.0,0.0,0.0,0,0.0,16,500000,1.0,462.5625
epsilon_greedy,27,49,0.204081632653061,2.0,1.0,0.0,0.0,0.0,0,0.0,16,500000,1.0,353.75
epsilon_greedy,28,0,0.2857142857142856,-2.0,1.0,0.0,0.0,0.0,0,0.0,16,500000,1.0,346.5625
epsilon_greedy,28,1,0.2857142857142856,-1.9183673469387754,1.0,0.0,0.0,0.0,0,0.0,16,500000,1.0,462.5625
epsilon_greedy,28,2,0.2857142857142856,-1.836734693877551,1.0,0.0,0.0,0.0,0,0.0,16,500000,1.0,462.5625
epsilon_greedy,28,3,0.2857142857142856,-1.7551020408163265,1.0,0.0,0.0,0.0,0,0.0,16,500000,1.0,462.5625
epsilon_greedy,28,4,0.2857142857142856,-1.6734693877551021,1.0,0.0,0.0,0.0,0,0.0,16,500000,1.0,462.5625
epsilon_greedy,28,5,0.2857142857142856,-1.5918367346938775,1.0,0.0,0.0,0.0,0,0.0,16,500000,1.0,462.5625
epsilon_greedy,28,6,0.2857142857142856,-1.510204081632653,1.0,0.0,0.0,0.0,0,0.0,16,500000,1.0,462.5625
epsilon_greedy,28,7,0.2857142857142856,-1.4285714285714286,1.0,0.0,0.0,0.0,0,0.0,16,500000,1.0,462.5625
epsilon_greedy,28,8,0.2857142857142856,-1.3469387755102042,1.0,0.0,0.0,0.0,0,0.0,16,500000,1.0,462.5625
epsilon_greedy,28,9,0.2857142857142856,-1.2653061224489797,1.0,0.0,0.0,0.0,0,0.0,16,500000,1.0,462.5625
epsilon_greedy,28,10,0.2857142857142856,-1.183673469387755,1.0,0.0,0.0,0.0,0,0.0,16,500000,1.0,462.5625
epsilon_greedy,28,11,0.2857142857142856,-1.1020408163265307,1.0,0.0,0.0,0.0,0,0.0,16,500000,1.0,462.5625
epsilon_greedy,28,12,0.2857142857142856,-1.0204081632653061,1.0,0.0,0.0,0.0,0,0.0,16,500000,1.0,462.5625
epsilon_greedy,28,13,0.2857142857142856,-0.9387755102040818,1.0,0.0,0.0,0.0,0,0.0,16,500000,1.0,462.5625
epsilon_greedy,28,14,0.2857142857142856,-0.8571428571428572,1.0,0.0,0.0,0.0,0,0.0,16,500000,1.0,462.5625
epsilon_greedy,28,15,0.2857142857142856,-0.7755102040816328,1.0,0.0,0.0,0.0,0,0.0,16,500000,1.0,462.5625
epsilon_greedy,28,16,0.2857142857142856,-0.6938775510204083,1.0,0.0,0.0,0.0,0,0.0,16,500000,1.0,462.5625
epsilon_greedy,28,17,0.2857142857142856,-0.6122448979591837,1.0,0.0,0.0,0.0,0,0.0,16,500000,1.0,462.5625
epsilon_greedy,28,18,0.2857142857142856,-0.5306122448979593,1.0,0.0,0.0,0.0,0,0.0,16,500000,1.0,462.5625
epsilon_greedy,28,19,0.2857142857142856,-0.44897959183673475,1.0,0.0,0.0,0.0,0,0.0,16,500000,1.0,462.5625
epsilon_greedy,28,20,0.2857142857142856,-0.3673469387755104,1.0,0.0,0.0,0.0,0,0.0,16,500000,1.0,462.5625
epsilon_greedy,28,21,0.2857142857142856,-0.2857142857142858,1.0,0.0,0.0,0.0,0,0.0,16,500000,1.0,462.5625
epsilon_greedy,28,22,0.2857142857142856,-0.20408163265306145,1.0,0.0,0.0,0.0,0,0.0,16,500000,1.0,462.5625
epsilon_greedy,28,23,0.2857142857142856,-0.12244897959183687,1.0,0.0,0.0,0.0,0,0.0,16,500000,1.0,462.5625
epsilon_greedy,28,24,0.2857142857142856,-0.04081632653061229,1.0,0.0,0.0,0.0,0,0.0,16,500000,1.0,462.5625
epsilon_greedy,28,25,0.2857142857142856,0.04081632653061229,1.0,0.0,0.0,0.0,0,0.0,16,500000,1.0,462.5625
epsilon_greedy,28,26,0.2857142857142856,0.12244897959183643,1.0,0.0,0.0,0.0,0,0.0,16,500000,1.0,462.5625
epsilon_greedy,28,27,0.2857142857142856,0.204081632653061,1.0,0.0,0.0,0.0,0,0.0,16,500000,1.0,462.5625
epsilon_greedy,28,28,0.2857142857142856,0.2857142857142856,1.0,0.0,0.0,0.0,0,0.0,16,500000,1.0,462.5625
epsilon_greedy,28,29,0.2857142857142856,0.36734693877551017,1.0,0.0,0.0,0.0,0,0.0,16,500000,1.0,462.5625
epsilon_greedy,28,30,0.2857142857142856,0.4489795918367343,1.0,0.0,0.0,0.0,0,0.0,16,500000,1.0,462.5625
epsilon_greedy,28,31,0.2857142857142856,0.5306122448979589,1.0,0.0,0.0,0.0,0,0.0,16,500000,1.0,462.5625
epsilon_greedy,28,32,0.2857142857142856,0.6122448979591835,1.0,0.0,0.0,0.0,0,0.0,16,500000,1.0,462.5625
epsilon_greedy,28,33,0.2857142857142856,0.693877551020408,1.0,0.0,0.0,0.0,0,0.0,16,500000,1.0,462.5625
epsilon_greedy,28,34,0.2857142857142856,0.7755102040816326,1.0,0.0,0.0,0.0,0,0.0,16,500000,1.0,462.5625
epsilon_greedy,28,35,0.2857142857142856,0.8571428571428568,1.0,0.0,0.0,0.0,0,0.0,16,500000,1.0,462.5625
epsilon_greedy,28,36,0.2857142857142856,0.9387755102040813,1.0,0.0,0.0,0.0,0,0.0,16,500000,1.0,462.5625
epsilon_greedy,28,37,0.2857142857142856,1.020408163265306,1.0,0.0,0.0,0.0,0,0.0,16,500000,1.0,462.5625
epsilon_greedy,28,38,0.2857142857142856,1.1020408163265305,1.0,0.0,0.0,0.0,0,0.0,16,500000,1.0,462.5625
epsilon_greedy,28,39,0.2857142857142856,1.1836734693877546,1.0,0.0,0.0,0.0,0,0.0,16,500000,1.0,462.5625
epsilon_greedy,28,40,0.2857142857142856,1.2653061224489792,1.0,0.0,0.0,0.0,0,0.0,16,500000,1.0,462.5625
epsilon_greedy,28,41,0.2857142857142856,1.3469387755102038,1.0,0.0,0.0,0.0,0,0.0,16,500000,1.0,462.5625
epsilon_greedy,28,42,0.2857142857142856,1.4285714285714284,1.0,0.0,0.0,0.0,0,0.0,16,500000,1.0,462.5625
epsilon_greedy,28,43,0.2857142857142856,1.510204081632653,1.0,0.0,0.0,0.0,0,0.0,16,500000,1.0,462.5625
epsilon_greedy,28,44,0.2857142857142856,1.591836734693877,1.0,0.0,0.0,0.0,0,0.0,16,500000,1.0,462.5625
epsilon_greedy,28,45,0.2857142857142856,1.6734693877551017,1.0,0.0,0.0,0.0,0,0.0,16,500000,1.0,462.5625
epsilon_greedy,28,46,0.2857142857142856,1.7551020408163263,1.0,0.0,0.0,0.0,0,0.0,16,500000,1.0,462.5625
epsilon_greedy,28,47,0.2857142857142856,1.8367346938775508,1.0,0.0,0.0,0.0,0,0.0,16,500000,1.0,462.5625
epsilon_greedy,28,48,0.2857142857142856,1.9183673469387754,1.0,0.0,0.0,0.0,0,0.0,16,500000,1.0,462.5625
epsilon_greedy,28,49,0.2857142857142856,2.0,1.0,0.0,0.0,0.0,0,0.0,16,500000,1.0,353.75
epsilon_greedy,29,0,0.36734693877551017,-2.0,1.0,0.0,0.0,0.0,0,0.0,16,500000,1.0,346.5625
epsilon_greedy,29,1,0.36734693877551017,-1.9183673469387754,1.0,0.0,0.0,0.0,0,0.0,16,500000,1.0,462.5625
epsilon_greedy,29,2,0.36734693877551017,-1.836734693877551,1.0,0.0,0.0,0.0,0,0.0,16,500000,1.0,462.5625
epsilon_greedy,29,3,0.36734693877551017,-1.7551020408163265,1.0,0.0,0.0,0.0,0,0.0,16,500000,1.0,462.5625
epsilon_greedy,29,4,0.36734693877551017,-1.6734693877551021,1.0,0.0,0.0,0.0,0,0.0,16,500000,1.0,462.5625
epsilon_greedy,29,5,0.36734693877551017,-1.5918367346938775,1.0,0.0,0.0,0.0,0,0.0,16,500000,1.0,462.5625
epsilon_greedy,29,6,0.36734693877551017,-1.510204081632653,1.0,0.0,0.0,0.0,0,0.0,16,500000,1.0,462.5625
epsilon_greedy,29,7,0.36734693877551017,-1.4285714285714286,1.0,0.0,0.0,0.0,0,0.0,16,500000,1.0,462.5625
epsilon_greedy,29,8,0.36734693877551017,-1.3469387755102042,1.0,0.0,0.0,0.0,0,0.0,16,500000,1.0,462.5625
epsilon_greedy,29,9,0.36734693877551017,-1.2653061224489797,1.0,0.0,0.0,0.0,0,0.0,16,500000,1.0,462.5625
epsilon_greedy,29,10,0.36734693877551017,-1.183673469387755,1.0,0.0,0.0,0.0,0,0.0,16,500000,1.0,462.5625
epsilon_greedy,29,11,0.36734693877551017,-1.1020408163265307,1.0,0.0,0.0,0.0,0,0.0,16,500000,1.0,462.5625
epsilon_greedy,29,12,0.36734693877551017,-1.0204081632653061,1.0,0.0,0.0,0.0,0,0.0,16,500000,1.0,462.5625
epsilon_greedy,29,13,0.36734693877551017,-0.9387755102040818,1.0,0.0,0.0,0.0,0,0.0,16,500000,1.0,462.5625
epsilon_greedy,29,14,0.36734693877551017,-0.8571428571428572,1.0,0.0,0.0,0.0,0,0.0,16,500000,1.0,462.5625
epsilon_greedy,29,15,0.36734693877551017,-0.7755102040816328,1.0,0.0,0.0,0.0,0,0.0,16,500000,1.0,462.5625
epsilon_greedy,29,16,0.36734693877551017,-0.6938775510204083,1.0,0.0,0.0,0.0,0,0.0,16,500000,1.0,462.5625
epsilon_greedy,29,17,0.36734693877551017,-0.6122448979591837,1.0,0.0,0.0,0.0,0,0.0,16,500000,1.0,462.5625
epsilon_greedy,29,18,0.36734693877551017,-0.5306122448979593,1.0,0.0,0.0,0.0,0,0.0,16,500000,1.0,462.5625
epsilon_greedy,29,19,0.36734693877551017,-0.44897959183673475,1.0,0.0,0.0,0.0,0,0.0,16,500000,1.0,462.5625
epsilon_greedy,29,20,0.36734693877551017,-0.3673469387755104,1.0,0.0,0.0,0.0,0,0.0,16,500000,1.0,462.5625
epsilon_greedy,29,21,0.36734693877551017,-0.2857142857142858,1.0,0.0,0.0,0.0,0,0.0,16,500000,1.0,462.5625
epsilon_greedy,29,22,0.36734693877551017,-0.20408163265306145,1.0,0.0,0.0,0.0,0,0.0,16,500000,1.0,462.5625
epsilon_greedy,29,23,0.36734693877551017,-0.12244897959183687,1.0,0.0,0.0,0.0,0,0.0,16,500000,1.0,462.5625
epsilon_greedy,29,24,0.36734693877551017,-0.04081632653061229,1.0,0.0,0.0,0.0,0,0.0,16,500000,1.0,462.5625
epsilon_greedy,29,25,0.36734693877551017,0.04081632653061229,1.0,0.0,0.0,0.0,0,0.0,16,500000,1.0,462.5625
epsilon_greedy,29,26,0.36734693877551017,0.12244897959183643,1.0,0.0,0.0,0.0,0,0.0,16,500000,1.0,462.5625
epsilon_greedy,29,27,0.36734693877551017,0.204081632653061,1.0,0.0,0.0,0.0,0,0.0,16,500000,1.0,462.5625
epsilon_greedy,29,28,0.36734693877551017,0.2857142857142856,1.0,0.0,0.0,0.0,0,0.0,16,500000,1.0,462.5625
epsilon_greedy,29,29,0.36734693877551017,0.36734693877551017,1.0,0.0,0.0,0.0,0,0.0,16,500000,1.0,462.5625
epsilon_greedy,29,30,0.36734693877551017,0.4489795918367343,1.0,0.0,0.0,0.0,0,0.0,16,500000,1.0,462.5625
epsilon_greedy,29,31,0.36734693877551017,0.5306122448979589,1.0,0.0,0.0,0.0,0,0.0,16,500000,1.0,462.5625
epsilon_greedy,29,32,0.36734693877551017,0.6122448979591835,1.0,0.0,0.0,0.0,0,0.0,16,500000,1.0,462.5625
epsilon_greedy,29,33,0.36734693877551017,0.693877551020408,1.0,0.0,0.0,0.0,0,0.0,16,500000,1.0,462.5625
epsilon_greedy,29,34,0.36734693877551017,0.7755102040816326,1.0,0.0,0.0,0.0,0,0.0,16,500000,1.0,462.5625
epsilon_greedy,29,35,0.36734693877551017,0.8571428571428568,1.0,0.0,0.0,0.0,0,0.0,16,500000,1.0,462.5625
epsilon_greedy,29,36,0.36734693877551017,0.9387755102040813,1.0,0.0,0.0,0.0,0,0.0,16,500000,1.0,462.5625
epsilon_greedy,29,37,0.36734693877551017,1.020408163265306,1.0,0.0,0.0,0.0,0,0.0,16,500000,1.0,462.5625
epsilon_greedy,29,38,0.36734693877551017,1.1020408163265305,1.0,0.0,0.0,0.0,0,0.0,16,500000,1.0,462.5625
epsilon_greedy,29,39,0.36734693877551017,1.1836734693877546,1.0,0.0,0.0,0.0,0,0.0,16,500000,1.0,462.5625
epsilon_greedy,29,40,0.36734693877551017,1.2653061224489792,1.0,0.0,0.0,0.0,0,0.0,16,500000,1.0,462.5625
epsilon_greedy,29,41,0.36734693877551017,1.3469387755102038,1.0,0.0,0.0,0.0,0,0.0,16,500000,1.0,462.5625
epsilon_greedy,29,42,0.36734693877551017,1.4285714285714284,1.0,0.0,0.0,0.0,0,0.0,16,500000,1.0,462.5625
epsilon_greedy,29,43,0.36734693877551017,1.510204081632653,1.0,0.0,0.0,0.0,0,0.0,16,500000,1.0,462.5625
epsilon_greedy,29,44,0.36734693877551017,1.591836734693877,1.0,0.0,0.0,0.0,0,0.0,16,500000,1.0,462.5625
epsilon_greedy,29,45,0.36734693877551017,1.6734693877551017,1.0,0.0,0.0,0.0,0,0.0,16,500000,1.0,462.5625
epsilon_greedy,29,46,0.36734693877551017,1.7551020408163263,1.0,0.0,0.0,0.0,0,0.0,16,500000,1.0,462.5625
epsilon_greedy,29,47,0.36734693877551017,1.8367346938775508,1.0,0.0,0.0,0.0,0,0.0,16,500000,1.0,462.5625
epsilon_greedy,29,48,0.36734693877551017,1.9183673469387754,1.0,0.0,0.0,0.0,0,0.0,16,500000,1.0,462.5625
epsilon_greedy,29,49,0.36734693877551017,2.0,1.0,0.0,0.0,0.0,0,0.0,16,500000,1.0,353.75
epsilon_greedy,30,0,0.4489795918367343,-2.0,1.0,0.0,0.0,0.0,0,0.0,16,500000,1.0,346.5625
epsilon_greedy,30,1,0.4489795918367343,-1.9183673469387754,1.0,0.0,0.0,0.0,0,0.0,16,500000,1.0,462.5625
epsilon_greedy,30,2,0.4489795918367343,-1.836734693877551,1.0,0.0,0.0,0.0,0,0.0,16,500000,1.0,462.5625
epsilon_greedy,30,3,0.4489795918367343,-1.7551020408163265,1.0,0.0,0.0,0.0,0,0.0,16,500000,1.0,462.5625
epsilon_greedy,30,4,0.4489795918367343,-1.6734693877551021,1.0,0.0,0.0,0.0,0,0.0,16,500000,1.0,462.5625
epsilon_greedy,30,5,0.4489795918367343,-1.5918367346938775,1.0,0.0,0.0,0.0,0,0.0,16,500000,1.0,462.5625
epsilon_greedy,30,6,0.4489795918367343,-1.510204081632653,1.0,0.0,0.0,0.0,0,0.0,16,500000,1.0,462.5625
epsilon_greedy,30,7,0.4489795918367343,-1.4285714285714286,1.0,0.0,0.0,0.0,0,0.0,16,500000,1.0,462.5625
epsilon_greedy,30,8,0.4489795918367343,-1.3469387755102042,1.0,0.0,0.0,0.0,0,0.0,16,500000,1.0,462.5625
epsilon_greedy,30,9,0.4489795918367343,-1.2653061224489797,1.0,0.0,0.0,0.0,0,0.0,16,500000,1.0,462.5625
epsilon_greedy,30,10,0.4489795918367343,-1.183673469387755,1.0,0.0,0.0,0.0,0,0.0,16,500000,1.0,462.5625
epsilon_greedy,30,11,0.4489795918367343,-1.1020408163265307,1.0,0.0,0.0,0.0,0,0.0,16,500000,1.0,462.5625
epsilon_greedy,30,12,0.4489795918367343,-1.0204081632653061,1.0,0.0,0.0,0.0,0,0.0,16,500000,1.0,462.5625
epsilon_greedy,30,13,0.4489795918367343,-0.9387755102040818,1.0,0.0,0.0,0.0,0,0.0,16,500000,1.0,462.5625
epsilon_greedy,30,14,0.4489795918367343,-0.8571428571428572,1.0,0.0,0.0,0.0,0,0.0,16,500000,1.0,462.5625
epsilon_greedy,30,15,0.4489795918367343,-0.7755102040816328,1.0,0.0,0.0,0.0,0,0.0,16,500000,1.0,462.5625
epsilon_greedy,30,16,0.4489795918367343,-0.6938775510204083,1.0,0.0,0.0,0.0,0,0.0,16,500000,1.0,462.5625
epsilon_greedy,30,17,0.4489795918367343,-0.6122448979591837,1.0,0.0,0.0,0.0,0,0.0,16,500000,1.0,462.5625
epsilon_greedy,30,18,0.4489795918367343,-0.5306122448979593,1.0,0.0,0.0,0.0,0,0.0,16,500000,1.0,462.5625
epsilon_greedy,30,19,0.4489795918367343,-0.44897959183673475,1.0,0.0,0.0,0.0,0,0.0,16,500000,1.0,462.5625
epsilon_greedy,30,20,0.4489795918367343,-0.3673469387755104,1.0,0.0,0.0,0.0,0,0.0,16,500000,1.0,462.5625
epsilon_greedy,30,21,0.4489795918367343,-0.2857142857142858,1.0,0.0,0.0,0.0,0,0.0,16,500000,1.0,462.5625
epsilon_greedy,30,22,0.4489795918367343,-0.20408163265306145,1.0,0.0,0.0,0.0,0,0.0,16,500000,1.0,462.5625
epsilon_greedy,30,23,0.4489795918367343,-0.12244897959183687,1.0,0.0,0.0,0.0,0,0.0,16,500000,1.0,462.5625
epsilon_greedy,30,24,0.4489795918367343,-0.04081632653061229,1.0,0.0,0.0,0.0,0,0.0,16,500000,1.0,462.5625
epsilon_greedy,30,25,0.4489795918367343,0.04081632653061229,1.0,0.0,0.0,0.0,0,0.0,16,500000,1.0,462.5625
epsilon_greedy,30,26,0.4489795918367343,0.12244897959183643,1.0,0.0,0.0,0.0,0,0.0,16,500000,1.0,462.5625
epsilon_greedy,30,27,0.4489795918367343,0.204081632653061,1.0,0.0,0.0,0.0,0,0.0,16,500000,1.0,462.5625
epsilon_greedy,30,28,0.4489795918367343,0.2857142857142856,1.0,0.0,0.0,0.0,0,0.0,16,500000,1.0,462.5625
epsilon_greedy,30,29,0.4489795918367343,0.36734693877551017,1.0,0.0,0.0,0.0,0,0.0,16,500000,1.0,462.5625
epsilon_greedy,30,30,0.4489795918367343,0.4489795918367343,1.0,0.0,0.0,0.0,0,0.0,16,500000,1.0,462.5625
epsilon_greedy,30,31,0.4489795918367343,0.5306122448979589,1.0,0.0,0.0,0.0,0,0.0,16,500000,1.0,462.5625
epsilon_greedy,30,32,0.4489795918367343,0.6122448979591835,1.0,0.0,0.0,0.0,0,0.0,16,500000,1.0,462.5625
epsilon_greedy,30,33,0.4489795918367343,0.693877551020408,1.0,0.0,0.0,0.0,0,0.0,16,500000,1.0,462.5625
epsilon_greedy,30,34,0.4489795918367343,0.7755102040816326,1.0,0.0,0.0,0.0,0,0.0,16,500000,1.0,462.5625
epsilon_greedy,30,35,0.4489795918367343,0.8571428571428568,1.0,0.0,0.0,0.0,0,0.0,16,500000,1.0,462.5625
epsilon_greedy,30,36,0.4489795918367343,0.9387755102040813,1.0,0.0,0.0,0.0,0,0.0,16,500000,1.0,462.5625
epsilon_greedy,30,37,0.4489795918367343,1.020408163265306,1.0,0.0,0.0,0.0,0,0.0,16,500000,1.0,462.5625
epsilon_greedy,30,38,0.4489795918367343,1.1020408163265305,1.0,0.0,0.0,0.0,0,0.0,16,500000,1.0,462.5625
epsilon_greedy,30,39,0.4489795918367343,1.1836734693877546,1.0,0.0,0.0,0.0,0,0.0,16,500000,1.0,462.5625
epsilon_greedy,30,40,0.4489795918367343,1.2653061224489792,1.0,0.0,0.0,0.0,0,0.0,16,500000,1.0,462.5625
epsilon_greedy,30,41,0.4489795918367343,1.3469387755102038,1.0,0.0,0.0,0.0,0,0.0,16,500000,1.0,462.5625
epsilon_greedy,30,42,0.4489795918367343,1.4285714285714284,1.0,0.0,0.0,0.0,0,0.0,16,500000,1.0,462.5625
epsilon_greedy,30,43,0.4489795918367343,1.510204081632653,1.0,0.0,0.0,0.0,0,0.0,16,500000,1.0,462.5625
epsilon_greedy,30,44,0.4489795918367343,1.591836734693877,1.0,0.0,0.0,0.0,0,0.0,16,500000,1.0,462.5625
epsilon_greedy,30,45,0.4489795918367343,1.6734693877551017,1.0,0.0,0.0,0.0,0,0.0,16,500000,1.0,462.5625
epsilon_greedy,30,46,0.4489795918367343,1.7551020408163263,1.0,0.0,0.0,0.0,0,0.0,16,500000,1.0,462.5625
epsilon_greedy,30,47,0.4489795918367343,1.8367346938775508,1.0,0.0,0.0,0.0,0,0.0,16,500000,1.0,462.5625
epsilon_greedy,30,48,0.4489795918367343,1.9183673469387754,1.0,0.0,0.0,0.0,0,0.0,16,500000,1.0,462.5625
epsilon_greedy,30,49,0.4489795918367343,2.0,1.0,0.0,0.0,0.0,0,0.0,16,500000,1.0,353.75
epsilon_greedy,31,0,0.5306122448979589,-2.0,1.0,0.0,0.0,0.0,0,0.0,16,500000,1.0,346.5625
epsilon_greedy,31,1,0.5306122448979589,-1.9183673469387754,1.0,0.0,0.0,0.0,0,0.0,16,500000,1.0,462.5625
epsilon_greedy,31,2,0.5306122448979589,-1.836734693877551,1.0,0.0,0.0,0.0,0,0.0,16,500000,1.0,462.5625
epsilon_greedy,31,3,0.5306122448979589,-1.7551020408163265,1.0,0.0,0.0,0.0,0,0.0,16,500000,1.0,462.5625
epsilon_greedy,31,4,0.5306122448979589,-1.6734693877551021,1.0,0.0,0.0,0.0,0,0.0,16,500000,1.0,462.5625
epsilon_greedy,31,5,0.5306122448979589,-1.5918367346938775,1.0,0.0,0.0,0.0,0,0.0,16,500000,1.0,462.5625
epsilon_greedy,31,6,0.5306122448979589,-1.510204081632653,1.0,0.0,0.0,0.0,0,0.0,16,500000,1.0,462.5625
epsilon_greedy,31,7,0.5306122448979589,-1.4285714285714286,1.0,0.0,0.0,0.0,0,0.0,16,500000,1.0,462.5625
epsilon_greedy,31,8,0.5306122448979589,-1.3469387755102042,1.0,0.0,0.0,0.0,0,0.0,16,500000,1.0,462.5625
epsilon_greedy,31,9,0.5306122448979589,-1.2653061224489797,1.0,0.0,0.0,0.0,0,0.0,16,500000,1.0,462.5625
epsilon_greedy,31,10,0.5306122448979589,-1.183673469387755,1.0,0.0,0.0,0.0,0,0.0,16,500000,1.0,462.5625
epsilon_greedy,31,11,0.5306122448979589,-1.1020408163265307,1.0,0.0,0.0,0.0,0,0.0,16,500000,1.0,462.5625
epsilon_greedy,31,12,0.5306122448979589,-1.0204081632653061,1.0,0.0,0.0,0.0,0,0.0,16,500000,1.0,462.5625
epsilon_greedy,31,13,0.5306122448979589,-0.9387755102040818,1.0,0.0,0.0,0.0,0,0.0,16,500000,1.0,462.5625
epsilon_greedy,31,14,0.5306122448979589,-0.8571428571428572,1.0,0.0,0.0,0.0,0,0.0,16,500000,1.0,462.5625
epsilon_greedy,31,15,0.5306122448979589,-0.7755102040816328,1.0,0.0,0.0,0.0,0,0.0,16,500000,1.0,462.5625
epsilon_greedy,31,16,0.5306122448979589,-0.6938775510204083,1.0,0.0,0.0,0.0,0,0.0,16,500000,1.0,462.5625
epsilon_greedy,31,17,0.5306122448979589,-0.6122448979591837,1.0,0.0,0.0,0.0,0,0.0,16,500000,1.0,462.5625
epsilon_greedy,31,18,0.5306122448979589,-0.5306122448979593,1.0,0.0,0.0,0.0,0,0.0,16,500000,1.0,462.5625
epsilon_greedy,31,19,0.5306122448979589,-0.44897959183673475,1.0,0.0,0.0,0.0,0,0.0,16,500000,1.0,462.5625
epsilon_greedy,31,20,0.5306122448979589,-0.3673469387755104,1.0,0.0,0.0,0.0,0,0.0,16,500000,1.0,462.5625
epsilon_greedy,31,21,0.5306122448979589,-0.2857142857142858,1.0,0.0,0.0,0.0,0,0.0,16,500000,1.0,462.5625
epsilon_greedy,31,22,0.5306122448979589,-0.20408163265306145,1.0,0.0,0.0,0.0,0,0.0,16,500000,1.0,462.5625
epsilon_greedy,31,23,0.5306122448979589,-0.12244897959183687,1.0,0.0,0.0,0.0,0,0.0,16,500000,1.0,462.5625
epsilon_greedy,31,24,0.5306122448979589,-0.04081632653061229,1.0,0.0,0.0,0.0,0,0.0,16,500000,1.0,462.5625
epsilon_greedy,31,25,0.5306122448979589,0.04081632653061229,1.0,0.0,0.0,0.0,0,0.0,16,500000,1.0,462.5625
epsilon_greedy,31,26,0.5306122448979589,0.12244897959183643,1.0,0.0,0.0,0.0,0,0.0,16,500000,1.0,462.5625
epsilon_greedy,31,27,0.5306122448979589,0.204081632653061,1.0,0.0,0.0,0.0,0,0.0,16,500000,1.0,462.5625
epsilon_greedy,31,28,0.5306122448979589,0.2857142857142856,1.0,0.0,0.0,0.0,0,0.0,16,500000,1.0,462.5625
epsilon_greedy,31,29,0.5306122448979589,0.36734693877551017,1.0,0.0,0.0,0.0,0,0.0,16,500000,1.0,462.5625
epsilon_greedy,31,30,0.5306122448979589,0.4489795918367343,1.0,0.0,0.0,0.0,0,0.0,16,500000,1.0,462.5625
epsilon_greedy,31,31,0.5306122448979589,0.5306122448979589,1.0,0.0,0.0,0.0,0,0.0,16,500000,1.0,462.5625
epsilon_greedy,31,32,0.5306122448979589,0.6122448979591835,1.0,0.0,0.0,0.0,0,0.0,16,500000,1.0,462.5625
epsilon_greedy,31,33,0.5306122448979589,0.693877551020408,1.0,0.0,0.0,0.0,0,0.0,16,500000,1.0,462.5625
epsilon_greedy,31,34,0.5306122448979589,0.7755102040816326,1.0,0.0,0.0,0.0,0,0.0,16,500000,1.0,462.5625
epsilon_greedy,31,35,0.5306122448979589,0.8571428571428568,1.0,0.0,0.0,0.0,0,0.0,16,500000,1.0,462.5625
epsilon_greedy,31,36,0.5306122448979589,0.9387755102040813,1.0,0.0,0.0,0.0,0,0.0,16,500000,1.0,462.5625
epsilon_greedy,31,37,0.5306122448979589,1.020408163265306,1.0,0.0,0.0,0.0,0,0.0,16,500000,1.0,462.5625
epsilon_greedy,31,38,0.5306122448979589,1.1020408163265305,1.0,0.0,0.0,0.0,0,0.0,16,500000,1.0,462.5625
epsilon_greedy,31,39,0.5306122448979589,1.1836734693877546,1.0,0.0,0.0,0.0,0,0.0,16,500000,1.0,462.5625
epsilon_greedy,31,40,0.5306122448979589,1.2653061224489792,1.0,0.0,0.0,0.0,0,0.0,16,500000,1.0,462.5625
epsilon_greedy,31,41,0.5306122448979589,1.3469387755102038,1.0,0.0,0.0,0.0,0,0.0,16,500000,1.0,462.5625
epsilon_greedy,31,42,0.5306122448979589,1.4285714285714284,1.0,0.0,0.0,0.0,0,0.0,16,500000,1.0,462.5625
epsilon_greedy,31,43,0.5306122448979589,1.510204081632653,1.0,0.0,0.0,0.0,0,0.0,16,500000,1.0,462.5625
epsilon_greedy,31,44,0.5306122448979589,1.591836734693877,1.0,0.0,0.0,0.0,0,0.0,16,500000,1.0,462.5625
epsilon_greedy,31,45,0.5306122448979589,1.6734693877551017,1.0,0.0,0.0,0.0,0,0.0,16,500000,1.0,462.5625
epsilon_greedy,31,46,0.5306122448979589,1.7551020408163263,1.0,0.0,0.0,0.0,0,0.0,16,500000,1.0,462.5625
epsilon_greedy,31,47,0.5306122448979589,1.8367346938775508,1.0,0.0,0.0,0.0,0,0.0,16,500000,1.0,462.5625
epsilon_greedy,31,48,0.5306122448979589,1.9183673469387754,1.0,0.0,0.0,0.0,0,0.0,16,500000,1.0,462.5625
epsilon_greedy,31,49,0.5306122448979589,2.0,1.0,0.0,0.0,0.0,0,0.0,16,500000,1.0,353.75
epsilon_greedy,32,0,0.6122448979591835,-2.0,1.0,0.0,0.0,0.0,0,0.0,16,500000,1.0,346.5625
epsilon_greedy,32,1,0.6122448979591835,-1.9183673469387754,1.0,0.0,0.0,0.0,0,0.0,16,500000,1.0,462.5625
epsilon_greedy,32,2,0.6122448979591835,-1.836734693877551,1.0,0.0,0.0,0.0,0,0.0,16,500000,1.0,462.5625
epsilon_greedy,32,3,0.6122448979591835,-1.7551020408163265,1.0,0.0,0.0,0.0,0,0.0,16,500000,1.0,462.5625
epsilon_greedy,32,4,0.6122448979591835,-1.6734693877551021,1.0,0.0,0.0,0.0,0,0.0,16,500000,1.0,462.5625
epsilon_greedy,32,5,0.6122448979591835,-1.5918367346938775,1.0,0.0,0.0,0.0,0,0.0,16,500000,1.0,462.5625
epsilon_greedy,32,6,0.6122448979591835,-1.510204081632653,1.0,0.0,0.0,0.0,0,0.0,16,500000,1.0,462.5625
epsilon_greedy,32,7,0.6122448979591835,-1.4285714285714286,1.0,0.0,0.0,0.0,0,0.0,16,500000,1.0,462.5625
epsilon_greedy,32,8,0.6122448979591835,-1.3469387755102042,1.0,0.0,0.0,0.0,0,0.0,16,500000,1.0,462.5625
epsilon_greedy,32,9,0.6122448979591835,-1.2653061224489797,1.0,0.0,0.0,0.0,0,0.0,16,500000,1.0,462.5625
epsilon_greedy,32,10,0.6122448979591835,-1.183673469387755,1.0,0.0,0.0,0.0,0,0.0,16,500000,1.0,462.5625
epsilon_greedy,32,11,0.6122448979591835,-1.1020408163265307,1.0,0.0,0.0,0.0,0,0.0,16,500000,1.0,462.5625
epsilon_greedy,32,12,0.6122448979591835,-1.0204081632653061,1.0,0.0,0.0,0.0,0,0.0,16,500000,1.0,462.5625
epsilon_greedy,32,13,0.6122448979591835,-0.9387755102040818,1.0,0.0,0.0,0.0,0,0.0,16,500000,1.0,462.5625
epsilon_greedy,32,14,0.6122448979591835,-0.8571428571428572,1.0,0.0,0.0,0.0,0,0.0,16,500000,1.0,462.5625
epsilon_greedy,32,15,0.6122448979591835,-0.7755102040816328,1.0,0.0,0.0,0.0,0,0.0,16,500000,1.0,462.5625
epsilon_greedy,32,16,0.6122448979591835,-0.6938775510204083,1.0,0.0,0.0,0.0,0,0.0,16,500000,1.0,462.5625
epsilon_greedy,32,17,0.6122448979591835,-0.6122448979591837,1.0,0.0,0.0,0.0,0,0.0,16,500000,1.0,462.5625
epsilon_greedy,32,18,0.6122448979591835,-0.5306122448979593,1.0,0.0,0.0,0.0,0,0.0,16,500000,1.0,462.5625
epsilon_greedy,32,19,0.6122448979591835,-0.44897959183673475,1.0,0.0,0.0,0.0,0,0.0,16,500000,1.0,462.5625
epsilon_greedy,32,20,0.6122448979591835,-0.3673469387755104,1.0,0.0,0.0,0.0,0,0.0,16,500000,1.0,462.5625
epsilon_greedy,32,21,0.6122448979591835,-0.2857142857142858,1.0,0.0,0.0,0.0,0,0.0,16,500000,1.0,462.5625
epsilon_greedy,32,22,0.6122448979591835,-0.20408163265306145,1.0,0.0,0.0,0.0,0,0.0,16,500000,1.0,462.5625
epsilon_greedy,32,23,0.6122448979591835,-0.12244897959183687,1.0,0.0,0.0,0.0,0,0.0,16,500000,1.0,462.5625
epsilon_greedy,32,24,0.6122448979591835,-0.04081632653061229,1.0,0.0,0.0,0.0,0,0.0,16,500000,1.0,462.5625
epsilon_greedy,32,25,0.6122448979591835,0.04081632653061229,1.0,0.0,0.0,0.0,0,0.0,16,500000,1.0,462.5625
epsilon_greedy,32,26,0.6122448979591835,0.12244897959183643,1.0,0.0,0.0,0.0,0,0.0,16,500000,1.0,462.5625
epsilon_greedy,32,27,0.6122448979591835,0.204081632653061,1.0,0.0,0.0,0.0,0,0.0,16,500000,1.0,462.5625
epsilon_greedy,32,28,0.6122448979591835,0.2857142857142856,1.0,0.0,0.0,0.0,0,0.0,16,500000,1.0,462.5625
epsilon_greedy,32,29,0.6122448979591835,0.36734693877551017,1.0,0.0,0.0,0.0,0,0.0,16,500000,1.0,462.5625
epsilon_greedy,32,30,0.6122448979591835,0.4489795918367343,1.0,0.0,0.0,0.0,0,0.0,16,500000,1.0,462.5625
epsilon_greedy,32,31,0.6122448979591835,0.5306122448979589,1.0,0.0,0.0,0.0,0,0.0,16,500000,1.0,462.5625
epsilon_greedy,32,32,0.6122448979591835,0.6122448979591835,1.0,0.0,0.0,0.0,0,0.0,16,500000,1.0,462.5625
epsilon_greedy,32,33,0.6122448979591835,0.693877551020408,1.0,0.0,0.0,0.0,0,0.0,16,500000,1.0,462.5625
epsilon_greedy,32,34,0.6122448979591835,0.7755102040816326,1.0,0.0,0.0,0.0,0,0.0,16,500000,1.0,462.5625
epsilon_greedy,32,35,0.6122448979591835,0.8571428571428568,1.0,0.0,0.0,0.0,0,0.0,16,500000,1.0,462.5625
epsilon_greedy,32,36,0.6122448979591835,0.9387755102040813,1.0,0.0,0.0,0.0,0,0.0,16,500000,1.0,462.5625
epsilon_greedy,32,37,0.6122448979591835,1.020408163265306,1.0,0.0,0.0,0.0,0,0.0,16,500000,1.0,462.5625
epsilon_greedy,32,38,0.6122448979591835,1.1020408163265305,1.0,0.0,0.0,0.0,0,0.0,16,500000,1.0,462.5625
epsilon_greedy,32,39,0.6122448979591835,1.1836734693877546,1.0,0.0,0.0,0.0,0,0.0,16,500000,1.0,462.5625
epsilon_greedy,32,40,0.6122448979591835,1.2653061224489792,1.0,0.0,0.0,0.0,0,0.0,16,500000,1.0,462.5625
epsilon_greedy,32,41,0.6122448979591835,1.3469387755102038,1.0,0.0,0.0,0.0,0,0.0,16,500000,1.0,462.5625
epsilon_greedy,32,42,0.6122448979591835,1.4285714285714284,1.0,0.0,0.0,0.0,0,0.0,16,500000,1.0,462.5625
epsilon_greedy,32,43,0.6122448979591835,1.510204081632653,1.0,0.0,0.0,0.0,0,0.0,16,500000,1.0,462.5625
epsilon_greedy,32,44,0.6122448979591835,1.591836734693877,1.0,0.0,0.0,0.0,0,0.0,16,500000,1.0,462.5625
epsilon_greedy,32,45,0.6122448979591835,1.6734693877551017,1.0,0.0,0.0,0.0,0,0.0,16,500000,1.0,462.5625
epsilon_greedy,32,46,0.6122448979591835,1.7551020408163263,1.0,0.0,0.0,0.0,0,0.0,16,500000,1.0,462.5625
epsilon_greedy,32,47,0.6122448979591835,1.8367346938775508,1.0,0.0,0.0,0.0,0,0.0,16,500000,1.0,462.5625
epsilon_greedy,32,48,0.6122448979591835,1.9183673469387754,1.0,0.0,0.0,0.0,0,0.0,16,500000,1.0,462.5625
epsilon_greedy,32,49,0.6122448979591835,2.0,1.0,0.0,0.0,0.0,0,0.0,16,500000,1.0,353.75
epsilon_greedy,33,0,0.693877551020408,-2.0,1.0,0.0,0.0,0.0,0,0.0,16,500000,1.0,346.5625
epsilon_greedy,33,1,0.693877551020408,-1.9183673469387754,1.0,0.0,0.0,0.0,0,0.0,16,500000,1.0,462.5625
epsilon_greedy,33,2,0.693877551020408,-1.836734693877551,1.0,0.0,0.0,0.0,0,0.0,16,500000,1.0,462.5625
epsilon_greedy,33,3,0.693877551020408,-1.7551020408163265,1.0,0.0,0.0,0.0,0,0.0,16,500000,1.0,462.5625
epsilon_greedy,33,4,0.693877551020408,-1.6734693877551021,1.0,0.0,0.0,0.0,0,0.0,16,500000,1.0,462.5625
epsilon_greedy,33,5,0.693877551020408,-1.5918367346938775,1.0,0.0,0.0,0.0,0,0.0,16,500000,1.0,462.5625
epsilon_greedy,33,6,0.693877551020408,-1.510204081632653,1.0,0.0,0.0,0.0,0,0.0,16,500000,1.0,462.5625
epsilon_greedy,33,7,0.693877551020408,-1.4285714285714286,1.0,0.0,0.0,0.0,0,0.0,16,500000,1.0,462.5625
epsilon_greedy,33,8,0.693877551020408,-1.3469387755102042,1.0,0.0,0.0,0.0,0,0.0,16,500000,1.0,462.5625
epsilon_greedy,33,9,0.693877551020408,-1.2653061224489797,1.0,0.0,0.0,0.0,0,0.0,16,500000,1.0,462.5625
epsilon_greedy,33,10,0.693877551020408,-1.183673469387755,1.0,0.0,0.0,0.0,0,0.0,16,500000,1.0,462.5625
epsilon_greedy,33,11,0.693877551020408,-1.1020408163265307,1.0,0.0,0.0,0.0,0,0.0,16,500000,1.0,462.5625
epsilon_greedy,33,12,0.693877551020408,-1.0204081632653061,1.0,0.0,0.0,0.0,0,0.0,16,500000,1.0,462.5625
epsilon_greedy,33,13,0.693877551020408,-0.9387755102040818,1.0,0.0,0.0,0.0,0,0.0,16,500000,1.0,462.5625
epsilon_greedy,33,14,0.693877551020408,-0.8571428571428572,1.0,0.0,0.0,0.0,0,0.0,16,500000,1.0,462.5625
epsilon_greedy,33,15,0.693877551020408,-0.7755102040816328,1.0,0.0,0.0,0.0,0,0.0,16,500000,1.0,462.5625
epsilon_greedy,33,16,0.693877551020408,-0.6938775510204083,1.0,0.0,0.0,0.0,0,0.0,16,500000,1.0,462.5625
epsilon_greedy,33,17,0.693877551020408,-0.6122448979591837,1.0,0.0,0.0,0.0,0,0.0,16,500000,1.0,462.5625
epsilon_greedy,33,18,0.693877551020408,-0.5306122448979593,1.0,0.0,0.0,0.0,0,0.0,16,500000,1.0,462.5625
epsilon_greedy,33,19,0.693877551020408,-0.44897959183673475,1.0,0.0,0.0,0.0,0,0.0,16,500000,1.0,462.5625
epsilon_greedy,33,20,0.693877551020408,-0.3673469387755104,1.0,0.0,0.0,0.0,0,0.0,16,500000,1.0,462.5625
epsilon_greedy,33,21,0.693877551020408,-0.2857142857142858,1.0,0.0,0.0,0.0,0,0.0,16,500000,1.0,462.5625
epsilon_greedy,33,22,0.693877551020408,-0.20408163265306145,1.0,0.0,0.0,0.0,0,0.0,16,500000,1.0,462.5625
epsilon_greedy,33,23,0.693877551020408,-0.12244897959183687,1.0,0.0,0.0,0.0,0,0.0,16,500000,1.0,462.5625
epsilon_greedy,33,24,0.693877551020408,-0.04081632653061229,1.0,0.0,0.0,0.0,0,0.0,16,500000,1.0,462.5625
epsilon_greedy,33,25,0.693877551020408,0.04081632653061229,1.0,0.0,0.0,0.0,0,0.0,16,500000,1.0,462.5625
epsilon_greedy,33,26,0.693877551020408,0.12244897959183643,1.0,0.0,0.0,0.0,0,0.0,16,500000,1.0,462.5625
epsilon_greedy,33,27,0.693877551020408,0.204081632653061,1.0,0.0,0.0,0.0,0,0.0,16,500000,1.0,462.5625
epsilon_greedy,33,28,0.693877551020408,0.2857142857142856,1.0,0.0,0.0,0.0,0,0.0,16,500000,1.0,462.5625
epsilon_greedy,33,29,0.693877551020408,0.36734693877551017,1.0,0.0,0.0,0.0,0,0.0,16,500000,1.0,462.5625
epsilon_greedy,33,30,0.693877551020408,0.4489795918367343,1.0,0.0,0.0,0.0,0,0.0,16,500000,1.0,462.5625
epsilon_greedy,33,31,0.693877551020408,0.5306122448979589,1.0,0.0,0.0,0.0,0,0.0,16,500000,1.0,462.5625
epsilon_greedy,33,32,0.693877551020408,0.6122448979591835,1.0,0.0,0.0,0.0,0,0.0,16,500000,1.0,462.5625
epsilon_greedy,33,33,0.693877551020408,0.693877551020408,1.0,0.0,0.0,0.0,0,0.0,16,500000,1.0,462.5625
epsilon_greedy,33,34,0.693877551020408,0.7755102040816326,1.0,0.0,0.0,0.0,0,0.0,16,500000,1.0,462.5625
epsilon_greedy,33,35,0.693877551020408,0.8571428571428568,1.0,0.0,0.0,0.0,0,0.0,16,500000,1.0,462.5625
epsilon_greedy,33,36,0.693877551020408,0.9387755102040813,1.0,0.0,0.0,0.0,0,0.0,16,500000,1.0,462.5625
epsilon_greedy,33,37,0.693877551020408,1.020408163265306,1.0,0.0,0.0,0.0,0,0.0,16,500000,1.0,462.5625
epsilon_greedy,33,38,0.693877551020408,1.1020408163265305,1.0,0.0,0.0,0.0,0,0.0,16,500000,1.0,462.5625
epsilon_greedy,33,39,0.693877551020408,1.1836734693877546,1.0,0.0,0.0,0.0,0,0.0,16,500000,1.0,462.5625
epsilon_greedy,33,40,0.693877551020408,1.2653061224489792,1.0,0.0,0.0,0.0,0,0.0,16,500000,1.0,462.5625
epsilon_greedy,33,41,0.693877551020408,1.3469387755102038,1.0,0.0,0.0,0.0,0,0.0,16,500000,1.0,462.5625
epsilon_greedy,33,42,0.693877551020408,1.4285714285714284,1.0,0.0,0.0,0.0,0,0.0,16,500000,1.0,462.5625
epsilon_greedy,33,43,0.693877551020408,1.510204081632653,1.0,0.0,0.0,0.0,0,0.0,16,500000,1.0,462.5625
epsilon_greedy,33,44,0.693877551020408,1.591836734693877,1.0,0.0,0.0,0.0,0,0.0,16,500000,1.0,462.5625
epsilon_greedy,33,45,0.693877551020408,1.6734693877551017,1.0,0.0,0.0,0.0,0,0.0,16,500000,1.0,462.5625
epsilon_greedy,33,46,0.693877551020408,1.7551020408163263,1.0,0.0,0.0,0.0,0,0.0,16,500000,1.0,462.5625
epsilon_greedy,33,47,0.693877551020408,1.8367346938775508,1.0,0.0,0.0,0.0,0,0.0,16,500000,1.0,462.5625
epsilon_greedy,33,48,0.693877551020408,1.9183673469387754,1.0,0.0,0.0,0.0,0,0.0,16,500000,1.0,462.5625
epsilon_greedy,33,49,0.693877551020408,2.0,1.0,0.0,0.0,0.0,0,0.0,16,500000,1.0,353.75
epsilon_greedy,34,0,0.7755102040816326,-2.0,1.0,0.0,0.0,0.0,0,0.0,16,500000,1.0,346.5625
epsilon_greedy,34,1,0.7755102040816326,-1.9183673469387754,1.0,0.0,0.0,0.0,0,0.0,16,500000,1.0,462.5625
epsilon_greedy,34,2,0.7755102040816326,-1.836734693877551,1.0,0.0,0.0,0.0,0,0.0,16,500000,1.0,462.5625
epsilon_greedy,34,3,0.7755102040816326,-1.7551020408163265,1.0,0.0,0.0,0.0,0,0.0,16,500000,1.0,462.5625
epsilon_greedy,34,4,0.7755102040816326,-1.6734693877551021,1.0,0.0,0.0,0.0,0,0.0,16,500000,1.0,462.5625
epsilon_greedy,34,5,0.7755102040816326,-1.5918367346938775,1.0,0.0,0.0,0.0,0,0.0,16,500000,1.0,462.5625
epsilon_greedy,34,6,0.7755102040816326,-1.510204081632653,1.0,0.0,0.0,0.0,0,0.0,16,500000,1.0,462.5625
epsilon_greedy,34,7,0.7755102040816326,-1.4285714285714286,1.0,0.0,0.0,0.0,0,0.0,16,500000,1.0,462.5625
epsilon_greedy,34,8,0.7755102040816326,-1.3469387755102042,1.0,0.0,0.0,0.0,0,0.0,16,500000,1.0,462.5625
epsilon_greedy,34,9,0.7755102040816326,-1.2653061224489797,1.0,0.0,0.0,0.0,0,0.0,16,500000,1.0,462.5625
epsilon_greedy,34,10,0.7755102040816326,-1.183673469387755,1.0,0.0,0.0,0.0,0,0.0,16,500000,1.0,462.5625
epsilon_greedy,34,11,0.7755102040816326,-1.1020408163265307,1.0,0.0,0.0,0.0,0,0.0,16,500000,1.0,462.5625
epsilon_greedy,34,12,0.7755102040816326,-1.0204081632653061,1.0,0.0,0.0,0.0,0,0.0,16,500000,1.0,462.5625
epsilon_greedy,34,13,0.7755102040816326,-0.9387755102040818,1.0,0.0,0.0,0.0,0,0.0,16,500000,1.0,462.5625
epsilon_greedy,34,14,0.7755102040816326,-0.8571428571428572,1.0,0.0,0.0,0.0,0,0.0,16,500000,1.0,462.5625
epsilon_greedy,34,15,0.7755102040816326,-0.7755102040816328,1.0,0.0,0.0,0.0,0,0.0,16,500000,1.0,462.5625
epsilon_greedy,34,16,0.7755102040816326,-0.6938775510204083,1.0,0.0,0.0,0.0,0,0.0,16,500000,1.0,462.5625
epsilon_greedy,34,17,0.7755102040816326,-0.6122448979591837,1.0,0.0,0.0,0.0,0,0.0,16,500000,1.0,462.5625
epsilon_greedy,34,18,0.7755102040816326,-0.5306122448979593,1.0,0.0,0.0,0.0,0,0.0,16,500000,1.0,462.5625
epsilon_greedy,34,19,0.7755102040816326,-0.44897959183673475,1.0,0.0,0.0,0.0,0,0.0,16,500000,1.0,462.5625
epsilon_greedy,34,20,0.7755102040816326,-0.3673469387755104,1.0,0.0,0.0,0.0,0,0.0,16,500000,1.0,462.5625
epsilon_greedy,34,21,0.7755102040816326,-0.2857142857142858,1.0,0.0,0.0,0.0,0,0.0,16,500000,1.0,462.5625
epsilon_greedy,34,22,0.7755102040816326,-0.20408163265306145,1.0,0.0,0.0,0.0,0,0.0,16,500000,1.0,462.5625
epsilon_greedy,34,23,0.7755102040816326,-0.12244897959183687,1.0,0.0,0.0,0.0,0,0.0,16,500000,1.0,462.5625
epsilon_greedy,34,24,0.7755102040816326,-0.04081632653061229,1.0,0.0,0.0,0.0,0,0.0,16,500000,1.0,462.5625
epsilon_greedy,34,25,0.7755102040816326,0.04081632653061229,1.0,0.0,0.0,0.0,0,0.0,16,500000,1.0,462.5625
epsilon_greedy,34,26,0.7755102040816326,0.12244897959183643,1.0,0.0,0.0,0.0,0,0.0,16,500000,1.0,462.5625
epsilon_greedy,34,27,0.7755102040816326,0.204081632653061,1.0,0.0,0.0,0.0,0,0.0,16,500000,1.0,462.5625
epsilon_greedy,34,28,0.7755102040816326,0.2857142857142856,1.0,0.0,0.0,0.0,0,0.0,16,500000,1.0,462.5625
epsilon_greedy,34,29,0.7755102040816326,0.36734693877551017,1.0,0.0,0.0,0.0,0,0.0,16,500000,1.0,462.5625
epsilon_greedy,34,30,0.7755102040816326,0.4489795918367343,1.0,0.0,0.0,0.0,0,0.0,16,500000,1.0,462.5625
epsilon_greedy,34,31,0.7755102040816326,0.5306122448979589,1.0,0.0,0.0,0.0,0,0.0,16,500000,1.0,462.5625
epsilon_greedy,34,32,0.7755102040816326,0.6122448979591835,1.0,0.0,0.0,0.0,0,0.0,16,500000,1.0,462.5625
epsilon_greedy,34,33,0.7755102040816326,0.693877551020408,1.0,0.0,0.0,0.0,0,0.0,16,500000,1.0,462.5625
epsilon_greedy,34,34,0.7755102040816326,0.7755102040816326,1.0,0.0,0.0,0.0,0,0.0,16,500000,1.0,462.5625
epsilon_greedy,34,35,0.7755102040816326,0.8571428571428568,1.0,0.0,0.0,0.0,0,0.0,16,500000,1.0,462.5625
epsilon_greedy,34,36,0.7755102040816326,0.9387755102040813,1.0,0.0,0.0,0.0,0,0.0,16,500000,1.0,462.5625
epsilon_greedy,34,37,0.7755102040816326,1.020408163265306,1.0,0.0,0.0,0.0,0,0.0,16,500000,1.0,462.5625
epsilon_greedy,34,38,0.7755102040816326,1.1020408163265305,1.0,0.0,0.0,0.0,0,0.0,16,500000,1.0,462.5625
epsilon_greedy,34,39,0.7755102040816326,1.1836734693877546,1.0,0.0,0.0,0.0,0,0.0,16,500000,1.0,462.5625
epsilon_greedy,34,40,0.7755102040816326,1.2653061224489792,1.0,0.0,0.0,0.0,0,0.0,16,500000,1.0,462.5625
epsilon_greedy,34,41,0.7755102040816326,1.3469387755102038,1.0,0.0,0.0,0.0,0,0.0,16,500000,1.0,462.5625
epsilon_greedy,34,42,0.7755102040816326,1.4285714285714284,1.0,0.0,0.0,0.0,0,0.0,16,500000,1.0,462.5625
epsilon_greedy,34,43,0.7755102040816326,1.510204081632653,1.0,0.0,0.0,0.0,0,0.0,16,500000,1.0,462.5625
epsilon_greedy,34,44,0.7755102040816326,1.591836734693877,1.0,0.0,0.0,0.0,0,0.0,16,500000,1.0,462.5625
epsilon_greedy,34,45,0.7755102040816326,1.6734693877551017,1.0,0.0,0.0,0.0,0,0.0,16,500000,1.0,462.5625
epsilon_greedy,34,46,0.7755102040816326,1.7551020408163263,1.0,0.0,0.0,0.0,0,0.0,16,500000,1.0,462.5625
epsilon_greedy,34,47,0.7755102040816326,1.8367346938775508,1.0,0.0,0.0,0.0,0,0.0,16,500000,1.0,462.5625
epsilon_greedy,34,48,0.7755102040816326,1.9183673469387754,1.0,0.0,0.0,0.0,0,0.0,16,500000,1.0,462.5625
epsilon_greedy,34,49,0.7755102040816326,2.0,1.0,0.0,0.0,0.0,0,0.0,16,500000,1.0,353.75
epsilon_greedy,35,0,0.8571428571428568,-2.0,1.0,0.0,0.0,0.0,0,0.0,16,500000,1.0,346.5625
epsilon_greedy,35,1,0.8571428571428568,-1.9183673469387754,1.0,0.0,0.0,0.0,0,0.0,16,500000,1.0,462.5625
epsilon_greedy,35,2,0.8571428571428568,-1.836734693877551,1.0,0.0,0.0,0.0,0,0.0,16,500000,1.0,462.5625
epsilon_greedy,35,3,0.8571428571428568,-1.7551020408163265,1.0,0.0,0.0,0.0,0,0.0,16,500000,1.0,462.5625
epsilon_greedy,35,4,0.8571428571428568,-1.6734693877551021,1.0,0.0,0.0,0.0,0,0.0,16,500000,1.0,462.5625
epsilon_greedy,35,5,0.8571428571428568,-1.5918367346938775,1.0,0.0,0.0,0.0,0,0.0,16,500000,1.0,462.5625
epsilon_greedy,35,6,0.8571428571428568,-1.510204081632653,1.0,0.0,0.0,0.0,0,0.0,16,500000,1.0,462.5625
epsilon_greedy,35,7,0.8571428571428568,-1.4285714285714286,1.0,0.0,0.0,0.0,0,0.0,16,500000,1.0,462.5625
epsilon_greedy,35,8,0.8571428571428568,-1.3469387755102042,1.0,0.0,0.0,0.0,0,0.0,16,500000,1.0,462.5625
epsilon_greedy,35,9,0.8571428571428568,-1.2653061224489797,1.0,0.0,0.0,0.0,0,0.0,16,500000,1.0,462.5625
epsilon_greedy,35,10,0.8571428571428568,-1.183673469387755,1.0,0.0,0.0,0.0,0,0.0,16,500000,1.0,462.5625
epsilon_greedy,35,11,0.8571428571428568,-1.1020408163265307,1.0,0.0,0.0,0.0,0,0.0,16,500000,1.0,462.5625
epsilon_greedy,35,12,0.8571428571428568,-1.0204081632653061,1.0,0.0,0.0,0.0,0,0.0,16,500000,1.0,462.5625
epsilon_greedy,35,13,0.8571428571428568,-0.9387755102040818,1.0,0.0,0.0,0.0,0,0.0,16,500000,1.0,462.5625
epsilon_greedy,35,14,0.8571428571428568,-0.8571428571428572,1.0,0.0,0.0,0.0,0,0.0,16,500000,1.0,462.5625
epsilon_greedy,35,15,0.8571428571428568,-0.7755102040816328,1.0,0.0,0.0,0.0,0,0.0,16,500000,1.0,462.5625
epsilon_greedy,35,16,0.8571428571428568,-0.6938775510204083,1.0,0.0,0.0,0.0,0,0.0,16,500000,1.0,462.5625
epsilon_greedy,35,17,0.8571428571428568,-0.6122448979591837,1.0,0.0,0.0,0.0,0,0.0,16,500000,1.0,462.5625
epsilon_greedy,35,18,0.8571428571428568,-0.5306122448979593,1.0,0.0,0.0,0.0,0,0.0,16,500000,1.0,462.5625
epsilon_greedy,35,19,0.8571428571428568,-0.44897959183673475,1.0,0.0,0.0,0.0,0,0.0,16,500000,1.0,462.5625
epsilon_greedy,35,20,0.8571428571428568,-0.3673469387755104,1.0,0.0,0.0,0.0,0,0.0,16,500000,1.0,462.5625
epsilon_greedy,35,21,0.8571428571428568,-0.2857142857142858,1.0,0.0,0.0,0.0,0,0.0,16,500000,1.0,462.5625
epsilon_greedy,35,22,0.8571428571428568,-0.20408163265306145,1.0,0.0,0.0,0.0,0,0.0,16,500000,1.0,462.5625
epsilon_greedy,35,23,0.8571428571428568,-0.12244897959183687,1.0,0.0,0.0,0.0,0,0.0,16,500000,1.0,462.5625
epsilon_greedy,35,24,0.8571428571428568,-0.04081632653061229,1.0,0.0,0.0,0.0,0,0.0,16,500000,1.0,462.5625
epsilon_greedy,35,25,0.8571428571428568,0.04081632653061229,1.0,0.0,0.0,0.0,0,0.0,16,500000,1.0,462.5625
epsilon_greedy,35,26,0.8571428571428568,0.12244897959183643,1.0,0.0,0.0,0.0,0,0.0,16,500000,1.0,462.5625
epsilon_greedy,35,27,0.8571428571428568,0.204081632653061,1.0,0.0,0.0,0.0,0,0.0,16,500000,1.0,462.5625
epsilon_greedy,35,28,0.8571428571428568,0.2857142857142856,1.0,0.0,0.0,0.0,0,0.0,16,500000,1.0,462.5625
epsilon_greedy,35,29,0.8571428571428568,0.36734693877551017,1.0,0.0,0.0,0.0,0,0.0,16,500000,1.0,462.5625
epsilon_greedy,35,30,0.8571428571428568,0.4489795918367343,1.0,0.0,0.0,0.0,0,0.0,16,500000,1.0,462.5625
epsilon_greedy,35,31,0.8571428571428568,0.5306122448979589,1.0,0.0,0.0,0.0,0,0.0,16,500000,1.0,462.5625
epsilon_greedy,35,32,0.8571428571428568,0.6122448979591835,1.0,0.0,0.0,0.0,0,0.0,16,500000,1.0,462.5625
epsilon_greedy,35,33,0.8571428571428568,0.693877551020408,1.0,0.0,0.0,0.0,0,0.0,16,500000,1.0,462.5625
epsilon_greedy,35,34,0.8571428571428568,0.7755102040816326,1.0,0.0,0.0,0.0,0,0.0,16,500000,1.0,462.5625
epsilon_greedy,35,35,0.8571428571428568,0.8571428571428568,1.0,0.0,0.0,0.0,0,0.0,16,500000,1.0,462.5625
epsilon_greedy,35,36,0.8571428571428568,0.9387755102040813,1.0,0.0,0.0,0.0,0,0.0,16,500000,1.0,462.5625
epsilon_greedy,35,37,0.8571428571428568,1.020408163265306,1.0,0.0,0.0,0.0,0,0.0,16,500000,1.0,462.5625
epsilon_greedy,35,38,0.8571428571428568,1.1020408163265305,1.0,0.0,0.0,0.0,0,0.0,16,500000,1.0,462.5625
epsilon_greedy,35,39,0.8571428571428568,1.1836734693877546,1.0,0.0,0.0,0.0,0,0.0,16,500000,1.0,462.5625
epsilon_greedy,35,40,0.8571428571428568,1.2653061224489792,1.0,0.0,0.0,0.0,0,0.0,16,500000,1.0,462.5625
epsilon_greedy,35,41,0.8571428571428568,1.3469387755102038,1.0,0.0,0.0,0.0,0,0.0,16,500000,1.0,462.5625
epsilon_greedy,35,42,0.8571428571428568,1.4285714285714284,1.0,0.0,0.0,0.0,0,0.0,16,500000,1.0,462.5625
epsilon_greedy,35,43,0.8571428571428568,1.510204081632653,1.0,0.0,0.0,0.0,0,0.0,16,500000,1.0,462.5625
epsilon_greedy,35,44,0.8571428571428568,1.591836734693877,1.0,0.0,0.0,0.0,0,0.0,16,500000,1.0,462.5625
epsilon_greedy,35,45,0.8571428571428568,1.6734693877551017,1.0,0.0,0.0,0.0,0,0.0,16,500000,1.0,462.5625
epsilon_greedy,35,46,0.8571428571428568,1.7551020408163263,1.0,0.0,0.0,0.0,0,0.0,16,500000,1.0,462.5625
epsilon_greedy,35,47,0.8571428571428568,1.8367346938775508,1.0,0.0,0.0,0.0,0,0.0,16,500000,1.0,462.5625
epsilon_greedy,35,48,0.8571428571428568,1.9183673469387754,1.0,0.0,0.0,0.0,0,0.0,16,500000,1.0,462.5625
epsilon_greedy,35,49,0.8571428571428568,2.0,1.0,0.0,0.0,0.0,0,0.0,16,500000,1.0,353.75
epsilon_greedy,36,0,0.9387755102040813,-2.0,1.0,0.0,0.0,0.0,0,0.0,16,500000,1.0,346.5625
epsilon_greedy,36,1,0.9387755102040813,-1.9183673469387754,1.0,0.0,0.0,0.0,0,0.0,16,500000,1.0,462.5625
epsilon_greedy,36,2,0.9387755102040813,-1.836734693877551,1.0,0.0,0.0,0.0,0,0.0,16,500000,1.0,462.5625
epsilon_greedy,36,3,0.9387755102040813,-1.7551020408163265,1.0,0.0,0.0,0.0,0,0.0,16,500000,1.0,462.5625
epsilon_greedy,36,4,0.9387755102040813,-1.6734693877551021,1.0,0.0,0.0,0.0,0,0.0,16,500000,1.0,462.5625
epsilon_greedy,36,5,0.9387755102040813,-1.5918367346938775,1.0,0.0,0.0,0.0,0,0.0,16,500000,1.0,462.5625
epsilon_greedy,36,6,0.9387755102040813,-1.510204081632653,1.0,0.0,0.0,0.0,0,0.0,16,500000,1.0,462.5625
epsilon_greedy,36,7,0.9387755102040813,-1.4285714285714286,1.0,0.0,0.0,0.0,0,0.0,16,500000,1.0,462.5625
epsilon_greedy,36,8,0.9387755102040813,-1.3469387755102042,1.0,0.0,0.0,0.0,0,0.0,16,500000,1.0,462.5625
epsilon_greedy,36,9,0.9387755102040813,-1.2653061224489797,1.0,0.0,0.0,0.0,0,0.0,16,500000,1.0,462.5625
epsilon_greedy,36,10,0.9387755102040813,-1.183673469387755,1.0,0.0,0.0,0.0,0,0.0,16,500000,1.0,462.5625
epsilon_greedy,36,11,0.9387755102040813,-1.1020408163265307,1.0,0.0,0.0,0.0,0,0.0,16,500000,1.0,462.5625
epsilon_greedy,36,12,0.9387755102040813,-1.0204081632653061,1.0,0.0,0.0,0.0,0,0.0,16,500000,1.0,462.5625
epsilon_greedy,36,13,0.9387755102040813,-0.9387755102040818,1.0,0.0,0.0,0.0,0,0.0,16,500000,1.0,462.5625
epsilon_greedy,36,14,0.9387755102040813,-0.8571428571428572,1.0,0.0,0.0,0.0,0,0.0,16,500000,1.0,462.5625
epsilon_greedy,36,15,0.9387755102040813,-0.7755102040816328,1.0,0.0,0.0,0.0,0,0.0,16,500000,1.0,462.5625
epsilon_greedy,36,16,0.9387755102040813,-0.6938775510204083,1.0,0.0,0.0,0.0,0,0.0,16,500000,1.0,462.5625
epsilon_greedy,36,17,0.9387755102040813,-0.6122448979591837,1.0,0.0,0.0,0.0,0,0.0,16,500000,1.0,462.5625
epsilon_greedy,36,18,0.9387755102040813,-0.5306122448979593,1.0,0.0,0.0,0.0,0,0.0,16,500000,1.0,462.5625
epsilon_greedy,36,19,0.9387755102040813,-0.44897959183673475,1.0,0.0,0.0,0.0,0,0.0,16,500000,1.0,462.5625
epsilon_greedy,36,20,0.9387755102040813,-0.3673469387755104,1.0,0.0,0.0,0.0,0,0.0,16,500000,1.0,462.5625
epsilon_greedy,36,21,0.9387755102040813,-0.2857142857142858,1.0,0.0,0.0,0.0,0,0.0,16,500000,1.0,462.5625
epsilon_greedy,36,22,0.9387755102040813,-0.20408163265306145,1.0,0.0,0.0,0.0,0,0.0,16,500000,1.0,462.5625
epsilon_greedy,36,23,0.9387755102040813,-0.12244897959183687,1.0,0.0,0.0,0.0,0,0.0,16,500000,1.0,462.5625
epsilon_greedy,36,24,0.9387755102040813,-0.04081632653061229,1.0,0.0,0.0,0.0,0,0.0,16,500000,1.0,462.5625
epsilon_greedy,36,25,0.9387755102040813,0.04081632653061229,1.0,0.0,0.0,0.0,0,0.0,16,500000,1.0,462.5625
epsilon_greedy,36,26,0.9387755102040813,0.12244897959183643,1.0,0.0,0.0,0.0,0,0.0,16,500000,1.0,462.5625
epsilon_greedy,36,27,0.9387755102040813,0.204081632653061,1.0,0.0,0.0,0.0,0,0.0,16,500000,1.0,462.5625
epsilon_greedy,36,28,0.9387755102040813,0.2857142857142856,1.0,0.0,0.0,0.0,0,0.0,16,500000,1.0,462.5625
epsilon_greedy,36,29,0.9387755102040813,0.36734693877551017,1.0,0.0,0.0,0.0,0,0.0,16,500000,1.0,462.5625
epsilon_greedy,36,30,0.9387755102040813,0.4489795918367343,1.0,0.0,0.0,0.0,0,0.0,16,500000,1.0,462.5625
epsilon_greedy,36,31,0.9387755102040813,0.5306122448979589,1.0,0.0,0.0,0.0,0,0.0,16,500000,1.0,462.5625
epsilon_greedy,36,32,0.9387755102040813,0.6122448979591835,1.0,0.0,0.0,0.0,0,0.0,16,500000,1.0,462.5625
epsilon_greedy,36,33,0.9387755102040813,0.693877551020408,1.0,0.0,0.0,0.0,0,0.0,16,500000,1.0,462.5625
epsilon_greedy,36,34,0.9387755102040813,0.7755102040816326,1.0,0.0,0.0,0.0,0,0.0,16,500000,1.0,462.5625
epsilon_greedy,36,35,0.9387755102040813,0.8571428571428568,1.0,0.0,0.0,0.0,0,0.0,16,500000,1.0,462.5625
epsilon_greedy,36,36,0.9387755102040813,0.9387755102040813,1.0,0.0,0.0,0.0,0,0.0,16,500000,1.0,462.5625
epsilon_greedy,36,37,0.9387755102040813,1.020408163265306,1.0,0.0,0.0,0.0,0,0.0,16,500000,1.0,462.5625
epsilon_greedy,36,38,0.9387755102040813,1.1020408163265305,1.0,0.0,0.0,0.0,0,0.0,16,500000,1.0,462.5625
epsilon_greedy,36,39,0.9387755102040813,1.1836734693877546,1.0,0.0,0.0,0.0,0,0.0,16,500000,1.0,462.5625
epsilon_greedy,36,40,0.9387755102040813,1.2653061224489792,1.0,0.0,0.0,0.0,0,0.0,16,500000,1.0,462.5625
epsilon_greedy,36,41,0.9387755102040813,1.3469387755102038,1.0,0.0,0.0,0.0,0,0.0,16,500000,1.0,462.5625
epsilon_greedy,36,42,0.9387755102040813,1.4285714285714284,1.0,0.0,0.0,0.0,0,0.0,16,500000,1.0,462.5625
epsilon_greedy,36,43,0.9387755102040813,1.510204081632653,1.0,0.0,0.0,0.0,0,0.0,16,500000,1.0,462.5625
epsilon_greedy,36,44,0.9387755102040813,1.591836734693877,1.0,0.0,0.0,0.0,0,0.0,16,500000,1.0,462.5625
epsilon_greedy,36,45,0.9387755102040813,1.6734693877551017,1.0,0.0,0.0,0.0,0,0.0,16,500000,1.0,462.5625
epsilon_greedy,36,46,0.9387755102040813,1.7551020408163263,1.0,0.0,0.0,0.0,0,0.0,16,500000,1.0,462.5625
epsilon_greedy,36,47,0.9387755102040813,1.8367346938775508,1.0,0.0,0.0,0.0,0,0.0,16,500000,1.0,462.5625
epsilon_greedy,36,48,0.9387755102040813,1.9183673469387754,1.0,0.0,0.0,0.0,0,0.0,16,500000,1.0,462.5625
epsilon_greedy,36,49,0.9387755102040813,2.0,1.0,0.0,0.0,0.0,0,0.0,16,500000,1.0,353.75
epsilon_greedy,37,0,1.020408163265306,-2.0,1.0,0.0,0.0,0.0,0,0.0,16,500000,1.0,346.5625
epsilon_greedy,37,1,1.020408163265306,-1.9183673469387754,1.0,0.0,0.0,0.0,0,0.0,16,500000,1.0,462.5625
epsilon_greedy,37,2,1.020408163265306,-1.836734693877551,1.0,0.0,0.0,0.0,0,0.0,16,500000,1.0,462.5625
epsilon_greedy,37,3,1.020408163265306,-1.7551020408163265,1.0,0.0,0.0,0.0,0,0.0,16,500000,1.0,462.5625
epsilon_greedy,37,4,1.020408163265306,-1.6734693877551021,1.0,0.0,0.0,0.0,0,0.0,16,500000,1.0,462.5625
epsilon_greedy,37,5,1.020408163265306,-1.5918367346938775,1.0,0.0,0.0,0.0,0,0.0,16,500000,1.0,462.5625
epsilon_greedy,37,6,1.020408163265306,-1.510204081632653,1.0,0.0,0.0,0.0,0,0.0,16,500000,1.0,462.5625
epsilon_greedy,37,7,1.020408163265306,-1.4285714285714286,1.0,0.0,0.0,0.0,0,0.0,16,500000,1.0,462.5625
epsilon_greedy,37,8,1.020408163265306,-1.3469387755102042,1.0,0.0,0.0,0.0,0,0.0,16,500000,1.0,462.5625
epsilon_greedy,37,9,1.020408163265306,-1.2653061224489797,1.0,0.0,0.0,0.0,0,0.0,16,500000,1.0,462.5625
epsilon_greedy,37,10,1.020408163265306,-1.183673469387755,1.0,0.0,0.0,0.0,0,0.0,16,500000,1.0,462.5625
epsilon_greedy,37,11,1.020408163265306,-1.1020408163265307,1.0,0.0,0.0,0.0,0,0.0,16,500000,1.0,462.5625
epsilon_greedy,37,12,1.020408163265306,-1.0204081632653061,1.0,0.0,0.0,0.0,0,0.0,16,500000,1.0,462.5625
epsilon_greedy,37,13,1.020408163265306,-0.9387755102040818,1.0,0.0,0.0,0.0,0,0.0,16,500000,1.0,462.5625
epsilon_greedy,37,14,1.020408163265306,-0.8571428571428572,1.0,0.0,0.0,0.0,0,0.0,16,500000,1.0,462.5625
epsilon_greedy,37,15,1.020408163265306,-0.7755102040816328,1.0,0.0,0.0,0.0,0,0.0,16,500000,1.0,462.5625
epsilon_greedy,37,16,1.020408163265306,-0.6938775510204083,1.0,0.0,0.0,0.0,0,0.0,16,500000,1.0,462.5625
epsilon_greedy,37,17,1.020408163265306,-0.6122448979591837,1.0,0.0,0.0,0.0,0,0.0,16,500000,1.0,462.5625
epsilon_greedy,37,18,1.020408163265306,-0.5306122448979593,1.0,0.0,0.0,0.0,0,0.0,16,500000,1.0,462.5625
epsilon_greedy,37,19,1.020408163265306,-0.44897959183673475,1.0,0.0,0.0,0.0,0,0.0,16,500000,1.0,462.5625
epsilon_greedy,37,20,1.020408163265306,-0.3673469387755104,1.0,0.0,0.0,0.0,0,0.0,16,500000,1.0,462.5625
epsilon_greedy,37,21,1.020408163265306,-0.2857142857142858,1.0,0.0,0.0,0.0,0,0.0,16,500000,1.0,462.5625
epsilon_greedy,37,22,1.020408163265306,-0.20408163265306145,1.0,0.0,0.0,0.0,0,0.0,16,500000,1.0,462.5625
epsilon_greedy,37,23,1.020408163265306,-0.12244897959183687,1.0,0.0,0.0,0.0,0,0.0,16,500000,1.0,462.5625
epsilon_greedy,37,24,1.020408163265306,-0.04081632653061229,1.0,0.0,0.0,0.0,0,0.0,16,500000,1.0,462.5625
epsilon_greedy,37,25,1.020408163265306,0.04081632653061229,1.0,0.0,0.0,0.0,0,0.0,16,500000,1.0,462.5625
epsilon_greedy,37,26,1.020408163265306,0.12244897959183643,1.0,0.0,0.0,0.0,0,0.0,16,500000,1.0,462.5625
epsilon_greedy,37,27,1.020408163265306,0.204081632653061,1.0,0.0,0.0,0.0,0,0.0,16,500000,1.0,462.5625
epsilon_greedy,37,28,1.020408163265306,0.2857142857142856,1.0,0.0,0.0,0.0,0,0.0,16,500000,1.0,462.5625
epsilon_greedy,37,29,1.020408163265306,0.36734693877551017,1.0,0.0,0.0,0.0,0,0.0,16,500000,1.0,462.5625
epsilon_greedy,37,30,1.020408163265306,0.4489795918367343,1.0,0.0,0.0,0.0,0,0.0,16,500000,1.0,462.5625
epsilon_greedy,37,31,1.020408163265306,0.5306122448979589,1.0,0.0,0.0,0.0,0,0.0,16,500000,1.0,462.5625
epsilon_greedy,37,32,1.020408163265306,0.6122448979591835,1.0,0.0,0.0,0.0,0,0.0,16,500000,1.0,462.5625
epsilon_greedy,37,33,1.020408163265306,0.693877551020408,1.0,0.0,0.0,0.0,0,0.0,16,500000,1.0,462.5625
epsilon_greedy,37,34,1.020408163265306,0.7755102040816326,1.0,0.0,0.0,0.0,0,0.0,16,500000,1.0,462.5625
epsilon_greedy,37,35,1.020408163265306,0.8571428571428568,1.0,0.0,0.0,0.0,0,0.0,16,500000,1.0,462.5625
epsilon_greedy,37,36,1.020408163265306,0.9387755102040813,1.0,0.0,0.0,0.0,0,0.0,16,500000,1.0,462.5625
epsilon_greedy,37,37,1.020408163265306,1.020408163265306,1.0,0.0,0.0,0.0,0,0.0,16,500000,1.0,462.5625
epsilon_greedy,37,38,1.020408163265306,1.1020408163265305,1.0,0.0,0.0,0.0,0,0.0,16,500000,1.0,462.5625
epsilon_greedy,37,39,1.020408163265306,1.1836734693877546,1.0,0.0,0.0,0.0,0,0.0,16,500000,1.0,462.5625
epsilon_greedy,37,40,1.020408163265306,1.2653061224489792,1.0,0.0,0.0,0.0,0,0.0,16,500000,1.0,462.5625
epsilon_greedy,37,41,1.020408163265306,1.3469387755102038,1.0,0.0,0.0,0.0,0,0.0,16,500000,1.0,462.5625
epsilon_greedy,37,42,1.020408163265306,1.4285714285714284,1.0,0.0,0.0,0.0,0,0.0,16,500000,1.0,462.5625
epsilon_greedy,37,43,1.020408163265306,1.510204081632653,1.0,0.0,0.0,0.0,0,0.0,16,500000,1.0,462.5625
epsilon_greedy,37,44,1.020408163265306,1.591836734693877,1.0,0.0,0.0,0.0,0,0.0,16,500000,1.0,462.5625
epsilon_greedy,37,45,1.020408163265306,1.6734693877551017,1.0,0.0,0.0,0.0,0,0.0,16,500000,1.0,462.5625
epsilon_greedy,37,46,1.020408163265306,1.7551020408163263,1.0,0.0,0.0,0.0,0,0.0,16,500000,1.0,462.5625
epsilon_greedy,37,47,1.020408163265306,1.8367346938775508,1.0,0.0,0.0,0.0,0,0.0,16,500000,1.0,462.5625
epsilon_greedy,37,48,1.020408163265306,1.9183673469387754,1.0,0.0,0.0,0.0,0,0.0,16,500000,1.0,462.5625
epsilon_greedy,37,49,1.020408163265306,2.0,1.0,0.0,0.0,0.0,0,0.0,16,500000,1.0,353.75
epsilon_greedy,38,0,1.1020408163265305,-2.0,1.0,0.0,0.0,0.0,0,0.0,16,500000,1.0,346.5625
epsilon_greedy,38,1,1.1020408163265305,-1.9183673469387754,1.0,0.0,0.0,0.0,0,0.0,16,500000,1.0,462.5625
epsilon_greedy,38,2,1.1020408163265305,-1.836734693877551,1.0,0.0,0.0,0.0,0,0.0,16,500000,1.0,462.5625
epsilon_greedy,38,3,1.1020408163265305,-1.7551020408163265,1.0,0.0,0.0,0.0,0,0.0,16,500000,1.0,462.5625
epsilon_greedy,38,4,1.1020408163265305,-1.6734693877551021,1.0,0.0,0.0,0.0,0,0.0,16,500000,1.0,462.5625
epsilon_greedy,38,5,1.1020408163265305,-1.5918367346938775,1.0,0.0,0.0,0.0,0,0.0,16,500000,1.0,462.5625
epsilon_greedy,38,6,1.1020408163265305,-1.510204081632653,1.0,0.0,0.0,0.0,0,0.0,16,500000,1.0,462.5625
epsilon_greedy,38,7,1.1020408163265305,-1.4285714285714286,1.0,0.0,0.0,0.0,0,0.0,16,500000,1.0,462.5625
epsilon_greedy,38,8,1.1020408163265305,-1.3469387755102042,1.0,0.0,0.0,0.0,0,0.0,16,500000,1.0,462.5625
epsilon_greedy,38,9,1.1020408163265305,-1.2653061224489797,1.0,0.0,0.0,0.0,0,0.0,16,500000,1.0,462.5625
epsilon_greedy,38,10,1.1020408163265305,-1.183673469387755,1.0,0.0,0.0,0.0,0,0.0,16,500000,1.0,462.5625
epsilon_greedy,38,11,1.1020408163265305,-1.1020408163265307,1.0,0.0,0.0,0.0,0,0.0,16,500000,1.0,462.5625
epsilon_greedy,38,12,1.1020408163265305,-1.0204081632653061,1.0,0.0,0.0,0.0,0,0.0,16,500000,1.0,462.5625
epsilon_greedy,38,13,1.1020408163265305,-0.9387755102040818,1.0,0.0,0.0,0.0,0,0.0,16,500000,1.0,462.5625
epsilon_greedy,38,14,1.1020408163265305,-0.8571428571428572,1.0,0.0,0.0,0.0,0,0.0,16,500000,1.0,462.5625
epsilon_greedy,38,15,1.1020408163265305,-0.7755102040816328,1.0,0.0,0.0,0.0,0,0.0,16,500000,1.0,462.5625
epsilon_greedy,38,16,1.1020408163265305,-0.6938775510204083,1.0,0.0,0.0,0.0,0,0.0,16,500000,1.0,462.5625
epsilon_greedy,38,17,1.1020408163265305,-0.6122448979591837,1.0,0.0,0.0,0.0,0,0.0,16,500000,1.0,462.5625
epsilon_greedy,38,18,1.1020408163265305,-0.5306122448979593,1.0,0.0,0.0,0.0,0,0.0,16,500000,1.0,462.5625
epsilon_greedy,38,19,1.1020408163265305,-0.44897959183673475,1.0,0.0,0.0,0.0,0,0.0,16,500000,1.0,462.5625
epsilon_greedy,38,20,1.1020408163265305,-0.3673469387755104,1.0,0.0,0.0,0.0,0,0.0,16,500000,1.0,462.5625
epsilon_greedy,38,21,1.1020408163265305,-0.2857142857142858,1.0,0.0,0.0,0.0,0,0.0,16,500000,1.0,462.5625
epsilon_greedy,38,22,1.1020408163265305,-0.20408163265306145,1.0,0.0,0.0,0.0,0,0.0,16,500000,1.0,462.5625
epsilon_greedy,38,23,1.1020408163265305,-0.12244897959183687,1.0,0.0,0.0,0.0,0,0.0,16,500000,1.0,462.5625
epsilon_greedy,38,24,1.1020408163265305,-0.04081632653061229,1.0,0.0,0.0,0.0,0,0.0,16,500000,1.0,462.5625
epsilon_greedy,38,25,1.1020408163265305,0.04081632653061229,1.0,0.0,0.0,0.0,0,0.0,16,500000,1.0,462.5625
epsilon_greedy,38,26,1.1020408163265305,0.12244897959183643,1.0,0.0,0.0,0.0,0,0.0,16,500000,1.0,462.5625
epsilon_greedy,38,27,1.1020408163265305,0.204081632653061,1.0,0.0,0.0,0.0,0,0.0,16,500000,1.0,462.5625
epsilon_greedy,38,28,1.1020408163265305,0.2857142857142856,1.0,0.0,0.0,0.0,0,0.0,16,500000,1.0,462.5625
epsilon_greedy,38,29,1.1020408163265305,0.36734693877551017,1.0,0.0,0.0,0.0,0,0.0,16,500000,1.0,462.5625
epsilon_greedy,38,30,1.1020408163265305,0.4489795918367343,1.0,0.0,0.0,0.0,0,0.0,16,500000,1.0,462.5625
epsilon_greedy,38,31,1.1020408163265305,0.5306122448979589,1.0,0.0,0.0,0.0,0,0.0,16,500000,1.0,462.5625
epsilon_greedy,38,32,1.1020408163265305,0.6122448979591835,1.0,0.0,0.0,0.0,0,0.0,16,500000,1.0,462.5625
epsilon_greedy,38,33,1.1020408163265305,0.693877551020408,1.0,0.0,0.0,0.0,0,0.0,16,500000,1.0,462.5625
epsilon_greedy,38,34,1.1020408163265305,0.7755102040816326,1.0,0.0,0.0,0.0,0,0.0,16,500000,1.0,462.5625
epsilon_greedy,38,35,1.1020408163265305,0.8571428571428568,1.0,0.0,0.0,0.0,0,0.0,16,500000,1.0,462.5625
epsilon_greedy,38,36,1.1020408163265305,0.9387755102040813,1.0,0.0,0.0,0.0,0,0.0,16,500000,1.0,462.5625
epsilon_greedy,38,37,1.1020408163265305,1.020408163265306,1.0,0.0,0.0,0.0,0,0.0,16,500000,1.0,462.5625
epsilon_greedy,38,38,1.1020408163265305,1.1020408163265305,1.0,0.0,0.0,0.0,0,0.0,16,500000,1.0,462.5625
epsilon_greedy,38,39,1.1020408163265305,1.1836734693877546,1.0,0.0,0.0,0.0,0,0.0,16,500000,1.0,462.5625
epsilon_greedy,38,40,1.1020408163265305,1.2653061224489792,1.0,0.0,0.0,0.0,0,0.0,16,500000,1.0,462.5625
epsilon_greedy,38,41,1.1020408163265305,1.3469387755102038,1.0,0.0,0.0,0.0,0,0.0,16,500000,1.0,462.5625
epsilon_greedy,38,42,1.1020408163265305,1.4285714285714284,1.0,0.0,0.0,0.0,0,0.0,16,500000,1.0,462.5625
epsilon_greedy,38,43,1.1020408163265305,1.510204081632653,1.0,0.0,0.0,0.0,0,0.0,16,500000,1.0,462.5625
epsilon_greedy,38,44,1.1020408163265305,1.591836734693877,1.0,0.0,0.0,0.0,0,0.0,16,500000,1.0,462.5625
epsilon_greedy,38,45,1.1020408163265305,1.6734693877551017,1.0,0.0,0.0,0.0,0,0.0,16,500000,1.0,462.5625
epsilon_greedy,38,46,1.1020408163265305,1.7551020408163263,1.0,0.0,0.0,0.0,0,0.0,16,500000,1.0,462.5625
epsilon_greedy,38,47,1.1020408163265305,1.8367346938775508,1.0,0.0,0.0,0.0,0,0.0,16,500000,1.0,462.5625
epsilon_greedy,38,48,1.1020408163265305,1.9183673469387754,1.0,0.0,0.0,0.0,0,0.0,16,500000,1.0,462.5625
epsilon_greedy,38,49,1.1020408163265305,2.0,1.0,0.0,0.0,0.0,0,0.0,16,500000,1.0,353.75
epsilon_greedy,39,0,1.1836734693877546,-2.0,1.0,0.0,0.0,0.0,0,0.0,16,500000,1.0,346.5625
epsilon_greedy,39,1,1.1836734693877546,-1.9183673469387754,1.0,0.0,0.0,0.0,0,0.0,16,500000,1.0,462.5625
epsilon_greedy,39,2,1.1836734693877546,-1.836734693877551,1.0,0.0,0.0,0.0,0,0.0,16,500000,1.0,462.5625
epsilon_greedy,39,3,1.1836734693877546,-1.7551020408163265,1.0,0.0,0.0,0.0,0,0.0,16,500000,1.0,462.5625
epsilon_greedy,39,4,1.1836734693877546,-1.6734693877551021,1.0,0.0,0.0,0.0,0,0.0,16,500000,1.0,462.5625
epsilon_greedy,39,5,1.1836734693877546,-1.5918367346938775,1.0,0.0,0.0,0.0,0,0.0,16,500000,1.0,462.5625
epsilon_greedy,39,6,1.1836734693877546,-1.510204081632653,1.0,0.0,0.0,0.0,0,0.0,16,500000,1.0,462.5625
epsilon_greedy,39,7,1.1836734693877546,-1.4285714285714286,1.0,0.0,0.0,0.0,0,0.0,16,500000,1.0,462.5625
epsilon_greedy,39,8,1.1836734693877546,-1.3469387755102042,1.0,0.0,0.0,0.0,0,0.0,16,500000,1.0,462.5625
epsilon_greedy,39,9,1.1836734693877546,-1.2653061224489797,1.0,0.0,0.0,0.0,0,0.0,16,500000,1.0,462.5625
epsilon_greedy,39,10,1.1836734693877546,-1.183673469387755,1.0,0.0,0.0,0.0,0,0.0,16,500000,1.0,462.5625
epsilon_greedy,39,11,1.1836734693877546,-1.1020408163265307,1.0,0.0,0.0,0.0,0,0.0,16,500000,1.0,462.5625
epsilon_greedy,39,12,1.1836734693877546,-1.0204081632653061,1.0,0.0,0.0,0.0,0,0.0,16,500000,1.0,462.5625
epsilon_greedy,39,13,1.1836734693877546,-0.9387755102040818,1.0,0.0,0.0,0.0,0,0.0,16,500000,1.0,462.5625
epsilon_greedy,39,14,1.1836734693877546,-0.8571428571428572,1.0,0.0,0.0,0.0,0,0.0,16,500000,1.0,462.5625
epsilon_greedy,39,15,1.1836734693877546,-0.7755102040816328,1.0,0.0,0.0,0.0,0,0.0,16,500000,1.0,462.5625
epsilon_greedy,39,16,1.1836734693877546,-0.6938775510204083,1.0,0.0,0.0,0.0,0,0.0,16,500000,1.0,462.5625
epsilon_greedy,39,17,1.1836734693877546,-0.6122448979591837,1.0,0.0,0.0,0.0,0,0.0,16,500000,1.0,462.5625
epsilon_greedy,39,18,1.1836734693877546,-0.5306122448979593,1.0,0.0,0.0,0.0,0,0.0,16,500000,1.0,462.5625
epsilon_greedy,39,19,1.1836734693877546,-0.44897959183673475,1.0,0.0,0.0,0.0,0,0.0,16,500000,1.0,462.5625
epsilon_greedy,39,20,1.1836734693877546,-0.3673469387755104,1.0,0.0,0.0,0.0,0,0.0,16,500000,1.0,462.5625
epsilon_greedy,39,21,1.1836734693877546,-0.2857142857142858,1.0,0.0,0.0,0.0,0,0.0,16,500000,1.0,462.5625
epsilon_greedy,39,22,1.1836734693877546,-0.20408163265306145,1.0,0.0,0.0,0.0,0,0.0,16,500000,1.0,462.5625
epsilon_greedy,39,23,1.1836734693877546,-0.12244897959183687,1.0,0.0,0.0,0.0,0,0.0,16,500000,1.0,462.5625
epsilon_greedy,39,24,1.1836734693877546,-0.04081632653061229,1.0,0.0,0.0,0.0,0,0.0,16,500000,1.0,462.5625
epsilon_greedy,39,25,1.1836734693877546,0.04081632653061229,1.0,0.0,0.0,0.0,0,0.0,16,500000,1.0,462.5625
epsilon_greedy,39,26,1.1836734693877546,0.12244897959183643,1.0,0.0,0.0,0.0,0,0.0,16,500000,1.0,462.5625
epsilon_greedy,39,27,1.1836734693877546,0.204081632653061,1.0,0.0,0.0,0.0,0,0.0,16,500000,1.0,462.5625
epsilon_greedy,39,28,1.1836734693877546,0.2857142857142856,1.0,0.0,0.0,0.0,0,0.0,16,500000,1.0,462.5625
epsilon_greedy,39,29,1.1836734693877546,0.36734693877551017,1.0,0.0,0.0,0.0,0,0.0,16,500000,1.0,462.5625
epsilon_greedy,39,30,1.1836734693877546,0.4489795918367343,1.0,0.0,0.0,0.0,0,0.0,16,500000,1.0,462.5625
epsilon_greedy,39,31,1.1836734693877546,0.5306122448979589,1.0,0.0,0.0,0.0,0,0.0,16,500000,1.0,462.5625
epsilon_greedy,39,32,1.1836734693877546,0.6122448979591835,1.0,0.0,0.0,0.0,0,0.0,16,500000,1.0,462.5625
epsilon_greedy,39,33,1.1836734693877546,0.693877551020408,1.0,0.0,0.0,0.0,0,0.0,16,500000,1.0,462.5625
epsilon_greedy,39,34,1.1836734693877546,0.7755102040816326,1.0,0.0,0.0,0.0,0,0.0,16,500000,1.0,462.5625
epsilon_greedy,39,35,1.1836734693877546,0.8571428571428568,1.0,0.0,0.0,0.0,0,0.0,16,500000,1.0,462.5625
epsilon_greedy,39,36,1.1836734693877546,0.9387755102040813,1.0,0.0,0.0,0.0,0,0.0,16,500000,1.0,462.5625
epsilon_greedy,39,37,1.1836734693877546,1.020408163265306,1.0,0.0,0.0,0.0,0,0.0,16,500000,1.0,462.5625
epsilon_greedy,39,38,1.1836734693877546,1.1020408163265305,1.0,0.0,0.0,0.0,0,0.0,16,500000,1.0,462.5625
epsilon_greedy,39,39,1.1836734693877546,1.1836734693877546,1.0,0.0,0.0,0.0,0,0.0,16,500000,1.0,462.5625
epsilon_greedy,39,40,1.1836734693877546,1.2653061224489792,1.0,0.0,0.0,0.0,0,0.0,16,500000,1.0,462.5625
epsilon_greedy,39,41,1.1836734693877546,1.3469387755102038,1.0,0.0,0.0,0.0,0,0.0,16,500000,1.0,462.5625
epsilon_greedy,39,42,1.1836734693877546,1.4285714285714284,1.0,0.0,0.0,0.0,0,0.0,16,500000,1.0,462.5625
epsilon_greedy,39,43,1.1836734693877546,1.510204081632653,1.0,0.0,0.0,0.0,0,0.0,16,500000,1.0,462.5625
epsilon_greedy,39,44,1.1836734693877546,1.591836734693877,1.0,0.0,0.0,0.0,0,0.0,16,500000,1.0,462.5625
epsilon_greedy,39,45,1.1836734693877546,1.6734693877551017,1.0,0.0,0.0,0.0,0,0.0,16,500000,1.0,462.5625
epsilon_greedy,39,46,1.1836734693877546,1.7551020408163263,1.0,0.0,0.0,0.0,0,0.0,16,500000,1.0,462.5625
epsilon_greedy,39,47,1.1836734693877546,1.8367346938775508,1.0,0.0,0.0,0.0,0,0.0,16,500000,1.0,462.5625
epsilon_greedy,39,48,1.1836734693877546,1.9183673469387754,1.0,0.0,0.0,0.0,0,0.0,16,500000,1.0,462.5625
epsilon_greedy,39,49,1.1836734693877546,2.0,1.0,0.0,0.0,0.0,0,0.0,16,500000,1.0,353.75
epsilon_greedy,40,0,1.2653061224489792,-2.0,1.0,0.0,0.0,0.0,0,0.0,16,500000,1.0,346.5625
epsilon_greedy,40,1,1.2653061224489792,-1.9183673469387754,1.0,0.0,0.0,0.0,0,0.0,16,500000,1.0,462.5625
epsilon_greedy,40,2,1.2653061224489792,-1.836734693877551,1.0,0.0,0.0,0.0,0,0.0,16,500000,1.0,462.5625
epsilon_greedy,40,3,1.2653061224489792,-1.7551020408163265,1.0,0.0,0.0,0.0,0,0.0,16,500000,1.0,462.5625
epsilon_greedy,40,4,1.2653061224489792,-1.6734693877551021,1.0,0.0,0.0,0.0,0,0.0,16,500000,1.0,462.5625
epsilon_greedy,40,5,1.2653061224489792,-1.5918367346938775,1.0,0.0,0.0,0.0,0,0.0,16,500000,1.0,462.5625
epsilon_greedy,40,6,1.2653061224489792,-1.510204081632653,1.0,0.0,0.0,0.0,0,0.0,16,500000,1.0,462.5625
epsilon_greedy,40,7,1.2653061224489792,-1.4285714285714286,1.0,0.0,0.0,0.0,0,0.0,16,500000,1.0,462.5625
epsilon_greedy,40,8,1.2653061224489792,-1.3469387755102042,1.0,0.0,0.0,0.0,0,0.0,16,500000,1.0,462.5625
epsilon_greedy,40,9,1.2653061224489792,-1.2653061224489797,1.0,0.0,0.0,0.0,0,0.0,16,500000,1.0,462.5625
epsilon_greedy,40,10,1.2653061224489792,-1.183673469387755,1.0,0.0,0.0,0.0,0,0.0,16,500000,1.0,462.5625
epsilon_greedy,40,11,1.2653061224489792,-1.1020408163265307,1.0,0.0,0.0,0.0,0,0.0,16,500000,1.0,462.5625
epsilon_greedy,40,12,1.2653061224489792,-1.0204081632653061,1.0,0.0,0.0,0.0,0,0.0,16,500000,1.0,462.5625
epsilon_greedy,40,13,1.2653061224489792,-0.9387755102040818,1.0,0.0,0.0,0.0,0,0.0,16,500000,1.0,462.5625
epsilon_greedy,40,14,1.2653061224489792,-0.8571428571428572,1.0,0.0,0.0,0.0,0,0.0,16,500000,1.0,462.5625
epsilon_greedy,40,15,1.2653061224489792,-0.7755102040816328,1.0,0.0,0.0,0.0,0,0.0,16,500000,1.0,462.5625
epsilon_greedy,40,16,1.2653061224489792,-0.6938775510204083,1.0,0.0,0.0,0.0,0,0.0,16,500000,1.0,462.5625
epsilon_greedy,40,17,1.2653061224489792,-0.6122448979591837,1.0,0.0,0.0,0.0,0,0.0,16,500000,1.0,462.5625
epsilon_greedy,40,18,1.2653061224489792,-0.5306122448979593,1.0,0.0,0.0,0.0,0,0.0,16,500000,1.0,462.5625
epsilon_greedy,40,19,1.2653061224489792,-0.44897959183673475,1.0,0.0,0.0,0.0,0,0.0,16,500000,1.0,462.5625
epsilon_greedy,40,20,1.2653061224489792,-0.3673469387755104,1.0,0.0,0.0,0.0,0,0.0,16,500000,1.0,462.5625
epsilon_greedy,40,21,1.2653061224489792,-0.2857142857142858,1.0,0.0,0.0,0.0,0,0.0,16,500000,1.0,462.5625
epsilon_greedy,40,22,1.2653061224489792,-0.20408163265306145,1.0,0.0,0.0,0.0,0,0.0,16,500000,1.0,462.5625
epsilon_greedy,40,23,1.2653061224489792,-0.12244897959183687,1.0,0.0,0.0,0.0,0,0.0,16,500000,1.0,462.5625
epsilon_greedy,40,24,1.2653061224489792,-0.04081632653061229,1.0,0.0,0.0,0.0,0,0.0,16,500000,1.0,462.5625
epsilon_greedy,40,25,1.2653061224489792,0.04081632653061229,1.0,0.0,0.0,0.0,0,0.0,16,500000,1.0,462.5625
epsilon_greedy,40,26,1.2653061224489792,0.12244897959183643,1.0,0.0,0.0,0.0,0,0.0,16,500000,1.0,462.5625
epsilon_greedy,40,27,1.2653061224489792,0.204081632653061,1.0,0.0,0.0,0.0,0,0.0,16,500000,1.0,462.5625
epsilon_greedy,40,28,1.2653061224489792,0.2857142857142856,1.0,0.0,0.0,0.0,0,0.0,16,500000,1.0,462.5625
epsilon_greedy,40,29,1.2653061224489792,0.36734693877551017,1.0,0.0,0.0,0.0,0,0.0,16,500000,1.0,462.5625
epsilon_greedy,40,30,1.2653061224489792,0.4489795918367343,1.0,0.0,0.0,0.0,0,0.0,16,500000,1.0,462.5625
epsilon_greedy,40,31,1.2653061224489792,0.5306122448979589,1.0,0.0,0.0,0.0,0,0.0,16,500000,1.0,462.5625
epsilon_greedy,40,32,1.2653061224489792,0.6122448979591835,1.0,0.0,0.0,0.0,0,0.0,16,500000,1.0,462.5625
epsilon_greedy,40,33,1.2653061224489792,0.693877551020408,1.0,0.0,0.0,0.0,0,0.0,16,500000,1.0,462.5625
epsilon_greedy,40,34,1.2653061224489792,0.7755102040816326,1.0,0.0,0.0,0.0,0,0.0,16,500000,1.0,462.5625
epsilon_greedy,40,35,1.2653061224489792,0.8571428571428568,1.0,0.0,0.0,0.0,0,0.0,16,500000,1.0,462.5625
epsilon_greedy,40,36,1.2653061224489792,0.9387755102040813,1.0,0.0,0.0,0.0,0,0.0,16,500000,1.0,462.5625
epsilon_greedy,40,37,1.2653061224489792,1.020408163265306,1.0,0.0,0.0,0.0,0,0.0,16,500000,1.0,462.5625
epsilon_greedy,40,38,1.2653061224489792,1.1020408163265305,1.0,0.0,0.0,0.0,0,0.0,16,500000,1.0,462.5625
epsilon_greedy,40,39,1.2653061224489792,1.1836734693877546,1.0,0.0,0.0,0.0,0,0.0,16,500000,1.0,462.5625
epsilon_greedy,40,40,1.2653061224489792,1.2653061224489792,1.0,0.0,0.0,0.0,0,0.0,16,500000,1.0,462.5625
epsilon_greedy,40,41,1.2653061224489792,1.3469387755102038,1.0,0.0,0.0,0.0,0,0.0,16,500000,1.0,462.5625
epsilon_greedy,40,42,1.2653061224489792,1.4285714285714284,1.0,0.0,0.0,0.0,0,0.0,16,500000,1.0,462.5625
epsilon_greedy,40,43,1.2653061224489792,1.510204081632653,1.0,0.0,0.0,0.0,0,0.0,16,500000,1.0,462.5625
epsilon_greedy,40,44,1.2653061224489792,1.591836734693877,1.0,0.0,0.0,0.0,0,0.0,16,500000,1.0,462.5625
epsilon_greedy,40,45,1.2653061224489792,1.6734693877551017,1.0,0.0,0.0,0.0,0,0.0,16,500000,1.0,462.5625
epsilon_greedy,40,46,1.2653061224489792,1.7551020408163263,1.0,0.0,0.0,0.0,0,0.0,16,500000,1.0,462.5625
epsilon_greedy,40,47,1.2653061224489792,1.8367346938775508,1.0,0.0,0.0,0.0,0,0.0,16,500000,1.0,462.5625
epsilon_greedy,40,48,1.2653061224489792,1.9183673469387754,1.0,0.0,0.0,0.0,0,0.0,16,500000,1.0,462.5625
epsilon_greedy,40,49,1.2653061224489792,2.0,1.0,0.0,0.0,0.0,0,0.0,16,500000,1.0,353.75
epsilon_greedy,41,0,1.3469387755102038,-2.0,1.0,0.0,0.0,0.0,0,0.0,16,500000,1.0,346.5625
epsilon_greedy,41,1,1.3469387755102038,-1.9183673469387754,1.0,0.0,0.0,0.0,0,0.0,16,500000,1.0,462.5625
epsilon_greedy,41,2,1.3469387755102038,-1.836734693877551,1.0,0.0,0.0,0.0,0,0.0,16,500000,1.0,462.5625
epsilon_greedy,41,3,1.3469387755102038,-1.7551020408163265,1.0,0.0,0.0,0.0,0,0.0,16,500000,1.0,462.5625
epsilon_greedy,41,4,1.3469387755102038,-1.6734693877551021,1.0,0.0,0.0,0.0,0,0.0,16,500000,1.0,462.5625
epsilon_greedy,41,5,1.3469387755102038,-1.5918367346938775,1.0,0.0,0.0,0.0,0,0.0,16,500000,1.0,462.5625
epsilon_greedy,41,6,1.3469387755102038,-1.510204081632653,1.0,0.0,0.0,0.0,0,0.0,16,500000,1.0,462.5625
epsilon_greedy,41,7,1.3469387755102038,-1.4285714285714286,1.0,0.0,0.0,0.0,0,0.0,16,500000,1.0,462.5625
epsilon_greedy,41,8,1.3469387755102038,-1.3469387755102042,1.0,0.0,0.0,0.0,0,0.0,16,500000,1.0,462.5625
epsilon_greedy,41,9,1.3469387755102038,-1.2653061224489797,1.0,0.0,0.0,0.0,0,0.0,16,500000,1.0,462.5625
epsilon_greedy,41,10,1.3469387755102038,-1.183673469387755,1.0,0.0,0.0,0.0,0,0.0,16,500000,1.0,462.5625
epsilon_greedy,41,11,1.3469387755102038,-1.1020408163265307,1.0,0.0,0.0,0.0,0,0.0,16,500000,1.0,462.5625
epsilon_greedy,41,12,1.3469387755102038,-1.0204081632653061,1.0,0.0,0.0,0.0,0,0.0,16,500000,1.0,462.5625
epsilon_greedy,41,13,1.3469387755102038,-0.9387755102040818,1.0,0.0,0.0,0.0,0,0.0,16,500000,1.0,462.5625
epsilon_greedy,41,14,1.3469387755102038,-0.8571428571428572,1.0,0.0,0.0,0.0,0,0.0,16,500000,1.0,462.5625
epsilon_greedy,41,15,1.3469387755102038,-0.7755102040816328,1.0,0.0,0.0,0.0,0,0.0,16,500000,1.0,462.5625
epsilon_greedy,41,16,1.3469387755102038,-0.6938775510204083,1.0,0.0,0.0,0.0,0,0.0,16,500000,1.0,462.5625
epsilon_greedy,41,17,1.3469387755102038,-0.6122448979591837,1.0,0.0,0.0,0.0,0,0.0,16,500000,1.0,462.5625
epsilon_greedy,41,18,1.3469387755102038,-0.5306122448979593,1.0,0.0,0.0,0.0,0,0.0,16,500000,1.0,462.5625
epsilon_greedy,41,19,1.3469387755102038,-0.44897959183673475,1.0,0.0,0.0,0.0,0,0.0,16,500000,1.0,462.5625
epsilon_greedy,41,20,1.3469387755102038,-0.3673469387755104,1.0,0.0,0.0,0.0,0,0.0,16,500000,1.0,462.5625
epsilon_greedy,41,21,1.3469387755102038,-0.2857142857142858,1.0,0.0,0.0,0.0,0,0.0,16,500000,1.0,462.5625
epsilon_greedy,41,22,1.3469387755102038,-0.20408163265306145,1.0,0.0,0.0,0.0,0,0.0,16,500000,1.0,462.5625
epsilon_greedy,41,23,1.3469387755102038,-0.12244897959183687,1.0,0.0,0.0,0.0,0,0.0,16,500000,1.0,462.5625
epsilon_greedy,41,24,1.3469387755102038,-0.04081632653061229,1.0,0.0,0.0,0.0,0,0.0,16,500000,1.0,462.5625
epsilon_greedy,41,25,1.3469387755102038,0.04081632653061229,1.0,0.0,0.0,0.0,0,0.0,16,500000,1.0,462.5625
epsilon_greedy,41,26,1.3469387755102038,0.12244897959183643,1.0,0.0,0.0,0.0,0,0.0,16,500000,1.0,462.5625
epsilon_greedy,41,27,1.3469387755102038,0.204081632653061,1.0,0.0,0.0,0.0,0,0.0,16,500000,1.0,462.5625
epsilon_greedy,41,28,1.3469387755102038,0.2857142857142856,1.0,0.0,0.0,0.0,0,0.0,16,500000,1.0,462.5625
epsilon_greedy,41,29,1.3469387755102038,0.36734693877551017,1.0,0.0,0.0,0.0,0,0.0,16,500000,1.0,462.5625
epsilon_greedy,41,30,1.3469387755102038,0.4489795918367343,1.0,0.0,0.0,0.0,0,0.0,16,500000,1.0,462.5625
epsilon_greedy,41,31,1.3469387755102038,0.5306122448979589,1.0,0.0,0.0,0.0,0,0.0,16,500000,1.0,462.5625
epsilon_greedy,41,32,1.3469387755102038,0.6122448979591835,1.0,0.0,0.0,0.0,0,0.0,16,500000,1.0,462.5625
epsilon_greedy,41,33,1.3469387755102038,0.693877551020408,1.0,0.0,0.0,0.0,0,0.0,16,500000,1.0,462.5625
epsilon_greedy,41,34,1.3469387755102038,0.7755102040816326,1.0,0.0,0.0,0.0,0,0.0,16,500000,1.0,462.5625
epsilon_greedy,41,35,1.3469387755102038,0.8571428571428568,1.0,0.0,0.0,0.0,0,0.0,16,500000,1.0,462.5625
epsilon_greedy,41,36,1.3469387755102038,0.9387755102040813,1.0,0.0,0.0,0.0,0,0.0,16,500000,1.0,462.5625
epsilon_greedy,41,37,1.3469387755102038,1.020408163265306,1.0,0.0,0.0,0.0,0,0.0,16,500000,1.0,462.5625
epsilon_greedy,41,38,1.3469387755102038,1.1020408163265305,1.0,0.0,0.0,0.0,0,0.0,16,500000,1.0,462.5625
epsilon_greedy,41,39,1.3469387755102038,1.1836734693877546,1.0,0.0,0.0,0.0,0,0.0,16,500000,1.0,462.5625
epsilon_greedy,41,40,1.3469387755102038,1.2653061224489792,1.0,0.0,0.0,0.0,0,0.0,16,500000,1.0,462.5625
epsilon_greedy,41,41,1.3469387755102038,1.3469387755102038,1.0,0.0,0.0,0.0,0,0.0,16,500000,1.0,462.5625
epsilon_greedy,41,42,1.3469387755102038,1.4285714285714284,1.0,0.0,0.0,0.0,0,0.0,16,500000,1.0,462.5625
epsilon_greedy,41,43,1.3469387755102038,1.510204081632653,1.0,0.0,0.0,0.0,0,0.0,16,500000,1.0,462.5625
epsilon_greedy,41,44,1.3469387755102038,1.591836734693877,1.0,0.0,0.0,0.0,0,0.0,16,500000,1.0,462.5625
epsilon_greedy,41,45,1.3469387755102038,1.6734693877551017,1.0,0.0,0.0,0.0,0,0.0,16,500000,1.0,462.5625
epsilon_greedy,41,46,1.3469387755102038,1.7551020408163263,1.0,0.0,0.0,0.0,0,0.0,16,500000,1.0,462.5625
epsilon_greedy,41,47,1.3469387755102038,1.8367346938775508,1.0,0.0,0.0,0.0,0,0.0,16,500000,1.0,462.5625
epsilon_greedy,41,48,1.3469387755102038,1.9183673469387754,1.0,0.0,0.0,0.0,0,0.0,16,500000,1.0,462.5625
epsilon_greedy,41,49,1.3469387755102038,2.0,1.0,0.0,0.0,0.0,0,0.0,16,500000,1.0,353.75
epsilon_greedy,42,0,1.4285714285714284,-2.0,1.0,0.0,0.0,0.0,0,0.0,16,500000,1.0,346.5625
epsilon_greedy,42,1,1.4285714285714284,-1.9183673469387754,1.0,0.0,0.0,0.0,0,0.0,16,500000,1.0,462.5625
epsilon_greedy,42,2,1.4285714285714284,-1.836734693877551,1.0,0.0,0.0,0.0,0,0.0,16,500000,1.0,462.5625
epsilon_greedy,42,3,1.4285714285714284,-1.7551020408163265,1.0,0.0,0.0,0.0,0,0.0,16,500000,1.0,462.5625
epsilon_greedy,42,4,1.4285714285714284,-1.6734693877551021,1.0,0.0,0.0,0.0,0,0.0,16,500000,1.0,462.5625
epsilon_greedy,42,5,1.4285714285714284,-1.5918367346938775,1.0,0.0,0.0,0.0,0,0.0,16,500000,1.0,462.5625
epsilon_greedy,42,6,1.4285714285714284,-1.510204081632653,1.0,0.0,0.0,0.0,0,0.0,16,500000,1.0,462.5625
epsilon_greedy,42,7,1.4285714285714284,-1.4285714285714286,1.0,0.0,0.0,0.0,0,0.0,16,500000,1.0,462.5625
epsilon_greedy,42,8,1.4285714285714284,-1.3469387755102042,1.0,0.0,0.0,0.0,0,0.0,16,500000,1.0,462.5625
epsilon_greedy,42,9,1.4285714285714284,-1.2653061224489797,1.0,0.0,0.0,0.0,0,0.0,16,500000,1.0,462.5625
epsilon_greedy,42,10,1.4285714285714284,-1.183673469387755,1.0,0.0,0.0,0.0,0,0.0,16,500000,1.0,462.5625
epsilon_greedy,42,11,1.4285714285714284,-1.1020408163265307,1.0,0.0,0.0,0.0,0,0.0,16,500000,1.0,462.5625
epsilon_greedy,42,12,1.4285714285714284,-1.0204081632653061,1.0,0.0,0.0,0.0,0,0.0,16,500000,1.0,462.5625
epsilon_greedy,42,13,1.4285714285714284,-0.9387755102040818,1.0,0.0,0.0,0.0,0,0.0,16,500000,1.0,462.5625
epsilon_greedy,42,14,1.4285714285714284,-0.8571428571428572,1.0,0.0,0.0,0.0,0,0.0,16,500000,1.0,462.5625
epsilon_greedy,42,15,1.4285714285714284,-0.7755102040816328,1.0,0.0,0.0,0.0,0,0.0,16,500000,1.0,462.5625
epsilon_greedy,42,16,1.4285714285714284,-0.6938775510204083,1.0,0.0,0.0,0.0,0,0.0,16,500000,1.0,462.5625
epsilon_greedy,42,17,1.4285714285714284,-0.6122448979591837,1.0,0.0,0.0,0.0,0,0.0,16,500000,1.0,462.5625
epsilon_greedy,42,18,1.4285714285714284,-0.5306122448979593,1.0,0.0,0.0,0.0,0,0.0,16,500000,1.0,462.5625
epsilon_greedy,42,19,1.4285714285714284,-0.44897959183673475,1.0,0.0,0.0,0.0,0,0.0,16,500000,1.0,462.5625
epsilon_greedy,42,20,1.4285714285714284,-0.3673469387755104,1.0,0.0,0.0,0.0,0,0.0,16,500000,1.0,462.5625
epsilon_greedy,42,21,1.4285714285714284,-0.2857142857142858,1.0,0.0,0.0,0.0,0,0.0,16,500000,1.0,462.5625
epsilon_greedy,42,22,1.4285714285714284,-0.20408163265306145,1.0,0.0,0.0,0.0,0,0.0,16,500000,1.0,462.5625
epsilon_greedy,42,23,1.4285714285714284,-0.12244897959183687,1.0,0.0,0.0,0.0,0,0.0,16,500000,1.0,462.5625
epsilon_greedy,42,24,1.4285714285714284,-0.04081632653061229,1.0,0.0,0.0,0.0,0,0.0,16,500000,1.0,462.5625
epsilon_greedy,42,25,1.4285714285714284,0.04081632653061229,1.0,0.0,0.0,0.0,0,0.0,16,500000,1.0,462.5625
epsilon_greedy,42,26,1.4285714285714284,0.12244897959183643,1.0,0.0,0.0,0.0,0,0.0,16,500000,1.0,462.5625
epsilon_greedy,42,27,1.4285714285714284,0.204081632653061,1.0,0.0,0.0,0.0,0,0.0,16,500000,1.0,462.5625
epsilon_greedy,42,28,1.4285714285714284,0.2857142857142856,1.0,0.0,0.0,0.0,0,0.0,16,500000,1.0,462.5625
epsilon_greedy,42,29,1.4285714285714284,0.36734693877551017,1.0,0.0,0.0,0.0,0,0.0,16,500000,1.0,462.5625
epsilon_greedy,42,30,1.4285714285714284,0.4489795918367343,1.0,0.0,0.0,0.0,0,0.0,16,500000,1.0,462.5625
epsilon_greedy,42,31,1.4285714285714284,0.5306122448979589,1.0,0.0,0.0,0.0,0,0.0,16,500000,1.0,462.5625
epsilon_greedy,42,32,1.4285714285714284,0.6122448979591835,1.0,0.0,0.0,0.0,0,0.0,16,500000,1.0,462.5625
epsilon_greedy,42,33,1.4285714285714284,0.693877551020408,1.0,0.0,0.0,0.0,0,0.0,16,500000,1.0,462.5625
epsilon_greedy,42,34,1.4285714285714284,0.7755102040816326,1.0,0.0,0.0,0.0,0,0.0,16,500000,1.0,462.5625
epsilon_greedy,42,35,1.4285714285714284,0.8571428571428568,1.0,0.0,0.0,0.0,0,0.0,16,500000,1.0,462.5625
epsilon_greedy,42,36,1.4285714285714284,0.9387755102040813,1.0,0.0,0.0,0.0,0,0.0,16,500000,1.0,462.5625
epsilon_greedy,42,37,1.4285714285714284,1.020408163265306,1.0,0.0,0.0,0.0,0,0.0,16,500000,1.0,462.5625
epsilon_greedy,42,38,1.4285714285714284,1.1020408163265305,1.0,0.0,0.0,0.0,0,0.0,16,500000,1.0,462.5625
epsilon_greedy,42,39,1.4285714285714284,1.1836734693877546,1.0,0.0,0.0,0.0,0,0.0,16,500000,1.0,462.5625
epsilon_greedy,42,40,1.4285714285714284,1.2653061224489792,1.0,0.0,0.0,0.0,0,0.0,16,500000,1.0,462.5625
epsilon_greedy,42,41,1.4285714285714284,1.3469387755102038,1.0,0.0,0.0,0.0,0,0.0,16,500000,1.0,462.5625
epsilon_greedy,42,42,1.4285714285714284,1.4285714285714284,1.0,0.0,0.0,0.0,0,0.0,16,500000,1.0,462.5625
epsilon_greedy,42,43,1.4285714285714284,1.510204081632653,1.0,0.0,0.0,0.0,0,0.0,16,500000,1.0,462.5625
epsilon_greedy,42,44,1.4285714285714284,1.591836734693877,1.0,0.0,0.0,0.0,0,0.0,16,500000,1.0,462.5625
epsilon_greedy,42,45,1.4285714285714284,1.6734693877551017,1.0,0.0,0.0,0.0,0,0.0,16,500000,1.0,462.5625
epsilon_greedy,42,46,1.4285714285714284,1.7551020408163263,1.0,0.0,0.0,0.0,0,0.0,16,500000,1.0,462.5625
epsilon_greedy,42,47,1.4285714285714284,1.8367346938775508,1.0,0.0,0.0,0.0,0,0.0,16,500000,1.0,462.5625
epsilon_greedy,42,48,1.4285714285714284,1.9183673469387754,1.0,0.0,0.0,0.0,0,0.0,16,500000,1.0,462.5625
epsilon_greedy,42,49,1.4285714285714284,2.0,1.0,0.0,0.0,0.0,0,0.0,16,500000,1.0,353.75
epsilon_greedy,43,0,1.510204081632653,-2.0,1.0,0.0,0.0,0.0,0,0.0,16,500000,1.0,346.5625
epsilon_greedy,43,1,1.510204081632653,-1.9183673469387754,1.0,0.0,0.0,0.0,0,0.0,16,500000,1.0,462.5625
epsilon_greedy,43,2,1.510204081632653,-1.836734693877551,1.0,0.0,0.0,0.0,0,0.0,16,500000,1.0,462.5625
epsilon_greedy,43,3,1.510204081632653,-1.7551020408163265,1.0,0.0,0.0,0.0,0,0.0,16,500000,1.0,462.5625
epsilon_greedy,43,4,1.510204081632653,-1.6734693877551021,1.0,0.0,0.0,0.0,0,0.0,16,500000,1.0,462.5625
epsilon_greedy,43,5,1.510204081632653,-1.5918367346938775,1.0,0.0,0.0,0.0,0,0.0,16,500000,1.0,462.5625
epsilon_greedy,43,6,1.510204081632653,-1.510204081632653,1.0,0.0,0.0,0.0,0,0.0,16,500000,1.0,462.5625
epsilon_greedy,43,7,1.510204081632653,-1.4285714285714286,1.0,0.0,0.0,0.0,0,0.0,16,500000,1.0,462.5625
epsilon_greedy,43,8,1.510204081632653,-1.3469387755102042,1.0,0.0,0.0,0.0,0,0.0,16,500000,1.0,462.5625
epsilon_greedy,43,9,1.510204081632653,-1.2653061224489797,1.0,0.0,0.0,0.0,0,0.0,16,500000,1.0,462.5625
epsilon_greedy,43,10,1.510204081632653,-1.183673469387755,1.0,0.0,0.0,0.0,0,0.0,16,500000,1.0,462.5625
epsilon_greedy,43,11,1.510204081632653,-1.1020408163265307,1.0,0.0,0.0,0.0,0,0.0,16,500000,1.0,462.5625
epsilon_greedy,43,12,1.510204081632653,-1.0204081632653061,1.0,0.0,0.0,0.0,0,0.0,16,500000,1.0,462.5625
epsilon_greedy,43,13,1.510204081632653,-0.9387755102040818,1.0,0.0,0.0,0.0,0,0.0,16,500000,1.0,462.5625
epsilon_greedy,43,14,1.510204081632653,-0.8571428571428572,1.0,0.0,0.0,0.0,0,0.0,16,500000,1.0,462.5625
epsilon_greedy,43,15,1.510204081632653,-0.7755102040816328,1.0,0.0,0.0,0.0,0,0.0,16,500000,1.0,462.5625
epsilon_greedy,43,16,1.510204081632653,-0.6938775510204083,1.0,0.0,0.0,0.0,0,0.0,16,500000,1.0,462.5625
epsilon_greedy,43,17,1.510204081632653,-0.6122448979591837,1.0,0.0,0.0,0.0,0,0.0,16,500000,1.0,462.5625
epsilon_greedy,43,18,1.510204081632653,-0.5306122448979593,1.0,0.0,0.0,0.0,0,0.0,16,500000,1.0,462.5625
epsilon_greedy,43,19,1.510204081632653,-0.44897959183673475,1.0,0.0,0.0,0.0,0,0.0,16,500000,1.0,462.5625
epsilon_greedy,43,20,1.510204081632653,-0.3673469387755104,1.0,0.0,0.0,0.0,0,0.0,16,500000,1.0,462.5625
epsilon_greedy,43,21,1.510204081632653,-0.2857142857142858,1.0,0.0,0.0,0.0,0,0.0,16,500000,1.0,462.5625
epsilon_greedy,43,22,1.510204081632653,-0.20408163265306145,1.0,0.0,0.0,0.0,0,0.0,16,500000,1.0,462.5625
epsilon_greedy,43,23,1.510204081632653,-0.12244897959183687,1.0,0.0,0.0,0.0,0,0.0,16,500000,1.0,462.5625
epsilon_greedy,43,24,1.510204081632653,-0.04081632653061229,1.0,0.0,0.0,0.0,0,0.0,16,500000,1.0,462.5625
epsilon_greedy,43,25,1.510204081632653,0.04081632653061229,1.0,0.0,0.0,0.0,0,0.0,16,500000,1.0,462.5625
epsilon_greedy,43,26,1.510204081632653,0.12244897959183643,1.0,0.0,0.0,0.0,0,0.0,16,500000,1.0,462.5625
epsilon_greedy,43,27,1.510204081632653,0.204081632653061,1.0,0.0,0.0,0.0,0,0.0,16,500000,1.0,462.5625
epsilon_greedy,43,28,1.510204081632653,0.2857142857142856,1.0,0.0,0.0,0.0,0,0.0,16,500000,1.0,462.5625
epsilon_greedy,43,29,1.510204081632653,0.36734693877551017,1.0,0.0,0.0,0.0,0,0.0,16,500000,1.0,462.5625
epsilon_greedy,43,30,1.510204081632653,0.4489795918367343,1.0,0.0,0.0,0.0,0,0.0,16,500000,1.0,462.5625
epsilon_greedy,43,31,1.510204081632653,0.5306122448979589,1.0,0.0,0.0,0.0,0,0.0,16,500000,1.0,462.5625
epsilon_greedy,43,32,1.510204081632653,0.6122448979591835,1.0,0.0,0.0,0.0,0,0.0,16,500000,1.0,462.5625
epsilon_greedy,43,33,1.510204081632653,0.693877551020408,1.0,0.0,0.0,0.0,0,0.0,16,500000,1.0,462.5625
epsilon_greedy,43,34,1.510204081632653,0.7755102040816326,1.0,0.0,0.0,0.0,0,0.0,16,500000,1.0,462.5625
epsilon_greedy,43,35,1.510204081632653,0.8571428571428568,1.0,0.0,0.0,0.0,0,0.0,16,500000,1.0,462.5625
epsilon_greedy,43,36,1.510204081632653,0.9387755102040813,1.0,0.0,0.0,0.0,0,0.0,16,500000,1.0,462.5625
epsilon_greedy,43,37,1.510204081632653,1.020408163265306,1.0,0.0,0.0,0.0,0,0.0,16,500000,1.0,462.5625
epsilon_greedy,43,38,1.510204081632653,1.1020408163265305,1.0,0.0,0.0,0.0,0,0.0,16,500000,1.0,462.5625
epsilon_greedy,43,39,1.510204081632653,1.1836734693877546,1.0,0.0,0.0,0.0,0,0.0,16,500000,1.0,462.5625
epsilon_greedy,43,40,1.510204081632653,1.2653061224489792,1.0,0.0,0.0,0.0,0,0.0,16,500000,1.0,462.5625
epsilon_greedy,43,41,1.510204081632653,1.3469387755102038,1.0,0.0,0.0,0.0,0,0.0,16,500000,1.0,462.5625
epsilon_greedy,43,42,1.510204081632653,1.4285714285714284,1.0,0.0,0.0,0.0,0,0.0,16,500000,1.0,462.5625
epsilon_greedy,43,43,1.510204081632653,1.510204081632653,1.0,0.0,0.0,0.0,0,0.0,16,500000,1.0,462.5625
epsilon_greedy,43,44,1.510204081632653,1.591836734693877,1.0,0.0,0.0,0.0,0,0.0,16,500000,1.0,462.5625
epsilon_greedy,43,45,1.510204081632653,1.6734693877551017,1.0,0.0,0.0,0.0,0,0.0,16,500000,1.0,462.5625
epsilon_greedy,43,46,1.510204081632653,1.7551020408163263,1.0,0.0,0.0,0.0,0,0.0,16,500000,1.0,462.5625
epsilon_greedy,43,47,1.510204081632653,1.8367346938775508,1.0,0.0,0.0,0.0,0,0.0,16,500000,1.0,462.5625
epsilon_greedy,43,48,1.510204081632653,1.9183673469387754,1.0,0.0,0.0,0.0,0,0.0,16,500000,1.0,462.5625
epsilon_greedy,43,49,1.510204081632653,2.0,1.0,0.0,0.0,0.0,0,0.0,16,500000,1.0,353.75
epsilon_greedy,44,0,1.591836734693877,-2.0,1.0,0.0,0.0,0.0,0,0.0,16,500000,1.0,346.5625
epsilon_greedy,44,1,1.591836734693877,-1.9183673469387754,1.0,0.0,0.0,0.0,0,0.0,16,500000,1.0,462.5625
epsilon_greedy,44,2,1.591836734693877,-1.836734693877551,1.0,0.0,0.0,0.0,0,0.0,16,500000,1.0,462.5625
epsilon_greedy,44,3,1.591836734693877,-1.7551020408163265,1.0,0.0,0.0,0.0,0,0.0,16,500000,1.0,462.5625
epsilon_greedy,44,4,1.591836734693877,-1.6734693877551021,1.0,0.0,0.0,0.0,0,0.0,16,500000,1.0,462.5625
epsilon_greedy,44,5,1.591836734693877,-1.5918367346938775,1.0,0.0,0.0,0.0,0,0.0,16,500000,1.0,462.5625
epsilon_greedy,44,6,1.591836734693877,-1.510204081632653,1.0,0.0,0.0,0.0,0,0.0,16,500000,1.0,462.5625
epsilon_greedy,44,7,1.591836734693877,-1.4285714285714286,1.0,0.0,0.0,0.0,0,0.0,16,500000,1.0,462.5625
epsilon_greedy,44,8,1.591836734693877,-1.3469387755102042,1.0,0.0,0.0,0.0,0,0.0,16,500000,1.0,462.5625
epsilon_greedy,44,9,1.591836734693877,-1.2653061224489797,1.0,0.0,0.0,0.0,0,0.0,16,500000,1.0,462.5625
epsilon_greedy,44,10,1.591836734693877,-1.183673469387755,1.0,0.0,0.0,0.0,0,0.0,16,500000,1.0,462.5625
epsilon_greedy,44,11,1.591836734693877,-1.1020408163265307,1.0,0.0,0.0,0.0,0,0.0,16,500000,1.0,462.5625
epsilon_greedy,44,12,1.591836734693877,-1.0204081632653061,1.0,0.0,0.0,0.0,0,0.0,16,500000,1.0,462.5625
epsilon_greedy,44,13,1.591836734693877,-0.9387755102040818,1.0,0.0,0.0,0.0,0,0.0,16,500000,1.0,462.5625
epsilon_greedy,44,14,1.591836734693877,-0.8571428571428572,1.0,0.0,0.0,0.0,0,0.0,16,500000,1.0,462.5625
epsilon_greedy,44,15,1.591836734693877,-0.7755102040816328,1.0,0.0,0.0,0.0,0,0.0,16,500000,1.0,462.5625
epsilon_greedy,44,16,1.591836734693877,-0.6938775510204083,1.0,0.0,0.0,0.0,0,0.0,16,500000,1.0,462.5625
epsilon_greedy,44,17,1.591836734693877,-0.6122448979591837,1.0,0.0,0.0,0.0,0,0.0,16,500000,1.0,462.5625
epsilon_greedy,44,18,1.591836734693877,-0.5306122448979593,1.0,0.0,0.0,0.0,0,0.0,16,500000,1.0,462.5625
epsilon_greedy,44,19,1.591836734693877,-0.44897959183673475,1.0,0.0,0.0,0.0,0,0.0,16,500000,1.0,462.5625
epsilon_greedy,44,20,1.591836734693877,-0.3673469387755104,1.0,0.0,0.0,0.0,0,0.0,16,500000,1.0,462.5625
epsilon_greedy,44,21,1.591836734693877,-0.2857142857142858,1.0,0.0,0.0,0.0,0,0.0,16,500000,1.0,462.5625
epsilon_greedy,44,22,1.591836734693877,-0.20408163265306145,1.0,0.0,0.0,0.0,0,0.0,16,500000,1.0,462.5625
epsilon_greedy,44,23,1.591836734693877,-0.12244897959183687,1.0,0.0,0.0,0.0,0,0.0,16,500000,1.0,462.5625
epsilon_greedy,44,24,1.591836734693877,-0.04081632653061229,1.0,0.0,0.0,0.0,0,0.0,16,500000,1.0,462.5625
epsilon_greedy,44,25,1.591836734693877,0.04081632653061229,1.0,0.0,0.0,0.0,0,0.0,16,500000,1.0,462.5625
epsilon_greedy,44,26,1.591836734693877,0.12244897959183643,1.0,0.0,0.0,0.0,0,0.0,16,500000,1.0,462.5625
epsilon_greedy,44,27,1.591836734693877,0.204081632653061,1.0,0.0,0.0,0.0,0,0.0,16,500000,1.0,462.5625
epsilon_greedy,44,28,1.591836734693877,0.2857142857142856,1.0,0.0,0.0,0.0,0,0.0,16,500000,1.0,462.5625
epsilon_greedy,44,29,1.591836734693877,0.36734693877551017,1.0,0.0,0.0,0.0,0,0.0,16,500000,1.0,462.5625
epsilon_greedy,44,30,1.591836734693877,0.4489795918367343,1.0,0.0,0.0,0.0,0,0.0,16,500000,1.0,462.5625
epsilon_greedy,44,31,1.591836734693877,0.5306122448979589,1.0,0.0,0.0,0.0,0,0.0,16,500000,1.0,462.5625
epsilon_greedy,44,32,1.591836734693877,0.6122448979591835,1.0,0.0,0.0,0.0,0,0.0,16,500000,1.0,462.5625
epsilon_greedy,44,33,1.591836734693877,0.693877551020408,1.0,0.0,0.0,0.0,0,0.0,16,500000,1.0,462.5625
epsilon_greedy,44,34,1.591836734693877,0.7755102040816326,1.0,0.0,0.0,0.0,0,0.0,16,500000,1.0,462.5625
epsilon_greedy,44,35,1.591836734693877,0.8571428571428568,1.0,0.0,0.0,0.0,0,0.0,16,500000,1.0,462.5625
epsilon_greedy,44,36,1.591836734693877,0.9387755102040813,1.0,0.0,0.0,0.0,0,0.0,16,500000,1.0,462.5625
epsilon_greedy,44,37,1.591836734693877,1.020408163265306,1.0,0.0,0.0,0.0,0,0.0,16,500000,1.0,462.5625
epsilon_greedy,44,38,1.591836734693877,1.1020408163265305,1.0,0.0,0.0,0.0,0,0.0,16,500000,1.0,462.5625
epsilon_greedy,44,39,1.591836734693877,1.1836734693877546,1.0,0.0,0.0,0.0,0,0.0,16,500000,1.0,462.5625
epsilon_greedy,44,40,1.591836734693877,1.2653061224489792,1.0,0.0,0.0,0.0,0,0.0,16,500000,1.0,462.5625
epsilon_greedy,44,41,1.591836734693877,1.3469387755102038,1.0,0.0,0.0,0.0,0,0.0,16,500000,1.0,462.5625
epsilon_greedy,44,42,1.591836734693877,1.4285714285714284,1.0,0.0,0.0,0.0,0,0.0,16,500000,1.0,462.5625
epsilon_greedy,44,43,1.591836734693877,1.510204081632653,1.0,0.0,0.0,0.0,0,0.0,16,500000,1.0,462.5625
epsilon_greedy,44,44,1.591836734693877,1.591836734693877,1.0,0.0,0.0,0.0,0,0.0,16,500000,1.0,462.5625
epsilon_greedy,44,45,1.591836734693877,1.6734693877551017,1.0,0.0,0.0,0.0,0,0.0,16,500000,1.0,462.5625
epsilon_greedy,44,46,1.591836734693877,1.7551020408163263,1.0,0.0,0.0,0.0,0,0.0,16,500000,1.0,462.5625
epsilon_greedy,44,47,1.591836734693877,1.8367346938775508,1.0,0.0,0.0,0.0,0,0.0,16,500000,1.0,462.5625
epsilon_greedy,44,48,1.591836734693877,1.9183673469387754,1.0,0.0,0.0,0.0,0,0.0,16,500000,1.0,462.5625
epsilon_greedy,44,49,1.591836734693877,2.0,1.0,0.0,0.0,0.0,0,0.0,16,500000,1.0,353.75
epsilon_greedy,45,0,1.6734693877551017,-2.0,1.0,0.0,0.0,0.0,0,0.0,16,500000,1.0,346.5625
epsilon_greedy,45,1,1.6734693877551017,-1.9183673469387754,1.0,0.0,0.0,0.0,0,0.0,16,500000,1.0,462.5625
epsilon_greedy,45,2,1.6734693877551017,-1.836734693877551,1.0,0.0,0.0,0.0,0,0.0,16,500000,1.0,462.5625
epsilon_greedy,45,3,1.6734693877551017,-1.7551020408163265,1.0,0.0,0.0,0.0,0,0.0,16,500000,1.0,462.5625
epsilon_greedy,45,4,1.6734693877551017,-1.6734693877551021,1.0,0.0,0.0,0.0,0,0.0,16,500000,1.0,462.5625
epsilon_greedy,45,5,1.6734693877551017,-1.5918367346938775,1.0,0.0,0.0,0.0,0,0.0,16,500000,1.0,462.5625
epsilon_greedy,45,6,1.6734693877551017,-1.510204081632653,1.0,0.0,0.0,0.0,0,0.0,16,500000,1.0,462.5625
epsilon_greedy,45,7,1.6734693877551017,-1.4285714285714286,1.0,0.0,0.0,0.0,0,0.0,16,500000,1.0,462.5625
epsilon_greedy,45,8,1.6734693877551017,-1.3469387755102042,1.0,0.0,0.0,0.0,0,0.0,16,500000,1.0,462.5625
epsilon_greedy,45,9,1.6734693877551017,-1.2653061224489797,1.0,0.0,0.0,0.0,0,0.0,16,500000,1.0,462.5625
epsilon_greedy,45,10,1.6734693877551017,-1.183673469387755,1.0,0.0,0.0,0.0,0,0.0,16,500000,1.0,462.5625
epsilon_greedy,45,11,1.6734693877551017,-1.1020408163265307,1.0,0.0,0.0,0.0,0,0.0,16,500000,1.0,462.5625
epsilon_greedy,45,12,1.6734693877551017,-1.0204081632653061,1.0,0.0,0.0,0.0,0,0.0,16,500000,1.0,462.5625
epsilon_greedy,45,13,1.6734693877551017,-0.9387755102040818,1.0,0.0,0.0,0.0,0,0.0,16,500000,1.0,462.5625
epsilon_greedy,45,14,1.6734693877551017,-0.8571428571428572,1.0,0.0,0.0,0.0,0,0.0,16,500000,1.0,462.5625
epsilon_greedy,45,15,1.6734693877551017,-0.7755102040816328,1.0,0.0,0.0,0.0,0,0.0,16,500000,1.0,462.5625
epsilon_greedy,45,16,1.6734693877551017,-0.6938775510204083,1.0,0.0,0.0,0.0,0,0.0,16,500000,1.0,462.5625
epsilon_greedy,45,17,1.6734693877551017,-0.6122448979591837,1.0,0.0,0.0,0.0,0,0.0,16,500000,1.0,462.5625
epsilon_greedy,45,18,1.6734693877551017,-0.5306122448979593,1.0,0.0,0.0,0.0,0,0.0,16,500000,1.0,462.5625
epsilon_greedy,45,19,1.6734693877551017,-0.44897959183673475,1.0,0.0,0.0,0.0,0,0.0,16,500000,1.0,462.5625
epsilon_greedy,45,20,1.6734693877551017,-0.3673469387755104,1.0,0.0,0.0,0.0,0,0.0,16,500000,1.0,462.5625
epsilon_greedy,45,21,1.6734693877551017,-0.2857142857142858,1.0,0.0,0.0,0.0,0,0.0,16,500000,1.0,462.5625
epsilon_greedy,45,22,1.6734693877551017,-0.20408163265306145,1.0,0.0,0.0,0.0,0,0.0,16,500000,1.0,462.5625
epsilon_greedy,45,23,1.6734693877551017,-0.12244897959183687,1.0,0.0,0.0,0.0,0,0.0,16,500000,1.0,462.5625
epsilon_greedy,45,24,1.6734693877551017,-0.04081632653061229,1.0,0.0,0.0,0.0,0,0.0,16,500000,1.0,462.5625
epsilon_greedy,45,25,1.6734693877551017,0.04081632653061229,1.0,0.0,0.0,0.0,0,0.0,16,500000,1.0,462.5625
epsilon_greedy,45,26,1.6734693877551017,0.12244897959183643,1.0,0.0,0.0,0.0,0,0.0,16,500000,1.0,462.5625
epsilon_greedy,45,27,1.6734693877551017,0.204081632653061,1.0,0.0,0.0,0.0,0,0.0,16,500000,1.0,462.5625
epsilon_greedy,45,28,1.6734693877551017,0.2857142857142856,1.0,0.0,0.0,0.0,0,0.0,16,500000,1.0,462.5625
epsilon_greedy,45,29,1.6734693877551017,0.36734693877551017,1.0,0.0,0.0,0.0,0,0.0,16,500000,1.0,462.5625
epsilon_greedy,45,30,1.6734693877551017,0.4489795918367343,1.0,0.0,0.0,0.0,0,0.0,16,500000,1.0,462.5625
epsilon_greedy,45,31,1.6734693877551017,0.5306122448979589,1.0,0.0,0.0,0.0,0,0.0,16,500000,1.0,462.5625
epsilon_greedy,45,32,1.6734693877551017,0.6122448979591835,1.0,0.0,0.0,0.0,0,0.0,16,500000,1.0,462.5625
epsilon_greedy,45,33,1.6734693877551017,0.693877551020408,1.0,0.0,0.0,0.0,0,0.0,16,500000,1.0,462.5625
epsilon_greedy,45,34,1.6734693877551017,0.7755102040816326,1.0,0.0,0.0,0.0,0,0.0,16,500000,1.0,462.5625
epsilon_greedy,45,35,1.6734693877551017,0.8571428571428568,1.0,0.0,0.0,0.0,0,0.0,16,500000,1.0,462.5625
epsilon_greedy,45,36,1.6734693877551017,0.9387755102040813,1.0,0.0,0.0,0.0,0,0.0,16,500000,1.0,462.5625
epsilon_greedy,45,37,1.6734693877551017,1.020408163265306,1.0,0.0,0.0,0.0,0,0.0,16,500000,1.0,462.5625
epsilon_greedy,45,38,1.6734693877551017,1.1020408163265305,1.0,0.0,0.0,0.0,0,0.0,16,500000,1.0,462.5625
epsilon_greedy,45,39,1.6734693877551017,1.1836734693877546,1.0,0.0,0.0,0.0,0,0.0,16,500000,1.0,462.5625
epsilon_greedy,45,40,1.6734693877551017,1.2653061224489792,1.0,0.0,0.0,0.0,0,0.0,16,500000,1.0,462.5625
epsilon_greedy,45,41,1.6734693877551017,1.3469387755102038,1.0,0.0,0.0,0.0,0,0.0,16,500000,1.0,462.5625
epsilon_greedy,45,42,1.6734693877551017,1.4285714285714284,1.0,0.0,0.0,0.0,0,0.0,16,500000,1.0,462.5625
epsilon_greedy,45,43,1.6734693877551017,1.510204081632653,1.0,0.0,0.0,0.0,0,0.0,16,500000,1.0,462.5625
epsilon_greedy,45,44,1.6734693877551017,1.591836734693877,1.0,0.0,0.0,0.0,0,0.0,16,500000,1.0,462.5625
epsilon_greedy,45,45,1.6734693877551017,1.6734693877551017,1.0,0.0,0.0,0.0,0,0.0,16,500000,1.0,462.5625
epsilon_greedy,45,46,1.6734693877551017,1.7551020408163263,1.0,0.0,0.0,0.0,0,0.0,16,500000,1.0,462.5625
epsilon_greedy,45,47,1.6734693877551017,1.8367346938775508,1.0,0.0,0.0,0.0,0,0.0,16,500000,1.0,462.5625
epsilon_greedy,45,48,1.6734693877551017,1.9183673469387754,1.0,0.0,0.0,0.0,0,0.0,16,500000,1.0,462.5625
epsilon_greedy,45,49,1.6734693877551017,2.0,1.0,0.0,0.0,0.0,0,0.0,16,500000,1.0,353.75
epsilon_greedy,46,0,1.7551020408163263,-2.0,1.0,0.0,0.0,0.0,0,0.0,16,500000,1.0,346.5625
epsilon_greedy,46,1,1.7551020408163263,-1.9183673469387754,1.0,0.0,0.0,0.0,0,0.0,16,500000,1.0,462.5625
epsilon_greedy,46,2,1.7551020408163263,-1.836734693877551,1.0,0.0,0.0,0.0,0,0.0,16,500000,1.0,462.5625
epsilon_greedy,46,3,1.7551020408163263,-1.7551020408163265,1.0,0.0,0.0,0.0,0,0.0,16,500000,1.0,462.5625
epsilon_greedy,46,4,1.7551020408163263,-1.6734693877551021,1.0,0.0,0.0,0.0,0,0.0,16,500000,1.0,462.5625
epsilon_greedy,46,5,1.7551020408163263,-1.5918367346938775,1.0,0.0,0.0,0.0,0,0.0,16,500000,1.0,462.5625
epsilon_greedy,46,6,1.7551020408163263,-1.510204081632653,1.0,0.0,0.0,0.0,0,0.0,16,500000,1.0,462.5625
epsilon_greedy,46,7,1.7551020408163263,-1.4285714285714286,1.0,0.0,0.0,0.0,0,0.0,16,500000,1.0,462.5625
epsilon_greedy,46,8,1.7551020408163263,-1.3469387755102042,1.0,0.0,0.0,0.0,0,0.0,16,500000,1.0,462.5625
epsilon_greedy,46,9,1.7551020408163263,-1.2653061224489797,1.0,0.0,0.0,0.0,0,0.0,16,500000,1.0,462.5625
epsilon_greedy,46,10,1.7551020408163263,-1.183673469387755,1.0,0.0,0.0,0.0,0,0.0,16,500000,1.0,462.5625
epsilon_greedy,46,11,1.7551020408163263,-1.1020408163265307,1.0,0.0,0.0,0.0,0,0.0,16,500000,1.0,462.5625
epsilon_greedy,46,12,1.7551020408163263,-1.0204081632653061,1.0,0.0,0.0,0.0,0,0.0,16,500000,1.0,462.5625
epsilon_greedy,46,13,1.7551020408163263,-0.9387755102040818,1.0,0.0,0.0,0.0,0,0.0,16,500000,1.0,462.5625
epsilon_greedy,46,14,1.7551020408163263,-0.8571428571428572,1.0,0.0,0.0,0.0,0,0.0,16,500000,1.0,462.5625
epsilon_greedy,46,15,1.7551020408163263,-0.7755102040816328,1.0,0.0,0.0,0.0,0,0.0,16,500000,1.0,462.5625
epsilon_greedy,46,16,1.7551020408163263,-0.6938775510204083,1.0,0.0,0.0,0.0,0,0.0,16,500000,1.0,462.5625
epsilon_greedy,46,17,1.7551020408163263,-0.6122448979591837,1.0,0.0,0.0,0.0,0,0.0,16,500000,1.0,462.5625
epsilon_greedy,46,18,1.7551020408163263,-0.5306122448979593,1.0,0.0,0.0,0.0,0,0.0,16,500000,1.0,462.5625
epsilon_greedy,46,19,1.7551020408163263,-0.44897959183673475,1.0,0.0,0.0,0.0,0,0.0,16,500000,1.0,462.5625
epsilon_greedy,46,20,1.7551020408163263,-0.3673469387755104,1.0,0.0,0.0,0.0,0,0.0,16,500000,1.0,462.5625
epsilon_greedy,46,21,1.7551020408163263,-0.2857142857142858,1.0,0.0,0.0,0.0,0,0.0,16,500000,1.0,462.5625
epsilon_greedy,46,22,1.7551020408163263,-0.20408163265306145,1.0,0.0,0.0,0.0,0,0.0,16,500000,1.0,462.5625
epsilon_greedy,46,23,1.7551020408163263,-0.12244897959183687,1.0,0.0,0.0,0.0,0,0.0,16,500000,1.0,462.5625
epsilon_greedy,46,24,1.7551020408163263,-0.04081632653061229,1.0,0.0,0.0,0.0,0,0.0,16,500000,1.0,462.5625
epsilon_greedy,46,25,1.7551020408163263,0.04081632653061229,1.0,0.0,0.0,0.0,0,0.0,16,500000,1.0,462.5625
epsilon_greedy,46,26,1.7551020408163263,0.12244897959183643,1.0,0.0,0.0,0.0,0,0.0,16,500000,1.0,462.5625
epsilon_greedy,46,27,1.7551020408163263,0.204081632653061,1.0,0.0,0.0,0.0,0,0.0,16,500000,1.0,462.5625
epsilon_greedy,46,28,1.7551020408163263,0.2857142857142856,1.0,0.0,0.0,0.0,0,0.0,16,500000,1.0,462.5625
epsilon_greedy,46,29,1.7551020408163263,0.36734693877551017,1.0,0.0,0.0,0.0,0,0.0,16,500000,1.0,462.5625
epsilon_greedy,46,30,1.7551020408163263,0.4489795918367343,1.0,0.0,0.0,0.0,0,0.0,16,500000,1.0,462.5625
epsilon_greedy,46,31,1.7551020408163263,0.5306122448979589,1.0,0.0,0.0,0.0,0,0.0,16,500000,1.0,462.5625
epsilon_greedy,46,32,1.7551020408163263,0.6122448979591835,1.0,0.0,0.0,0.0,0,0.0,16,500000,1.0,462.5625
epsilon_greedy,46,33,1.7551020408163263,0.693877551020408,1.0,0.0,0.0,0.0,0,0.0,16,500000,1.0,462.5625
epsilon_greedy,46,34,1.7551020408163263,0.7755102040816326,1.0,0.0,0.0,0.0,0,0.0,16,500000,1.0,462.5625
epsilon_greedy,46,35,1.7551020408163263,0.8571428571428568,1.0,0.0,0.0,0.0,0,0.0,16,500000,1.0,462.5625
epsilon_greedy,46,36,1.7551020408163263,0.9387755102040813,1.0,0.0,0.0,0.0,0,0.0,16,500000,1.0,462.5625
epsilon_greedy,46,37,1.7551020408163263,1.020408163265306,1.0,0.0,0.0,0.0,0,0.0,16,500000,1.0,462.5625
epsilon_greedy,46,38,1.7551020408163263,1.1020408163265305,1.0,0.0,0.0,0.0,0,0.0,16,500000,1.0,462.5625
epsilon_greedy,46,39,1.7551020408163263,1.1836734693877546,1.0,0.0,0.0,0.0,0,0.0,16,500000,1.0,462.5625
epsilon_greedy,46,40,1.7551020408163263,1.2653061224489792,1.0,0.0,0.0,0.0,0,0.0,16,500000,1.0,462.5625
epsilon_greedy,46,41,1.7551020408163263,1.3469387755102038,1.0,0.0,0.0,0.0,0,0.0,16,500000,1.0,462.5625
epsilon_greedy,46,42,1.7551020408163263,1.4285714285714284,1.0,0.0,0.0,0.0,0,0.0,16,500000,1.0,462.5625
epsilon_greedy,46,43,1.7551020408163263,1.510204081632653,1.0,0.0,0.0,0.0,0,0.0,16,500000,1.0,462.5625
epsilon_greedy,46,44,1.7551020408163263,1.591836734693877,1.0,0.0,0.0,0.0,0,0.0,16,500000,1.0,462.5625
epsilon_greedy,46,45,1.7551020408163263,1.6734693877551017,1.0,0.0,0.0,0.0,0,0.0,16,500000,1.0,462.5625
epsilon_greedy,46,46,1.7551020408163263,1.7551020408163263,1.0,0.0,0.0,0.0,0,0.0,16,500000,1.0,462.5625
epsilon_greedy,46,47,1.7551020408163263,1.8367346938775508,1.0,0.0,0.0,0.0,0,0.0,16,500000,1.0,462.5625
epsilon_greedy,46,48,1.7551020408163263,1.9183673469387754,1.0,0.0,0.0,0.0,0,0.0,16,500000,1.0,462.5625
epsilon_greedy,46,49,1.7551020408163263,2.0,1.0,0.0,0.0,0.0,0,0.0,16,500000,1.0,353.75
epsilon_greedy,47,0,1.8367346938775508,-2.0,1.0,0.0,0.0,0.0,0,0.0,16,500000,1.0,346.5625
epsilon_greedy,47,1,1.8367346938775508,-1.9183673469387754,1.0,0.0,0.0,0.0,0,0.0,16,500000,1.0,462.5625
epsilon_greedy,47,2,1.8367346938775508,-1.836734693877551,1.0,0.0,0.0,0.0,0,0.0,16,500000,1.0,462.5625
epsilon_greedy,47,3,1.8367346938775508,-1.7551020408163265,1.0,0.0,0.0,0.0,0,0.0,16,500000,1.0,462.5625
epsilon_greedy,47,4,1.8367346938775508,-1.6734693877551021,1.0,0.0,0.0,0.0,0,0.0,16,500000,1.0,462.5625
epsilon_greedy,47,5,1.8367346938775508,-1.5918367346938775,1.0,0.0,0.0,0.0,0,0.0,16,500000,1.0,462.5625
epsilon_greedy,47,6,1.8367346938775508,-1.510204081632653,1.0,0.0,0.0,0.0,0,0.0,16,500000,1.0,462.5625
epsilon_greedy,47,7,1.8367346938775508,-1.4285714285714286,1.0,0.0,0.0,0.0,0,0.0,16,500000,1.0,462.5625
epsilon_greedy,47,8,1.8367346938775508,-1.3469387755102042,1.0,0.0,0.0,0.0,0,0.0,16,500000,1.0,462.5625
epsilon_greedy,47,9,1.8367346938775508,-1.2653061224489797,1.0,0.0,0.0,0.0,0,0.0,16,500000,1.0,462.5625
epsilon_greedy,47,10,1.8367346938775508,-1.183673469387755,1.0,0.0,0.0,0.0,0,0.0,16,500000,1.0,462.5625
epsilon_greedy,47,11,1.8367346938775508,-1.1020408163265307,1.0,0.0,0.0,0.0,0,0.0,16,500000,1.0,462.5625
epsilon_greedy,47,12,1.8367346938775508,-1.0204081632653061,1.0,0.0,0.0,0.0,0,0.0,16,500000,1.0,462.5625
epsilon_greedy,47,13,1.8367346938775508,-0.9387755102040818,1.0,0.0,0.0,0.0,0,0.0,16,500000,1.0,462.5625
epsilon_greedy,47,14,1.8367346938775508,-0.8571428571428572,1.0,0.0,0.0,0.0,0,0.0,16,500000,1.0,462.5625
epsilon_greedy,47,15,1.8367346938775508,-0.7755102040816328,1.0,0.0,0.0,0.0,0,0.0,16,500000,1.0,462.5625
epsilon_greedy,47,16,1.8367346938775508,-0.6938775510204083,1.0,0.0,0.0,0.0,0,0.0,16,500000,1.0,462.5625
epsilon_greedy,47,17,1.8367346938775508,-0.6122448979591837,1.0,0.0,0.0,0.0,0,0.0,16,500000,1.0,462.5625
epsilon_greedy,47,18,1.8367346938775508,-0.5306122448979593,1.0,0.0,0.0,0.0,0,0.0,16,500000,1.0,462.5625
epsilon_greedy,47,19,1.8367346938775508,-0.44897959183673475,1.0,0.0,0.0,0.0,0,0.0,16,500000,1.0,462.5625
epsilon_greedy,47,20,1.8367346938775508,-0.3673469387755104,1.0,0.0,0.0,0.0,0,0.0,16,500000,1.0,462.5625
epsilon_greedy,47,21,1.8367346938775508,-0.2857142857142858,1.0,0.0,0.0,0.0,0,0.0,16,500000,1.0,462.5625
epsilon_greedy,47,22,1.8367346938775508,-0.20408163265306145,1.0,0.0,0.0,0.0,0,0.0,16,500000,1.0,462.5625
epsilon_greedy,47,23,1.8367346938775508,-0.12244897959183687,1.0,0.0,0.0,0.0,0,0.0,16,500000,1.0,462.5625
epsilon_greedy,47,24,1.8367346938775508,-0.04081632653061229,1.0,0.0,0.0,0.0,0,0.0,16,500000,1.0,462.5625
epsilon_greedy,47,25,1.8367346938775508,0.04081632653061229,1.0,0.0,0.0,0.0,0,0.0,16,500000,1.0,462.5625
epsilon_greedy,47,26,1.8367346938775508,0.12244897959183643,1.0,0.0,0.0,0.0,0,0.0,16,500000,1.0,462.5625
epsilon_greedy,47,27,1.8367346938775508,0.204081632653061,1.0,0.0,0.0,0.0,0,0.0,16,500000,1.0,462.5625
epsilon_greedy,47,28,1.8367346938775508,0.2857142857142856,1.0,0.0,0.0,0.0,0,0.0,16,500000,1.0,462.5625
epsilon_greedy,47,29,1.8367346938775508,0.36734693877551017,1.0,0.0,0.0,0.0,0,0.0,16,500000,1.0,462.5625
epsilon_greedy,47,30,1.8367346938775508,0.4489795918367343,1.0,0.0,0.0,0.0,0,0.0,16,500000,1.0,462.5625
epsilon_greedy,47,31,1.8367346938775508,0.5306122448979589,1.0,0.0,0.0,0.0,0,0.0,16,500000,1.0,462.5625
epsilon_greedy,47,32,1.8367346938775508,0.6122448979591835,1.0,0.0,0.0,0.0,0,0.0,16,500000,1.0,462.5625
epsilon_greedy,47,33,1.8367346938775508,0.693877551020408,1.0,0.0,0.0,0.0,0,0.0,16,500000,1.0,462.5625
epsilon_greedy,47,34,1.8367346938775508,0.7755102040816326,1.0,0.0,0.0,0.0,0,0.0,16,500000,1.0,462.5625
epsilon_greedy,47,35,1.8367346938775508,0.8571428571428568,1.0,0.0,0.0,0.0,0,0.0,16,500000,1.0,462.5625
epsilon_greedy,47,36,1.8367346938775508,0.9387755102040813,1.0,0.0,0.0,0.0,0,0.0,16,500000,1.0,462.5625
epsilon_greedy,47,37,1.8367346938775508,1.020408163265306,1.0,0.0,0.0,0.0,0,0.0,16,500000,1.0,462.5625
epsilon_greedy,47,38,1.8367346938775508,1.1020408163265305,1.0,0.0,0.0,0.0,0,0.0,16,500000,1.0,462.5625
epsilon_greedy,47,39,1.8367346938775508,1.1836734693877546,1.0,0.0,0.0,0.0,0,0.0,16,500000,1.0,462.5625
epsilon_greedy,47,40,1.8367346938775508,1.2653061224489792,1.0,0.0,0.0,0.0,0,0.0,16,500000,1.0,462.5625
epsilon_greedy,47,41,1.8367346938775508,1.3469387755102038,1.0,0.0,0.0,0.0,0,0.0,16,500000,1.0,462.5625
epsilon_greedy,47,42,1.8367346938775508,1.4285714285714284,1.0,0.0,0.0,0.0,0,0.0,16,500000,1.0,462.5625
epsilon_greedy,47,43,1.8367346938775508,1.510204081632653,1.0,0.0,0.0,0.0,0,0.0,16,500000,1.0,462.5625
epsilon_greedy,47,44,1.8367346938775508,1.591836734693877,1.0,0.0,0.0,0.0,0,0.0,16,500000,1.0,462.5625
epsilon_greedy,47,45,1.8367346938775508,1.6734693877551017,1.0,0.0,0.0,0.0,0,0.0,16,500000,1.0,462.5625
epsilon_greedy,47,46,1.8367346938775508,1.7551020408163263,1.0,0.0,0.0,0.0,0,0.0,16,500000,1.0,462.5625
epsilon_greedy,47,47,1.8367346938775508,1.8367346938775508,1.0,0.0,0.0,0.0,0,0.0,16,500000,1.0,462.5625
epsilon_greedy,47,48,1.8367346938775508,1.9183673469387754,1.0,0.0,0.0,0.0,0,0.0,16,500000,1.0,462.5625
epsilon_greedy,47,49,1.8367346938775508,2.0,1.0,0.0,0.0,0.0,0,0.0,16,500000,1.0,353.75
epsilon_greedy,48,0,1.9183673469387754,-2.0,1.0,0.0,0.0,0.0,0,0.0,16,500000,1.0,346.5625
epsilon_greedy,48,1,1.9183673469387754,-1.9183673469387754,1.0,0.0,0.0,0.0,0,0.0,16,500000,1.0,462.5625
epsilon_greedy,48,2,1.9183673469387754,-1.836734693877551,1.0,0.0,0.0,0.0,0,0.0,16,500000,1.0,462.5625
epsilon_greedy,48,3,1.9183673469387754,-1.7551020408163265,1.0,0.0,0.0,0.0,0,0.0,16,500000,1.0,462.5625
epsilon_greedy,48,4,1.9183673469387754,-1.6734693877551021,1.0,0.0,0.0,0.0,0,0.0,16,500000,1.0,462.5625
epsilon_greedy,48,5,1.9183673469387754,-1.5918367346938775,1.0,0.0,0.0,0.0,0,0.0,16,500000,1.0,462.5625
epsilon_greedy,48,6,1.9183673469387754,-1.510204081632653,1.0,0.0,0.0,0.0,0,0.0,16,500000,1.0,462.5625
epsilon_greedy,48,7,1.9183673469387754,-1.4285714285714286,1.0,0.0,0.0,0.0,0,0.0,16,500000,1.0,462.5625
epsilon_greedy,48,8,1.9183673469387754,-1.3469387755102042,1.0,0.0,0.0,0.0,0,0.0,16,500000,1.0,462.5625
epsilon_greedy,48,9,1.9183673469387754,-1.2653061224489797,1.0,0.0,0.0,0.0,0,0.0,16,500000,1.0,462.5625
epsilon_greedy,48,10,1.9183673469387754,-1.183673469387755,1.0,0.0,0.0,0.0,0,0.0,16,500000,1.0,462.5625
epsilon_greedy,48,11,1.9183673469387754,-1.1020408163265307,1.0,0.0,0.0,0.0,0,0.0,16,500000,1.0,462.5625
epsilon_greedy,48,12,1.9183673469387754,-1.0204081632653061,1.0,0.0,0.0,0.0,0,0.0,16,500000,1.0,462.5625
epsilon_greedy,48,13,1.9183673469387754,-0.9387755102040818,1.0,0.0,0.0,0.0,0,0.0,16,500000,1.0,462.5625
epsilon_greedy,48,14,1.9183673469387754,-0.8571428571428572,1.0,0.0,0.0,0.0,0,0.0,16,500000,1.0,462.5625
epsilon_greedy,48,15,1.9183673469387754,-0.7755102040816328,1.0,0.0,0.0,0.0,0,0.0,16,500000,1.0,462.5625
epsilon_greedy,48,16,1.9183673469387754,-0.6938775510204083,1.0,0.0,0.0,0.0,0,0.0,16,500000,1.0,462.5625
epsilon_greedy,48,17,1.9183673469387754,-0.6122448979591837,1.0,0.0,0.0,0.0,0,0.0,16,500000,1.0,462.5625
epsilon_greedy,48,18,1.9183673469387754,-0.5306122448979593,1.0,0.0,0.0,0.0,0,0.0,16,500000,1.0,462.5625
epsilon_greedy,48,19,1.9183673469387754,-0.44897959183673475,1.0,0.0,0.0,0.0,0,0.0,16,500000,1.0,462.5625
epsilon_greedy,48,20,1.9183673469387754,-0.3673469387755104,1.0,0.0,0.0,0.0,0,0.0,16,500000,1.0,462.5625
epsilon_greedy,48,21,1.9183673469387754,-0.2857142857142858,1.0,0.0,0.0,0.0,0,0.0,16,500000,1.0,462.5625
epsilon_greedy,48,22,1.9183673469387754,-0.20408163265306145,1.0,0.0,0.0,0.0,0,0.0,16,500000,1.0,462.5625
epsilon_greedy,48,23,1.9183673469387754,-0.12244897959183687,1.0,0.0,0.0,0.0,0,0.0,16,500000,1.0,462.5625
epsilon_greedy,48,24,1.9183673469387754,-0.04081632653061229,1.0,0.0,0.0,0.0,0,0.0,16,500000,1.0,462.5625
epsilon_greedy,48,25,1.9183673469387754,0.04081632653061229,1.0,0.0,0.0,0.0,0,0.0,16,500000,1.0,462.5625
epsilon_greedy,48,26,1.9183673469387754,0.12244897959183643,1.0,0.0,0.0,0.0,0,0.0,16,500000,1.0,462.5625
epsilon_greedy,48,27,1.9183673469387754,0.204081632653061,1.0,0.0,0.0,0.0,0,0.0,16,500000,1.0,462.5625
epsilon_greedy,48,28,1.9183673469387754,0.2857142857142856,1.0,0.0,0.0,0.0,0,0.0,16,500000,1.0,462.5625
epsilon_greedy,48,29,1.9183673469387754,0.36734693877551017,1.0,0.0,0.0,0.0,0,0.0,16,500000,1.0,462.5625
epsilon_greedy,48,30,1.9183673469387754,0.4489795918367343,1.0,0.0,0.0,0.0,0,0.0,16,500000,1.0,462.5625
epsilon_greedy,48,31,1.9183673469387754,0.5306122448979589,1.0,0.0,0.0,0.0,0,0.0,16,500000,1.0,462.5625
epsilon_greedy,48,32,1.9183673469387754,0.6122448979591835,1.0,0.0,0.0,0.0,0,0.0,16,500000,1.0,462.5625
epsilon_greedy,48,33,1.9183673469387754,0.693877551020408,1.0,0.0,0.0,0.0,0,0.0,16,500000,1.0,462.5625
epsilon_greedy,48,34,1.9183673469387754,0.7755102040816326,1.0,0.0,0.0,0.0,0,0.0,16,500000,1.0,462.5625
epsilon_greedy,48,35,1.9183673469387754,0.8571428571428568,1.0,0.0,0.0,0.0,0,0.0,16,500000,1.0,462.5625
epsilon_greedy,48,36,1.9183673469387754,0.9387755102040813,1.0,0.0,0.0,0.0,0,0.0,16,500000,1.0,462.5625
epsilon_greedy,48,37,1.9183673469387754,1.020408163265306,1.0,0.0,0.0,0.0,0,0.0,16,500000,1.0,462.5625
epsilon_greedy,48,38,1.9183673469387754,1.1020408163265305,1.0,0.0,0.0,0.0,0,0.0,16,500000,1.0,462.5625
epsilon_greedy,48,39,1.9183673469387754,1.1836734693877546,1.0,0.0,0.0,0.0,0,0.0,16,500000,1.0,462.5625
epsilon_greedy,48,40,1.9183673469387754,1.2653061224489792,1.0,0.0,0.0,0.0,0,0.0,16,500000,1.0,462.5625
epsilon_greedy,48,41,1.9183673469387754,1.3469387755102038,1.0,0.0,0.0,0.0,0,0.0,16,500000,1.0,462.5625
epsilon_greedy,48,42,1.9183673469387754,1.4285714285714284,1.0,0.0,0.0,0.0,0,0.0,16,500000,1.0,462.5625
epsilon_greedy,48,43,1.9183673469387754,1.510204081632653,1.0,0.0,0.0,0.0,0,0.0,16,500000,1.0,462.5625
epsilon_greedy,48,44,1.9183673469387754,1.591836734693877,1.0,0.0,0.0,0.0,0,0.0,16,500000,1.0,462.5625
epsilon_greedy,48,45,1.9183673469387754,1.6734693877551017,1.0,0.0,0.0,0.0,0,0.0,16,500000,1.0,462.5625
epsilon_greedy,48,46,1.9183673469387754,1.7551020408163263,1.0,0.0,0.0,0.0,0,0.0,16,500000,1.0,462.5625
epsilon_greedy,48,47,1.9183673469387754,1.8367346938775508,1.0,0.0,0.0,0.0,0,0.0,16,500000,1.0,462.5625
epsilon_greedy,48,48,1.9183673469387754,1.9183673469387754,1.0,0.0,0.0,0.0,0,0.0,16,500000,1.0,462.5625
epsilon_greedy,48,49,1.9183673469387754,2.0,1.0,0.0,0.0,0.0,0,0.0,16,500000,1.0,353.75
epsilon_greedy,49,0,2.0,-2.0,1.0,0.0,0.0,0.0,0,0.0,16,500000,1.0,375.625
epsilon_greedy,49,1,2.0,-1.9183673469387754,1.0,0.0,0.0,0.0,0,0.0,16,500000,1.0,491.625
epsilon_greedy,49,2,2.0,-1.836734693877551,1.0,0.0,0.0,0.0,0,0.0,16,500000,1.0,491.625
epsilon_greedy,49,3,2.0,-1.7551020408163265,1.0,0.0,0.0,0.0,0,0.0,16,500000,1.0,491.625
epsilon_greedy,49,4,2.0,-1.6734693877551021,1.0,0.0,0.0,0.0,0,0.0,16,500000,1.0,491.625
epsilon_greedy,49,5,2.0,-1.5918367346938775,1.0,0.0,0.0,0.0,0,0.0,16,500000,1.0,491.625
epsilon_greedy,49,6,2.0,-1.510204081632653,1.0,0.0,0.0,0.0,0,0.0,16,500000,1.0,491.625
epsilon_greedy,49,7,2.0,-1.4285714285714286,1.0,0.0,0.0,0.0,0,0.0,16,500000,1.0,491.625
epsilon_greedy,49,8,2.0,-1.3469387755102042,1.0,0.0,0.0,0.0,0,0.0,16,500000,1.0,491.625
epsilon_greedy,49,9,2.0,-1.2653061224489797,1.0,0.0,0.0,0.0,0,0.0,16,500000,1.0,491.625
epsilon_greedy,49,10,2.0,-1.183673469387755,1.0,0.0,0.0,0.0,0,0.0,16,500000,1.0,491.625
epsilon_greedy,49,11,2.0,-1.1020408163265307,1.0,0.0,0.0,0.0,0,0.0,16,500000,1.0,491.625
epsilon_greedy,49,12,2.0,-1.0204081632653061,1.0,0.0,0.0,0.0,0,0.0,16,500000,1.0,491.625
epsilon_greedy,49,13,2.0,-0.9387755102040818,1.0,0.0,0.0,0.0,0,0.0,16,500000,1.0,491.625
epsilon_greedy,49,14,2.0,-0.8571428571428572,1.0,0.0,0.0,0.0,0,0.0,16,500000,1.0,491.625
epsilon_greedy,49,15,2.0,-0.7755102040816328,1.0,0.0,0.0,0.0,0,0.0,16,500000,1.0,491.625
epsilon_greedy,49,16,2.0,-0.6938775510204083,1.0,0.0,0.0,0.0,0,0.0,16,500000,1.0,491.625
epsilon_greedy,49,17,2.0,-0.6122448979591837,1.0,0.0,0.0,0.0,0,0.0,16,500000,1.0,491.625
epsilon_greedy,49,18,2.0,-0.5306122448979593,1.0,0.0,0.0,0.0,0,0.0,16,500000,1.0,491.625
epsilon_greedy,49,19,2.0,-0.44897959183673475,1.0,0.0,0.0,0.0,0,0.0,16,500000,1.0,491.625
epsilon_greedy,49,20,2.0,-0.3673469387755104,1.0,0.0,0.0,0.0,0,0.0,16,500000,1.0,491.625
epsilon_greedy,49,21,2.0,-0.2857142857142858,1.0,0.0,0.0,0.0,0,0.0,16,500000,1.0,491.625
epsilon_greedy,49,22,2.0,-0.20408163265306145,1.0,0.0,0.0,0.0,0,0.0,16,500000,1.0,491.625
epsilon_greedy,49,23,2.0,-0.12244897959183687,1.0,0.0,0.0,0.0,0,0.0,16,500000,1.0,491.625
epsilon_greedy,49,24,2.0,-0.04081632653061229,1.0,0.0,0.0,0.0,0,0.0,16,500000,1.0,491.625
epsilon_greedy,49,25,2.0,0.04081632653061229,1.0,0.0,0.0,0.0,0,0.0,16,500000,1.0,491.625
epsilon_greedy,49,26,2.0,0.12244897959183643,1.0,0.0,0.0,0.0,0,0.0,16,500000,1.0,491.625
epsilon_greedy,49,27,2.0,0.204081632653061,1.0,0.0,0.0,0.0,0,0.0,16,500000,1.0,491.625
epsilon_greedy,49,28,2.0,0.2857142857142856,1.0,0.0,0.0,0.0,0,0.0,16,500000,1.0,491.625
epsilon_greedy,49,29,2.0,0.36734693877551017,1.0,0.0,0.0,0.0,0,0.0,16,500000,1.0,491.625
epsilon_greedy,49,30,2.0,0.4489795918367343,1.0,0.0,0.0,0.0,0,0.0,16,500000,1.0,491.625
epsilon_greedy,49,31,2.0,0.5306122448979589,1.0,0.0,0.0,0.0,0,0.0,16,500000,1.0,491.625
epsilon_greedy,49,32,2.0,0.6122448979591835,1.0,0.0,0.0,0.0,0,0.0,16,500000,1.0,491.625
epsilon_greedy,49,33,2.0,0.693877551020408,1.0,0.0,0.0,0.0,0,0.0,16,500000,1.0,491.625
epsilon_greedy,49,34,2.0,0.7755102040816326,1.0,0.0,0.0,0.0,0,0.0,16,500000,1.0,491.625
epsilon_greedy,49,35,2.0,0.8571428571428568,1.0,0.0,0.0,0.0,0,0.0,16,500000,1.0,491.625
epsilon_greedy,49,36,2.0,0.9387755102040813,1.0,0.0,0.0,0.0,0,0.0,16,500000,1.0,491.625
epsilon_greedy,49,37,2.0,1.020408163265306,1.0,0.0,0.0,0.0,0,0.0,16,500000,1.0,491.625
epsilon_greedy,49,38,2.0,1.1020408163265305,1.0,0.0,0.0,0.0,0,0.0,16,500000,1.0,491.625
epsilon_greedy,49,39,2.0,1.1836734693877546,1.0,0.0,0.0,0.0,0,0.0,16,500000,1.0,491.625
epsilon_greedy,49,40,2.0,1.2653061224489792,1.0,0.0,0.0,0.0,0,0.0,16,500000,1.0,491.625
epsilon_greedy,49,41,2.0,1.3469387755102038,1.0,0.0,0.0,0.0,0,0.0,16,500000,1.0,491.625
epsilon_greedy,49,42,2.0,1.4285714285714284,1.0,0.0,0.0,0.0,0,0.0,16,500000,1.0,491.625
epsilon_greedy,49,43,2.0,1.510204081632653,1.0,0.0,0.0,0.0,0,0.0,16,500000,1.0,491.625
epsilon_greedy,49,44,2.0,1.591836734693877,1.0,0.0,0.0,0.0,0,0.0,16,500000,1.0,491.625
epsilon_greedy,49,45,2.0,1.6734693877551017,1.0,0.0,0.0,0.0,0,0.0,16,500000,1.0,491.625
epsilon_greedy,49,46,2.0,1.7551020408163263,1.0,0.0,0.0,0.0,0,0.0,16,500000,1.0,491.625
epsilon_greedy,49,47,2.0,1.8367346938775508,1.0,0.0,0.0,0.0,0,0.0,16,500000,1.0,491.625
epsilon_greedy,49,48,2.0,1.9183673469387754,1.0,0.0,0.0,0.0,0,0.0,16,500000,1.0,491.625
epsilon_greedy,49,49,2.0,2.0,1.0,0.0,0.0,0.0,0,0.0,16,500000,1.0,382.8125
thompson,0,0,-0.5,-0.5,1.0,0.0,0.0,0.0,0,0.0,16,500000,1.0,1150.6875
thompson,0,1,-0.5,-0.47959183673469385,1.0,0.0,0.0,0.0,0,0.0,16,500000,1.0,1150.6875
thompson,0,2,-0.5,-0.45918367346938777,1.0,0.0,0.0,0.0,0,0.0,16,500000,1.0,1150.6875
thompson,0,3,-0.5,-0.4387755102040816,1.0,0.0,0.0,0.0,0,0.0,16,500000,1.0,1150.6875
thompson,0,4,-0.5,-0.41836734693877553,1.0,0.0,0.0,0.0,0,0.0,16,500000,1.0,1150.6875
thompson,0,5,-0.5,-0.3979591836734694,1.0,0.0,0.0,0.0,0,0.0,16,500000,1.0,1150.6875
thompson,0,6,-0.5,-0.37755102040816324,1.0,0.0,0.0,0.0,0,0.0,16,500000,1.0,1150.6875
thompson,0,7,-0.5,-0.35714285714285715,1.0,0.0,0.0,0.0,0,0.0,16,500000,1.0,1150.6875
thompson,0,8,-0.5,-0.33673469387755106,1.0,0.0,0.0,0.0,0,0.0,16,500000,1.0,1150.6875
thompson,0,9,-0.5,-0.3163265306122449,1.0,0.0,0.0,0.0,0,0.0,16,500000,1.0,1149.375
thompson,0,10,-0.5,-0.29591836734693877,1.0,0.0,0.0,0.0,0,0.0,16,500000,1.0,1149.375
thompson,0,11,-0.5,-0.2755102040816327,1.0,0.0,0.0,0.0,0,0.0,16,500000,1.0,1149.375
thompson,0,12,-0.5,-0.25510204081632654,1.0,0.0,0.0,0.0,0,0.0,16,500000,1.0,1149.375
thompson,0,13,-0.5,-0.23469387755102045,1.0,0.0,0.0,0.0,0,0.0,16,500000,1.0,1149.375
thompson,0,14,-0.5,-0.2142857142857143,1.0,0.0,0.0,0.0,0,0.0,16,500000,1.0,1149.375
thompson,0,15,-0.5,-0.1938775510204082,1.0,0.0,0.0,0.0,0,0.0,16,500000,1.0,1149.375
thompson,0,16,-0.5,-0.17346938775510207,1.0,0.0,0.0,0.0,0,0.0,16,500000,1.0,1149.375
thompson,0,17,-0.5,-0.15306122448979592,1.0,0.0,0.0,0.0,0,0.0,16,500000,1.0,1149.375
thompson,0,18,-0.5,-0.13265306122448983,1.0,0.0,0.0,0.0,0,0.0,16,500000,1.0,1149.375
thompson,0,19,-0.5,-0.11224489795918369,1.0,0.0,0.0,0.0,0,0.0,16,500000,1.0,1149.375
thompson,0,20,-0.5,-0.0918367346938776,1.0,0.0,0.0,0.0,0,0.0,16,500000,1.0,1149.375
thompson,0,21,-0.5,-0.07142857142857145,1.0,0.0,0.0,0.0,0,0.0,16,500000,1.0,1149.375
thompson,0,22,-0.5,-0.05102040816326536,1.0,0.0,0.0,0.0,0,0.0,16,500000,0.9375,1259.4
thompson,0,23,-0.5,-0.030612244897959218,1.0,0.0,0.0,0.0,0,0.0,16,500000,0.9375,1259.4
thompson,0,24,-0.5,-0.010204081632653073,1.0,0.0,0.0,0.0,0,0.0,16,500000,0.9375,1259.4
thompson,0,25,-0.5,0.010204081632653073,1.0,0.0,0.0,0.0,0,0.0,16,500000,0.9375,1259.4
thompson,0,26,-0.5,0.030612244897959107,1.0,0.0,0.0,0.0,0,0.0,16,500000,0.9375,1259.4
thompson,0,27,-0.5,0.05102040816326525,1.0,0.0,0.0,0.0,0,0.0,16,500000,0.9375,1259.4
thompson,0,28,-0.5,0.0714285714285714,1.0,0.0,0.0,0.0,0,0.0,16,500000,0.9375,1259.4
thompson,0,29,-0.5,0.09183673469387754,1.0,0.0,0.0,0.0,0,0.0,16,500000,0.9375,1259.4
thompson,0,30,-0.5,0.11224489795918358,1.0,0.0,0.0,0.0,0,0.0,16,500000,0.9375,1259.4
thompson,0,31,-0.5,0.13265306122448972,1.0,0.0,0.0,0.0,0,0.0,16,500000,0.9375,1259.4
thompson,0,32,-0.5,0.15306122448979587,1.0,0.0,0.0,0.0,0,0.0,16,500000,0.9375,1259.4
thompson,0,33,-0.5,0.173469387755102,1.0,0.0,0.0,0.0,0,0.0,16,500000,0.9375,1175.6
thompson,0,34,-0.5,0.19387755102040816,1.0,0.0,0.0,0.0,0,0.0,16,500000,0.9375,1175.6
thompson,0,35,-0.5,0.2142857142857142,1.0,0.0,0.0,0.0,0,0.0,16,500000,0.9375,1175.6
thompson,0,36,-0.5,0.23469387755102034,1.0,0.0,0.0,0.0,0,0.0,16,500000,0.9375,1175.6
thompson,0,37,-0.5,0.2551020408163265,1.0,0.0,0.0,0.0,0,0.0,16,500000,0.9375,1175.6
thompson,0,38,-0.5,0.2755102040816326,1.0,0.0,0.0,0.0,0,0.0,16,500000,0.9375,1175.6
thompson,0,39,-0.5,0.29591836734693866,1.0,0.0,0.0,0.0,0,0.0,16,500000,0.9375,1175.6
thompson,0,40,-0.5,0.3163265306122448,1.0,0.0,0.0,0.0,0,0.0,16,500000,0.9375,1175.6
thompson,0,41,-0.5,0.33673469387755095,1.0,0.0,0.0,0.0,0,0.0,16,500000,0.9375,1175.6
thompson,0,42,-0.5,0.3571428571428571,1.0,0.0,0.0,0.0,0,0.0,16,500000,0.9375,1175.6
thompson,0,43,-0.5,0.37755102040816324,1.0,0.0,0.0,0.0,0,0.0,16,500000,0.9375,1175.6
thompson,0,44,-0.5,0.3979591836734693,1.0,0.0,0.0,0.0,0,0.0,16,500000,0.9375,1175.6
thompson,0,45,-0.5,0.4183673469387754,1.0,0.0,0.0,0.0,0,0.0,16,500000,0.9375,1175.6
thompson,0,46,-0.5,0.43877551020408156,1.0,0.0,0.0,0.0,0,0.0,16,500000,0.9375,1175.6
thompson,0,47,-0.5,0.4591836734693877,1.0,0.0,0.0,0.0,0,0.0,16,500000,0.9375,1175.6
thompson,0,48,-0.5,0.47959183673469385,1.0,0.0,0.0,0.0,0,0.0,16,500000,0.9375,1175.6
thompson,0,49,-0.5,0.5,1.0,0.0,0.0,0.0,0,0.0,16,500000,0.9375,1175.6
thompson,1,0,-0.47959183673469385,-0.5,1.0,0.0,0.0,0.0,0,0.0,16,500000,1.0,1150.6875
thompson,1,1,-0.47959183673469385,-0.47959183673469385,1.0,0.0,0.0,0.0,0,0.0,16,500000,1.0,1150.6875
thompson,1,2,-0.47959183673469385,-0.45918367346938777,1.0,0.0,0.0,0.0,0,0.0,16,500000,1.0,1150.6875
thompson,1,3,-0.47959183673469385,-0.4387755102040816,1.0,0.0,0.0,0.0,0,0.0,16,500000,1.0,1150.6875
thompson,1,4,-0.47959183673469385,-0.41836734693877553,1.0,0.0,0.0,0.0,0,0.0,16,500000,1.0,1150.6875
thompson,1,5,-0.47959183673469385,-0.3979591836734694,1.0,0.0,0.0,0.0,0,0.0,16,500000,1.0,1150.6875
thompson,1,6,-0.47959183673469385,-0.37755102040816324,1.0,0.0,0.0,0.0,0,0.0,16,500000,1.0,1150.6875
thompson,1,7,-0.47959183673469385,-0.35714285714285715,1.0,0.0,0.0,0.0,0,0.0,16,500000,1.0,1150.6875
thompson,1,8,-0.47959183673469385,-0.33673469387755106,1.0,0.0,0.0,0.0,0,0.0,16,500000,1.0,1150.6875
thompson,1,9,-0.47959183673469385,-0.3163265306122449,1.0,0.0,0.0,0.0,0,0.0,16,500000,1.0,1149.375
thompson,1,10,-0.47959183673469385,-0.29591836734693877,1.0,0.0,0.0,0.0,0,0.0,16,500000,1.0,1149.375
thompson,1,11,-0.47959183673469385,-0.2755102040816327,1.0,0.0,0.0,0.0,0,0.0,16,500000,1.0,1149.375
thompson,1,12,-0.47959183673469385,-0.25510204081632654,1.0,0.0,0.0,0.0,0,0.0,16,500000,1.0,1149.375
thompson,1,13,-0.47959183673469385,-0.23469387755102045,1.0,0.0,0.0,0.0,0,0.0,16,500000,1.0,1149.375
thompson,1,14,-0.47959183673469385,-0.2142857142857143,1.0,0.0,0.0,0.0,0,0.0,16,500000,1.0,1149.375
thompson,1,15,-0.47959183673469385,-0.1938775510204082,1.0,0.0,0.0,0.0,0,0.0,16,500000,1.0,1149.375
thompson,1,16,-0.47959183673469385,-0.17346938775510207,1.0,0.0,0.0,0.0,0,0.0,16,500000,1.0,1149.375
thompson,1,17,-0.47959183673469385,-0.15306122448979592,1.0,0.0,0.0,0.0,0,0.0,16,500000,1.0,1149.375
thompson,1,18,-0.47959183673469385,-0.13265306122448983,1.0,0.0,0.0,0.0,0,0.0,16,500000,1.0,1149.375
thompson,1,19,-0.47959183673469385,-0.11224489795918369,1.0,0.0,0.0,0.0,0,0.0,16,500000,1.0,1149.375
thompson,1,20,-0.47959183673469385,-0.0918367346938776,1.0,0.0,0.0,0.0,0,0.0,16,500000,1.0,1149.375
thompson,1,21,-0.47959183673469385,-0.07142857142857145,1.0,0.0,0.0,0.0,0,0.0,16,500000,1.0,1149.375
thompson,1,22,-0.47959183673469385,-0.05102040816326536,1.0,0.0,0.0,0.0,0,0.0,16,500000,0.9375,1259.4
thompson,1,23,-0.47959183673469385,-0.030612244897959218,1.0,0.0,0.0,0.0,0,0.0,16,500000,0.9375,1259.4
thompson,1,24,-0.47959183673469385,-0.010204081632653073,1.0,0.0,0.0,0.0,0,0.0,16,500000,0.9375,1259.4
thompson,1,25,-0.47959183673469385,0.010204081632653073,1.0,0.0,0.0,0.0,0,0.0,16,500000,0.9375,1259.4
thompson,1,26,-0.47959183673469385,0.030612244897959107,1.0,0.0,0.0,0.0,0,0.0,16,500000,0.9375,1259.4
thompson,1,27,-0.47959183673469385,0.05102040816326525,1.0,0.0,0.0,0.0,0,0.0,16,500000,0.9375,1259.4
thompson,1,28,-0.47959183673469385,0.0714285714285714,1.0,0.0,0.0,0.0,0,0.0,16,500000,0.9375,1259.4
thompson,1,29,-0.47959183673469385,0.09183673469387754,1.0,0.0,0.0,0.0,0,0.0,16,500000,0.9375,1259.4
thompson,1,30,-0.47959183673469385,0.11224489795918358,1.0,0.0,0.0,0.0,0,0.0,16,500000,0.9375,1259.4
thompson,1,31,-0.47959183673469385,0.13265306122448972,1.0,0.0,0.0,0.0,0,0.0,16,500000,0.9375,1259.4
thompson,1,32,-0.47959183673469385,0.15306122448979587,1.0,0.0,0.0,0.0,0,0.0,16,500000,0.9375,1259.4
thompson,1,33,-0.47959183673469385,0.173469387755102,1.0,0.0,0.0,0.0,0,0.0,16,500000,0.9375,1175.6
thompson,1,34,-0.47959183673469385,0.19387755102040816,1.0,0.0,0.0,0.0,0,0.0,16,500000,0.9375,1175.6
thompson,1,35,-0.47959183673469385,0.2142857142857142,1.0,0.0,0.0,0.0,0,0.0,16,500000,0.9375,1175.6
thompson,1,36,-0.47959183673469385,0.23469387755102034,1.0,0.0,0.0,0.0,0,0.0,16,500000,0.9375,1175.6
thompson,1,37,-0.47959183673469385,0.2551020408163265,1.0,0.0,0.0,0.0,0,0.0,16,500000,0.9375,1175.6
thompson,1,38,-0.47959183673469385,0.2755102040816326,1.0,0.0,0.0,0.0,0,0.0,16,500000,0.9375,1175.6
thompson,1,39,-0.47959183673469385,0.29591836734693866,1.0,0.0,0.0,0.0,0,0.0,16,500000,0.9375,1175.6
thompson,1,40,-0.47959183673469385,0.3163265306122448,1.0,0.0,0.0,0.0,0,0.0,16,500000,0.9375,1175.6
thompson,1,41,-0.47959183673469385,0.33673469387755095,1.0,0.0,0.0,0.0,0,0.0,16,500000,0.9375,1175.6
thompson,1,42,-0.47959183673469385,0.3571428571428571,1.0,0.0,0.0,0.0,0,0.0,16,500000,0.9375,1175.6
thompson,1,43,-0.47959183673469385,0.37755102040816324,1.0,0.0,0.0,0.0,0,0.0,16,500000,0.9375,1175.6
thompson,1,44,-0.47959183673469385,0.3979591836734693,1.0,0.0,0.0,0.0,0,0.0,16,500000,0.9375,1175.6
thompson,1,45,-0.47959183673469385,0.4183673469387754,1.0,0.0,0.0,0.0,0,0.0,16,500000,0.9375,1175.6
thompson,1,46,-0.47959183673469385,0.43877551020408156,1.0,0.0,0.0,0.0,0,0.0,16,500000,0.9375,1175.6
thompson,1,47,-0.47959183673469385,0.4591836734693877,1.0,0.0,0.0,0.0,0,0.0,16,500000,0.9375,1175.6
thompson,1,48,-0.47959183673469385,0.47959183673469385,1.0,0.0,0.0,0.0,0,0.0,16,500000,0.9375,1175.6
thompson,1,49,-0.47959183673469385,0.5,1.0,0.0,0.0,0.0,0,0.0,16,500000,0.9375,1175.6
thompson,2,0,-0.45918367346938777,-0.5,1.0,0.0,0.0,0.0,0,0.0,16,500000,1.0,1150.6875
thompson,2,1,-0.45918367346938777,-0.47959183673469385,1.0,0.0,0.0,0.0,0,0.0,16,500000,1.0,1150.6875
thompson,2,2,-0.45918367346938777,-0.45918367346938777,1.0,0.0,0.0,0.0,0,0.0,16,500000,1.0,1150.6875
thompson,2,3,-0.45918367346938777,-0.4387755102040816,1.0,0.0,0.0,0.0,0,0.0,16,500000,1.0,1150.6875
thompson,2,4,-0.45918367346938777,-0.41836734693877553,1.0,0.0,0.0,0.0,0,0.0,16,500000,1.0,1150.6875
thompson,2,5,-0.45918367346938777,-0.3979591836734694,1.0,0.0,0.0,0.0,0,0.0,16,500000,1.0,1150.6875
thompson,2,6,-0.45918367346938777,-0.37755102040816324,1.0,0.0,0.0,0.0,0,0.0,16,500000,1.0,1150.6875
thompson,2,7,-0.45918367346938777,-0.35714285714285715,1.0,0.0,0.0,0.0,0,0.0,16,500000,1.0,1150.6875
thompson,2,8,-0.45918367346938777,-0.33673469387755106,1.0,0.0,0.0,0.0,0,0.0,16,500000,1.0,1150.6875
thompson,2,9,-0.45918367346938777,-0.3163265306122449,1.0,0.0,0.0,0.0,0,0.0,16,500000,1.0,1149.375
thompson,2,10,-0.45918367346938777,-0.29591836734693877,1.0,0.0,0.0,0.0,0,0.0,16,500000,1.0,1149.375
thompson,2,11,-0.45918367346938777,-0.2755102040816327,1.0,0.0,0.0,0.0,0,0.0,16,500000,1.0,1149.375
thompson,2,12,-0.45918367346938777,-0.25510204081632654,1.0,0.0,0.0,0.0,0,0.0,16,500000,1.0,1149.375
thompson,2,13,-0.45918367346938777,-0.23469387755102045,1.0,0.0,0.0,0.0,0,0.0,16,500000,1.0,1149.375
thompson,2,14,-0.45918367346938777,-0.2142857142857143,1.0,0.0,0.0,0.0,0,0.0,16,500000,1.0,1149.375
thompson,2,15,-0.45918367346938777,-0.1938775510204082,1.0,0.0,0.0,0.0,0,0.0,16,500000,1.0,1149.375
thompson,2,16,-0.45918367346938777,-0.17346938775510207,1.0,0.0,0.0,0.0,0,0.0,16,500000,1.0,1149.375
thompson,2,17,-0.45918367346938777,-0.15306122448979592,1.0,0.0,0.0,0.0,0,0.0,16,500000,1.0,1149.375
thompson,2,18,-0.45918367346938777,-0.13265306122448983,1.0,0.0,0.0,0.0,0,0.0,16,500000,1.0,1149.375
thompson,2,19,-0.45918367346938777,-0.11224489795918369,1.0,0.0,0.0,0.0,0,0.0,16,500000,1.0,1149.375
thompson,2,20,-0.45918367346938777,-0.0918367346938776,1.0,0.0,0.0,0.0,0,0.0,16,500000,1.0,1149.375
thompson,2,21,-0.45918367346938777,-0.07142857142857145,1.0,0.0,0.0,0.0,0,0.0,16,500000,1.0,1149.375
thompson,2,22,-0.45918367346938777,-0.05102040816326536,1.0,0.0,0.0,0.0,0,0.0,16,500000,0.9375,1259.4
thompson,2,23,-0.45918367346938777,-0.030612244897959218,1.0,0.0,0.0,0.0,0,0.0,16,500000,0.9375,1259.4
thompson,2,24,-0.45918367346938777,-0.010204081632653073,1.0,0.0,0.0,0.0,0,0.0,16,500000,0.9375,1259.4
thompson,2,25,-0.45918367346938777,0.010204081632653073,1.0,0.0,0.0,0.0,0,0.0,16,500000,0.9375,1259.4
thompson,2,26,-0.45918367346938777,0.030612244897959107,1.0,0.0,0.0,0.0,0,0.0,16,500000,0.9375,1259.4
thompson,2,27,-0.45918367346938777,0.05102040816326525,1.0,0.0,0.0,0.0,0,0.0,16,500000,0.9375,1259.4
thompson,2,28,-0.45918367346938777,0.0714285714285714,1.0,0.0,0.0,0.0,0,0.0,16,500000,0.9375,1259.4
thompson,2,29,-0.45918367346938777,0.09183673469387754,1.0,0.0,0.0,0.0,0,0.0,16,500000,0.9375,1259.4
thompson,2,30,-0.45918367346938777,0.11224489795918358,1.0,0.0,0.0,0.0,0,0.0,16,500000,0.9375,1259.4
thompson,2,31,-0.45918367346938777,0.13265306122448972,1.0,0.0,0.0,0.0,0,0.0,16,500000,0.9375,1259.4
thompson,2,32,-0.45918367346938777,0.15306122448979587,1.0,0.0,0.0,0.0,0,0.0,16,500000,0.9375,1259.4
thompson,2,33,-0.45918367346938777,0.173469387755102,1.0,0.0,0.0,0.0,0,0.0,16,500000,0.9375,1175.6
thompson,2,34,-0.45918367346938777,0.19387755102040816,1.0,0.0,0.0,0.0,0,0.0,16,500000,0.9375,1175.6
thompson,2,35,-0.45918367346938777,0.2142857142857142,1.0,0.0,0.0,0.0,0,0.0,16,500000,0.9375,1175.6
thompson,2,36,-0.45918367346938777,0.23469387755102034,1.0,0.0,0.0,0.0,0,0.0,16,500000,0.9375,1175.6
thompson,2,37,-0.45918367346938777,0.2551020408163265,1.0,0.0,0.0,0.0,0,0.0,16,500000,0.9375,1175.6
thompson,2,38,-0.45918367346938777,0.2755102040816326,1.0,0.0,0.0,0.0,0,0.0,16,500000,0.9375,1175.6
thompson,2,39,-0.45918367346938777,0.29591836734693866,1.0,0.0,0.0,0.0,0,0.0,16,500000,0.9375,1175.6
thompson,2,40,-0.45918367346938777,0.3163265306122448,1.0,0.0,0.0,0.0,0,0.0,16,500000,0.9375,1175.6
thompson,2,41,-0.45918367346938777,0.33673469387755095,1.0,0.0,0.0,0.0,0,0.0,16,500000,0.9375,1175.6
thompson,2,42,-0.45918367346938777,0.3571428571428571,1.0,0.0,0.0,0.0,0,0.0,16,500000,0.9375,1175.6
thompson,2,43,-0.45918367346938777,0.37755102040816324,1.0,0.0,0.0,0.0,0,0.0,16,500000,0.9375,1175.6
thompson,2,44,-0.45918367346938777,0.3979591836734693,1.0,0.0,0.0,0.0,0,0.0,16,500000,0.9375,1175.6
thompson,2,45,-0.45918367346938777,0.4183673469387754,1.0,0.0,0.0,0.0,0,0.0,16,500000,0.9375,1175.6
thompson,2,46,-0.45918367346938777,0.43877551020408156,1.0,0.0,0.0,0.0,0,0.0,16,500000,0.9375,1175.6
thompson,2,47,-0.45918367346938777,0.4591836734693877,1.0,0.0,0.0,0.0,0,0.0,16,500000,0.9375,1175.6
thompson,2,48,-0.45918367346938777,0.47959183673469385,1.0,0.0,0.0,0.0,0,0.0,16,500000,0.9375,1175.6
thompson,2,49,-0.45918367346938777,0.5,1.0,0.0,0.0,0.0,0,0.0,16,500000,0.9375,1175.6
thompson,3,0,-0.4387755102040816,-0.5,1.0,0.0,0.0,0.0,0,0.0,16,500000,1.0,1150.6875
thompson,3,1,-0.4387755102040816,-0.47959183673469385,1.0,0.0,0.0,0.0,0,0.0,16,500000,1.0,1150.6875
thompson,3,2,-0.4387755102040816,-0.45918367346938777,1.0,0.0,0.0,0.0,0,0.0,16,500000,1.0,1150.6875
thompson,3,3,-0.4387755102040816,-0.4387755102040816,1.0,0.0,0.0,0.0,0,0.0,16,500000,1.0,1150.6875
thompson,3,4,-0.4387755102040816,-0.41836734693877553,1.0,0.0,0.0,0.0,0,0.0,16,500000,1.0,1150.6875
thompson,3,5,-0.4387755102040816,-0.3979591836734694,1.0,0.0,0.0,0.0,0,0.0,16,500000,1.0,1150.6875
thompson,3,6,-0.4387755102040816,-0.37755102040816324,1.0,0.0,0.0,0.0,0,0.0,16,500000,1.0,1150.6875
thompson,3,7,-0.4387755102040816,-0.35714285714285715,1.0,0.0,0.0,0.0,0,0.0,16,500000,1.0,1150.6875
thompson,3,8,-0.4387755102040816,-0.33673469387755106,1.0,0.0,0.0,0.0,0,0.0,16,500000,1.0,1150.6875
thompson,3,9,-0.4387755102040816,-0.3163265306122449,1.0,0.0,0.0,0.0,0,0.0,16,500000,1.0,1149.375
thompson,3,10,-0.4387755102040816,-0.29591836734693877,1.0,0.0,0.0,0.0,0,0.0,16,500000,1.0,1149.375
thompson,3,11,-0.4387755102040816,-0.2755102040816327,1.0,0.0,0.0,0.0,0,0.0,16,500000,1.0,1149.375
thompson,3,12,-0.4387755102040816,-0.25510204081632654,1.0,0.0,0.0,0.0,0,0.0,16,500000,1.0,1149.375
thompson,3,13,-0.4387755102040816,-0.23469387755102045,1.0,0.0,0.0,0.0,0,0.0,16,500000,1.0,1149.375
thompson,3,14,-0.4387755102040816,-0.2142857142857143,1.0,0.0,0.0,0.0,0,0.0,16,500000,1.0,1149.375
thompson,3,15,-0.4387755102040816,-0.1938775510204082,1.0,0.0,0.0,0.0,0,0.0,16,500000,1.0,1149.375
thompson,3,16,-0.4387755102040816,-0.17346938775510207,1.0,0.0,0.0,0.0,0,0.0,16,500000,1.0,1149.375
thompson,3,17,-0.4387755102040816,-0.15306122448979592,1.0,0.0,0.0,0.0,0,0.0,16,500000,1.0,1149.375
thompson,3,18,-0.4387755102040816,-0.13265306122448983,1.0,0.0,0.0,0.0,0,0.0,16,500000,1.0,1149.375
thompson,3,19,-0.4387755102040816,-0.11224489795918369,1.0,0.0,0.0,0.0,0,0.0,16,500000,1.0,1149.375
thompson,3,20,-0.4387755102040816,-0.0918367346938776,1.0,0.0,0.0,0.0,0,0.0,16,500000,1.0,1149.375
thompson,3,21,-0.4387755102040816,-0.07142857142857145,1.0,0.0,0.0,0.0,0,0.0,16,500000,1.0,1149.375
thompson,3,22,-0.4387755102040816,-0.05102040816326536,1.0,0.0,0.0,0.0,0,0.0,16,500000,0.9375,1259.4
thompson,3,23,-0.4387755102040816,-0.030612244897959218,1.0,0.0,0.0,0.0,0,0.0,16,500000,0.9375,1259.4
thompson,3,24,-0.4387755102040816,-0.010204081632653073,1.0,0.0,0.0,0.0,0,0.0,16,500000,0.9375,1259.4
thompson,3,25,-0.4387755102040816,0.010204081632653073,1.0,0.0,0.0,0.0,0,0.0,16,500000,0.9375,1259.4
thompson,3,26,-0.4387755102040816,0.030612244897959107,1.0,0.0,0.0,0.0,0,0.0,16,500000,0.9375,1259.4
thompson,3,27,-0.4387755102040816,0.05102040816326525,1.0,0.0,0.0,0.0,0,0.0,16,500000,0.9375,1259.4
thompson,3,28,-0.4387755102040816,0.0714285714285714,1.0,0.0,0.0,0.0,0,0.0,16,500000,0.9375,1259.4
thompson,3,29,-0.4387755102040816,0.09183673469387754,1.0,0.0,0.0,0.0,0,0.0,16,500000,0.9375,1259.4
thompson,3,30,-0.4387755102040816,0.11224489795918358,1.0,0.0,0.0,0.0,0,0.0,16,500000,0.9375,1259.4
thompson,3,31,-0.4387755102040816,0.13265306122448972,1.0,0.0,0.0,0.0,0,0.0,16,500000,0.9375,1259.4
thompson,3,32,-0.4387755102040816,0.15306122448979587,1.0,0.0,0.0,0.0,0,0.0,16,500000,0.9375,1259.4
thompson,3,33,-0.4387755102040816,0.173469387755102,1.0,0.0,0.0,0.0,0,0.0,16,500000,0.9375,1175.6
thompson,3,34,-0.4387755102040816,0.19387755102040816,1.0,0.0,0.0,0.0,0,0.0,16,500000,0.9375,1175.6
thompson,3,35,-0.4387755102040816,0.2142857142857142,1.0,0.0,0.0,0.0,0,0.0,16,500000,0.9375,1175.6
thompson,3,36,-0.4387755102040816,0.23469387755102034,1.0,0.0,0.0,0.0,0,0.0,16,500000,0.9375,1175.6
thompson,3,37,-0.4387755102040816,0.2551020408163265,1.0,0.0,0.0,0.0,0,0.0,16,500000,0.9375,1175.6
thompson,3,38,-0.4387755102040816,0.2755102040816326,1.0,0.0,0.0,0.0,0,0.0,16,500000,0.9375,1175.6
thompson,3,39,-0.4387755102040816,0.29591836734693866,1.0,0.0,0.0,0.0,0,0.0,16,500000,0.9375,1175.6
thompson,3,40,-0.4387755102040816,0.3163265306122448,1.0,0.0,0.0,0.0,0,0.0,16,500000,0.9375,1175.6
thompson,3,41,-0.4387755102040816,0.33673469387755095,1.0,0.0,0.0,0.0,0,0.0,16,500000,0.9375,1175.6
thompson,3,42,-0.4387755102040816,0.3571428571428571,1.0,0.0,0.0,0.0,0,0.0,16,500000,0.9375,1175.6
thompson,3,43,-0.4387755102040816,0.37755102040816324,1.0,0.0,0.0,0.0,0,0.0,16,500000,0.9375,1175.6
thompson,3,44,-0.4387755102040816,0.3979591836734693,1.0,0.0,0.0,0.0,0,0.0,16,500000,0.9375,1175.6
thompson,3,45,-0.4387755102040816,0.4183673469387754,1.0,0.0,0.0,0.0,0,0.0,16,500000,0.9375,1175.6
thompson,3,46,-0.4387755102040816,0.43877551020408156,1.0,0.0,0.0,0.0,0,0.0,16,500000,0.9375,1175.6
thompson,3,47,-0.4387755102040816,0.4591836734693877,1.0,0.0,0.0,0.0,0,0.0,16,500000,0.9375,1175.6
thompson,3,48,-0.4387755102040816,0.47959183673469385,1.0,0.0,0.0,0.0,0,0.0,16,500000,0.9375,1175.6
thompson,3,49,-0.4387755102040816,0.5,1.0,0.0,0.0,0.0,0,0.0,16,500000,0.9375,1175.6
thompson,4,0,-0.41836734693877553,-0.5,1.0,0.0,0.0,0.0,0,0.0,16,500000,1.0,1150.6875
thompson,4,1,-0.41836734693877553,-0.47959183673469385,1.0,0.0,0.0,0.0,0,0.0,16,500000,1.0,1150.6875
thompson,4,2,-0.41836734693877553,-0.45918367346938777,1.0,0.0,0.0,0.0,0,0.0,16,500000,1.0,1150.6875
thompson,4,3,-0.41836734693877553,-0.4387755102040816,1.0,0.0,0.0,0.0,0,0.0,16,500000,1.0,1150.6875
thompson,4,4,-0.41836734693877553,-0.41836734693877553,1.0,0.0,0.0,0.0,0,0.0,16,500000,1.0,1150.6875
thompson,4,5,-0.41836734693877553,-0.3979591836734694,1.0,0.0,0.0,0.0,0,0.0,16,500000,1.0,1150.6875
thompson,4,6,-0.41836734693877553,-0.37755102040816324,1.0,0.0,0.0,0.0,0,0.0,16,500000,1.0,1150.6875
thompson,4,7,-0.41836734693877553,-0.35714285714285715,1.0,0.0,0.0,0.0,0,0.0,16,500000,1.0,1150.6875
thompson,4,8,-0.41836734693877553,-0.33673469387755106,1.0,0.0,0.0,0.0,0,0.0,16,500000,1.0,1150.6875
thompson,4,9,-0.41836734693877553,-0.3163265306122449,1.0,0.0,0.0,0.0,0,0.0,16,500000,1.0,1149.375
thompson,4,10,-0.41836734693877553,-0.29591836734693877,1.0,0.0,0.0,0.0,0,0.0,16,500000,1.0,1149.375
thompson,4,11,-0.41836734693877553,-0.2755102040816327,1.0,0.0,0.0,0.0,0,0.0,16,500000,1.0,1149.375
thompson,4,12,-0.41836734693877553,-0.25510204081632654,1.0,0.0,0.0,0.0,0,0.0,16,500000,1.0,1149.375
thompson,4,13,-0.41836734693877553,-0.23469387755102045,1.0,0.0,0.0,0.0,0,0.0,16,500000,1.0,1149.375
thompson,4,14,-0.41836734693877553,-0.2142857142857143,1.0,0.0,0.0,0.0,0,0.0,16,500000,1.0,1149.375
thompson,4,15,-0.41836734693877553,-0.1938775510204082,1.0,0.0,0.0,0.0,0,0.0,16,500000,1.0,1149.375
thompson,4,16,-0.41836734693877553,-0.17346938775510207,1.0,0.0,0.0,0.0,0,0.0,16,500000,1.0,1149.375
thompson,4,17,-0.41836734693877553,-0.15306122448979592,1.0,0.0,0.0,0.0,0,0.0,16,500000,1.0,1149.375
thompson,4,18,-0.41836734693877553,-0.13265306122448983,1.0,0.0,0.0,0.0,0,0.0,16,500000,1.0,1149.375
thompson,4,19,-0.41836734693877553,-0.11224489795918369,1.0,0.0,0.0,0.0,0,0.0,16,500000,1.0,1149.375
thompson,4,20,-0.41836734693877553,-0.0918367346938776,1.0,0.0,0.0,0.0,0,0.0,16,500000,1.0,1149.375
thompson,4,21,-0.41836734693877553,-0.07142857142857145,1.0,0.0,0.0,0.0,0,0.0,16,500000,1.0,1149.375
thompson,4,22,-0.41836734693877553,-0.05102040816326536,1.0,0.0,0.0,0.0,0,0.0,16,500000,0.9375,1259.4
thompson,4,23,-0.41836734693877553,-0.030612244897959218,1.0,0.0,0.0,0.0,0,0.0,16,500000,0.9375,1259.4
thompson,4,24,-0.41836734693877553,-0.010204081632653073,1.0,0.0,0.0,0.0,0,0.0,16,500000,0.9375,1259.4
thompson,4,25,-0.41836734693877553,0.010204081632653073,1.0,0.0,0.0,0.0,0,0.0,16,500000,0.9375,1259.4
thompson,4,26,-0.41836734693877553,0.030612244897959107,1.0,0.0,0.0,0.0,0,0.0,16,500000,0.9375,1259.4
thompson,4,27,-0.41836734693877553,0.05102040816326525,1.0,0.0,0.0,0.0,0,0.0,16,500000,0.9375,1259.4
thompson,4,28,-0.41836734693877553,0.0714285714285714,1.0,0.0,0.0,0.0,0,0.0,16,500000,0.9375,1259.4
thompson,4,29,-0.41836734693877553,0.09183673469387754,1.0,0.0,0.0,0.0,0,0.0,16,500000,0.9375,1259.4
thompson,4,30,-0.41836734693877553,0.11224489795918358,1.0,0.0,0.0,0.0,0,0.0,16,500000,0.9375,1259.4
thompson,4,31,-0.41836734693877553,0.13265306122448972,1.0,0.0,0.0,0.0,0,0.0,16,500000,0.9375,1259.4
thompson,4,32,-0.41836734693877553,0.15306122448979587,1.0,0.0,0.0,0.0,0,0.0,16,500000,0.9375,1259.4
thompson,4,33,-0.41836734693877553,0.173469387755102,1.0,0.0,0.0,0.0,0,0.0,16,500000,0.9375,1175.6
thompson,4,34,-0.41836734693877553,0.19387755102040816,1.0,0.0,0.0,0.0,0,0.0,16,500000,0.9375,1175.6
thompson,4,35,-0.41836734693877553,0.2142857142857142,1.0,0.0,0.0,0.0,0,0.0,16,500000,0.9375,1175.6
thompson,4,36,-0.41836734693877553,0.23469387755102034,1.0,0.0,0.0,0.0,0,0.0,16,500000,0.9375,1175.6
thompson,4,37,-0.41836734693877553,0.2551020408163265,1.0,0.0,0.0,0.0,0,0.0,16,500000,0.9375,1175.6
thompson,4,38,-0.41836734693877553,0.2755102040816326,1.0,0.0,0.0,0.0,0,0.0,16,500000,0.9375,1175.6
thompson,4,39,-0.41836734693877553,0.29591836734693866,1.0,0.0,0.0,0.0,0,0.0,16,500000,0.9375,1175.6
thompson,4,40,-0.41836734693877553,0.3163265306122448,1.0,0.0,0.0,0.0,0,0.0,16,500000,0.9375,1175.6
thompson,4,41,-0.41836734693877553,0.33673469387755095,1.0,0.0,0.0,0.0,0,0.0,16,500000,0.9375,1175.6
thompson,4,42,-0.41836734693877553,0.3571428571428571,1.0,0.0,0.0,0.0,0,0.0,16,500000,0.9375,1175.6
thompson,4,43,-0.41836734693877553,0.37755102040816324,1.0,0.0,0.0,0.0,0,0.0,16,500000,0.9375,1175.6
thompson,4,44,-0.41836734693877553,0.3979591836734693,1.0,0.0,0.0,0.0,0,0.0,16,500000,0.9375,1175.6
thompson,4,45,-0.41836734693877553,0.4183673469387754,1.0,0.0,0.0,0.0,0,0.0,16,500000,0.9375,1175.6
thompson,4,46,-0.41836734693877553,0.43877551020408156,1.0,0.0,0.0,0.0,0,0.0,16,500000,0.9375,1175.6
thompson,4,47,-0.41836734693877553,0.4591836734693877,1.0,0.0,0.0,0.0,0,0.0,16,500000,0.9375,1175.6
thompson,4,48,-0.41836734693877553,0.47959183673469385,1.0,0.0,0.0,0.0,0,0.0,16,500000,0.9375,1175.6
thompson,4,49,-0.41836734693877553,0.5,1.0,0.0,0.0,0.0,0,0.0,16,500000,0.9375,1175.6
thompson,5,0,-0.3979591836734694,-0.5,1.0,0.0,0.0,0.0,0,0.0,16,500000,1.0,1150.6875
thompson,5,1,-0.3979591836734694,-0.47959183673469385,1.0,0.0,0.0,0.0,0,0.0,16,500000,1.0,1150.6875
thompson,5,2,-0.3979591836734694,-0.45918367346938777,1.0,0.0,0.0,0.0,0,0.0,16,500000,1.0,1150.6875
thompson,5,3,-0.3979591836734694,-0.4387755102040816,1.0,0.0,0.0,0.0,0,0.0,16,500000,1.0,1150.6875
thompson,5,4,-0.3979591836734694,-0.41836734693877553,1.0,0.0,0.0,0.0,0,0.0,16,500000,1.0,1150.6875
thompson,5,5,-0.3979591836734694,-0.3979591836734694,1.0,0.0,0.0,0.0,0,0.0,16,500000,1.0,1150.6875
thompson,5,6,-0.3979591836734694,-0.37755102040816324,1.0,0.0,0.0,0.0,0,0.0,16,500000,1.0,1150.6875
thompson,5,7,-0.3979591836734694,-0.35714285714285715,1.0,0.0,0.0,0.0,0,0.0,16,500000,1.0,1150.6875
thompson,5,8,-0.3979591836734694,-0.33673469387755106,1.0,0.0,0.0,0.0,0,0.0,16,500000,1.0,1150.6875
thompson,5,9,-0.3979591836734694,-0.3163265306122449,1.0,0.0,0.0,0.0,0,0.0,16,500000,1.0,1149.375
thompson,5,10,-0.3979591836734694,-0.29591836734693877,1.0,0.0,0.0,0.0,0,0.0,16,500000,1.0,1149.375
thompson,5,11,-0.3979591836734694,-0.2755102040816327,1.0,0.0,0.0,0.0,0,0.0,16,500000,1.0,1149.375
thompson,5,12,-0.3979591836734694,-0.25510204081632654,1.0,0.0,0.0,0.0,0,0.0,16,500000,1.0,1149.375
thompson,5,13,-0.3979591836734694,-0.23469387755102045,1.0,0.0,0.0,0.0,0,0.0,16,500000,1.0,1149.375
thompson,5,14,-0.3979591836734694,-0.2142857142857143,1.0,0.0,0.0,0.0,0,0.0,16,500000,1.0,1149.375
thompson,5,15,-0.3979591836734694,-0.1938775510204082,1.0,0.0,0.0,0.0,0,0.0,16,500000,1.0,1149.375
thompson,5,16,-0.3979591836734694,-0.17346938775510207,1.0,0.0,0.0,0.0,0,0.0,16,500000,1.0,1149.375
thompson,5,17,-0.3979591836734694,-0.15306122448979592,1.0,0.0,0.0,0.0,0,0.0,16,500000,1.0,1149.375
thompson,5,18,-0.3979591836734694,-0.13265306122448983,1.0,0.0,0.0,0.0,0,0.0,16,500000,1.0,1149.375
thompson,5,19,-0.3979591836734694,-0.11224489795918369,1.0,0.0,0.0,0.0,0,0.0,16,500000,1.0,1149.375
thompson,5,20,-0.3979591836734694,-0.0918367346938776,1.0,0.0,0.0,0.0,0,0.0,16,500000,1.0,1149.375
thompson,5,21,-0.3979591836734694,-0.07142857142857145,1.0,0.0,0.0,0.0,0,0.0,16,500000,1.0,1149.375
thompson,5,22,-0.3979591836734694,-0.05102040816326536,1.0,0.0,0.0,0.0,0,0.0,16,500000,0.9375,1259.4
thompson,5,23,-0.3979591836734694,-0.030612244897959218,1.0,0.0,0.0,0.0,0,0.0,16,500000,0.9375,1259.4
thompson,5,24,-0.3979591836734694,-0.010204081632653073,1.0,0.0,0.0,0.0,0,0.0,16,500000,0.9375,1259.4
thompson,5,25,-0.3979591836734694,0.010204081632653073,1.0,0.0,0.0,0.0,0,0.0,16,500000,0.9375,1259.4
thompson,5,26,-0.3979591836734694,0.030612244897959107,1.0,0.0,0.0,0.0,0,0.0,16,500000,0.9375,1259.4
thompson,5,27,-0.3979591836734694,0.05102040816326525,1.0,0.0,0.0,0.0,0,0.0,16,500000,0.9375,1259.4
thompson,5,28,-0.3979591836734694,0.0714285714285714,1.0,0.0,0.0,0.0,0,0.0,16,500000,0.9375,1259.4
thompson,5,29,-0.3979591836734694,0.09183673469387754,1.0,0.0,0.0,0.0,0,0.0,16,500000,0.9375,1259.4
thompson,5,30,-0.3979591836734694,0.11224489795918358,1.0,0.0,0.0,0.0,0,0.0,16,500000,0.9375,1259.4
thompson,5,31,-0.3979591836734694,0.13265306122448972,1.0,0.0,0.0,0.0,0,0.0,16,500000,0.9375,1259.4
thompson,5,32,-0.3979591836734694,0.15306122448979587,1.0,0.0,0.0,0.0,0,0.0,16,500000,0.9375,1259.4
thompson,5,33,-0.3979591836734694,0.173469387755102,1.0,0.0,0.0,0.0,0,0.0,16,500000,0.9375,1175.6
thompson,5,34,-0.3979591836734694,0.19387755102040816,1.0,0.0,0.0,0.0,0,0.0,16,500000,0.9375,1175.6
thompson,5,35,-0.3979591836734694,0.2142857142857142,1.0,0.0,0.0,0.0,0,0.0,16,500000,0.9375,1175.6
thompson,5,36,-0.3979591836734694,0.23469387755102034,1.0,0.0,0.0,0.0,0,0.0,16,500000,0.9375,1175.6
thompson,5,37,-0.3979591836734694,0.2551020408163265,1.0,0.0,0.0,0.0,0,0.0,16,500000,0.9375,1175.6
thompson,5,38,-0.3979591836734694,0.2755102040816326,1.0,0.0,0.0,0.0,0,0.0,16,500000,0.9375,1175.6
thompson,5,39,-0.3979591836734694,0.29591836734693866,1.0,0.0,0.0,0.0,0,0.0,16,500000,0.9375,1175.6
thompson,5,40,-0.3979591836734694,0.3163265306122448,1.0,0.0,0.0,0.0,0,0.0,16,500000,0.9375,1175.6
thompson,5,41,-0.3979591836734694,0.33673469387755095,1.0,0.0,0.0,0.0,0,0.0,16,500000,0.9375,1175.6
thompson,5,42,-0.3979591836734694,0.3571428571428571,1.0,0.0,0.0,0.0,0,0.0,16,500000,0.9375,1175.6
thompson,5,43,-0.3979591836734694,0.37755102040816324,1.0,0.0,0.0,0.0,0,0.0,16,500000,0.9375,1175.6
thompson,5,44,-0.3979591836734694,0.3979591836734693,1.0,0.0,0.0,0.0,0,0.0,16,500000,0.9375,1175.6
thompson,5,45,-0.3979591836734694,0.4183673469387754,1.0,0.0,0.0,0.0,0,0.0,16,500000,0.9375,1175.6
thompson,5,46,-0.3979591836734694,0.43877551020408156,1.0,0.0,0.0,0.0,0,0.0,16,500000,0.9375,1175.6
thompson,5,47,-0.3979591836734694,0.4591836734693877,1.0,0.0,0.0,0.0,0,0.0,16,500000,0.9375,1175.6
thompson,5,48,-0.3979591836734694,0.47959183673469385,1.0,0.0,0.0,0.0,0,0.0,16,500000,0.9375,1175.6
thompson,5,49,-0.3979591836734694,0.5,1.0,0.0,0.0,0.0,0,0.0,16,500000,0.9375,1175.6
thompson,6,0,-0.37755102040816324,-0.5,1.0,0.0,0.0,0.0,0,0.0,16,500000,1.0,1150.6875
thompson,6,1,-0.37755102040816324,-0.47959183673469385,1.0,0.0,0.0,0.0,0,0.0,16,500000,1.0,1150.6875
thompson,6,2,-0.37755102040816324,-0.45918367346938777,1.0,0.0,0.0,0.0,0,0.0,16,500000,1.0,1150.6875
thompson,6,3,-0.37755102040816324,-0.4387755102040816,1.0,0.0,0.0,0.0,0,0.0,16,500000,1.0,1150.6875
thompson,6,4,-0.37755102040816324,-0.41836734693877553,1.0,0.0,0.0,0.0,0,0.0,16,500000,1.0,1150.6875
thompson,6,5,-0.37755102040816324,-0.3979591836734694,1.0,0.0,0.0,0.0,0,0.0,16,500000,1.0,1150.6875
thompson,6,6,-0.37755102040816324,-0.37755102040816324,1.0,0.0,0.0,0.0,0,0.0,16,500000,1.0,1150.6875
thompson,6,7,-0.37755102040816324,-0.35714285714285715,1.0,0.0,0.0,0.0,0,0.0,16,500000,1.0,1150.6875
thompson,6,8,-0.37755102040816324,-0.33673469387755106,1.0,0.0,0.0,0.0,0,0.0,16,500000,1.0,1150.6875
thompson,6,9,-0.37755102040816324,-0.3163265306122449,1.0,0.0,0.0,0.0,0,0.0,16,500000,1.0,1149.375
thompson,6,10,-0.37755102040816324,-0.29591836734693877,1.0,0.0,0.0,0.0,0,0.0,16,500000,1.0,1149.375
thompson,6,11,-0.37755102040816324,-0.2755102040816327,1.0,0.0,0.0,0.0,0,0.0,16,500000,1.0,1149.375
thompson,6,12,-0.37755102040816324,-0.25510204081632654,1.0,0.0,0.0,0.0,0,0.0,16,500000,1.0,1149.375
thompson,6,13,-0.37755102040816324,-0.23469387755102045,1.0,0.0,0.0,0.0,0,0.0,16,500000,1.0,1149.375
thompson,6,14,-0.37755102040816324,-0.2142857142857143,1.0,0.0,0.0,0.0,0,0.0,16,500000,1.0,1149.375
thompson,6,15,-0.37755102040816324,-0.1938775510204082,1.0,0.0,0.0,0.0,0,0.0,16,500000,1.0,1149.375
thompson,6,16,-0.37755102040816324,-0.17346938775510207,1.0,0.0,0.0,0.0,0,0.0,16,500000,1.0,1149.375
thompson,6,17,-0.37755102040816324,-0.15306122448979592,1.0,0.0,0.0,0.0,0,0.0,16,500000,1.0,1149.375
thompson,6,18,-0.37755102040816324,-0.13265306122448983,1.0,0.0,0.0,0.0,0,0.0,16,500000,1.0,1149.375
thompson,6,19,-0.37755102040816324,-0.11224489795918369,1.0,0.0,0.0,0.0,0,0.0,16,500000,1.0,1149.375
thompson,6,20,-0.37755102040816324,-0.0918367346938776,1.0,0.0,0.0,0.0,0,0.0,16,500000,1.0,1149.375
thompson,6,21,-0.37755102040816324,-0.07142857142857145,1.0,0.0,0.0,0.0,0,0.0,16,500000,1.0,1149.375
thompson,6,22,-0.37755102040816324,-0.05102040816326536,1.0,0.0,0.0,0.0,0,0.0,16,500000,0.9375,1259.4
thompson,6,23,-0.37755102040816324,-0.030612244897959218,1.0,0.0,0.0,0.0,0,0.0,16,500000,0.9375,1259.4
thompson,6,24,-0.37755102040816324,-0.010204081632653073,1.0,0.0,0.0,0.0,0,0.0,16,500000,0.9375,1259.4
thompson,6,25,-0.37755102040816324,0.010204081632653073,1.0,0.0,0.0,0.0,0,0.0,16,500000,0.9375,1259.4
thompson,6,26,-0.37755102040816324,0.030612244897959107,1.0,0.0,0.0,0.0,0,0.0,16,500000,0.9375,1259.4
thompson,6,27,-0.37755102040816324,0.05102040816326525,1.0,0.0,0.0,0.0,0,0.0,16,500000,0.9375,1259.4
thompson,6,28,-0.37755102040816324,0.0714285714285714,1.0,0.0,0.0,0.0,0,0.0,16,500000,0.9375,1259.4
thompson,6,29,-0.37755102040816324,0.09183673469387754,1.0,0.0,0.0,0.0,0,0.0,16,500000,0.9375,1259.4
thompson,6,30,-0.37755102040816324,0.11224489795918358,1.0,0.0,0.0,0.0,0,0.0,16,500000,0.9375,1259.4
thompson,6,31,-0.37755102040816324,0.13265306122448972,1.0,0.0,0.0,0.0,0,0.0,16,500000,0.9375,1259.4
thompson,6,32,-0.37755102040816324,0.15306122448979587,1.0,0.0,0.0,0.0,0,0.0,16,500000,0.9375,1259.4
thompson,6,33,-0.37755102040816324,0.173469387755102,1.0,0.0,0.0,0.0,0,0.0,16,500000,0.9375,1175.6
thompson,6,34,-0.37755102040816324,0.19387755102040816,1.0,0.0,0.0,0.0,0,0.0,16,500000,0.9375,1175.6
thompson,6,35,-0.37755102040816324,0.2142857142857142,1.0,0.0,0.0,0.0,0,0.0,16,500000,0.9375,1175.6
thompson,6,36,-0.37755102040816324,0.23469387755102034,1.0,0.0,0.0,0.0,0,0.0,16,500000,0.9375,1175.6
thompson,6,37,-0.37755102040816324,0.2551020408163265,1.0,0.0,0.0,0.0,0,0.0,16,500000,0.9375,1175.6
thompson,6,38,-0.37755102040816324,0.2755102040816326,1.0,0.0,0.0,0.0,0,0.0,16,500000,0.9375,1175.6
thompson,6,39,-0.37755102040816324,0.29591836734693866,1.0,0.0,0.0,0.0,0,0.0,16,500000,0.9375,1175.6
thompson,6,40,-0.37755102040816324,0.3163265306122448,1.0,0.0,0.0,0.0,0,0.0,16,500000,0.9375,1175.6
thompson,6,41,-0.37755102040816324,0.33673469387755095,1.0,0.0,0.0,0.0,0,0.0,16,500000,0.9375,1175.6
thompson,6,42,-0.37755102040816324,0.3571428571428571,1.0,0.0,0.0,0.0,0,0.0,16,500000,0.9375,1175.6
thompson,6,43,-0.37755102040816324,0.37755102040816324,1.0,0.0,0.0,0.0,0,0.0,16,500000,0.9375,1175.6
thompson,6,44,-0.37755102040816324,0.3979591836734693,1.0,0.0,0.0,0.0,0,0.0,16,500000,0.9375,1175.6
thompson,6,45,-0.37755102040816324,0.4183673469387754,1.0,0.0,0.0,0.0,0,0.0,16,500000,0.9375,1175.6
thompson,6,46,-0.37755102040816324,0.43877551020408156,1.0,0.0,0.0,0.0,0,0.0,16,500000,0.9375,1175.6
thompson,6,47,-0.37755102040816324,0.4591836734693877,1.0,0.0,0.0,0.0,0,0.0,16,500000,0.9375,1175.6
thompson,6,48,-0.37755102040816324,0.47959183673469385,1.0,0.0,0.0,0.0,0,0.0,16,500000,0.9375,1175.6
thompson,6,49,-0.37755102040816324,0.5,1.0,0.0,0.0,0.0,0,0.0,16,500000,0.9375,1175.6
thompson,7,0,-0.35714285714285715,-0.5,1.0,0.0,0.0,0.0,0,0.0,16,500000,1.0,1150.6875
thompson,7,1,-0.35714285714285715,-0.47959183673469385,1.0,0.0,0.0,0.0,0,0.0,16,500000,1.0,1150.6875
thompson,7,2,-0.35714285714285715,-0.45918367346938777,1.0,0.0,0.0,0.0,0,0.0,16,500000,1.0,1150.6875
thompson,7,3,-0.35714285714285715,-0.4387755102040816,1.0,0.0,0.0,0.0,0,0.0,16,500000,1.0,1150.6875
thompson,7,4,-0.35714285714285715,-0.41836734693877553,1.0,0.0,0.0,0.0,0,0.0,16,500000,1.0,1150.6875
thompson,7,5,-0.35714285714285715,-0.3979591836734694,1.0,0.0,0.0,0.0,0,0.0,16,500000,1.0,1150.6875
thompson,7,6,-0.35714285714285715,-0.37755102040816324,1.0,0.0,0.0,0.0,0,0.0,16,500000,1.0,1150.6875
thompson,7,7,-0.35714285714285715,-0.35714285714285715,1.0,0.0,0.0,0.0,0,0.0,16,500000,1.0,1150.6875
thompson,7,8,-0.35714285714285715,-0.33673469387755106,1.0,0.0,0.0,0.0,0,0.0,16,500000,1.0,1150.6875
thompson,7,9,-0.35714285714285715,-0.3163265306122449,1.0,0.0,0.0,0.0,0,0.0,16,500000,1.0,1149.375
thompson,7,10,-0.35714285714285715,-0.29591836734693877,1.0,0.0,0.0,0.0,0,0.0,16,500000,1.0,1149.375
thompson,7,11,-0.35714285714285715,-0.2755102040816327,1.0,0.0,0.0,0.0,0,0.0,16,500000,1.0,1149.375
thompson,7,12,-0.35714285714285715,-0.25510204081632654,1.0,0.0,0.0,0.0,0,0.0,16,500000,1.0,1149.375
thompson,7,13,-0.35714285714285715,-0.23469387755102045,1.0,0.0,0.0,0.0,0,0.0,16,500000,1.0,1149.375
thompson,7,14,-0.35714285714285715,-0.2142857142857143,1.0,0.0,0.0,0.0,0,0.0,16,500000,1.0,1149.375
thompson,7,15,-0.35714285714285715,-0.1938775510204082,1.0,0.0,0.0,0.0,0,0.0,16,500000,1.0,1149.375
thompson,7,16,-0.35714285714285715,-0.17346938775510207,1.0,0.0,0.0,0.0,0,0.0,16,500000,1.0,1149.375
thompson,7,17,-0.35714285714285715,-0.15306122448979592,1.0,0.0,0.0,0.0,0,0.0,16,500000,1.0,1149.375
thompson,7,18,-0.35714285714285715,-0.13265306122448983,1.0,0.0,0.0,0.0,0,0.0,16,500000,1.0,1149.375
thompson,7,19,-0.35714285714285715,-0.11224489795918369,1.0,0.0,0.0,0.0,0,0.0,16,500000,1.0,1149.375
thompson,7,20,-0.35714285714285715,-0.0918367346938776,1.0,0.0,0.0,0.0,0,0.0,16,500000,1.0,1149.375
thompson,7,21,-0.35714285714285715,-0.07142857142857145,1.0,0.0,0.0,0.0,0,0.0,16,500000,1.0,1149.375
thompson,7,22,-0.35714285714285715,-0.05102040816326536,1.0,0.0,0.0,0.0,0,0.0,16,500000,0.9375,1259.4
thompson,7,23,-0.35714285714285715,-0.030612244897959218,1.0,0.0,0.0,0.0,0,0.0,16,500000,0.9375,1259.4
thompson,7,24,-0.35714285714285715,-0.010204081632653073,1.0,0.0,0.0,0.0,0,0.0,16,500000,0.9375,1259.4
thompson,7,25,-0.35714285714285715,0.010204081632653073,1.0,0.0,0.0,0.0,0,0.0,16,500000,0.9375,1259.4
thompson,7,26,-0.35714285714285715,0.030612244897959107,1.0,0.0,0.0,0.0,0,0.0,16,500000,0.9375,1259.4
thompson,7,27,-0.35714285714285715,0.05102040816326525,1.0,0.0,0.0,0.0,0,0.0,16,500000,0.9375,1259.4
thompson,7,28,-0.35714285714285715,0.0714285714285714,1.0,0.0,0.0,0.0,0,0.0,16,500000,0.9375,1259.4
thompson,7,29,-0.35714285714285715,0.09183673469387754,1.0,0.0,0.0,0.0,0,0.0,16,500000,0.9375,1259.4
thompson,7,30,-0.35714285714285715,0.11224489795918358,1.0,0.0,0.0,0.0,0,0.0,16,500000,0.9375,1259.4
thompson,7,31,-0.35714285714285715,0.13265306122448972,1.0,0.0,0.0,0.0,0,0.0,16,500000,0.9375,1259.4
thompson,7,32,-0.35714285714285715,0.15306122448979587,1.0,0.0,0.0,0.0,0,0.0,16,500000,0.9375,1259.4
thompson,7,33,-0.35714285714285715,0.173469387755102,1.0,0.0,0.0,0.0,0,0.0,16,500000,0.9375,1175.6
thompson,7,34,-0.35714285714285715,0.19387755102040816,1.0,0.0,0.0,0.0,0,0.0,16,500000,0.9375,1175.6
thompson,7,35,-0.35714285714285715,0.2142857142857142,1.0,0.0,0.0,0.0,0,0.0,16,500000,0.9375,1175.6
thompson,7,36,-0.35714285714285715,0.23469387755102034,1.0,0.0,0.0,0.0,0,0.0,16,500000,0.9375,1175.6
thompson,7,37,-0.35714285714285715,0.2551020408163265,1.0,0.0,0.0,0.0,0,0.0,16,500000,0.9375,1175.6
thompson,7,38,-0.35714285714285715,0.2755102040816326,1.0,0.0,0.0,0.0,0,0.0,16,500000,0.9375,1175.6
thompson,7,39,-0.35714285714285715,0.29591836734693866,1.0,0.0,0.0,0.0,0,0.0,16,500000,0.9375,1175.6
thompson,7,40,-0.35714285714285715,0.3163265306122448,1.0,0.0,0.0,0.0,0,0.0,16,500000,0.9375,1175.6
thompson,7,41,-0.35714285714285715,0.33673469387755095,1.0,0.0,0.0,0.0,0,0.0,16,500000,0.9375,1175.6
thompson,7,42,-0.35714285714285715,0.3571428571428571,1.0,0.0,0.0,0.0,0,0.0,16,500000,0.9375,1175.6
thompson,7,43,-0.35714285714285715,0.37755102040816324,1.0,0.0,0.0,0.0,0,0.0,16,500000,0.9375,1175.6
thompson,7,44,-0.35714285714285715,0.3979591836734693,1.0,0.0,0.0,0.0,0,0.0,16,500000,0.9375,1175.6
thompson,7,45,-0.35714285714285715,0.4183673469387754,1.0,0.0,0.0,0.0,0,0.0,16,500000,0.9375,1175.6
thompson,7,46,-0.35714285714285715,0.43877551020408156,1.0,0.0,0.0,0.0,0,0.0,16,500000,0.9375,1175.6
thompson,7,47,-0.35714285714285715,0.4591836734693877,1.0,0.0,0.0,0.0,0,0.0,16,500000,0.9375,1175.6
thompson,7,48,-0.35714285714285715,0.47959183673469385,1.0,0.0,0.0,0.0,0,0.0,16,500000,0.9375,1175.6
thompson,7,49,-0.35714285714285715,0.5,1.0,0.0,0.0,0.0,0,0.0,16,500000,0.9375,1175.6
thompson,8,0,-0.33673469387755106,-0.5,1.0,0.0,0.0,0.0,0,0.0,16,500000,1.0,1150.6875
thompson,8,1,-0.33673469387755106,-0.47959183673469385,1.0,0.0,0.0,0.0,0,0.0,16,500000,1.0,1150.6875
thompson,8,2,-0.33673469387755106,-0.45918367346938777,1.0,0.0,0.0,0.0,0,0.0,16,500000,1.0,1150.6875
thompson,8,3,-0.33673469387755106,-0.4387755102040816,1.0,0.0,0.0,0.0,0,0.0,16,500000,1.0,1150.6875
thompson,8,4,-0.33673469387755106,-0.41836734693877553,1.0,0.0,0.0,0.0,0,0.0,16,500000,1.0,1150.6875
thompson,8,5,-0.33673469387755106,-0.3979591836734694,1.0,0.0,0.0,0.0,0,0.0,16,500000,1.0,1150.6875
thompson,8,6,-0.33673469387755106,-0.37755102040816324,1.0,0.0,0.0,0.0,0,0.0,16,500000,1.0,1150.6875
thompson,8,7,-0.33673469387755106,-0.35714285714285715,1.0,0.0,0.0,0.0,0,0.0,16,500000,1.0,1150.6875
thompson,8,8,-0.33673469387755106,-0.33673469387755106,1.0,0.0,0.0,0.0,0,0.0,16,500000,1.0,1150.6875
thompson,8,9,-0.33673469387755106,-0.3163265306122449,1.0,0.0,0.0,0.0,0,0.0,16,500000,1.0,1149.375
thompson,8,10,-0.33673469387755106,-0.29591836734693877,1.0,0.0,0.0,0.0,0,0.0,16,500000,1.0,1149.375
thompson,8,11,-0.33673469387755106,-0.2755102040816327,1.0,0.0,0.0,0.0,0,0.0,16,500000,1.0,1149.375
thompson,8,12,-0.33673469387755106,-0.25510204081632654,1.0,0.0,0.0,0.0,0,0.0,16,500000,1.0,1149.375
thompson,8,13,-0.33673469387755106,-0.23469387755102045,1.0,0.0,0.0,0.0,0,0.0,16,500000,1.0,1149.375
thompson,8,14,-0.33673469387755106,-0.2142857142857143,1.0,0.0,0.0,0.0,0,0.0,16,500000,1.0,1149.375
thompson,8,15,-0.33673469387755106,-0.1938775510204082,1.0,0.0,0.0,0.0,0,0.0,16,500000,1.0,1149.375
thompson,8,16,-0.33673469387755106,-0.17346938775510207,1.0,0.0,0.0,0.0,0,0.0,16,500000,1.0,1149.375
thompson,8,17,-0.33673469387755106,-0.15306122448979592,1.0,0.0,0.0,0.0,0,0.0,16,500000,1.0,1149.375
thompson,8,18,-0.33673469387755106,-0.13265306122448983,1.0,0.0,0.0,0.0,0,0.0,16,500000,1.0,1149.375
thompson,8,19,-0.33673469387755106,-0.11224489795918369,1.0,0.0,0.0,0.0,0,0.0,16,500000,1.0,1149.375
thompson,8,20,-0.33673469387755106,-0.0918367346938776,1.0,0.0,0.0,0.0,0,0.0,16,500000,1.0,1149.375
thompson,8,21,-0.33673469387755106,-0.07142857142857145,1.0,0.0,0.0,0.0,0,0.0,16,500000,1.0,1149.375
thompson,8,22,-0.33673469387755106,-0.05102040816326536,1.0,0.0,0.0,0.0,0,0.0,16,500000,0.9375,1259.4
thompson,8,23,-0.33673469387755106,-0.030612244897959218,1.0,0.0,0.0,0.0,0,0.0,16,500000,0.9375,1259.4
thompson,8,24,-0.33673469387755106,-0.010204081632653073,1.0,0.0,0.0,0.0,0,0.0,16,500000,0.9375,1259.4
thompson,8,25,-0.33673469387755106,0.010204081632653073,1.0,0.0,0.0,0.0,0,0.0,16,500000,0.9375,1259.4
thompson,8,26,-0.33673469387755106,0.030612244897959107,1.0,0.0,0.0,0.0,0,0.0,16,500000,0.9375,1259.4
thompson,8,27,-0.33673469387755106,0.05102040816326525,1.0,0.0,0.0,0.0,0,0.0,16,500000,0.9375,1259.4
thompson,8,28,-0.33673469387755106,0.0714285714285714,1.0,0.0,0.0,0.0,0,0.0,16,500000,0.9375,1259.4
thompson,8,29,-0.33673469387755106,0.09183673469387754,1.0,0.0,0.0,0.0,0,0.0,16,500000,0.9375,1259.4
thompson,8,30,-0.33673469387755106,0.11224489795918358,1.0,0.0,0.0,0.0,0,0.0,16,500000,0.9375,1259.4
thompson,8,31,-0.33673469387755106,0.13265306122448972,1.0,0.0,0.0,0.0,0,0.0,16,500000,0.9375,1259.4
thompson,8,32,-0.33673469387755106,0.15306122448979587,1.0,0.0,0.0,0.0,0,0.0,16,500000,0.9375,1259.4
thompson,8,33,-0.33673469387755106,0.173469387755102,1.0,0.0,0.0,0.0,0,0.0,16,500000,0.9375,1175.6
thompson,8,34,-0.33673469387755106,0.19387755102040816,1.0,0.0,0.0,0.0,0,0.0,16,500000,0.9375,1175.6
thompson,8,35,-0.33673469387755106,0.2142857142857142,1.0,0.0,0.0,0.0,0,0.0,16,500000,0.9375,1175.6
thompson,8,36,-0.33673469387755106,0.23469387755102034,1.0,0.0,0.0,0.0,0,0.0,16,500000,0.9375,1175.6
thompson,8,37,-0.33673469387755106,0.2551020408163265,1.0,0.0,0.0,0.0,0,0.0,16,500000,0.9375,1175.6
thompson,8,38,-0.33673469387755106,0.2755102040816326,1.0,0.0,0.0,0.0,0,0.0,16,500000,0.9375,1175.6
thompson,8,39,-0.33673469387755106,0.29591836734693866,1.0,0.0,0.0,0.0,0,0.0,16,500000,0.9375,1175.6
thompson,8,40,-0.33673469387755106,0.3163265306122448,1.0,0.0,0.0,0.0,0,0.0,16,500000,0.9375,1175.6
thompson,8,41,-0.33673469387755106,0.33673469387755095,1.0,0.0,0.0,0.0,0,0.0,16,500000,0.9375,1175.6
thompson,8,42,-0.33673469387755106,0.3571428571428571,1.0,0.0,0.0,0.0,0,0.0,16,500000,0.9375,1175.6
thompson,8,43,-0.33673469387755106,0.37755102040816324,1.0,0.0,0.0,0.0,0,0.0,16,500000,0.9375,1175.6
thompson,8,44,-0.33673469387755106,0.3979591836734693,1.0,0.0,0.0,0.0,0,0.0,16,500000,0.9375,1175.6
thompson,8,45,-0.33673469387755106,0.4183673469387754,1.0,0.0,0.0,0.0,0,0.0,16,500000,0.9375,1175.6
thompson,8,46,-0.33673469387755106,0.43877551020408156,1.0,0.0,0.0,0.0,0,0.0,16,500000,0.9375,1175.6
thompson,8,47,-0.33673469387755106,0.4591836734693877,1.0,0.0,0.0,0.0,0,0.0,16,500000,0.9375,1175.6
thompson,8,48,-0.33673469387755106,0.47959183673469385,1.0,0.0,0.0,0.0,0,0.0,16,500000,0.9375,1175.6
thompson,8,49,-0.33673469387755106,0.5,1.0,0.0,0.0,0.0,0,0.0,16,500000,0.9375,1175.6
thompson,9,0,-0.3163265306122449,-0.5,1.0,0.0,0.0,0.0,0,0.0,16,500000,1.0,1150.6875
thompson,9,1,-0.3163265306122449,-0.47959183673469385,1.0,0.0,0.0,0.0,0,0.0,16,500000,1.0,1150.6875
thompson,9,2,-0.3163265306122449,-0.45918367346938777,1.0,0.0,0.0,0.0,0,0.0,16,500000,1.0,1150.6875
thompson,9,3,-0.3163265306122449,-0.4387755102040816,1.0,0.0,0.0,0.0,0,0.0,16,500000,1.0,1150.6875
thompson,9,4,-0.3163265306122449,-0.41836734693877553,1.0,0.0,0.0,0.0,0,0.0,16,500000,1.0,1150.6875
thompson,9,5,-0.3163265306122449,-0.3979591836734694,1.0,0.0,0.0,0.0,0,0.0,16,500000,1.0,1150.6875
thompson,9,6,-0.3163265306122449,-0.37755102040816324,1.0,0.0,0.0,0.0,0,0.0,16,500000,1.0,1150.6875
thompson,9,7,-0.3163265306122449,-0.35714285714285715,1.0,0.0,0.0,0.0,0,0.0,16,500000,1.0,1150.6875
thompson,9,8,-0.3163265306122449,-0.33673469387755106,1.0,0.0,0.0,0.0,0,0.0,16,500000,1.0,1150.6875
thompson,9,9,-0.3163265306122449,-0.3163265306122449,1.0,0.0,0.0,0.0,0,0.0,16,500000,1.0,1149.375
thompson,9,10,-0.3163265306122449,-0.29591836734693877,1.0,0.0,0.0,0.0,0,0.0,16,500000,1.0,1149.375
thompson,9,11,-0.3163265306122449,-0.2755102040816327,1.0,0.0,0.0,0.0,0,0.0,16,500000,1.0,1149.375
thompson,9,12,-0.3163265306122449,-0.25510204081632654,1.0,0.0,0.0,0.0,0,0.0,16,500000,1.0,1149.375
thompson,9,13,-0.3163265306122449,-0.23469387755102045,1.0,0.0,0.0,0.0,0,0.0,16,500000,1.0,1149.375
thompson,9,14,-0.3163265306122449,-0.2142857142857143,1.0,0.0,0.0,0.0,0,0.0,16,500000,1.0,1149.375
thompson,9,15,-0.3163265306122449,-0.1938775510204082,1.0,0.0,0.0,0.0,0,0.0,16,500000,1.0,1149.375
thompson,9,16,-0.3163265306122449,-0.17346938775510207,1.0,0.0,0.0,0.0,0,0.0,16,500000,1.0,1149.375
thompson,9,17,-0.3163265306122449,-0.15306122448979592,1.0,0.0,0.0,0.0,0,0.0,16,500000,1.0,1149.375
thompson,9,18,-0.3163265306122449,-0.13265306122448983,1.0,0.0,0.0,0.0,0,0.0,16,500000,1.0,1149.375
thompson,9,19,-0.3163265306122449,-0.11224489795918369,1.0,0.0,0.0,0.0,0,0.0,16,500000,1.0,1149.375
thompson,9,20,-0.3163265306122449,-0.0918367346938776,1.0,0.0,0.0,0.0,0,0.0,16,500000,1.0,1149.375
thompson,9,21,-0.3163265306122449,-0.07142857142857145,1.0,0.0,0.0,0.0,0,0.0,16,500000,1.0,1149.375
thompson,9,22,-0.3163265306122449,-0.05102040816326536,1.0,0.0,0.0,0.0,0,0.0,16,500000,0.9375,1259.4
thompson,9,23,-0.3163265306122449,-0.030612244897959218,1.0,0.0,0.0,0.0,0,0.0,16,500000,0.9375,1259.4
thompson,9,24,-0.3163265306122449,-0.010204081632653073,1.0,0.0,0.0,0.0,0,0.0,16,500000,0.9375,1259.4
thompson,9,25,-0.3163265306122449,0.010204081632653073,1.0,0.0,0.0,0.0,0,0.0,16,500000,0.9375,1259.4
thompson,9,26,-0.3163265306122449,0.030612244897959107,1.0,0.0,0.0,0.0,0,0.0,16,500000,0.9375,1259.4
thompson,9,27,-0.3163265306122449,0.05102040816326525,1.0,0.0,0.0,0.0,0,0.0,16,500000,0.9375,1259.4
thompson,9,28,-0.3163265306122449,0.0714285714285714,1.0,0.0,0.0,0.0,0,0.0,16,500000,0.9375,1259.4
thompson,9,29,-0.3163265306122449,0.09183673469387754,1.0,0.0,0.0,0.0,0,0.0,16,500000,0.9375,1259.4
thompson,9,30,-0.3163265306122449,0.11224489795918358,1.0,0.0,0.0,0.0,0,0.0,16,500000,0.9375,1259.4
thompson,9,31,-0.3163265306122449,0.13265306122448972,1.0,0.0,0.0,0.0,0,0.0,16,500000,0.9375,1259.4
thompson,9,32,-0.3163265306122449,0.15306122448979587,1.0,0.0,0.0,0.0,0,0.0,16,500000,0.9375,1259.4
thompson,9,33,-0.3163265306122449,0.173469387755102,1.0,0.0,0.0,0.0,0,0.0,16,500000,0.9375,1175.6
thompson,9,34,-0.3163265306122449,0.19387755102040816,1.0,0.0,0.0,0.0,0,0.0,16,500000,0.9375,1175.6
thompson,9,35,-0.3163265306122449,0.2142857142857142,1.0,0.0,0.0,0.0,0,0.0,16,500000,0.9375,1175.6
thompson,9,36,-0.3163265306122449,0.23469387755102034,1.0,0.0,0.0,0.0,0,0.0,16,500000,0.9375,1175.6
thompson,9,37,-0.3163265306122449,0.2551020408163265,1.0,0.0,0.0,0.0,0,0.0,16,500000,0.9375,1175.6
thompson,9,38,-0.3163265306122449,0.2755102040816326,1.0,0.0,0.0,0.0,0,0.0,16,500000,0.9375,1175.6
thompson,9,39,-0.3163265306122449,0.29591836734693866,1.0,0.0,0.0,0.0,0,0.0,16,500000,0.9375,1175.6
thompson,9,40,-0.3163265306122449,0.3163265306122448,1.0,0.0,0.0,0.0,0,0.0,16,500000,0.9375,1175.6
thompson,9,41,-0.3163265306122449,0.33673469387755095,1.0,0.0,0.0,0.0,0,0.0,16,500000,0.9375,1175.6
thompson,9,42,-0.3163265306122449,0.3571428571428571,1.0,0.0,0.0,0.0,0,0.0,16,500000,0.9375,1175.6
thompson,9,43,-0.3163265306122449,0.37755102040816324,1.0,0.0,0.0,0.0,0,0.0,16,500000,0.9375,1175.6
thompson,9,44,-0.3163265306122449,0.3979591836734693,1.0,0.0,0.0,0.0,0,0.0,16,500000,0.9375,1175.6
thompson,9,45,-0.3163265306122449,0.4183673469387754,1.0,0.0,0.0,0.0,0,0.0,16,500000,0.9375,1175.6
thompson,9,46,-0.3163265306122449,0.43877551020408156,1.0,0.0,0.0,0.0,0,0.0,16,500000,0.9375,1175.6
thompson,9,47,-0.3163265306122449,0.4591836734693877,1.0,0.0,0.0,0.0,0,0.0,16,500000,0.9375,1175.6
thompson,9,48,-0.3163265306122449,0.47959183673469385,1.0,0.0,0.0,0.0,0,0.0,16,500000,0.9375,1175.6
thompson,9,49,-0.3163265306122449,0.5,1.0,0.0,0.0,0.0,0,0.0,16,500000,0.9375,1175.6
thompson,10,0,-0.29591836734693877,-0.5,1.0,0.0,0.0,0.0,0,0.0,16,500000,1.0,1150.6875
thompson,10,1,-0.29591836734693877,-0.47959183673469385,1.0,0.0,0.0,0.0,0,0.0,16,500000,1.0,1150.6875
thompson,10,2,-0.29591836734693877,-0.45918367346938777,1.0,0.0,0.0,0.0,0,0.0,16,500000,1.0,1150.6875
thompson,10,3,-0.29591836734693877,-0.4387755102040816,1.0,0.0,0.0,0.0,0,0.0,16,500000,1.0,1150.6875
thompson,10,4,-0.29591836734693877,-0.41836734693877553,1.0,0.0,0.0,0.0,0,0.0,16,500000,1.0,1150.6875
thompson,10,5,-0.29591836734693877,-0.3979591836734694,1.0,0.0,0.0,0.0,0,0.0,16,500000,1.0,1150.6875
thompson,10,6,-0.29591836734693877,-0.37755102040816324,1.0,0.0,0.0,0.0,0,0.0,16,500000,1.0,1150.6875
thompson,10,7,-0.29591836734693877,-0.35714285714285715,1.0,0.0,0.0,0.0,0,0.0,16,500000,1.0,1150.6875
thompson,10,8,-0.29591836734693877,-0.33673469387755106,1.0,0.0,0.0,0.0,0,0.0,16,500000,1.0,1150.6875
thompson,10,9,-0.29591836734693877,-0.3163265306122449,1.0,0.0,0.0,0.0,0,0.0,16,500000,1.0,1149.375
thompson,10,10,-0.29591836734693877,-0.29591836734693877,1.0,0.0,0.0,0.0,0,0.0,16,500000,1.0,1149.375
thompson,10,11,-0.29591836734693877,-0.2755102040816327,1.0,0.0,0.0,0.0,0,0.0,16,500000,1.0,1149.375
thompson,10,12,-0.29591836734693877,-0.25510204081632654,1.0,0.0,0.0,0.0,0,0.0,16,500000,1.0,1149.375
thompson,10,13,-0.29591836734693877,-0.23469387755102045,1.0,0.0,0.0,0.0,0,0.0,16,500000,1.0,1149.375
thompson,10,14,-0.29591836734693877,-0.2142857142857143,1.0,0.0,0.0,0.0,0,0.0,16,500000,1.0,1149.375
thompson,10,15,-0.29591836734693877,-0.1938775510204082,1.0,0.0,0.0,0.0,0,0.0,16,500000,1.0,1149.375
thompson,10,16,-0.29591836734693877,-0.17346938775510207,1.0,0.0,0.0,0.0,0,0.0,16,500000,1.0,1149.375
thompson,10,17,-0.29591836734693877,-0.15306122448979592,1.0,0.0,0.0,0.0,0,0.0,16,500000,1.0,1149.375
thompson,10,18,-0.29591836734693877,-0.13265306122448983,1.0,0.0,0.0,0.0,0,0.0,16,500000,1.0,1149.375
thompson,10,19,-0.29591836734693877,-0.11224489795918369,1.0,0.0,0.0,0.0,0,0.0,16,500000,1.0,1149.375
thompson,10,20,-0.29591836734693877,-0.0918367346938776,1.0,0.0,0.0,0.0,0,0.0,16,500000,1.0,1149.375
thompson,10,21,-0.29591836734693877,-0.07142857142857145,1.0,0.0,0.0,0.0,0,0.0,16,500000,1.0,1149.375
thompson,10,22,-0.29591836734693877,-0.05102040816326536,1.0,0.0,0.0,0.0,0,0.0,16,500000,0.9375,1259.4
thompson,10,23,-0.29591836734693877,-0.030612244897959218,1.0,0.0,0.0,0.0,0,0.0,16,500000,0.9375,1259.4
thompson,10,24,-0.29591836734693877,-0.010204081632653073,1.0,0.0,0.0,0.0,0,0.0,16,500000,0.9375,1259.4
thompson,10,25,-0.29591836734693877,0.010204081632653073,1.0,0.0,0.0,0.0,0,0.0,16,500000,0.9375,1259.4
thompson,10,26,-0.29591836734693877,0.030612244897959107,1.0,0.0,0.0,0.0,0,0.0,16,500000,0.9375,1259.4
thompson,10,27,-0.29591836734693877,0.05102040816326525,1.0,0.0,0.0,0.0,0,0.0,16,500000,0.9375,1259.4
thompson,10,28,-0.29591836734693877,0.0714285714285714,1.0,0.0,0.0,0.0,0,0.0,16,500000,0.9375,1259.4
thompson,10,29,-0.29591836734693877,0.09183673469387754,1.0,0.0,0.0,0.0,0,0.0,16,500000,0.9375,1259.4
thompson,10,30,-0.29591836734693877,0.11224489795918358,1.0,0.0,0.0,0.0,0,0.0,16,500000,0.9375,1259.4
thompson,10,31,-0.29591836734693877,0.13265306122448972,1.0,0.0,0.0,0.0,0,0.0,16,500000,0.9375,1259.4
thompson,10,32,-0.29591836734693877,0.15306122448979587,1.0,0.0,0.0,0.0,0,0.0,16,500000,0.9375,1259.4
thompson,10,33,-0.29591836734693877,0.173469387755102,1.0,0.0,0.0,0.0,0,0.0,16,500000,0.9375,1175.6
thompson,10,34,-0.29591836734693877,0.19387755102040816,1.0,0.0,0.0,0.0,0,0.0,16,500000,0.9375,1175.6
thompson,10,35,-0.29591836734693877,0.2142857142857142,1.0,0.0,0.0,0.0,0,0.0,16,500000,0.9375,1175.6
thompson,10,36,-0.29591836734693877,0.23469387755102034,1.0,0.0,0.0,0.0,0,0.0,16,500000,0.9375,1175.6
thompson,10,37,-0.29591836734693877,0.2551020408163265,1.0,0.0,0.0,0.0,0,0.0,16,500000,0.9375,1175.6
thompson,10,38,-0.29591836734693877,0.2755102040816326,1.0,0.0,0.0,0.0,0,0.0,16,500000,0.9375,1175.6
thompson,10,39,-0.29591836734693877,0.29591836734693866,1.0,0.0,0.0,0.0,0,0.0,16,500000,0.9375,1175.6
thompson,10,40,-0.29591836734693877,0.3163265306122448,1.0,0.0,0.0,0.0,0,0.0,16,500000,0.9375,1175.6
thompson,10,41,-0.29591836734693877,0.33673469387755095,1.0,0.0,0.0,0.0,0,0.0,16,500000,0.9375,1175.6
thompson,10,42,-0.29591836734693877,0.3571428571428571,1.0,0.0,0.0,0.0,0,0.0,16,500000,0.9375,1175.6
thompson,10,43,-0.29591836734693877,0.37755102040816324,1.0,0.0,0.0,0.0,0,0.0,16,500000,0.9375,1175.6
thompson,10,44,-0.29591836734693877,0.3979591836734693,1.0,0.0,0.0,0.0,0,0.0,16,500000,0.9375,1175.6
thompson,10,45,-0.29591836734693877,0.4183673469387754,1.0,0.0,0.0,0.0,0,0.0,16,500000,0.9375,1175.6
thompson,10,46,-0.29591836734693877,0.43877551020408156,1.0,0.0,0.0,0.0,0,0.0,16,500000,0.9375,1175.6
thompson,10,47,-0.29591836734693877,0.4591836734693877,1.0,0.0,0.0,0.0,0,0.0,16,500000,0.9375,1175.6
thompson,10,48,-0.29591836734693877,0.47959183673469385,1.0,0.0,0.0,0.0,0,0.0,16,500000,0.9375,1175.6
thompson,10,49,-0.29591836734693877,0.5,1.0,0.0,0.0,0.0,0,0.0,16,500000,0.9375,1175.6
thompson,11,0,-0.2755102040816327,-0.5,1.0,0.0,0.0,0.0,0,0.0,16,500000,1.0,1150.6875
thompson,11,1,-0.2755102040816327,-0.47959183673469385,1.0,0.0,0.0,0.0,0,0.0,16,500000,1.0,1150.6875
thompson,11,2,-0.2755102040816327,-0.45918367346938777,1.0,0.0,0.0,0.0,0,0.0,16,500000,1.0,1150.6875
thompson,11,3,-0.2755102040816327,-0.4387755102040816,1.0,0.0,0.0,0.0,0,0.0,16,500000,1.0,1150.6875
thompson,11,4,-0.2755102040816327,-0.41836734693877553,1.0,0.0,0.0,0.0,0,0.0,16,500000,1.0,1150.6875
thompson,11,5,-0.2755102040816327,-0.3979591836734694,1.0,0.0,0.0,0.0,0,0.0,16,500000,1.0,1150.6875
thompson,11,6,-0.2755102040816327,-0.37755102040816324,1.0,0.0,0.0,0.0,0,0.0,16,500000,1.0,1150.6875
thompson,11,7,-0.2755102040816327,-0.35714285714285715,1.0,0.0,0.0,0.0,0,0.0,16,500000,1.0,1150.6875
thompson,11,8,-0.2755102040816327,-0.33673469387755106,1.0,0.0,0.0,0.0,0,0.0,16,500000,1.0,1150.6875
thompson,11,9,-0.2755102040816327,-0.3163265306122449,1.0,0.0,0.0,0.0,0,0.0,16,500000,1.0,1149.375
thompson,11,10,-0.2755102040816327,-0.29591836734693877,1.0,0.0,0.0,0.0,0,0.0,16,500000,1.0,1149.375
thompson,11,11,-0.2755102040816327,-0.2755102040816327,1.0,0.0,0.0,0.0,0,0.0,16,500000,1.0,1149.375
thompson,11,12,-0.2755102040816327,-0.25510204081632654,1.0,0.0,0.0,0.0,0,0.0,16,500000,1.0,1149.375
thompson,11,13,-0.2755102040816327,-0.23469387755102045,1.0,0.0,0.0,0.0,0,0.0,16,500000,1.0,1149.375
thompson,11,14,-0.2755102040816327,-0.2142857142857143,1.0,0.0,0.0,0.0,0,0.0,16,500000,1.0,1149.375
thompson,11,15,-0.2755102040816327,-0.1938775510204082,1.0,0.0,0.0,0.0,0,0.0,16,500000,1.0,1149.375
thompson,11,16,-0.2755102040816327,-0.17346938775510207,1.0,0.0,0.0,0.0,0,0.0,16,500000,1.0,1149.375
thompson,11,17,-0.2755102040816327,-0.15306122448979592,1.0,0.0,0.0,0.0,0,0.0,16,500000,1.0,1149.375
thompson,11,18,-0.2755102040816327,-0.13265306122448983,1.0,0.0,0.0,0.0,0,0.0,16,500000,1.0,1149.375
thompson,11,19,-0.2755102040816327,-0.11224489795918369,1.0,0.0,0.0,0.0,0,0.0,16,500000,1.0,1149.375
thompson,11,20,-0.2755102040816327,-0.0918367346938776,1.0,0.0,0.0,0.0,0,0.0,16,500000,1.0,1149.375
thompson,11,21,-0.2755102040816327,-0.07142857142857145,1.0,0.0,0.0,0.0,0,0.0,16,500000,1.0,1149.375
thompson,11,22,-0.2755102040816327,-0.05102040816326536,1.0,0.0,0.0,0.0,0,0.0,16,500000,0.9375,1259.4
thompson,11,23,-0.2755102040816327,-0.030612244897959218,1.0,0.0,0.0,0.0,0,0.0,16,500000,0.9375,1259.4
thompson,11,24,-0.2755102040816327,-0.010204081632653073,1.0,0.0,0.0,0.0,0,0.0,16,500000,0.9375,1259.4
thompson,11,25,-0.2755102040816327,0.010204081632653073,1.0,0.0,0.0,0.0,0,0.0,16,500000,0.9375,1259.4
thompson,11,26,-0.2755102040816327,0.030612244897959107,1.0,0.0,0.0,0.0,0,0.0,16,500000,0.9375,1259.4
thompson,11,27,-0.2755102040816327,0.05102040816326525,1.0,0.0,0.0,0.0,0,0.0,16,500000,0.9375,1259.4
thompson,11,28,-0.2755102040816327,0.0714285714285714,1.0,0.0,0.0,0.0,0,0.0,16,500000,0.9375,1259.4
thompson,11,29,-0.2755102040816327,0.09183673469387754,1.0,0.0,0.0,0.0,0,0.0,16,500000,0.9375,1259.4
thompson,11,30,-0.2755102040816327,0.11224489795918358,1.0,0.0,0.0,0.0,0,0.0,16,500000,0.9375,1259.4
thompson,11,31,-0.2755102040816327,0.13265306122448972,1.0,0.0,0.0,0.0,0,0.0,16,500000,0.9375,1259.4
thompson,11,32,-0.2755102040816327,0.15306122448979587,1.0,0.0,0.0,0.0,0,0.0,16,500000,0.9375,1259.4
thompson,11,33,-0.2755102040816327,0.173469387755102,1.0,0.0,0.0,0.0,0,0.0,16,500000,0.9375,1175.6
thompson,11,34,-0.2755102040816327,0.19387755102040816,1.0,0.0,0.0,0.0,0,0.0,16,500000,0.9375,1175.6
thompson,11,35,-0.2755102040816327,0.2142857142857142,1.0,0.0,0.0,0.0,0,0.0,16,500000,0.9375,1175.6
thompson,11,36,-0.2755102040816327,0.23469387755102034,1.0,0.0,0.0,0.0,0,0.0,16,500000,0.9375,1175.6
thompson,11,37,-0.2755102040816327,0.2551020408163265,1.0,0.0,0.0,0.0,0,0.0,16,500000,0.9375,1175.6
thompson,11,38,-0.2755102040816327,0.2755102040816326,1.0,0.0,0.0,0.0,0,0.0,16,500000,0.9375,1175.6
thompson,11,39,-0.2755102040816327,0.29591836734693866,1.0,0.0,0.0,0.0,0,0.0,16,500000,0.9375,1175.6
thompson,11,40,-0.2755102040816327,0.3163265306122448,1.0,0.0,0.0,0.0,0,0.0,16,500000,0.9375,1175.6
thompson,11,41,-0.2755102040816327,0.33673469387755095,1.0,0.0,0.0,0.0,0,0.0,16,500000,0.9375,1175.6
thompson,11,42,-0.2755102040816327,0.3571428571428571,1.0,0.0,0.0,0.0,0,0.0,16,500000,0.9375,1175.6
thompson,11,43,-0.2755102040816327,0.37755102040816324,1.0,0.0,0.0,0.0,0,0.0,16,500000,0.9375,1175.6
thompson,11,44,-0.2755102040816327,0.3979591836734693,1.0,0.0,0.0,0.0,0,0.0,16,500000,0.9375,1175.6
thompson,11,45,-0.2755102040816327,0.4183673469387754,1.0,0.0,0.0,0.0,0,0.0,16,500000,0.9375,1175.6
thompson,11,46,-0.2755102040816327,0.43877551020408156,1.0,0.0,0.0,0.0,0,0.0,16,500000,0.9375,1175.6
thompson,11,47,-0.2755102040816327,0.4591836734693877,1.0,0.0,0.0,0.0,0,0.0,16,500000,0.9375,1175.6
thompson,11,48,-0.2755102040816327,0.47959183673469385,1.0,0.0,0.0,0.0,0,0.0,16,500000,0.9375,1175.6
thompson,11,49,-0.2755102040816327,0.5,1.0,0.0,0.0,0.0,0,0.0,16,500000,0.9375,1175.6
thompson,12,0,-0.25510204081632654,-0.5,1.0,0.0,0.0,0.0,0,0.0,16,500000,1.0,1150.6875
thompson,12,1,-0.25510204081632654,-0.47959183673469385,1.0,0.0,0.0,0.0,0,0.0,16,500000,1.0,1150.6875
thompson,12,2,-0.25510204081632654,-0.45918367346938777,1.0,0.0,0.0,0.0,0,0.0,16,500000,1.0,1150.6875
thompson,12,3,-0.25510204081632654,-0.4387755102040816,1.0,0.0,0.0,0.0,0,0.0,16,500000,1.0,1150.6875
thompson,12,4,-0.25510204081632654,-0.41836734693877553,1.0,0.0,0.0,0.0,0,0.0,16,500000,1.0,1150.6875
thompson,12,5,-0.25510204081632654,-0.3979591836734694,1.0,0.0,0.0,0.0,0,0.0,16,500000,1.0,1150.6875
thompson,12,6,-0.25510204081632654,-0.37755102040816324,1.0,0.0,0.0,0.0,0,0.0,16,500000,1.0,1150.6875
thompson,12,7,-0.25510204081632654,-0.35714285714285715,1.0,0.0,0.0,0.0,0,0.0,16,500000,1.0,1150.6875
thompson,12,8,-0.25510204081632654,-0.33673469387755106,1.0,0.0,0.0,0.0,0,0.0,16,500000,1.0,1150.6875
thompson,12,9,-0.25510204081632654,-0.3163265306122449,1.0,0.0,0.0,0.0,0,0.0,16,500000,1.0,1149.375
thompson,12,10,-0.25510204081632654,-0.29591836734693877,1.0,0.0,0.0,0.0,0,0.0,16,500000,1.0,1149.375
thompson,12,11,-0.25510204081632654,-0.2755102040816327,1.0,0.0,0.0,0.0,0,0.0,16,500000,1.0,1149.375
thompson,12,12,-0.25510204081632654,-0.25510204081632654,1.0,0.0,0.0,0.0,0,0.0,16,500000,1.0,1149.375
thompson,12,13,-0.25510204081632654,-0.23469387755102045,1.0,0.0,0.0,0.0,0,0.0,16,500000,1.0,1149.375
thompson,12,14,-0.25510204081632654,-0.2142857142857143,1.0,0.0,0.0,0.0,0,0.0,16,500000,1.0,1149.375
thompson,12,15,-0.25510204081632654,-0.1938775510204082,1.0,0.0,0.0,0.0,0,0.0,16,500000,1.0,1149.375
thompson,12,16,-0.25510204081632654,-0.17346938775510207,1.0,0.0,0.0,0.0,0,0.0,16,500000,1.0,1149.375
thompson,12,17,-0.25510204081632654,-0.15306122448979592,1.0,0.0,0.0,0.0,0,0.0,16,500000,1.0,1149.375
thompson,12,18,-0.25510204081632654,-0.13265306122448983,1.0,0.0,0.0,0.0,0,0.0,16,500000,1.0,1149.375
thompson,12,19,-0.25510204081632654,-0.11224489795918369,1.0,0.0,0.0,0.0,0,0.0,16,500000,1.0,1149.375
thompson,12,20,-0.25510204081632654,-0.0918367346938776,1.0,0.0,0.0,0.0,0,0.0,16,500000,1.0,1149.375
thompson,12,21,-0.25510204081632654,-0.07142857142857145,1.0,0.0,0.0,0.0,0,0.0,16,500000,1.0,1149.375
thompson,12,22,-0.25510204081632654,-0.05102040816326536,1.0,0.0,0.0,0.0,0,0.0,16,500000,0.9375,1259.4
thompson,12,23,-0.25510204081632654,-0.030612244897959218,1.0,0.0,0.0,0.0,0,0.0,16,500000,0.9375,1259.4
thompson,12,24,-0.25510204081632654,-0.010204081632653073,1.0,0.0,0.0,0.0,0,0.0,16,500000,0.9375,1259.4
thompson,12,25,-0.25510204081632654,0.010204081632653073,1.0,0.0,0.0,0.0,0,0.0,16,500000,0.9375,1259.4
thompson,12,26,-0.25510204081632654,0.030612244897959107,1.0,0.0,0.0,0.0,0,0.0,16,500000,0.9375,1259.4
thompson,12,27,-0.25510204081632654,0.05102040816326525,1.0,0.0,0.0,0.0,0,0.0,16,500000,0.9375,1259.4
thompson,12,28,-0.25510204081632654,0.0714285714285714,1.0,0.0,0.0,0.0,0,0.0,16,500000,0.9375,1259.4
thompson,12,29,-0.25510204081632654,0.09183673469387754,1.0,0.0,0.0,0.0,0,0.0,16,500000,0.9375,1259.4
thompson,12,30,-0.25510204081632654,0.11224489795918358,1.0,0.0,0.0,0.0,0,0.0,16,500000,0.9375,1259.4
thompson,12,31,-0.25510204081632654,0.13265306122448972,1.0,0.0,0.0,0.0,0,0.0,16,500000,0.9375,1259.4
thompson,12,32,-0.25510204081632654,0.15306122448979587,1.0,0.0,0.0,0.0,0,0.0,16,500000,0.9375,1259.4
thompson,12,33,-0.25510204081632654,0.173469387755102,1.0,0.0,0.0,0.0,0,0.0,16,500000,0.9375,1175.6
thompson,12,34,-0.25510204081632654,0.19387755102040816,1.0,0.0,0.0,0.0,0,0.0,16,500000,0.9375,1175.6
thompson,12,35,-0.25510204081632654,0.2142857142857142,1.0,0.0,0.0,0.0,0,0.0,16,500000,0.9375,1175.6
thompson,12,36,-0.25510204081632654,0.23469387755102034,1.0,0.0,0.0,0.0,0,0.0,16,500000,0.9375,1175.6
thompson,12,37,-0.25510204081632654,0.2551020408163265,1.0,0.0,0.0,0.0,0,0.0,16,500000,0.9375,1175.6
thompson,12,38,-0.25510204081632654,0.2755102040816326,1.0,0.0,0.0,0.0,0,0.0,16,500000,0.9375,1175.6
thompson,12,39,-0.25510204081632654,0.29591836734693866,1.0,0.0,0.0,0.0,0,0.0,16,500000,0.9375,1175.6
thompson,12,40,-0.25510204081632654,0.3163265306122448,1.0,0.0,0.0,0.0,0,0.0,16,500000,0.9375,1175.6
thompson,12,41,-0.25510204081632654,0.33673469387755095,1.0,0.0,0.0,0.0,0,0.0,16,500000,0.9375,1175.6
thompson,12,42,-0.25510204081632654,0.3571428571428571,1.0,0.0,0.0,0.0,0,0.0,16,500000,0.9375,1175.6
thompson,12,43,-0.25510204081632654,0.37755102040816324,1.0,0.0,0.0,0.0,0,0.0,16,500000,0.9375,1175.6
thompson,12,44,-0.25510204081632654,0.3979591836734693,1.0,0.0,0.0,0.0,0,0.0,16,500000,0.9375,1175.6
thompson,12,45,-0.25510204081632654,0.4183673469387754,1.0,0.0,0.0,0.0,0,0.0,16,500000,0.9375,1175.6
thompson,12,46,-0.25510204081632654,0.43877551020408156,1.0,0.0,0.0,0.0,0,0.0,16,500000,0.9375,1175.6
thompson,12,47,-0.25510204081632654,0.4591836734693877,1.0,0.0,0.0,0.0,0,0.0,16,500000,0.9375,1175.6
thompson,12,48,-0.25510204081632654,0.47959183673469385,1.0,0.0,0.0,0.0,0,0.0,16,500000,0.9375,1175.6
thompson,12,49,-0.25510204081632654,0.5,1.0,0.0,0.0,0.0,0,0.0,16,500000,0.9375,1175.6
thompson,13,0,-0.23469387755102045,-0.5,1.0,0.0,0.0,0.0,0,0.0,16,500000,1.0,1150.6875
thompson,13,1,-0.23469387755102045,-0.47959183673469385,1.0,0.0,0.0,0.0,0,0.0,16,500000,1.0,1150.6875
thompson,13,2,-0.23469387755102045,-0.45918367346938777,1.0,0.0,0.0,0.0,0,0.0,16,500000,1.0,1150.6875
thompson,13,3,-0.23469387755102045,-0.4387755102040816,1.0,0.0,0.0,0.0,0,0.0,16,500000,1.0,1150.6875
thompson,13,4,-0.23469387755102045,-0.41836734693877553,1.0,0.0,0.0,0.0,0,0.0,16,500000,1.0,1150.6875
thompson,13,5,-0.23469387755102045,-0.3979591836734694,1.0,0.0,0.0,0.0,0,0.0,16,500000,1.0,1150.6875
thompson,13,6,-0.23469387755102045,-0.37755102040816324,1.0,0.0,0.0,0.0,0,0.0,16,500000,1.0,1150.6875
thompson,13,7,-0.23469387755102045,-0.35714285714285715,1.0,0.0,0.0,0.0,0,0.0,16,500000,1.0,1150.6875
thompson,13,8,-0.23469387755102045,-0.33673469387755106,1.0,0.0,0.0,0.0,0,0.0,16,500000,1.0,1150.6875
thompson,13,9,-0.23469387755102045,-0.3163265306122449,1.0,0.0,0.0,0.0,0,0.0,16,500000,1.0,1149.375
thompson,13,10,-0.23469387755102045,-0.29591836734693877,1.0,0.0,0.0,0.0,0,0.0,16,500000,1.0,1149.375
thompson,13,11,-0.23469387755102045,-0.2755102040816327,1.0,0.0,0.0,0.0,0,0.0,16,500000,1.0,1149.375
thompson,13,12,-0.23469387755102045,-0.25510204081632654,1.0,0.0,0.0,0.0,0,0.0,16,500000,1.0,1149.375
thompson,13,13,-0.23469387755102045,-0.23469387755102045,1.0,0.0,0.0,0.0,0,0.0,16,500000,1.0,1149.375
thompson,13,14,-0.23469387755102045,-0.2142857142857143,1.0,0.0,0.0,0.0,0,0.0,16,500000,1.0,1149.375
thompson,13,15,-0.23469387755102045,-0.1938775510204082,1.0,0.0,0.0,0.0,0,0.0,16,500000,1.0,1149.375
thompson,13,16,-0.23469387755102045,-0.17346938775510207,1.0,0.0,0.0,0.0,0,0.0,16,500000,1.0,1149.375
thompson,13,17,-0.23469387755102045,-0.15306122448979592,1.0,0.0,0.0,0.0,0,0.0,16,500000,1.0,1149.375
thompson,13,18,-0.23469387755102045,-0.13265306122448983,1.0,0.0,0.0,0.0,0,0.0,16,500000,1.0,1149.375
thompson,13,19,-0.23469387755102045,-0.11224489795918369,1.0,0.0,0.0,0.0,0,0.0,16,500000,1.0,1149.375
thompson,13,20,-0.23469387755102045,-0.0918367346938776,1.0,0.0,0.0,0.0,0,0.0,16,500000,1.0,1149.375
thompson,13,21,-0.23469387755102045,-0.07142857142857145,1.0,0.0,0.0,0.0,0,0.0,16,500000,1.0,1149.375
thompson,13,22,-0.23469387755102045,-0.05102040816326536,1.0,0.0,0.0,0.0,0,0.0,16,500000,0.9375,1259.4
thompson,13,23,-0.23469387755102045,-0.030612244897959218,1.0,0.0,0.0,0.0,0,0.0,16,500000,0.9375,1259.4
thompson,13,24,-0.23469387755102045,-0.010204081632653073,1.0,0.0,0.0,0.0,0,0.0,16,500000,0.9375,1259.4
thompson,13,25,-0.23469387755102045,0.010204081632653073,1.0,0.0,0.0,0.0,0,0.0,16,500000,0.9375,1259.4
thompson,13,26,-0.23469387755102045,0.030612244897959107,1.0,0.0,0.0,0.0,0,0.0,16,500000,0.9375,1259.4
thompson,13,27,-0.23469387755102045,0.05102040816326525,1.0,0.0,0.0,0.0,0,0.0,16,500000,0.9375,1259.4
thompson,13,28,-0.23469387755102045,0.0714285714285714,1.0,0.0,0.0,0.0,0,0.0,16,500000,0.9375,1259.4
thompson,13,29,-0.23469387755102045,0.09183673469387754,1.0,0.0,0.0,0.0,0,0.0,16,500000,0.9375,1259.4
thompson,13,30,-0.23469387755102045,0.11224489795918358,1.0,0.0,0.0,0.0,0,0.0,16,500000,0.9375,1259.4
thompson,13,31,-0.23469387755102045,0.13265306122448972,1.0,0.0,0.0,0.0,0,0.0,16,500000,0.9375,1259.4
thompson,13,32,-0.23469387755102045,0.15306122448979587,1.0,0.0,0.0,0.0,0,0.0,16,500000,0.9375,1259.4
thompson,13,33,-0.23469387755102045,0.173469387755102,1.0,0.0,0.0,0.0,0,0.0,16,500000,0.9375,1175.6
thompson,13,34,-0.23469387755102045,0.19387755102040816,1.0,0.0,0.0,0.0,0,0.0,16,500000,0.9375,1175.6
thompson,13,35,-0.23469387755102045,0.2142857142857142,1.0,0.0,0.0,0.0,0,0.0,16,500000,0.9375,1175.6
thompson,13,36,-0.23469387755102045,0.23469387755102034,1.0,0.0,0.0,0.0,0,0.0,16,500000,0.9375,1175.6
thompson,13,37,-0.23469387755102045,0.2551020408163265,1.0,0.0,0.0,0.0,0,0.0,16,500000,0.9375,1175.6
thompson,13,38,-0.23469387755102045,0.2755102040816326,1.0,0.0,0.0,0.0,0,0.0,16,500000,0.9375,1175.6
thompson,13,39,-0.23469387755102045,0.29591836734693866,1.0,0.0,0.0,0.0,0,0.0,16,500000,0.9375,1175.6
thompson,13,40,-0.23469387755102045,0.3163265306122448,1.0,0.0,0.0,0.0,0,0.0,16,500000,0.9375,1175.6
thompson,13,41,-0.23469387755102045,0.33673469387755095,1.0,0.0,0.0,0.0,0,0.0,16,500000,0.9375,1175.6
thompson,13,42,-0.23469387755102045,0.3571428571428571,1.0,0.0,0.0,0.0,0,0.0,16,500000,0.9375,1175.6
thompson,13,43,-0.23469387755102045,0.37755102040816324,1.0,0.0,0.0,0.0,0,0.0,16,500000,0.9375,1175.6
thompson,13,44,-0.23469387755102045,0.3979591836734693,1.0,0.0,0.0,0.0,0,0.0,16,500000,0.9375,1175.6
thompson,13,45,-0.23469387755102045,0.4183673469387754,1.0,0.0,0.0,0.0,0,0.0,16,500000,0.9375,1175.6
thompson,13,46,-0.23469387755102045,0.43877551020408156,1.0,0.0,0.0,0.0,0,0.0,16,500000,0.9375,1175.6
thompson,13,47,-0.23469387755102045,0.4591836734693877,1.0,0.0,0.0,0.0,0,0.0,16,500000,0.9375,1175.6
thompson,13,48,-0.23469387755102045,0.47959183673469385,1.0,0.0,0.0,0.0,0,0.0,16,500000,0.9375,1175.6
thompson,13,49,-0.23469387755102045,0.5,1.0,0.0,0.0,0.0,0,0.0,16,500000,0.9375,1175.6
thompson,14,0,-0.2142857142857143,-0.5,1.0,0.0,0.0,0.0,0,0.0,16,500000,1.0,1150.6875
thompson,14,1,-0.2142857142857143,-0.47959183673469385,1.0,0.0,0.0,0.0,0,0.0,16,500000,1.0,1150.6875
thompson,14,2,-0.2142857142857143,-0.45918367346938777,1.0,0.0,0.0,0.0,0,0.0,16,500000,1.0,1150.6875
thompson,14,3,-0.2142857142857143,-0.4387755102040816,1.0,0.0,0.0,0.0,0,0.0,16,500000,1.0,1150.6875
thompson,14,4,-0.2142857142857143,-0.41836734693877553,1.0,0.0,0.0,0.0,0,0.0,16,500000,1.0,1150.6875
thompson,14,5,-0.2142857142857143,-0.3979591836734694,1.0,0.0,0.0,0.0,0,0.0,16,500000,1.0,1150.6875
thompson,14,6,-0.2142857142857143,-0.37755102040816324,1.0,0.0,0.0,0.0,0,0.0,16,500000,1.0,1150.6875
thompson,14,7,-0.2142857142857143,-0.35714285714285715,1.0,0.0,0.0,0.0,0,0.0,16,500000,1.0,1150.6875
thompson,14,8,-0.2142857142857143,-0.33673469387755106,1.0,0.0,0.0,0.0,0,0.0,16,500000,1.0,1150.6875
thompson,14,9,-0.2142857142857143,-0.3163265306122449,1.0,0.0,0.0,0.0,0,0.0,16,500000,1.0,1149.375
thompson,14,10,-0.2142857142857143,-0.29591836734693877,1.0,0.0,0.0,0.0,0,0.0,16,500000,1.0,1149.375
thompson,14,11,-0.2142857142857143,-0.2755102040816327,1.0,0.0,0.0,0.0,0,0.0,16,500000,1.0,1149.375
thompson,14,12,-0.2142857142857143,-0.25510204081632654,1.0,0.0,0.0,0.0,0,0.0,16,500000,1.0,1149.375
thompson,14,13,-0.2142857142857143,-0.23469387755102045,1.0,0.0,0.0,0.0,0,0.0,16,500000,1.0,1149.375
thompson,14,14,-0.2142857142857143,-0.2142857142857143,1.0,0.0,0.0,0.0,0,0.0,16,500000,1.0,1149.375
thompson,14,15,-0.2142857142857143,-0.1938775510204082,1.0,0.0,0.0,0.0,0,0.0,16,500000,1.0,1149.375
thompson,14,16,-0.2142857142857143,-0.17346938775510207,1.0,0.0,0.0,0.0,0,0.0,16,500000,1.0,1149.375
thompson,14,17,-0.2142857142857143,-0.15306122448979592,1.0,0.0,0.0,0.0,0,0.0,16,500000,1.0,1149.375
thompson,14,18,-0.2142857142857143,-0.13265306122448983,1.0,0.0,0.0,0.0,0,0.0,16,500000,1.0,1149.375
thompson,14,19,-0.2142857142857143,-0.11224489795918369,1.0,0.0,0.0,0.0,0,0.0,16,500000,1.0,1149.375
thompson,14,20,-0.2142857142857143,-0.0918367346938776,1.0,0.0,0.0,0.0,0,0.0,16,500000,1.0,1149.375
thompson,14,21,-0.2142857142857143,-0.07142857142857145,1.0,0.0,0.0,0.0,0,0.0,16,500000,1.0,1149.375
thompson,14,22,-0.2142857142857143,-0.05102040816326536,1.0,0.0,0.0,0.0,0,0.0,16,500000,0.9375,1259.4
thompson,14,23,-0.2142857142857143,-0.030612244897959218,1.0,0.0,0.0,0.0,0,0.0,16,500000,0.9375,1259.4
thompson,14,24,-0.2142857142857143,-0.010204081632653073,1.0,0.0,0.0,0.0,0,0.0,16,500000,0.9375,1259.4
thompson,14,25,-0.2142857142857143,0.010204081632653073,1.0,0.0,0.0,0.0,0,0.0,16,500000,0.9375,1259.4
thompson,14,26,-0.2142857142857143,0.030612244897959107,1.0,0.0,0.0,0.0,0,0.0,16,500000,0.9375,1259.4
thompson,14,27,-0.2142857142857143,0.05102040816326525,1.0,0.0,0.0,0.0,0,0.0,16,500000,0.9375,1259.4
thompson,14,28,-0.2142857142857143,0.0714285714285714,1.0,0.0,0.0,0.0,0,0.0,16,500000,0.9375,1259.4
thompson,14,29,-0.2142857142857143,0.09183673469387754,1.0,0.0,0.0,0.0,0,0.0,16,500000,0.9375,1259.4
thompson,14,30,-0.2142857142857143,0.11224489795918358,1.0,0.0,0.0,0.0,0,0.0,16,500000,0.9375,1259.4
thompson,14,31,-0.2142857142857143,0.13265306122448972,1.0,0.0,0.0,0.0,0,0.0,16,500000,0.9375,1259.4
thompson,14,32,-0.2142857142857143,0.15306122448979587,1.0,0.0,0.0,0.0,0,0.0,16,500000,0.9375,1259.4
thompson,14,33,-0.2142857142857143,0.173469387755102,1.0,0.0,0.0,0.0,0,0.0,16,500000,0.9375,1175.6
thompson,14,34,-0.2142857142857143,0.19387755102040816,1.0,0.0,0.0,0.0,0,0.0,16,500000,0.9375,1175.6
thompson,14,35,-0.2142857142857143,0.2142857142857142,1.0,0.0,0.0,0.0,0,0.0,16,500000,0.9375,1175.6
thompson,14,36,-0.2142857142857143,0.23469387755102034,1.0,0.0,0.0,0.0,0,0.0,16,500000,0.9375,1175.6
thompson,14,37,-0.2142857142857143,0.2551020408163265,1.0,0.0,0.0,0.0,0,0.0,16,500000,0.9375,1175.6
thompson,14,38,-0.2142857142857143,0.2755102040816326,1.0,0.0,0.0,0.0,0,0.0,16,500000,0.9375,1175.6
thompson,14,39,-0.2142857142857143,0.29591836734693866,1.0,0.0,0.0,0.0,0,0.0,16,500000,0.9375,1175.6
thompson,14,40,-0.2142857142857143,0.3163265306122448,1.0,0.0,0.0,0.0,0,0.0,16,500000,0.9375,1175.6
thompson,14,41,-0.2142857142857143,0.33673469387755095,1.0,0.0,0.0,0.0,0,0.0,16,500000,0.9375,1175.6
thompson,14,42,-0.2142857142857143,0.3571428571428571,1.0,0.0,0.0,0.0,0,0.0,16,500000,0.9375,1175.6
thompson,14,43,-0.2142857142857143,0.37755102040816324,1.0,0.0,0.0,0.0,0,0.0,16,500000,0.9375,1175.6
thompson,14,44,-0.2142857142857143,0.3979591836734693,1.0,0.0,0.0,0.0,0,0.0,16,500000,0.9375,1175.6
thompson,14,45,-0.2142857142857143,0.4183673469387754,1.0,0.0,0.0,0.0,0,0.0,16,500000,0.9375,1175.6
thompson,14,46,-0.2142857142857143,0.43877551020408156,1.0,0.0,0.0,0.0,0,0.0,16,500000,0.9375,1175.6
thompson,14,47,-0.2142857142857143,0.4591836734693877,1.0,0.0,0.0,0.0,0,0.0,16,500000,0.9375,1175.6
thompson,14,48,-0.2142857142857143,0.47959183673469385,1.0,0.0,0.0,0.0,0,0.0,16,500000,0.9375,1175.6
thompson,14,49,-0.2142857142857143,0.5,1.0,0.0,0.0,0.0,0,0.0,16,500000,0.9375,1175.6
thompson,15,0,-0.1938775510204082,-0.5,1.0,0.0,0.0,0.0,0,0.0,16,500000,1.0,1150.6875
thompson,15,1,-0.1938775510204082,-0.47959183673469385,1.0,0.0,0.0,0.0,0,0.0,16,500000,1.0,1150.6875
thompson,15,2,-0.1938775510204082,-0.45918367346938777,1.0,0.0,0.0,0.0,0,0.0,16,500000,1.0,1150.6875
thompson,15,3,-0.1938775510204082,-0.4387755102040816,1.0,0.0,0.0,0.0,0,0.0,16,500000,1.0,1150.6875
thompson,15,4,-0.1938775510204082,-0.41836734693877553,1.0,0.0,0.0,0.0,0,0.0,16,500000,1.0,1150.6875
thompson,15,5,-0.1938775510204082,-0.3979591836734694,1.0,0.0,0.0,0.0,0,0.0,16,500000,1.0,1150.6875
thompson,15,6,-0.1938775510204082,-0.37755102040816324,1.0,0.0,0.0,0.0,0,0.0,16,500000,1.0,1150.6875
thompson,15,7,-0.1938775510204082,-0.35714285714285715,1.0,0.0,0.0,0.0,0,0.0,16,500000,1.0,1150.6875
thompson,15,8,-0.1938775510204082,-0.33673469387755106,1.0,0.0,0.0,0.0,0,0.0,16,500000,1.0,1150.6875
thompson,15,9,-0.1938775510204082,-0.3163265306122449,1.0,0.0,0.0,0.0,0,0.0,16,500000,1.0,1149.375
thompson,15,10,-0.1938775510204082,-0.29591836734693877,1.0,0.0,0.0,0.0,0,0.0,16,500000,1.0,1149.375
thompson,15,11,-0.1938775510204082,-0.2755102040816327,1.0,0.0,0.0,0.0,0,0.0,16,500000,1.0,1149.375
thompson,15,12,-0.1938775510204082,-0.25510204081632654,1.0,0.0,0.0,0.0,0,0.0,16,500000,1.0,1149.375
thompson,15,13,-0.1938775510204082,-0.23469387755102045,1.0,0.0,0.0,0.0,0,0.0,16,500000,1.0,1149.375
thompson,15,14,-0.1938775510204082,-0.2142857142857143,1.0,0.0,0.0,0.0,0,0.0,16,500000,1.0,1149.375
thompson,15,15,-0.1938775510204082,-0.1938775510204082,1.0,0.0,0.0,0.0,0,0.0,16,500000,1.0,1149.375
thompson,15,16,-0.1938775510204082,-0.17346938775510207,1.0,0.0,0.0,0.0,0,0.0,16,500000,1.0,1149.375
thompson,15,17,-0.1938775510204082,-0.15306122448979592,1.0,0.0,0.0,0.0,0,0.0,16,500000,1.0,1149.375
thompson,15,18,-0.1938775510204082,-0.13265306122448983,1.0,0.0,0.0,0.0,0,0.0,16,500000,1.0,1149.375
thompson,15,19,-0.1938775510204082,-0.11224489795918369,1.0,0.0,0.0,0.0,0,0.0,16,500000,1.0,1149.375
thompson,15,20,-0.1938775510204082,-0.0918367346938776,1.0,0.0,0.0,0.0,0,0.0,16,500000,1.0,1149.375
thompson,15,21,-0.1938775510204082,-0.07142857142857145,1.0,0.0,0.0,0.0,0,0.0,16,500000,1.0,1149.375
thompson,15,22,-0.1938775510204082,-0.05102040816326536,1.0,0.0,0.0,0.0,0,0.0,16,500000,0.9375,1259.4
thompson,15,23,-0.1938775510204082,-0.030612244897959218,1.0,0.0,0.0,0.0,0,0.0,16,500000,0.9375,1259.4
thompson,15,24,-0.1938775510204082,-0.010204081632653073,1.0,0.0,0.0,0.0,0,0.0,16,500000,0.9375,1259.4
thompson,15,25,-0.1938775510204082,0.010204081632653073,1.0,0.0,0.0,0.0,0,0.0,16,500000,0.9375,1259.4
thompson,15,26,-0.1938775510204082,0.030612244897959107,1.0,0.0,0.0,0.0,0,0.0,16,500000,0.9375,1259.4
thompson,15,27,-0.1938775510204082,0.05102040816326525,1.0,0.0,0.0,0.0,0,0.0,16,500000,0.9375,1259.4
thompson,15,28,-0.1938775510204082,0.0714285714285714,1.0,0.0,0.0,0.0,0,0.0,16,500000,0.9375,1259.4
thompson,15,29,-0.1938775510204082,0.09183673469387754,1.0,0.0,0.0,0.0,0,0.0,16,500000,0.9375,1259.4
thompson,15,30,-0.1938775510204082,0.11224489795918358,1.0,0.0,0.0,0.0,0,0.0,16,500000,0.9375,1259.4
thompson,15,31,-0.1938775510204082,0.13265306122448972,1.0,0.0,0.0,0.0,0,0.0,16,500000,0.9375,1259.4
thompson,15,32,-0.1938775510204082,0.15306122448979587,1.0,0.0,0.0,0.0,0,0.0,16,500000,0.9375,1259.4
thompson,15,33,-0.1938775510204082,0.173469387755102,1.0,0.0,0.0,0.0,0,0.0,16,500000,0.9375,1175.6
thompson,15,34,-0.1938775510204082,0.19387755102040816,1.0,0.0,0.0,0.0,0,0.0,16,500000,0.9375,1175.6
thompson,15,35,-0.1938775510204082,0.2142857142857142,1.0,0.0,0.0,0.0,0,0.0,16,500000,0.9375,1175.6
thompson,15,36,-0.1938775510204082,0.23469387755102034,1.0,0.0,0.0,0.0,0,0.0,16,500000,0.9375,1175.6
thompson,15,37,-0.1938775510204082,0.2551020408163265,1.0,0.0,0.0,0.0,0,0.0,16,500000,0.9375,1175.6
thompson,15,38,-0.1938775510204082,0.2755102040816326,1.0,0.0,0.0,0.0,0,0.0,16,500000,0.9375,1175.6
thompson,15,39,-0.1938775510204082,0.29591836734693866,1.0,0.0,0.0,0.0,0,0.0,16,500000,0.9375,1175.6
thompson,15,40,-0.1938775510204082,0.3163265306122448,1.0,0.0,0.0,0.0,0,0.0,16,500000,0.9375,1175.6
thompson,15,41,-0.1938775510204082,0.33673469387755095,1.0,0.0,0.0,0.0,0,0.0,16,500000,0.9375,1175.6
thompson,15,42,-0.1938775510204082,0.3571428571428571,1.0,0.0,0.0,0.0,0,0.0,16,500000,0.9375,1175.6
thompson,15,43,-0.1938775510204082,0.37755102040816324,1.0,0.0,0.0,0.0,0,0.0,16,500000,0.9375,1175.6
thompson,15,44,-0.1938775510204082,0.3979591836734693,1.0,0.0,0.0,0.0,0,0.0,16,500000,0.9375,1175.6
thompson,15,45,-0.1938775510204082,0.4183673469387754,1.0,0.0,0.0,0.0,0,0.0,16,500000,0.9375,1175.6
thompson,15,46,-0.1938775510204082,0.43877551020408156,1.0,0.0,0.0,0.0,0,0.0,16,500000,0.9375,1175.6
thompson,15,47,-0.1938775510204082,0.4591836734693877,1.0,0.0,0.0,0.0,0,0.0,16,500000,0.9375,1175.6
thompson,15,48,-0.1938775510204082,0.47959183673469385,1.0,0.0,0.0,0.0,0,0.0,16,500000,0.9375,1175.6
thompson,15,49,-0.1938775510204082,0.5,1.0,0.0,0.0,0.0,0,0.0,16,500000,0.9375,1175.6
thompson,16,0,-0.17346938775510207,-0.5,1.0,0.0,0.0,0.0,0,0.0,16,500000,1.0,1150.6875
thompson,16,1,-0.17346938775510207,-0.47959183673469385,1.0,0.0,0.0,0.0,0,0.0,16,500000,1.0,1150.6875
thompson,16,2,-0.17346938775510207,-0.45918367346938777,1.0,0.0,0.0,0.0,0,0.0,16,500000,1.0,1150.6875
thompson,16,3,-0.17346938775510207,-0.4387755102040816,1.0,0.0,0.0,0.0,0,0.0,16,500000,1.0,1150.6875
thompson,16,4,-0.17346938775510207,-0.41836734693877553,1.0,0.0,0.0,0.0,0,0.0,16,500000,1.0,1150.6875
thompson,16,5,-0.17346938775510207,-0.3979591836734694,1.0,0.0,0.0,0.0,0,0.0,16,500000,1.0,1150.6875
thompson,16,6,-0.17346938775510207,-0.37755102040816324,1.0,0.0,0.0,0.0,0,0.0,16,500000,1.0,1150.6875
thompson,16,7,-0.17346938775510207,-0.35714285714285715,1.0,0.0,0.0,0.0,0,0.0,16,500000,1.0,1150.6875
thompson,16,8,-0.17346938775510207,-0.33673469387755106,1.0,0.0,0.0,0.0,0,0.0,16,500000,1.0,1150.6875
thompson,16,9,-0.17346938775510207,-0.3163265306122449,1.0,0.0,0.0,0.0,0,0.0,16,500000,1.0,1149.375
thompson,16,10,-0.17346938775510207,-0.29591836734693877,1.0,0.0,0.0,0.0,0,0.0,16,500000,1.0,1149.375
thompson,16,11,-0.17346938775510207,-0.2755102040816327,1.0,0.0,0.0,0.0,0,0.0,16,500000,1.0,1149.375
thompson,16,12,-0.17346938775510207,-0.25510204081632654,1.0,0.0,0.0,0.0,0,0.0,16,500000,1.0,1149.375
thompson,16,13,-0.17346938775510207,-0.23469387755102045,1.0,0.0,0.0,0.0,0,0.0,16,500000,1.0,1149.375
thompson,16,14,-0.17346938775510207,-0.2142857142857143,1.0,0.0,0.0,0.0,0,0.0,16,500000,1.0,1149.375
thompson,16,15,-0.17346938775510207,-0.1938775510204082,1.0,0.0,0.0,0.0,0,0.0,16,500000,1.0,1149.375
thompson,16,16,-0.17346938775510207,-0.17346938775510207,1.0,0.0,0.0,0.0,0,0.0,16,500000,1.0,1149.375
thompson,16,17,-0.17346938775510207,-0.15306122448979592,1.0,0.0,0.0,0.0,0,0.0,16,500000,1.0,1149.375
thompson,16,18,-0.17346938775510207,-0.13265306122448983,1.0,0.0,0.0,0.0,0,0.0,16,500000,1.0,1149.375
thompson,16,19,-0.17346938775510207,-0.11224489795918369,1.0,0.0,0.0,0.0,0,0.0,16,500000,1.0,1149.375
thompson,16,20,-0.17346938775510207,-0.0918367346938776,1.0,0.0,0.0,0.0,0,0.0,16,500000,1.0,1149.375
thompson,16,21,-0.17346938775510207,-0.07142857142857145,1.0,0.0,0.0,0.0,0,0.0,16,500000,1.0,1149.375
thompson,16,22,-0.17346938775510207,-0.05102040816326536,1.0,0.0,0.0,0.0,0,0.0,16,500000,0.9375,1259.4
thompson,16,23,-0.17346938775510207,-0.030612244897959218,1.0,0.0,0.0,0.0,0,0.0,16,500000,0.9375,1259.4
thompson,16,24,-0.17346938775510207,-0.010204081632653073,1.0,0.0,0.0,0.0,0,0.0,16,500000,0.9375,1259.4
thompson,16,25,-0.17346938775510207,0.010204081632653073,1.0,0.0,0.0,0.0,0,0.0,16,500000,0.9375,1259.4
thompson,16,26,-0.17346938775510207,0.030612244897959107,1.0,0.0,0.0,0.0,0,0.0,16,500000,0.9375,1259.4
thompson,16,27,-0.17346938775510207,0.05102040816326525,1.0,0.0,0.0,0.0,0,0.0,16,500000,0.9375,1259.4
thompson,16,28,-0.17346938775510207,0.0714285714285714,1.0,0.0,0.0,0.0,0,0.0,16,500000,0.9375,1259.4
thompson,16,29,-0.17346938775510207,0.09183673469387754,1.0,0.0,0.0,0.0,0,0.0,16,500000,0.9375,1259.4
thompson,16,30,-0.17346938775510207,0.11224489795918358,1.0,0.0,0.0,0.0,0,0.0,16,500000,0.9375,1259.4
thompson,16,31,-0.17346938775510207,0.13265306122448972,1.0,0.0,0.0,0.0,0,0.0,16,500000,0.9375,1259.4
thompson,16,32,-0.17346938775510207,0.15306122448979587,1.0,0.0,0.0,0.0,0,0.0,16,500000,0.9375,1259.4
thompson,16,33,-0.17346938775510207,0.173469387755102,1.0,0.0,0.0,0.0,0,0.0,16,500000,0.9375,1175.6
thompson,16,34,-0.17346938775510207,0.19387755102040816,1.0,0.0,0.0,0.0,0,0.0,16,500000,0.9375,1175.6
thompson,16,35,-0.17346938775510207,0.2142857142857142,1.0,0.0,0.0,0.0,0,0.0,16,500000,0.9375,1175.6
thompson,16,36,-0.17346938775510207,0.23469387755102034,1.0,0.0,0.0,0.0,0,0.0,16,500000,0.9375,1175.6
thompson,16,37,-0.17346938775510207,0.2551020408163265,1.0,0.0,0.0,0.0,0,0.0,16,500000,0.9375,1175.6
thompson,16,38,-0.17346938775510207,0.2755102040816326,1.0,0.0,0.0,0.0,0,0.0,16,500000,0.9375,1175.6
thompson,16,39,-0.17346938775510207,0.29591836734693866,1.0,0.0,0.0,0.0,0,0.0,16,500000,0.9375,1175.6
thompson,16,40,-0.17346938775510207,0.3163265306122448,1.0,0.0,0.0,0.0,0,0.0,16,500000,0.9375,1175.6
thompson,16,41,-0.17346938775510207,0.33673469387755095,1.0,0.0,0.0,0.0,0,0.0,16,500000,0.9375,1175.6
thompson,16,42,-0.17346938775510207,0.3571428571428571,1.0,0.0,0.0,0.0,0,0.0,16,500000,0.9375,1175.6
thompson,16,43,-0.17346938775510207,0.37755102040816324,1.0,0.0,0.0,0.0,0,0.0,16,500000,0.9375,1175.6
thompson,16,44,-0.17346938775510207,0.3979591836734693,1.0,0.0,0.0,0.0,0,0.0,16,500000,0.9375,1175.6
thompson,16,45,-0.17346938775510207,0.4183673469387754,1.0,0.0,0.0,0.0,0,0.0,16,500000,0.9375,1175.6
thompson,16,46,-0.17346938775510207,0.43877551020408156,1.0,0.0,0.0,0.0,0,0.0,16,500000,0.9375,1175.6
thompson,16,47,-0.17346938775510207,0.4591836734693877,1.0,0.0,0.0,0.0,0,0.0,16,500000,0.9375,1175.6
thompson,16,48,-0.17346938775510207,0.47959183673469385,1.0,0.0,0.0,0.0,0,0.0,16,500000,0.9375,1175.6
thompson,16,49,-0.17346938775510207,0.5,1.0,0.0,0.0,0.0,0,0.0,16,500000,0.9375,1175.6
thompson,17,0,-0.15306122448979592,-0.5,1.0,0.0,0.0,0.0,0,0.0,16,500000,1.0,1150.6875
thompson,17,1,-0.15306122448979592,-0.47959183673469385,1.0,0.0,0.0,0.0,0,0.0,16,500000,1.0,1150.6875
thompson,17,2,-0.15306122448979592,-0.45918367346938777,1.0,0.0,0.0,0.0,0,0.0,16,500000,1.0,1150.6875
thompson,17,3,-0.15306122448979592,-0.4387755102040816,1.0,0.0,0.0,0.0,0,0.0,16,500000,1.0,1150.6875
thompson,17,4,-0.15306122448979592,-0.41836734693877553,1.0,0.0,0.0,0.0,0,0.0,16,500000,1.0,1150.6875
thompson,17,5,-0.15306122448979592,-0.3979591836734694,1.0,0.0,0.0,0.0,0,0.0,16,500000,1.0,1150.6875
thompson,17,6,-0.15306122448979592,-0.37755102040816324,1.0,0.0,0.0,0.0,0,0.0,16,500000,1.0,1150.6875
thompson,17,7,-0.15306122448979592,-0.35714285714285715,1.0,0.0,0.0,0.0,0,0.0,16,500000,1.0,1150.6875
thompson,17,8,-0.15306122448979592,-0.33673469387755106,1.0,0.0,0.0,0.0,0,0.0,16,500000,1.0,1150.6875
thompson,17,9,-0.15306122448979592,-0.3163265306122449,1.0,0.0,0.0,0.0,0,0.0,16,500000,1.0,1149.375
thompson,17,10,-0.15306122448979592,-0.29591836734693877,1.0,0.0,0.0,0.0,0,0.0,16,500000,1.0,1149.375
thompson,17,11,-0.15306122448979592,-0.2755102040816327,1.0,0.0,0.0,0.0,0,0.0,16,500000,1.0,1149.375
thompson,17,12,-0.15306122448979592,-0.25510204081632654,1.0,0.0,0.0,0.0,0,0.0,16,500000,1.0,1149.375
thompson,17,13,-0.15306122448979592,-0.23469387755102045,1.0,0.0,0.0,0.0,0,0.0,16,500000,1.0,1149.375
thompson,17,14,-0.15306122448979592,-0.2142857142857143,1.0,0.0,0.0,0.0,0,0.0,16,500000,1.0,1149.375
thompson,17,15,-0.15306122448979592,-0.1938775510204082,1.0,0.0,0.0,0.0,0,0.0,16,500000,1.0,1149.375
thompson,17,16,-0.15306122448979592,-0.17346938775510207,1.0,0.0,0.0,0.0,0,0.0,16,500000,1.0,1149.375
thompson,17,17,-0.15306122448979592,-0.15306122448979592,1.0,0.0,0.0,0.0,0,0.0,16,500000,1.0,1149.375
thompson,17,18,-0.15306122448979592,-0.13265306122448983,1.0,0.0,0.0,0.0,0,0.0,16,500000,1.0,1149.375
thompson,17,19,-0.15306122448979592,-0.11224489795918369,1.0,0.0,0.0,0.0,0,0.0,16,500000,1.0,1149.375
thompson,17,20,-0.15306122448979592,-0.0918367346938776,1.0,0.0,0.0,0.0,0,0.0,16,500000,1.0,1149.375
thompson,17,21,-0.15306122448979592,-0.07142857142857145,1.0,0.0,0.0,0.0,0,0.0,16,500000,1.0,1149.375
thompson,17,22,-0.15306122448979592,-0.05102040816326536,1.0,0.0,0.0,0.0,0,0.0,16,500000,0.9375,1259.4
thompson,17,23,-0.15306122448979592,-0.030612244897959218,1.0,0.0,0.0,0.0,0,0.0,16,500000,0.9375,1259.4
thompson,17,24,-0.15306122448979592,-0.010204081632653073,1.0,0.0,0.0,0.0,0,0.0,16,500000,0.9375,1259.4
thompson,17,25,-0.15306122448979592,0.010204081632653073,1.0,0.0,0.0,0.0,0,0.0,16,500000,0.9375,1259.4
thompson,17,26,-0.15306122448979592,0.030612244897959107,1.0,0.0,0.0,0.0,0,0.0,16,500000,0.9375,1259.4
thompson,17,27,-0.15306122448979592,0.05102040816326525,1.0,0.0,0.0,0.0,0,0.0,16,500000,0.9375,1259.4
thompson,17,28,-0.15306122448979592,0.0714285714285714,1.0,0.0,0.0,0.0,0,0.0,16,500000,0.9375,1259.4
thompson,17,29,-0.15306122448979592,0.09183673469387754,1.0,0.0,0.0,0.0,0,0.0,16,500000,0.9375,1259.4
thompson,17,30,-0.15306122448979592,0.11224489795918358,1.0,0.0,0.0,0.0,0,0.0,16,500000,0.9375,1259.4
thompson,17,31,-0.15306122448979592,0.13265306122448972,1.0,0.0,0.0,0.0,0,0.0,16,500000,0.9375,1259.4
thompson,17,32,-0.15306122448979592,0.15306122448979587,1.0,0.0,0.0,0.0,0,0.0,16,500000,0.9375,1259.4
thompson,17,33,-0.15306122448979592,0.173469387755102,1.0,0.0,0.0,0.0,0,0.0,16,500000,0.9375,1175.6
thompson,17,34,-0.15306122448979592,0.19387755102040816,1.0,0.0,0.0,0.0,0,0.0,16,500000,0.9375,1175.6
thompson,17,35,-0.15306122448979592,0.2142857142857142,1.0,0.0,0.0,0.0,0,0.0,16,500000,0.9375,1175.6
thompson,17,36,-0.15306122448979592,0.23469387755102034,1.0,0.0,0.0,0.0,0,0.0,16,500000,0.9375,1175.6
thompson,17,37,-0.15306122448979592,0.2551020408163265,1.0,0.0,0.0,0.0,0,0.0,16,500000,0.9375,1175.6
thompson,17,38,-0.15306122448979592,0.2755102040816326,1.0,0.0,0.0,0.0,0,0.0,16,500000,0.9375,1175.6
thompson,17,39,-0.15306122448979592,0.29591836734693866,1.0,0.0,0.0,0.0,0,0.0,16,500000,0.9375,1175.6
thompson,17,40,-0.15306122448979592,0.3163265306122448,1.0,0.0,0.0,0.0,0,0.0,16,500000,0.9375,1175.6
thompson,17,41,-0.15306122448979592,0.33673469387755095,1.0,0.0,0.0,0.0,0,0.0,16,500000,0.9375,1175.6
thompson,17,42,-0.15306122448979592,0.3571428571428571,1.0,0.0,0.0,0.0,0,0.0,16,500000,0.9375,1175.6
thompson,17,43,-0.15306122448979592,0.37755102040816324,1.0,0.0,0.0,0.0,0,0.0,16,500000,0.9375,1175.6
thompson,17,44,-0.15306122448979592,0.3979591836734693,1.0,0.0,0.0,0.0,0,0.0,16,500000,0.9375,1175.6
thompson,17,45,-0.15306122448979592,0.4183673469387754,1.0,0.0,0.0,0.0,0,0.0,16,500000,0.9375,1175.6
thompson,17,46,-0.15306122448979592,0.43877551020408156,1.0,0.0,0.0,0.0,0,0.0,16,500000,0.9375,1175.6
thompson,17,47,-0.15306122448979592,0.4591836734693877,1.0,0.0,0.0,0.0,0,0.0,16,500000,0.9375,1175.6
thompson,17,48,-0.15306122448979592,0.47959183673469385,1.0,0.0,0.0,0.0,0,0.0,16,500000,0.9375,1175.6
thompson,17,49,-0.15306122448979592,0.5,1.0,0.0,0.0,0.0,0,0.0,16,500000,0.9375,1175.6
thompson,18,0,-0.13265306122448983,-0.5,1.0,0.0,0.0,0.0,0,0.0,16,500000,1.0,1150.6875
thompson,18,1,-0.13265306122448983,-0.47959183673469385,1.0,0.0,0.0,0.0,0,0.0,16,500000,1.0,1150.6875
thompson,18,2,-0.13265306122448983,-0.45918367346938777,1.0,0.0,0.0,0.0,0,0.0,16,500000,1.0,1150.6875
thompson,18,3,-0.13265306122448983,-0.4387755102040816,1.0,0.0,0.0,0.0,0,0.0,16,500000,1.0,1150.6875
thompson,18,4,-0.13265306122448983,-0.41836734693877553,1.0,0.0,0.0,0.0,0,0.0,16,500000,1.0,1150.6875
thompson,18,5,-0.13265306122448983,-0.3979591836734694,1.0,0.0,0.0,0.0,0,0.0,16,500000,1.0,1150.6875
thompson,18,6,-0.13265306122448983,-0.37755102040816324,1.0,0.0,0.0,0.0,0,0.0,16,500000,1.0,1150.6875
thompson,18,7,-0.13265306122448983,-0.35714285714285715,1.0,0.0,0.0,0.0,0,0.0,16,500000,1.0,1150.6875
thompson,18,8,-0.13265306122448983,-0.33673469387755106,1.0,0.0,0.0,0.0,0,0.0,16,500000,1.0,1150.6875
thompson,18,9,-0.13265306122448983,-0.3163265306122449,1.0,0.0,0.0,0.0,0,0.0,16,500000,1.0,1149.375
thompson,18,10,-0.13265306122448983,-0.29591836734693877,1.0,0.0,0.0,0.0,0,0.0,16,500000,1.0,1149.375
thompson,18,11,-0.13265306122448983,-0.2755102040816327,1.0,0.0,0.0,0.0,0,0.0,16,500000,1.0,1149.375
thompson,18,12,-0.13265306122448983,-0.25510204081632654,1.0,0.0,0.0,0.0,0,0.0,16,500000,1.0,1149.375
thompson,18,13,-0.13265306122448983,-0.23469387755102045,1.0,0.0,0.0,0.0,0,0.0,16,500000,1.0,1149.375
thompson,18,14,-0.13265306122448983,-0.2142857142857143,1.0,0.0,0.0,0.0,0,0.0,16,500000,1.0,1149.375
thompson,18,15,-0.13265306122448983,-0.1938775510204082,1.0,0.0,0.0,0.0,0,0.0,16,500000,1.0,1149.375
thompson,18,16,-0.13265306122448983,-0.17346938775510207,1.0,0.0,0.0,0.0,0,0.0,16,500000,1.0,1149.375
thompson,18,17,-0.13265306122448983,-0.15306122448979592,1.0,0.0,0.0,0.0,0,0.0,16,500000,1.0,1149.375
thompson,18,18,-0.13265306122448983,-0.13265306122448983,1.0,0.0,0.0,0.0,0,0.0,16,500000,1.0,1149.375
thompson,18,19,-0.13265306122448983,-0.11224489795918369,1.0,0.0,0.0,0.0,0,0.0,16,500000,1.0,1149.375
thompson,18,20,-0.13265306122448983,-0.0918367346938776,1.0,0.0,0.0,0.0,0,0.0,16,500000,1.0,1149.375
thompson,18,21,-0.13265306122448983,-0.07142857142857145,1.0,0.0,0.0,0.0,0,0.0,16,500000,1.0,1149.375
thompson,18,22,-0.13265306122448983,-0.05102040816326536,1.0,0.0,0.0,0.0,0,0.0,16,500000,0.9375,1259.4
thompson,18,23,-0.13265306122448983,-0.030612244897959218,1.0,0.0,0.0,0.0,0,0.0,16,500000,0.9375,1259.4
thompson,18,24,-0.13265306122448983,-0.010204081632653073,1.0,0.0,0.0,0.0,0,0.0,16,500000,0.9375,1259.4
thompson,18,25,-0.13265306122448983,0.010204081632653073,1.0,0.0,0.0,0.0,0,0.0,16,500000,0.9375,1259.4
thompson,18,26,-0.13265306122448983,0.030612244897959107,1.0,0.0,0.0,0.0,0,0.0,16,500000,0.9375,1259.4
thompson,18,27,-0.13265306122448983,0.05102040816326525,1.0,0.0,0.0,0.0,0,0.0,16,500000,0.9375,1259.4
thompson,18,28,-0.13265306122448983,0.0714285714285714,1.0,0.0,0.0,0.0,0,0.0,16,500000,0.9375,1259.4
thompson,18,29,-0.13265306122448983,0.09183673469387754,1.0,0.0,0.0,0.0,0,0.0,16,500000,0.9375,1259.4
thompson,18,30,-0.13265306122448983,0.11224489795918358,1.0,0.0,0.0,0.0,0,0.0,16,500000,0.9375,1259.4
thompson,18,31,-0.13265306122448983,0.13265306122448972,1.0,0.0,0.0,0.0,0,0.0,16,500000,0.9375,1259.4
thompson,18,32,-0.13265306122448983,0.15306122448979587,1.0,0.0,0.0,0.0,0,0.0,16,500000,0.9375,1259.4
thompson,18,33,-0.13265306122448983,0.173469387755102,1.0,0.0,0.0,0.0,0,0.0,16,500000,0.9375,1175.6
thompson,18,34,-0.13265306122448983,0.19387755102040816,1.0,0.0,0.0,0.0,0,0.0,16,500000,0.9375,1175.6
thompson,18,35,-0.13265306122448983,0.2142857142857142,1.0,0.0,0.0,0.0,0,0.0,16,500000,0.9375,1175.6
thompson,18,36,-0.13265306122448983,0.23469387755102034,1.0,0.0,0.0,0.0,0,0.0,16,500000,0.9375,1175.6
thompson,18,37,-0.13265306122448983,0.2551020408163265,1.0,0.0,0.0,0.0,0,0.0,16,500000,0.9375,1175.6
thompson,18,38,-0.13265306122448983,0.2755102040816326,1.0,0.0,0.0,0.0,0,0.0,16,500000,0.9375,1175.6
thompson,18,39,-0.13265306122448983,0.29591836734693866,1.0,0.0,0.0,0.0,0,0.0,16,500000,0.9375,1175.6
thompson,18,40,-0.13265306122448983,0.3163265306122448,1.0,0.0,0.0,0.0,0,0.0,16,500000,0.9375,1175.6
thompson,18,41,-0.13265306122448983,0.33673469387755095,1.0,0.0,0.0,0.0,0,0.0,16,500000,0.9375,1175.6
thompson,18,42,-0.13265306122448983,0.3571428571428571,1.0,0.0,0.0,0.0,0,0.0,16,500000,0.9375,1175.6
thompson,18,43,-0.13265306122448983,0.37755102040816324,1.0,0.0,0.0,0.0,0,0.0,16,500000,0.9375,1175.6
thompson,18,44,-0.13265306122448983,0.3979591836734693,1.0,0.0,0.0,0.0,0,0.0,16,500000,0.9375,1175.6
thompson,18,45,-0.13265306122448983,0.4183673469387754,1.0,0.0,0.0,0.0,0,0.0,16,500000,0.9375,1175.6
thompson,18,46,-0.13265306122448983,0.43877551020408156,1.0,0.0,0.0,0.0,0,0.0,16,500000,0.9375,1175.6
thompson,18,47,-0.13265306122448983,0.4591836734693877,1.0,0.0,0.0,0.0,0,0.0,16,500000,0.9375,1175.6
thompson,18,48,-0.13265306122448983,0.47959183673469385,1.0,0.0,0.0,0.0,0,0.0,16,500000,0.9375,1175.6
thompson,18,49,-0.13265306122448983,0.5,1.0,0.0,0.0,0.0,0,0.0,16,500000,0.9375,1175.6
thompson,19,0,-0.11224489795918369,-0.5,1.0,0.0,0.0,0.0,0,0.0,16,500000,1.0,1150.6875
thompson,19,1,-0.11224489795918369,-0.47959183673469385,1.0,0.0,0.0,0.0,0,0.0,16,500000,1.0,1150.6875
thompson,19,2,-0.11224489795918369,-0.45918367346938777,1.0,0.0,0.0,0.0,0,0.0,16,500000,1.0,1150.6875
thompson,19,3,-0.11224489795918369,-0.4387755102040816,1.0,0.0,0.0,0.0,0,0.0,16,500000,1.0,1150.6875
thompson,19,4,-0.11224489795918369,-0.41836734693877553,1.0,0.0,0.0,0.0,0,0.0,16,500000,1.0,1150.6875
thompson,19,5,-0.11224489795918369,-0.3979591836734694,1.0,0.0,0.0,0.0,0,0.0,16,500000,1.0,1150.6875
thompson,19,6,-0.11224489795918369,-0.37755102040816324,1.0,0.0,0.0,0.0,0,0.0,16,500000,1.0,1150.6875
thompson,19,7,-0.11224489795918369,-0.35714285714285715,1.0,0.0,0.0,0.0,0,0.0,16,500000,1.0,1150.6875
thompson,19,8,-0.11224489795918369,-0.33673469387755106,1.0,0.0,0.0,0.0,0,0.0,16,500000,1.0,1150.6875
thompson,19,9,-0.11224489795918369,-0.3163265306122449,1.0,0.0,0.0,0.0,0,0.0,16,500000,1.0,1149.375
thompson,19,10,-0.11224489795918369,-0.29591836734693877,1.0,0.0,0.0,0.0,0,0.0,16,500000,1.0,1149.375
thompson,19,11,-0.11224489795918369,-0.2755102040816327,1.0,0.0,0.0,0.0,0,0.0,16,500000,1.0,1149.375
thompson,19,12,-0.11224489795918369,-0.25510204081632654,1.0,0.0,0.0,0.0,0,0.0,16,500000,1.0,1149.375
thompson,19,13,-0.11224489795918369,-0.23469387755102045,1.0,0.0,0.0,0.0,0,0.0,16,500000,1.0,1149.375
thompson,19,14,-0.11224489795918369,-0.2142857142857143,1.0,0.0,0.0,0.0,0,0.0,16,500000,1.0,1149.375
thompson,19,15,-0.11224489795918369,-0.1938775510204082,1.0,0.0,0.0,0.0,0,0.0,16,500000,1.0,1149.375
thompson,19,16,-0.11224489795918369,-0.17346938775510207,1.0,0.0,0.0,0.0,0,0.0,16,500000,1.0,1149.375
thompson,19,17,-0.11224489795918369,-0.15306122448979592,1.0,0.0,0.0,0.0,0,0.0,16,500000,1.0,1149.375
thompson,19,18,-0.11224489795918369,-0.13265306122448983,1.0,0.0,0.0,0.0,0,0.0,16,500000,1.0,1149.375
thompson,19,19,-0.11224489795918369,-0.11224489795918369,1.0,0.0,0.0,0.0,0,0.0,16,500000,1.0,1149.375
thompson,19,20,-0.11224489795918369,-0.0918367346938776,1.0,0.0,0.0,0.0,0,0.0,16,500000,1.0,1149.375
thompson,19,21,-0.11224489795918369,-0.07142857142857145,1.0,0.0,0.0,0.0,0,0.0,16,500000,1.0,1149.375
thompson,19,22,-0.11224489795918369,-0.05102040816326536,1.0,0.0,0.0,0.0,0,0.0,16,500000,0.9375,1259.4
thompson,19,23,-0.11224489795918369,-0.030612244897959218,1.0,0.0,0.0,0.0,0,0.0,16,500000,0.9375,1259.4
thompson,19,24,-0.11224489795918369,-0.010204081632653073,1.0,0.0,0.0,0.0,0,0.0,16,500000,0.9375,1259.4
thompson,19,25,-0.11224489795918369,0.010204081632653073,1.0,0.0,0.0,0.0,0,0.0,16,500000,0.9375,1259.4
thompson,19,26,-0.11224489795918369,0.030612244897959107,1.0,0.0,0.0,0.0,0,0.0,16,500000,0.9375,1259.4
thompson,19,27,-0.11224489795918369,0.05102040816326525,1.0,0.0,0.0,0.0,0,0.0,16,500000,0.9375,1259.4
thompson,19,28,-0.11224489795918369,0.0714285714285714,1.0,0.0,0.0,0.0,0,0.0,16,500000,0.9375,1259.4
thompson,19,29,-0.11224489795918369,0.09183673469387754,1.0,0.0,0.0,0.0,0,0.0,16,500000,0.9375,1259.4
thompson,19,30,-0.11224489795918369,0.11224489795918358,1.0,0.0,0.0,0.0,0,0.0,16,500000,0.9375,1259.4
thompson,19,31,-0.11224489795918369,0.13265306122448972,1.0,0.0,0.0,0.0,0,0.0,16,500000,0.9375,1259.4
thompson,19,32,-0.11224489795918369,0.15306122448979587,1.0,0.0,0.0,0.0,0,0.0,16,500000,0.9375,1259.4
thompson,19,33,-0.11224489795918369,0.173469387755102,1.0,0.0,0.0,0.0,0,0.0,16,500000,0.9375,1175.6
thompson,19,34,-0.11224489795918369,0.19387755102040816,1.0,0.0,0.0,0.0,0,0.0,16,500000,0.9375,1175.6
thompson,19,35,-0.11224489795918369,0.2142857142857142,1.0,0.0,0.0,0.0,0,0.0,16,500000,0.9375,1175.6
thompson,19,36,-0.11224489795918369,0.23469387755102034,1.0,0.0,0.0,0.0,0,0.0,16,500000,0.9375,1175.6
thompson,19,37,-0.11224489795918369,0.2551020408163265,1.0,0.0,0.0,0.0,0,0.0,16,500000,0.9375,1175.6
thompson,19,38,-0.11224489795918369,0.2755102040816326,1.0,0.0,0.0,0.0,0,0.0,16,500000,0.9375,1175.6
thompson,19,39,-0.11224489795918369,0.29591836734693866,1.0,0.0,0.0,0.0,0,0.0,16,500000,0.9375,1175.6
thompson,19,40,-0.11224489795918369,0.3163265306122448,1.0,0.0,0.0,0.0,0,0.0,16,500000,0.9375,1175.6
thompson,19,41,-0.11224489795918369,0.33673469387755095,1.0,0.0,0.0,0.0,0,0.0,16,500000,0.9375,1175.6
thompson,19,42,-0.11224489795918369,0.3571428571428571,1.0,0.0,0.0,0.0,0,0.0,16,500000,0.9375,1175.6
thompson,19,43,-0.11224489795918369,0.37755102040816324,1.0,0.0,0.0,0.0,0,0.0,16,500000,0.9375,1175.6
thompson,19,44,-0.11224489795918369,0.3979591836734693,1.0,0.0,0.0,0.0,0,0.0,16,500000,0.9375,1175.6
thompson,19,45,-0.11224489795918369,0.4183673469387754,1.0,0.0,0.0,0.0,0,0.0,16,500000,0.9375,1175.6
thompson,19,46,-0.11224489795918369,0.43877551020408156,1.0,0.0,0.0,0.0,0,0.0,16,500000,0.9375,1175.6
thompson,19,47,-0.11224489795918369,0.4591836734693877,1.0,0.0,0.0,0.0,0,0.0,16,500000,0.9375,1175.6
thompson,19,48,-0.11224489795918369,0.47959183673469385,1.0,0.0,0.0,0.0,0,0.0,16,500000,0.9375,1175.6
thompson,19,49,-0.11224489795918369,0.5,1.0,0.0,0.0,0.0,0,0.0,16,500000,0.9375,1175.6
thompson,20,0,-0.0918367346938776,-0.5,1.0,0.0,0.0,0.0,0,0.0,16,500000,1.0,1150.6875
thompson,20,1,-0.0918367346938776,-0.47959183673469385,1.0,0.0,0.0,0.0,0,0.0,16,500000,1.0,1150.6875
thompson,20,2,-0.0918367346938776,-0.45918367346938777,1.0,0.0,0.0,0.0,0,0.0,16,500000,1.0,1150.6875
thompson,20,3,-0.0918367346938776,-0.4387755102040816,1.0,0.0,0.0,0.0,0,0.0,16,500000,1.0,1150.6875
thompson,20,4,-0.0918367346938776,-0.41836734693877553,1.0,0.0,0.0,0.0,0,0.0,16,500000,1.0,1150.6875
thompson,20,5,-0.0918367346938776,-0.3979591836734694,1.0,0.0,0.0,0.0,0,0.0,16,500000,1.0,1150.6875
thompson,20,6,-0.0918367346938776,-0.37755102040816324,1.0,0.0,0.0,0.0,0,0.0,16,500000,1.0,1150.6875
thompson,20,7,-0.0918367346938776,-0.35714285714285715,1.0,0.0,0.0,0.0,0,0.0,16,500000,1.0,1150.6875
thompson,20,8,-0.0918367346938776,-0.33673469387755106,1.0,0.0,0.0,0.0,0,0.0,16,500000,1.0,1150.6875
thompson,20,9,-0.0918367346938776,-0.3163265306122449,1.0,0.0,0.0,0.0,0,0.0,16,500000,1.0,1149.375
thompson,20,10,-0.0918367346938776,-0.29591836734693877,1.0,0.0,0.0,0.0,0,0.0,16,500000,1.0,1149.375
thompson,20,11,-0.0918367346938776,-0.2755102040816327,1.0,0.0,0.0,0.0,0,0.0,16,500000,1.0,1149.375
thompson,20,12,-0.0918367346938776,-0.25510204081632654,1.0,0.0,0.0,0.0,0,0.0,16,500000,1.0,1149.375
thompson,20,13,-0.0918367346938776,-0.23469387755102045,1.0,0.0,0.0,0.0,0,0.0,16,500000,1.0,1149.375
thompson,20,14,-0.0918367346938776,-0.2142857142857143,1.0,0.0,0.0,0.0,0,0.0,16,500000,1.0,1149.375
thompson,20,15,-0.0918367346938776,-0.1938775510204082,1.0,0.0,0.0,0.0,0,0.0,16,500000,1.0,1149.375
thompson,20,16,-0.0918367346938776,-0.17346938775510207,1.0,0.0,0.0,0.0,0,0.0,16,500000,1.0,1149.375
thompson,20,17,-0.0918367346938776,-0.15306122448979592,1.0,0.0,0.0,0.0,0,0.0,16,500000,1.0,1149.375
thompson,20,18,-0.0918367346938776,-0.13265306122448983,1.0,0.0,0.0,0.0,0,0.0,16,500000,1.0,1149.375
thompson,20,19,-0.0918367346938776,-0.11224489795918369,1.0,0.0,0.0,0.0,0,0.0,16,500000,1.0,1149.375
thompson,20,20,-0.0918367346938776,-0.0918367346938776,1.0,0.0,0.0,0.0,0,0.0,16,500000,1.0,1149.375
thompson,20,21,-0.0918367346938776,-0.07142857142857145,1.0,0.0,0.0,0.0,0,0.0,16,500000,1.0,1149.375
thompson,20,22,-0.0918367346938776,-0.05102040816326536,1.0,0.0,0.0,0.0,0,0.0,16,500000,0.9375,1259.4
thompson,20,23,-0.0918367346938776,-0.030612244897959218,1.0,0.0,0.0,0.0,0,0.0,16,500000,0.9375,1259.4
thompson,20,24,-0.0918367346938776,-0.010204081632653073,1.0,0.0,0.0,0.0,0,0.0,16,500000,0.9375,1259.4
thompson,20,25,-0.0918367346938776,0.010204081632653073,1.0,0.0,0.0,0.0,0,0.0,16,500000,0.9375,1259.4
thompson,20,26,-0.0918367346938776,0.030612244897959107,1.0,0.0,0.0,0.0,0,0.0,16,500000,0.9375,1259.4
thompson,20,27,-0.0918367346938776,0.05102040816326525,1.0,0.0,0.0,0.0,0,0.0,16,500000,0.9375,1259.4
thompson,20,28,-0.0918367346938776,0.0714285714285714,1.0,0.0,0.0,0.0,0,0.0,16,500000,0.9375,1259.4
thompson,20,29,-0.0918367346938776,0.09183673469387754,1.0,0.0,0.0,0.0,0,0.0,16,500000,0.9375,1259.4
thompson,20,30,-0.0918367346938776,0.11224489795918358,1.0,0.0,0.0,0.0,0,0.0,16,500000,0.9375,1259.4
thompson,20,31,-0.0918367346938776,0.13265306122448972,1.0,0.0,0.0,0.0,0,0.0,16,500000,0.9375,1259.4
thompson,20,32,-0.0918367346938776,0.15306122448979587,1.0,0.0,0.0,0.0,0,0.0,16,500000,0.9375,1259.4
thompson,20,33,-0.0918367346938776,0.173469387755102,1.0,0.0,0.0,0.0,0,0.0,16,500000,0.9375,1175.6
thompson,20,34,-0.0918367346938776,0.19387755102040816,1.0,0.0,0.0,0.0,0,0.0,16,500000,0.9375,1175.6
thompson,20,35,-0.0918367346938776,0.2142857142857142,1.0,0.0,0.0,0.0,0,0.0,16,500000,0.9375,1175.6
thompson,20,36,-0.0918367346938776,0.23469387755102034,1.0,0.0,0.0,0.0,0,0.0,16,500000,0.9375,1175.6
thompson,20,37,-0.0918367346938776,0.2551020408163265,1.0,0.0,0.0,0.0,0,0.0,16,500000,0.9375,1175.6
thompson,20,38,-0.0918367346938776,0.2755102040816326,1.0,0.0,0.0,0.0,0,0.0,16,500000,0.9375,1175.6
thompson,20,39,-0.0918367346938776,0.29591836734693866,1.0,0.0,0.0,0.0,0,0.0,16,500000,0.9375,1175.6
thompson,20,40,-0.0918367346938776,0.3163265306122448,1.0,0.0,0.0,0.0,0,0.0,16,500000,0.9375,1175.6
thompson,20,41,-0.0918367346938776,0.33673469387755095,1.0,0.0,0.0,0.0,0,0.0,16,500000,0.9375,1175.6
thompson,20,42,-0.0918367346938776,0.3571428571428571,1.0,0.0,0.0,0.0,0,0.0,16,500000,0.9375,1175.6
thompson,20,43,-0.0918367346938776,0.37755102040816324,1.0,0.0,0.0,0.0,0,0.0,16,500000,0.9375,1175.6
thompson,20,44,-0.0918367346938776,0.3979591836734693,1.0,0.0,0.0,0.0,0,0.0,16,500000,0.9375,1175.6
thompson,20,45,-0.0918367346938776,0.4183673469387754,1.0,0.0,0.0,0.0,0,0.0,16,500000,0.9375,1175.6
thompson,20,46,-0.0918367346938776,0.43877551020408156,1.0,0.0,0.0,0.0,0,0.0,16,500000,0.9375,1175.6
thompson,20,47,-0.0918367346938776,0.4591836734693877,1.0,0.0,0.0,0.0,0,0.0,16,500000,0.9375,1175.6
thompson,20,48,-0.0918367346938776,0.47959183673469385,1.0,0.0,0.0,0.0,0,0.0,16,500000,0.9375,1175.6
thompson,20,49,-0.0918367346938776,0.5,1.0,0.0,0.0,0.0,0,0.0,16,500000,0.9375,1175.6
thompson,21,0,-0.07142857142857145,-0.5,1.0,0.0,0.0,0.0,0,0.0,16,500000,1.0,1150.6875
thompson,21,1,-0.07142857142857145,-0.47959183673469385,1.0,0.0,0.0,0.0,0,0.0,16,500000,1.0,1150.6875
thompson,21,2,-0.07142857142857145,-0.45918367346938777,1.0,0.0,0.0,0.0,0,0.0,16,500000,1.0,1150.6875
thompson,21,3,-0.07142857142857145,-0.4387755102040816,1.0,0.0,0.0,0.0,0,0.0,16,500000,1.0,1150.6875
thompson,21,4,-0.07142857142857145,-0.41836734693877553,1.0,0.0,0.0,0.0,0,0.0,16,500000,1.0,1150.6875
thompson,21,5,-0.07142857142857145,-0.3979591836734694,1.0,0.0,0.0,0.0,0,0.0,16,500000,1.0,1150.6875
thompson,21,6,-0.07142857142857145,-0.37755102040816324,1.0,0.0,0.0,0.0,0,0.0,16,500000,1.0,1150.6875
thompson,21,7,-0.07142857142857145,-0.35714285714285715,1.0,0.0,0.0,0.0,0,0.0,16,500000,1.0,1150.6875
thompson,21,8,-0.07142857142857145,-0.33673469387755106,1.0,0.0,0.0,0.0,0,0.0,16,500000,1.0,1150.6875
thompson,21,9,-0.07142857142857145,-0.3163265306122449,1.0,0.0,0.0,0.0,0,0.0,16,500000,1.0,1149.375
thompson,21,10,-0.07142857142857145,-0.29591836734693877,1.0,0.0,0.0,0.0,0,0.0,16,500000,1.0,1149.375
thompson,21,11,-0.07142857142857145,-0.2755102040816327,1.0,0.0,0.0,0.0,0,0.0,16,500000,1.0,1149.375
thompson,21,12,-0.07142857142857145,-0.25510204081632654,1.0,0.0,0.0,0.0,0,0.0,16,500000,1.0,1149.375
thompson,21,13,-0.07142857142857145,-0.23469387755102045,1.0,0.0,0.0,0.0,0,0.0,16,500000,1.0,1149.375
thompson,21,14,-0.07142857142857145,-0.2142857142857143,1.0,0.0,0.0,0.0,0,0.0,16,500000,1.0,1149.375
thompson,21,15,-0.07142857142857145,-0.1938775510204082,1.0,0.0,0.0,0.0,0,0.0,16,500000,1.0,1149.375
thompson,21,16,-0.07142857142857145,-0.17346938775510207,1.0,0.0,0.0,0.0,0,0.0,16,500000,1.0,1149.375
thompson,21,17,-0.07142857142857145,-0.15306122448979592,1.0,0.0,0.0,0.0,0,0.0,16,500000,1.0,1149.375
thompson,21,18,-0.07142857142857145,-0.13265306122448983,1.0,0.0,0.0,0.0,0,0.0,16,500000,1.0,1149.375
thompson,21,19,-0.07142857142857145,-0.11224489795918369,1.0,0.0,0.0,0.0,0,0.0,16,500000,1.0,1149.375
thompson,21,20,-0.07142857142857145,-0.0918367346938776,1.0,0.0,0.0,0.0,0,0.0,16,500000,1.0,1149.375
thompson,21,21,-0.07142857142857145,-0.07142857142857145,1.0,0.0,0.0,0.0,0,0.0,16,500000,1.0,1149.375
thompson,21,22,-0.07142857142857145,-0.05102040816326536,1.0,0.0,0.0,0.0,0,0.0,16,500000,0.9375,1259.4
thompson,21,23,-0.07142857142857145,-0.030612244897959218,1.0,0.0,0.0,0.0,0,0.0,16,500000,0.9375,1259.4
thompson,21,24,-0.07142857142857145,-0.010204081632653073,1.0,0.0,0.0,0.0,0,0.0,16,500000,0.9375,1259.4
thompson,21,25,-0.07142857142857145,0.010204081632653073,1.0,0.0,0.0,0.0,0,0.0,16,500000,0.9375,1259.4
thompson,21,26,-0.07142857142857145,0.030612244897959107,1.0,0.0,0.0,0.0,0,0.0,16,500000,0.9375,1259.4
thompson,21,27,-0.07142857142857145,0.05102040816326525,1.0,0.0,0.0,0.0,0,0.0,16,500000,0.9375,1259.4
thompson,21,28,-0.07142857142857145,0.0714285714285714,1.0,0.0,0.0,0.0,0,0.0,16,500000,0.9375,1259.4
thompson,21,29,-0.07142857142857145,0.09183673469387754,1.0,0.0,0.0,0.0,0,0.0,16,500000,0.9375,1259.4
thompson,21,30,-0.07142857142857145,0.11224489795918358,1.0,0.0,0.0,0.0,0,0.0,16,500000,0.9375,1259.4
thompson,21,31,-0.07142857142857145,0.13265306122448972,1.0,0.0,0.0,0.0,0,0.0,16,500000,0.9375,1259.4
thompson,21,32,-0.07142857142857145,0.15306122448979587,1.0,0.0,0.0,0.0,0,0.0,16,500000,0.9375,1259.4
thompson,21,33,-0.07142857142857145,0.173469387755102,1.0,0.0,0.0,0.0,0,0.0,16,500000,0.9375,1175.6
thompson,21,34,-0.07142857142857145,0.19387755102040816,1.0,0.0,0.0,0.0,0,0.0,16,500000,0.9375,1175.6
thompson,21,35,-0.07142857142857145,0.2142857142857142,1.0,0.0,0.0,0.0,0,0.0,16,500000,0.9375,1175.6
thompson,21,36,-0.07142857142857145,0.23469387755102034,1.0,0.0,0.0,0.0,0,0.0,16,500000,0.9375,1175.6
thompson,21,37,-0.07142857142857145,0.2551020408163265,1.0,0.0,0.0,0.0,0,0.0,16,500000,0.9375,1175.6
thompson,21,38,-0.07142857142857145,0.2755102040816326,1.0,0.0,0.0,0.0,0,0.0,16,500000,0.9375,1175.6
thompson,21,39,-0.07142857142857145,0.29591836734693866,1.0,0.0,0.0,0.0,0,0.0,16,500000,0.9375,1175.6
thompson,21,40,-0.07142857142857145,0.3163265306122448,1.0,0.0,0.0,0.0,0,0.0,16,500000,0.9375,1175.6
thompson,21,41,-0.07142857142857145,0.33673469387755095,1.0,0.0,0.0,0.0,0,0.0,16,500000,0.9375,1175.6
thompson,21,42,-0.07142857142857145,0.3571428571428571,1.0,0.0,0.0,0.0,0,0.0,16,500000,0.9375,1175.6
thompson,21,43,-0.07142857142857145,0.37755102040816324,1.0,0.0,0.0,0.0,0,0.0,16,500000,0.9375,1175.6
thompson,21,44,-0.07142857142857145,0.3979591836734693,1.0,0.0,0.0,0.0,0,0.0,16,500000,0.9375,1175.6
thompson,21,45,-0.07142857142857145,0.4183673469387754,1.0,0.0,0.0,0.0,0,0.0,16,500000,0.9375,1175.6
thompson,21,46,-0.07142857142857145,0.43877551020408156,1.0,0.0,0.0,0.0,0,0.0,16,500000,0.9375,1175.6
thompson,21,47,-0.07142857142857145,0.4591836734693877,1.0,0.0,0.0,0.0,0,0.0,16,500000,0.9375,1175.6
thompson,21,48,-0.07142857142857145,0.47959183673469385,1.0,0.0,0.0,0.0,0,0.0,16,500000,0.9375,1175.6
thompson,21,49,-0.07142857142857145,0.5,1.0,0.0,0.0,0.0,0,0.0,16,500000,0.9375,1175.6
thompson,22,0,-0.05102040816326536,-0.5,1.0,0.0,0.0,0.0,0,0.0,16,500000,1.0,1150.3125
thompson,22,1,-0.05102040816326536,-0.47959183673469385,1.0,0.0,0.0,0.0,0,0.0,16,500000,1.0,1150.3125
thompson,22,2,-0.05102040816326536,-0.45918367346938777,1.0,0.0,0.0,0.0,0,0.0,16,500000,1.0,1150.3125
thompson,22,3,-0.05102040816326536,-0.4387755102040816,1.0,0.0,0.0,0.0,0,0.0,16,500000,1.0,1150.3125
thompson,22,4,-0.05102040816326536,-0.41836734693877553,1.0,0.0,0.0,0.0,0,0.0,16,500000,1.0,1150.3125
thompson,22,5,-0.05102040816326536,-0.3979591836734694,1.0,0.0,0.0,0.0,0,0.0,16,500000,1.0,1150.3125
thompson,22,6,-0.05102040816326536,-0.37755102040816324,1.0,0.0,0.0,0.0,0,0.0,16,500000,1.0,1150.3125
thompson,22,7,-0.05102040816326536,-0.35714285714285715,1.0,0.0,0.0,0.0,0,0.0,16,500000,1.0,1150.3125
thompson,22,8,-0.05102040816326536,-0.33673469387755106,1.0,0.0,0.0,0.0,0,0.0,16,500000,1.0,1150.3125
thompson,22,9,-0.05102040816326536,-0.3163265306122449,1.0,0.0,0.0,0.0,0,0.0,16,500000,1.0,1149.0
thompson,22,10,-0.05102040816326536,-0.29591836734693877,1.0,0.0,0.0,0.0,0,0.0,16,500000,1.0,1149.0
thompson,22,11,-0.05102040816326536,-0.2755102040816327,1.0,0.0,0.0,0.0,0,0.0,16,500000,1.0,1149.0
thompson,22,12,-0.05102040816326536,-0.25510204081632654,1.0,0.0,0.0,0.0,0,0.0,16,500000,1.0,1149.0
thompson,22,13,-0.05102040816326536,-0.23469387755102045,1.0,0.0,0.0,0.0,0,0.0,16,500000,1.0,1149.0
thompson,22,14,-0.05102040816326536,-0.2142857142857143,1.0,0.0,0.0,0.0,0,0.0,16,500000,1.0,1149.0
thompson,22,15,-0.05102040816326536,-0.1938775510204082,1.0,0.0,0.0,0.0,0,0.0,16,500000,1.0,1149.0
thompson,22,16,-0.05102040816326536,-0.17346938775510207,1.0,0.0,0.0,0.0,0,0.0,16,500000,1.0,1149.0
thompson,22,17,-0.05102040816326536,-0.15306122448979592,1.0,0.0,0.0,0.0,0,0.0,16,500000,1.0,1149.0
thompson,22,18,-0.05102040816326536,-0.13265306122448983,1.0,0.0,0.0,0.0,0,0.0,16,500000,1.0,1149.0
thompson,22,19,-0.05102040816326536,-0.11224489795918369,1.0,0.0,0.0,0.0,0,0.0,16,500000,1.0,1149.0
thompson,22,20,-0.05102040816326536,-0.0918367346938776,1.0,0.0,0.0,0.0,0,0.0,16,500000,1.0,1149.0
thompson,22,21,-0.05102040816326536,-0.07142857142857145,1.0,0.0,0.0,0.0,0,0.0,16,500000,1.0,1149.0
thompson,22,22,-0.05102040816326536,-0.05102040816326536,1.0,0.0,0.0,0.0,0,0.0,16,500000,0.9375,1259.0
thompson,22,23,-0.05102040816326536,-0.030612244897959218,1.0,0.0,0.0,0.0,0,0.0,16,500000,0.9375,1259.0
thompson,22,24,-0.05102040816326536,-0.010204081632653073,1.0,0.0,0.0,0.0,0,0.0,16,500000,0.9375,1259.0
thompson,22,25,-0.05102040816326536,0.010204081632653073,1.0,0.0,0.0,0.0,0,0.0,16,500000,0.9375,1259.0
thompson,22,26,-0.05102040816326536,0.030612244897959107,1.0,0.0,0.0,0.0,0,0.0,16,500000,0.9375,1259.0
thompson,22,27,-0.05102040816326536,0.05102040816326525,1.0,0.0,0.0,0.0,0,0.0,16,500000,0.9375,1259.0
thompson,22,28,-0.05102040816326536,0.0714285714285714,1.0,0.0,0.0,0.0,0,0.0,16,500000,0.9375,1259.0
thompson,22,29,-0.05102040816326536,0.09183673469387754,1.0,0.0,0.0,0.0,0,0.0,16,500000,0.9375,1259.0
thompson,22,30,-0.05102040816326536,0.11224489795918358,1.0,0.0,0.0,0.0,0,0.0,16,500000,0.9375,1259.0
thompson,22,31,-0.05102040816326536,0.13265306122448972,1.0,0.0,0.0,0.0,0,0.0,16,500000,0.9375,1259.0
thompson,22,32,-0.05102040816326536,0.15306122448979587,1.0,0.0,0.0,0.0,0,0.0,16,500000,0.9375,1259.0
thompson,22,33,-0.05102040816326536,0.173469387755102,1.0,0.0,0.0,0.0,0,0.0,16,500000,0.9375,1175.2
thompson,22,34,-0.05102040816326536,0.19387755102040816,1.0,0.0,0.0,0.0,0,0.0,16,500000,0.9375,1175.2
thompson,22,35,-0.05102040816326536,0.2142857142857142,1.0,0.0,0.0,0.0,0,0.0,16,500000,0.9375,1175.2
thompson,22,36,-0.05102040816326536,0.23469387755102034,1.0,0.0,0.0,0.0,0,0.0,16,500000,0.9375,1175.2
thompson,22,37,-0.05102040816326536,0.2551020408163265,1.0,0.0,0.0,0.0,0,0.0,16,500000,0.9375,1175.2
thompson,22,38,-0.05102040816326536,0.2755102040816326,1.0,0.0,0.0,0.0,0,0.0,16,500000,0.9375,1175.2
thompson,22,39,-0.05102040816326536,0.29591836734693866,1.0,0.0,0.0,0.0,0,0.0,16,500000,0.9375,1175.2
thompson,22,40,-0.05102040816326536,0.3163265306122448,1.0,0.0,0.0,0.0,0,0.0,16,500000,0.9375,1175.2
thompson,22,41,-0.05102040816326536,0.33673469387755095,1.0,0.0,0.0,0.0,0,0.0,16,500000,0.9375,1175.2
thompson,22,42,-0.05102040816326536,0.3571428571428571,1.0,0.0,0.0,0.0,0,0.0,16,500000,0.9375,1175.2
thompson,22,43,-0.05102040816326536,0.37755102040816324,1.0,0.0,0.0,0.0,0,0.0,16,500000,0.9375,1175.2
thompson,22,44,-0.05102040816326536,0.3979591836734693,1.0,0.0,0.0,0.0,0,0.0,16,500000,0.9375,1175.2
thompson,22,45,-0.05102040816326536,0.4183673469387754,1.0,0.0,0.0,0.0,0,0.0,16,500000,0.9375,1175.2
thompson,22,46,-0.05102040816326536,0.43877551020408156,1.0,0.0,0.0,0.0,0,0.0,16,500000,0.9375,1175.2
thompson,22,47,-0.05102040816326536,0.4591836734693877,1.0,0.0,0.0,0.0,0,0.0,16,500000,0.9375,1175.2
thompson,22,48,-0.05102040816326536,0.47959183673469385,1.0,0.0,0.0,0.0,0,0.0,16,500000,0.9375,1175.2
thompson,22,49,-0.05102040816326536,0.5,1.0,0.0,0.0,0.0,0,0.0,16,500000,0.9375,1175.2
thompson,23,0,-0.030612244897959218,-0.5,1.0,0.0,0.0,0.0,0,0.0,16,500000,1.0,1150.3125
thompson,23,1,-0.030612244897959218,-0.47959183673469385,1.0,0.0,0.0,0.0,0,0.0,16,500000,1.0,1150.3125
thompson,23,2,-0.030612244897959218,-0.45918367346938777,1.0,0.0,0.0,0.0,0,0.0,16,500000,1.0,1150.3125
thompson,23,3,-0.030612244897959218,-0.4387755102040816,1.0,0.0,0.0,0.0,0,0.0,16,500000,1.0,1150.3125
thompson,23,4,-0.030612244897959218,-0.41836734693877553,1.0,0.0,0.0,0.0,0,0.0,16,500000,1.0,1150.3125
thompson,23,5,-0.030612244897959218,-0.3979591836734694,1.0,0.0,0.0,0.0,0,0.0,16,500000,1.0,1150.3125
thompson,23,6,-0.030612244897959218,-0.37755102040816324,1.0,0.0,0.0,0.0,0,0.0,16,500000,1.0,1150.3125
thompson,23,7,-0.030612244897959218,-0.35714285714285715,1.0,0.0,0.0,0.0,0,0.0,16,500000,1.0,1150.3125
thompson,23,8,-0.030612244897959218,-0.33673469387755106,1.0,0.0,0.0,0.0,0,0.0,16,500000,1.0,1150.3125
thompson,23,9,-0.030612244897959218,-0.3163265306122449,1.0,0.0,0.0,0.0,0,0.0,16,500000,1.0,1149.0
thompson,23,10,-0.030612244897959218,-0.29591836734693877,1.0,0.0,0.0,0.0,0,0.0,16,500000,1.0,1149.0
thompson,23,11,-0.030612244897959218,-0.2755102040816327,1.0,0.0,0.0,0.0,0,0.0,16,500000,1.0,1149.0
thompson,23,12,-0.030612244897959218,-0.25510204081632654,1.0,0.0,0.0,0.0,0,0.0,16,500000,1.0,1149.0
thompson,23,13,-0.030612244897959218,-0.23469387755102045,1.0,0.0,0.0,0.0,0,0.0,16,500000,1.0,1149.0
thompson,23,14,-0.030612244897959218,-0.2142857142857143,1.0,0.0,0.0,0.0,0,0.0,16,500000,1.0,1149.0
thompson,23,15,-0.030612244897959218,-0.1938775510204082,1.0,0.0,0.0,0.0,0,0.0,16,500000,1.0,1149.0
thompson,23,16,-0.030612244897959218,-0.17346938775510207,1.0,0.0,0.0,0.0,0,0.0,16,500000,1.0,1149.0
thompson,23,17,-0.030612244897959218,-0.15306122448979592,1.0,0.0,0.0,0.0,0,0.0,16,500000,1.0,1149.0
thompson,23,18,-0.030612244897959218,-0.13265306122448983,1.0,0.0,0.0,0.0,0,0.0,16,500000,1.0,1149.0
thompson,23,19,-0.030612244897959218,-0.11224489795918369,1.0,0.0,0.0,0.0,0,0.0,16,500000,1.0,1149.0
thompson,23,20,-0.030612244897959218,-0.0918367346938776,1.0,0.0,0.0,0.0,0,0.0,16,500000,1.0,1149.0
thompson,23,21,-0.030612244897959218,-0.07142857142857145,1.0,0.0,0.0,0.0,0,0.0,16,500000,1.0,1149.0
thompson,23,22,-0.030612244897959218,-0.05102040816326536,1.0,0.0,0.0,0.0,0,0.0,16,500000,0.9375,1259.0
thompson,23,23,-0.030612244897959218,-0.030612244897959218,1.0,0.0,0.0,0.0,0,0.0,16,500000,0.9375,1259.0
thompson,23,24,-0.030612244897959218,-0.010204081632653073,1.0,0.0,0.0,0.0,0,0.0,16,500000,0.9375,1259.0
thompson,23,25,-0.030612244897959218,0.010204081632653073,1.0,0.0,0.0,0.0,0,0.0,16,500000,0.9375,1259.0
thompson,23,26,-0.030612244897959218,0.030612244897959107,1.0,0.0,0.0,0.0,0,0.0,16,500000,0.9375,1259.0
thompson,23,27,-0.030612244897959218,0.05102040816326525,1.0,0.0,0.0,0.0,0,0.0,16,500000,0.9375,1259.0
thompson,23,28,-0.030612244897959218,0.0714285714285714,1.0,0.0,0.0,0.0,0,0.0,16,500000,0.9375,1259.0
thompson,23,29,-0.030612244897959218,0.09183673469387754,1.0,0.0,0.0,0.0,0,0.0,16,500000,0.9375,1259.0
thompson,23,30,-0.030612244897959218,0.11224489795918358,1.0,0.0,0.0,0.0,0,0.0,16,500000,0.9375,1259.0
thompson,23,31,-0.030612244897959218,0.13265306122448972,1.0,0.0,0.0,0.0,0,0.0,16,500000,0.9375,1259.0
thompson,23,32,-0.030612244897959218,0.15306122448979587,1.0,0.0,0.0,0.0,0,0.0,16,500000,0.9375,1259.0
thompson,23,33,-0.030612244897959218,0.173469387755102,1.0,0.0,0.0,0.0,0,0.0,16,500000,0.9375,1175.2
thompson,23,34,-0.030612244897959218,0.19387755102040816,1.0,0.0,0.0,0.0,0,0.0,16,500000,0.9375,1175.2
thompson,23,35,-0.030612244897959218,0.2142857142857142,1.0,0.0,0.0,0.0,0,0.0,16,500000,0.9375,1175.2
thompson,23,36,-0.030612244897959218,0.23469387755102034,1.0,0.0,0.0,0.0,0,0.0,16,500000,0.9375,1175.2
thompson,23,37,-0.030612244897959218,0.2551020408163265,1.0,0.0,0.0,0.0,0,0.0,16,500000,0.9375,1175.2
thompson,23,38,-0.030612244897959218,0.2755102040816326,1.0,0.0,0.0,0.0,0,0.0,16,500000,0.9375,1175.2
thompson,23,39,-0.030612244897959218,0.29591836734693866,1.0,0.0,0.0,0.0,0,0.0,16,500000,0.9375,1175.2
thompson,23,40,-0.030612244897959218,0.3163265306122448,1.0,0.0,0.0,0.0,0,0.0,16,500000,0.9375,1175.2
thompson,23,41,-0.030612244897959218,0.33673469387755095,1.0,0.0,0.0,0.0,0,0.0,16,500000,0.9375,1175.2
thompson,23,42,-0.030612244897959218,0.3571428571428571,1.0,0.0,0.0,0.0,0,0.0,16,500000,0.9375,1175.2
thompson,23,43,-0.030612244897959218,0.37755102040816324,1.0,0.0,0.0,0.0,0,0.0,16,500000,0.9375,1175.2
thompson,23,44,-0.030612244897959218,0.3979591836734693,1.0,0.0,0.0,0.0,0,0.0,16,500000,0.9375,1175.2
thompson,23,45,-0.030612244897959218,0.4183673469387754,1.0,0.0,0.0,0.0,0,0.0,16,500000,0.9375,1175.2
thompson,23,46,-0.030612244897959218,0.43877551020408156,1.0,0.0,0.0,0.0,0,0.0,16,500000,0.9375,1175.2
thompson,23,47,-0.030612244897959218,0.4591836734693877,1.0,0.0,0.0,0.0,0,0.0,16,500000,0.9375,1175.2
thompson,23,48,-0.030612244897959218,0.47959183673469385,1.0,0.0,0.0,0.0,0,0.0,16,500000,0.9375,1175.2
thompson,23,49,-0.030612244897959218,0.5,1.0,0.0,0.0,0.0,0,0.0,16,500000,0.9375,1175.2
thompson,24,0,-0.010204081632653073,-0.5,1.0,0.0,0.0,0.0,0,0.0,16,500000,1.0,1150.3125
thompson,24,1,-0.010204081632653073,-0.47959183673469385,1.0,0.0,0.0,0.0,0,0.0,16,500000,1.0,1150.3125
thompson,24,2,-0.010204081632653073,-0.45918367346938777,1.0,0.0,0.0,0.0,0,0.0,16,500000,1.0,1150.3125
thompson,24,3,-0.010204081632653073,-0.4387755102040816,1.0,0.0,0.0,0.0,0,0.0,16,500000,1.0,1150.3125
thompson,24,4,-0.010204081632653073,-0.41836734693877553,1.0,0.0,0.0,0.0,0,0.0,16,500000,1.0,1150.3125
thompson,24,5,-0.010204081632653073,-0.3979591836734694,1.0,0.0,0.0,0.0,0,0.0,16,500000,1.0,1150.3125
thompson,24,6,-0.010204081632653073,-0.37755102040816324,1.0,0.0,0.0,0.0,0,0.0,16,500000,1.0,1150.3125
thompson,24,7,-0.010204081632653073,-0.35714285714285715,1.0,0.0,0.0,0.0,0,0.0,16,500000,1.0,1150.3125
thompson,24,8,-0.010204081632653073,-0.33673469387755106,1.0,0.0,0.0,0.0,0,0.0,16,500000,1.0,1150.3125
thompson,24,9,-0.010204081632653073,-0.3163265306122449,1.0,0.0,0.0,0.0,0,0.0,16,500000,1.0,1149.0
thompson,24,10,-0.010204081632653073,-0.29591836734693877,1.0,0.0,0.0,0.0,0,0.0,16,500000,1.0,1149.0
thompson,24,11,-0.010204081632653073,-0.2755102040816327,1.0,0.0,0.0,0.0,0,0.0,16,500000,1.0,1149.0
thompson,24,12,-0.010204081632653073,-0.25510204081632654,1.0,0.0,0.0,0.0,0,0.0,16,500000,1.0,1149.0
thompson,24,13,-0.010204081632653073,-0.23469387755102045,1.0,0.0,0.0,0.0,0,0.0,16,500000,1.0,1149.0
thompson,24,14,-0.010204081632653073,-0.2142857142857143,1.0,0.0,0.0,0.0,0,0.0,16,500000,1.0,1149.0
thompson,24,15,-0.010204081632653073,-0.1938775510204082,1.0,0.0,0.0,0.0,0,0.0,16,500000,1.0,1149.0
thompson,24,16,-0.010204081632653073,-0.17346938775510207,1.0,0.0,0.0,0.0,0,0.0,16,500000,1.0,1149.0
thompson,24,17,-0.010204081632653073,-0.15306122448979592,1.0,0.0,0.0,0.0,0,0.0,16,500000,1.0,1149.0
thompson,24,18,-0.010204081632653073,-0.13265306122448983,1.0,0.0,0.0,0.0,0,0.0,16,500000,1.0,1149.0
thompson,24,19,-0.010204081632653073,-0.11224489795918369,1.0,0.0,0.0,0.0,0,0.0,16,500000,1.0,1149.0
thompson,24,20,-0.010204081632653073,-0.0918367346938776,1.0,0.0,0.0,0.0,0,0.0,16,500000,1.0,1149.0
thompson,24,21,-0.010204081632653073,-0.07142857142857145,1.0,0.0,0.0,0.0,0,0.0,16,500000,1.0,1149.0
thompson,24,22,-0.010204081632653073,-0.05102040816326536,1.0,0.0,0.0,0.0,0,0.0,16,500000,0.9375,1259.0
thompson,24,23,-0.010204081632653073,-0.030612244897959218,1.0,0.0,0.0,0.0,0,0.0,16,500000,0.9375,1259.0
thompson,24,24,-0.010204081632653073,-0.010204081632653073,1.0,0.0,0.0,0.0,0,0.0,16,500000,0.9375,1259.0
thompson,24,25,-0.010204081632653073,0.010204081632653073,1.0,0.0,0.0,0.0,0,0.0,16,500000,0.9375,1259.0
thompson,24,26,-0.010204081632653073,0.030612244897959107,1.0,0.0,0.0,0.0,0,0.0,16,500000,0.9375,1259.0
thompson,24,27,-0.010204081632653073,0.05102040816326525,1.0,0.0,0.0,0.0,0,0.0,16,500000,0.9375,1259.0
thompson,24,28,-0.010204081632653073,0.0714285714285714,1.0,0.0,0.0,0.0,0,0.0,16,500000,0.9375,1259.0
thompson,24,29,-0.010204081632653073,0.09183673469387754,1.0,0.0,0.0,0.0,0,0.0,16,500000,0.9375,1259.0
thompson,24,30,-0.010204081632653073,0.11224489795918358,1.0,0.0,0.0,0.0,0,0.0,16,500000,0.9375,1259.0
thompson,24,31,-0.010204081632653073,0.13265306122448972,1.0,0.0,0.0,0.0,0,0.0,16,500000,0.9375,1259.0
thompson,24,32,-0.010204081632653073,0.15306122448979587,1.0,0.0,0.0,0.0,0,0.0,16,500000,0.9375,1259.0
thompson,24,33,-0.010204081632653073,0.173469387755102,1.0,0.0,0.0,0.0,0,0.0,16,500000,0.9375,1175.2
thompson,24,34,-0.010204081632653073,0.19387755102040816,1.0,0.0,0.0,0.0,0,0.0,16,500000,0.9375,1175.2
thompson,24,35,-0.010204081632653073,0.2142857142857142,1.0,0.0,0.0,0.0,0,0.0,16,500000,0.9375,1175.2
thompson,24,36,-0.010204081632653073,0.23469387755102034,1.0,0.0,0.0,0.0,0,0.0,16,500000,0.9375,1175.2
thompson,24,37,-0.010204081632653073,0.2551020408163265,1.0,0.0,0.0,0.0,0,0.0,16,500000,0.9375,1175.2
thompson,24,38,-0.010204081632653073,0.2755102040816326,1.0,0.0,0.0,0.0,0,0.0,16,500000,0.9375,1175.2
thompson,24,39,-0.010204081632653073,0.29591836734693866,1.0,0.0,0.0,0.0,0,0.0,16,500000,0.9375,1175.2
thompson,24,40,-0.010204081632653073,0.3163265306122448,1.0,0.0,0.0,0.0,0,0.0,16,500000,0.9375,1175.2
thompson,24,41,-0.010204081632653073,0.33673469387755095,1.0,0.0,0.0,0.0,0,0.0,16,500000,0.9375,1175.2
thompson,24,42,-0.010204081632653073,0.3571428571428571,1.0,0.0,0.0,0.0,0,0.0,16,500000,0.9375,1175.2
thompson,24,43,-0.010204081632653073,0.37755102040816324,1.0,0.0,0.0,0.0,0,0.0,16,500000,0.9375,1175.2
thompson,24,44,-0.010204081632653073,0.3979591836734693,1.0,0.0,0.0,0.0,0,0.0,16,500000,0.9375,1175.2
thompson,24,45,-0.010204081632653073,0.4183673469387754,1.0,0.0,0.0,0.0,0,0.0,16,500000,0.9375,1175.2
thompson,24,46,-0.010204081632653073,0.43877551020408156,1.0,0.0,0.0,0.0,0,0.0,16,500000,0.9375,1175.2
thompson,24,47,-0.010204081632653073,0.4591836734693877,1.0,0.0,0.0,0.0,0,0.0,16,500000,0.9375,1175.2
thompson,24,48,-0.010204081632653073,0.47959183673469385,1.0,0.0,0.0,0.0,0,0.0,16,500000,0.9375,1175.2
thompson,24,49,-0.010204081632653073,0.5,1.0,0.0,0.0,0.0,0,0.0,16,500000,0.9375,1175.2
thompson,25,0,0.010204081632653073,-0.5,1.0,0.0,0.0,0.0,0,0.0,16,500000,1.0,1150.3125
thompson,25,1,0.010204081632653073,-0.47959183673469385,1.0,0.0,0.0,0.0,0,0.0,16,500000,1.0,1150.3125
thompson,25,2,0.010204081632653073,-0.45918367346938777,1.0,0.0,0.0,0.0,0,0.0,16,500000,1.0,1150.3125
thompson,25,3,0.010204081632653073,-0.4387755102040816,1.0,0.0,0.0,0.0,0,0.0,16,500000,1.0,1150.3125
thompson,25,4,0.010204081632653073,-0.41836734693877553,1.0,0.0,0.0,0.0,0,0.0,16,500000,1.0,1150.3125
thompson,25,5,0.010204081632653073,-0.3979591836734694,1.0,0.0,0.0,0.0,0,0.0,16,500000,1.0,1150.3125
thompson,25,6,0.010204081632653073,-0.37755102040816324,1.0,0.0,0.0,0.0,0,0.0,16,500000,1.0,1150.3125
thompson,25,7,0.010204081632653073,-0.35714285714285715,1.0,0.0,0.0,0.0,0,0.0,16,500000,1.0,1150.3125
thompson,25,8,0.010204081632653073,-0.33673469387755106,1.0,0.0,0.0,0.0,0,0.0,16,500000,1.0,1150.3125
thompson,25,9,0.010204081632653073,-0.3163265306122449,1.0,0.0,0.0,0.0,0,0.0,16,500000,1.0,1149.0
thompson,25,10,0.010204081632653073,-0.29591836734693877,1.0,0.0,0.0,0.0,0,0.0,16,500000,1.0,1149.0
thompson,25,11,0.010204081632653073,-0.2755102040816327,1.0,0.0,0.0,0.0,0,0.0,16,500000,1.0,1149.0
thompson,25,12,0.010204081632653073,-0.25510204081632654,1.0,0.0,0.0,0.0,0,0.0,16,500000,1.0,1149.0
thompson,25,13,0.010204081632653073,-0.23469387755102045,1.0,0.0,0.0,0.0,0,0.0,16,500000,1.0,1149.0
thompson,25,14,0.010204081632653073,-0.2142857142857143,1.0,0.0,0.0,0.0,0,0.0,16,500000,1.0,1149.0
thompson,25,15,0.010204081632653073,-0.1938775510204082,1.0,0.0,0.0,0.0,0,0.0,16,500000,1.0,1149.0
thompson,25,16,0.010204081632653073,-0.17346938775510207,1.0,0.0,0.0,0.0,0,0.0,16,500000,1.0,1149.0
thompson,25,17,0.010204081632653073,-0.15306122448979592,1.0,0.0,0.0,0.0,0,0.0,16,500000,1.0,1149.0
thompson,25,18,0.010204081632653073,-0.13265306122448983,1.0,0.0,0.0,0.0,0,0.0,16,500000,1.0,1149.0
thompson,25,19,0.010204081632653073,-0.11224489795918369,1.0,0.0,0.0,0.0,0,0.0,16,500000,1.0,1149.0
thompson,25,20,0.010204081632653073,-0.0918367346938776,1.0,0.0,0.0,0.0,0,0.0,16,500000,1.0,1149.0
thompson,25,21,0.010204081632653073,-0.07142857142857145,1.0,0.0,0.0,0.0,0,0.0,16,500000,1.0,1149.0
thompson,25,22,0.010204081632653073,-0.05102040816326536,1.0,0.0,0.0,0.0,0,0.0,16,500000,0.9375,1259.0
thompson,25,23,0.010204081632653073,-0.030612244897959218,1.0,0.0,0.0,0.0,0,0.0,16,500000,0.9375,1259.0
thompson,25,24,0.010204081632653073,-0.010204081632653073,1.0,0.0,0.0,0.0,0,0.0,16,500000,0.9375,1259.0
thompson,25,25,0.010204081632653073,0.010204081632653073,1.0,0.0,0.0,0.0,0,0.0,16,500000,0.9375,1259.0
thompson,25,26,0.010204081632653073,0.030612244897959107,1.0,0.0,0.0,0.0,0,0.0,16,500000,0.9375,1259.0
thompson,25,27,0.010204081632653073,0.05102040816326525,1.0,0.0,0.0,0.0,0,0.0,16,500000,0.9375,1259.0
thompson,25,28,0.010204081632653073,0.0714285714285714,1.0,0.0,0.0,0.0,0,0.0,16,500000,0.9375,1259.0
thompson,25,29,0.010204081632653073,0.09183673469387754,1.0,0.0,0.0,0.0,0,0.0,16,500000,0.9375,1259.0
thompson,25,30,0.010204081632653073,0.11224489795918358,1.0,0.0,0.0,0.0,0,0.0,16,500000,0.9375,1259.0
thompson,25,31,0.010204081632653073,0.13265306122448972,1.0,0.0,0.0,0.0,0,0.0,16,500000,0.9375,1259.0
thompson,25,32,0.010204081632653073,0.15306122448979587,1.0,0.0,0.0,0.0,0,0.0,16,500000,0.9375,1259.0
thompson,25,33,0.010204081632653073,0.173469387755102,1.0,0.0,0.0,0.0,0,0.0,16,500000,0.9375,1175.2
thompson,25,34,0.010204081632653073,0.19387755102040816,1.0,0.0,0.0,0.0,0,0.0,16,500000,0.9375,1175.2
thompson,25,35,0.010204081632653073,0.2142857142857142,1.0,0.0,0.0,0.0,0,0.0,16,500000,0.9375,1175.2
thompson,25,36,0.010204081632653073,0.23469387755102034,1.0,0.0,0.0,0.0,0,0.0,16,500000,0.9375,1175.2
thompson,25,37,0.010204081632653073,0.2551020408163265,1.0,0.0,0.0,0.0,0,0.0,16,500000,0.9375,1175.2
thompson,25,38,0.010204081632653073,0.2755102040816326,1.0,0.0,0.0,0.0,0,0.0,16,500000,0.9375,1175.2
thompson,25,39,0.010204081632653073,0.29591836734693866,1.0,0.0,0.0,0.0,0,0.0,16,500000,0.9375,1175.2
thompson,25,40,0.010204081632653073,0.3163265306122448,1.0,0.0,0.0,0.0,0,0.0,16,500000,0.9375,1175.2
thompson,25,41,0.010204081632653073,0.33673469387755095,1.0,0.0,0.0,0.0,0,0.0,16,500000,0.9375,1175.2
thompson,25,42,0.010204081632653073,0.3571428571428571,1.0,0.0,0.0,0.0,0,0.0,16,500000,0.9375,1175.2
thompson,25,43,0.010204081632653073,0.37755102040816324,1.0,0.0,0.0,0.0,0,0.0,16,500000,0.9375,1175.2
thompson,25,44,0.010204081632653073,0.3979591836734693,1.0,0.0,0.0,0.0,0,0.0,16,500000,0.9375,1175.2
thompson,25,45,0.010204081632653073,0.4183673469387754,1.0,0.0,0.0,0.0,0,0.0,16,500000,0.9375,1175.2
thompson,25,46,0.010204081632653073,0.43877551020408156,1.0,0.0,0.0,0.0,0,0.0,16,500000,0.9375,1175.2
thompson,25,47,0.010204081632653073,0.4591836734693877,1.0,0.0,0.0,0.0,0,0.0,16,500000,0.9375,1175.2
thompson,25,48,0.010204081632653073,0.47959183673469385,1.0,0.0,0.0,0.0,0,0.0,16,500000,0.9375,1175.2
thompson,25,49,0.010204081632653073,0.5,1.0,0.0,0.0,0.0,0,0.0,16,500000,0.9375,1175.2
thompson,26,0,0.030612244897959107,-0.5,1.0,0.0,0.0,0.0,0,0.0,16,500000,1.0,1150.3125
thompson,26,1,0.030612244897959107,-0.47959183673469385,1.0,0.0,0.0,0.0,0,0.0,16,500000,1.0,1150.3125
thompson,26,2,0.030612244897959107,-0.45918367346938777,1.0,0.0,0.0,0.0,0,0.0,16,500000,1.0,1150.3125
thompson,26,3,0.030612244897959107,-0.4387755102040816,1.0,0.0,0.0,0.0,0,0.0,16,500000,1.0,1150.3125
thompson,26,4,0.030612244897959107,-0.41836734693877553,1.0,0.0,0.0,0.0,0,0.0,16,500000,1.0,1150.3125
thompson,26,5,0.030612244897959107,-0.3979591836734694,1.0,0.0,0.0,0.0,0,0.0,16,500000,1.0,1150.3125
thompson,26,6,0.030612244897959107,-0.37755102040816324,1.0,0.0,0.0,0.0,0,0.0,16,500000,1.0,1150.3125
thompson,26,7,0.030612244897959107,-0.35714285714285715,1.0,0.0,0.0,0.0,0,0.0,16,500000,1.0,1150.3125
thompson,26,8,0.030612244897959107,-0.33673469387755106,1.0,0.0,0.0,0.0,0,0.0,16,500000,1.0,1150.3125
thompson,26,9,0.030612244897959107,-0.3163265306122449,1.0,0.0,0.0,0.0,0,0.0,16,500000,1.0,1149.0
thompson,26,10,0.030612244897959107,-0.29591836734693877,1.0,0.0,0.0,0.0,0,0.0,16,500000,1.0,1149.0
thompson,26,11,0.030612244897959107,-0.2755102040816327,1.0,0.0,0.0,0.0,0,0.0,16,500000,1.0,1149.0
thompson,26,12,0.030612244897959107,-0.25510204081632654,1.0,0.0,0.0,0.0,0,0.0,16,500000,1.0,1149.0
thompson,26,13,0.030612244897959107,-0.23469387755102045,1.0,0.0,0.0,0.0,0,0.0,16,500000,1.0,1149.0
thompson,26,14,0.030612244897959107,-0.2142857142857143,1.0,0.0,0.0,0.0,0,0.0,16,500000,1.0,1149.0
thompson,26,15,0.030612244897959107,-0.1938775510204082,1.0,0.0,0.0,0.0,0,0.0,16,500000,1.0,1149.0
thompson,26,16,0.030612244897959107,-0.17346938775510207,1.0,0.0,0.0,0.0,0,0.0,16,500000,1.0,1149.0
thompson,26,17,0.030612244897959107,-0.15306122448979592,1.0,0.0,0.0,0.0,0,0.0,16,500000,1.0,1149.0
thompson,26,18,0.030612244897959107,-0.13265306122448983,1.0,0.0,0.0,0.0,0,0.0,16,500000,1.0,1149.0
thompson,26,19,0.030612244897959107,-0.11224489795918369,1.0,0.0,0.0,0.0,0,0.0,16,500000,1.0,1149.0
thompson,26,20,0.030612244897959107,-0.0918367346938776,1.0,0.0,0.0,0.0,0,0.0,16,500000,1.0,1149.0
thompson,26,21,0.030612244897959107,-0.07142857142857145,1.0,0.0,0.0,0.0,0,0.0,16,500000,1.0,1149.0
thompson,26,22,0.030612244897959107,-0.05102040816326536,1.0,0.0,0.0,0.0,0,0.0,16,500000,0.9375,1259.0
thompson,26,23,0.030612244897959107,-0.030612244897959218,1.0,0.0,0.0,0.0,0,0.0,16,500000,0.9375,1259.0
thompson,26,24,0.030612244897959107,-0.010204081632653073,1.0,0.0,0.0,0.0,0,0.0,16,500000,0.9375,1259.0
thompson,26,25,0.030612244897959107,0.010204081632653073,1.0,0.0,0.0,0.0,0,0.0,16,500000,0.9375,1259.0
thompson,26,26,0.030612244897959107,0.030612244897959107,1.0,0.0,0.0,0.0,0,0.0,16,500000,0.9375,1259.0
thompson,26,27,0.030612244897959107,0.05102040816326525,1.0,0.0,0.0,0.0,0,0.0,16,500000,0.9375,1259.0
thompson,26,28,0.030612244897959107,0.0714285714285714,1.0,0.0,0.0,0.0,0,0.0,16,500000,0.9375,1259.0
thompson,26,29,0.030612244897959107,0.09183673469387754,1.0,0.0,0.0,0.0,0,0.0,16,500000,0.9375,1259.0
thompson,26,30,0.030612244897959107,0.11224489795918358,1.0,0.0,0.0,0.0,0,0.0,16,500000,0.9375,1259.0
thompson,26,31,0.030612244897959107,0.13265306122448972,1.0,0.0,0.0,0.0,0,0.0,16,500000,0.9375,1259.0
thompson,26,32,0.030612244897959107,0.15306122448979587,1.0,0.0,0.0,0.0,0,0.0,16,500000,0.9375,1259.0
thompson,26,33,0.030612244897959107,0.173469387755102,1.0,0.0,0.0,0.0,0,0.0,16,500000,0.9375,1175.2
thompson,26,34,0.030612244897959107,0.19387755102040816,1.0,0.0,0.0,0.0,0,0.0,16,500000,0.9375,1175.2
thompson,26,35,0.030612244897959107,0.2142857142857142,1.0,0.0,0.0,0.0,0,0.0,16,500000,0.9375,1175.2
thompson,26,36,0.030612244897959107,0.23469387755102034,1.0,0.0,0.0,0.0,0,0.0,16,500000,0.9375,1175.2
thompson,26,37,0.030612244897959107,0.2551020408163265,1.0,0.0,0.0,0.0,0,0.0,16,500000,0.9375,1175.2
thompson,26,38,0.030612244897959107,0.2755102040816326,1.0,0.0,0.0,0.0,0,0.0,16,500000,0.9375,1175.2
thompson,26,39,0.030612244897959107,0.29591836734693866,1.0,0.0,0.0,0.0,0,0.0,16,500000,0.9375,1175.2
thompson,26,40,0.030612244897959107,0.3163265306122448,1.0,0.0,0.0,0.0,0,0.0,16,500000,0.9375,1175.2
thompson,26,41,0.030612244897959107,0.33673469387755095,1.0,0.0,0.0,0.0,0,0.0,16,500000,0.9375,1175.2
thompson,26,42,0.030612244897959107,0.3571428571428571,1.0,0.0,0.0,0.0,0,0.0,16,500000,0.9375,1175.2
thompson,26,43,0.030612244897959107,0.37755102040816324,1.0,0.0,0.0,0.0,0,0.0,16,500000,0.9375,1175.2
thompson,26,44,0.030612244897959107,0.3979591836734693,1.0,0.0,0.0,0.0,0,0.0,16,500000,0.9375,1175.2
thompson,26,45,0.030612244897959107,0.4183673469387754,1.0,0.0,0.0,0.0,0,0.0,16,500000,0.9375,1175.2
thompson,26,46,0.030612244897959107,0.43877551020408156,1.0,0.0,0.0,0.0,0,0.0,16,500000,0.9375,1175.2
thompson,26,47,0.030612244897959107,0.4591836734693877,1.0,0.0,0.0,0.0,0,0.0,16,500000,0.9375,1175.2
thompson,26,48,0.030612244897959107,0.47959183673469385,1.0,0.0,0.0,0.0,0,0.0,16,500000,0.9375,1175.2
thompson,26,49,0.030612244897959107,0.5,1.0,0.0,0.0,0.0,0,0.0,16,500000,0.9375,1175.2
thompson,27,0,0.05102040816326525,-0.5,1.0,0.0,0.0,0.0,0,0.0,16,500000,1.0,1150.3125
thompson,27,1,0.05102040816326525,-0.47959183673469385,1.0,0.0,0.0,0.0,0,0.0,16,500000,1.0,1150.3125
thompson,27,2,0.05102040816326525,-0.45918367346938777,1.0,0.0,0.0,0.0,0,0.0,16,500000,1.0,1150.3125
thompson,27,3,0.05102040816326525,-0.4387755102040816,1.0,0.0,0.0,0.0,0,0.0,16,500000,1.0,1150.3125
thompson,27,4,0.05102040816326525,-0.41836734693877553,1.0,0.0,0.0,0.0,0,0.0,16,500000,1.0,1150.3125
thompson,27,5,0.05102040816326525,-0.3979591836734694,1.0,0.0,0.0,0.0,0,0.0,16,500000,1.0,1150.3125
thompson,27,6,0.05102040816326525,-0.37755102040816324,1.0,0.0,0.0,0.0,0,0.0,16,500000,1.0,1150.3125
thompson,27,7,0.05102040816326525,-0.35714285714285715,1.0,0.0,0.0,0.0,0,0.0,16,500000,1.0,1150.3125
thompson,27,8,0.05102040816326525,-0.33673469387755106,1.0,0.0,0.0,0.0,0,0.0,16,500000,1.0,1150.3125
thompson,27,9,0.05102040816326525,-0.3163265306122449,1.0,0.0,0.0,0.0,0,0.0,16,500000,1.0,1149.0
thompson,27,10,0.05102040816326525,-0.29591836734693877,1.0,0.0,0.0,0.0,0,0.0,16,500000,1.0,1149.0
thompson,27,11,0.05102040816326525,-0.2755102040816327,1.0,0.0,0.0,0.0,0,0.0,16,500000,1.0,1149.0
thompson,27,12,0.05102040816326525,-0.25510204081632654,1.0,0.0,0.0,0.0,0,0.0,16,500000,1.0,1149.0
thompson,27,13,0.05102040816326525,-0.23469387755102045,1.0,0.0,0.0,0.0,0,0.0,16,500000,1.0,1149.0
thompson,27,14,0.05102040816326525,-0.2142857142857143,1.0,0.0,0.0,0.0,0,0.0,16,500000,1.0,1149.0
thompson,27,15,0.05102040816326525,-0.1938775510204082,1.0,0.0,0.0,0.0,0,0.0,16,500000,1.0,1149.0
thompson,27,16,0.05102040816326525,-0.17346938775510207,1.0,0.0,0.0,0.0,0,0.0,16,500000,1.0,1149.0
thompson,27,17,0.05102040816326525,-0.15306122448979592,1.0,0.0,0.0,0.0,0,0.0,16,500000,1.0,1149.0
thompson,27,18,0.05102040816326525,-0.13265306122448983,1.0,0.0,0.0,0.0,0,0.0,16,500000,1.0,1149.0
thompson,27,19,0.05102040816326525,-0.11224489795918369,1.0,0.0,0.0,0.0,0,0.0,16,500000,1.0,1149.0
thompson,27,20,0.05102040816326525,-0.0918367346938776,1.0,0.0,0.0,0.0,0,0.0,16,500000,1.0,1149.0
thompson,27,21,0.05102040816326525,-0.07142857142857145,1.0,0.0,0.0,0.0,0,0.0,16,500000,1.0,1149.0
thompson,27,22,0.05102040816326525,-0.05102040816326536,1.0,0.0,0.0,0.0,0,0.0,16,500000,0.9375,1259.0
thompson,27,23,0.05102040816326525,-0.030612244897959218,1.0,0.0,0.0,0.0,0,0.0,16,500000,0.9375,1259.0
thompson,27,24,0.05102040816326525,-0.010204081632653073,1.0,0.0,0.0,0.0,0,0.0,16,500000,0.9375,1259.0
thompson,27,25,0.05102040816326525,0.010204081632653073,1.0,0.0,0.0,0.0,0,0.0,16,500000,0.9375,1259.0
thompson,27,26,0.05102040816326525,0.030612244897959107,1.0,0.0,0.0,0.0,0,0.0,16,500000,0.9375,1259.0
thompson,27,27,0.05102040816326525,0.05102040816326525,1.0,0.0,0.0,0.0,0,0.0,16,500000,0.9375,1259.0
thompson,27,28,0.05102040816326525,0.0714285714285714,1.0,0.0,0.0,0.0,0,0.0,16,500000,0.9375,1259.0
thompson,27,29,0.05102040816326525,0.09183673469387754,1.0,0.0,0.0,0.0,0,0.0,16,500000,0.9375,1259.0
thompson,27,30,0.05102040816326525,0.11224489795918358,1.0,0.0,0.0,0.0,0,0.0,16,500000,0.9375,1259.0
thompson,27,31,0.05102040816326525,0.13265306122448972,1.0,0.0,0.0,0.0,0,0.0,16,500000,0.9375,1259.0
thompson,27,32,0.05102040816326525,0.15306122448979587,1.0,0.0,0.0,0.0,0,0.0,16,500000,0.9375,1259.0
thompson,27,33,0.05102040816326525,0.173469387755102,1.0,0.0,0.0,0.0,0,0.0,16,500000,0.9375,1175.2
thompson,27,34,0.05102040816326525,0.19387755102040816,1.0,0.0,0.0,0.0,0,0.0,16,500000,0.9375,1175.2
thompson,27,35,0.05102040816326525,0.2142857142857142,1.0,0.0,0.0,0.0,0,0.0,16,500000,0.9375,1175.2
thompson,27,36,0.05102040816326525,0.23469387755102034,1.0,0.0,0.0,0.0,0,0.0,16,500000,0.9375,1175.2
thompson,27,37,0.05102040816326525,0.2551020408163265,1.0,0.0,0.0,0.0,0,0.0,16,500000,0.9375,1175.2
thompson,27,38,0.05102040816326525,0.2755102040816326,1.0,0.0,0.0,0.0,0,0.0,16,500000,0.9375,1175.2
thompson,27,39,0.05102040816326525,0.29591836734693866,1.0,0.0,0.0,0.0,0,0.0,16,500000,0.9375,1175.2
thompson,27,40,0.05102040816326525,0.3163265306122448,1.0,0.0,0.0,0.0,0,0.0,16,500000,0.9375,1175.2
thompson,27,41,0.05102040816326525,0.33673469387755095,1.0,0.0,0.0,0.0,0,0.0,16,500000,0.9375,1175.2
thompson,27,42,0.05102040816326525,0.3571428571428571,1.0,0.0,0.0,0.0,0,0.0,16,500000,0.9375,1175.2
thompson,27,43,0.05102040816326525,0.37755102040816324,1.0,0.0,0.0,0.0,0,0.0,16,500000,0.9375,1175.2
thompson,27,44,0.05102040816326525,0.3979591836734693,1.0,0.0,0.0,0.0,0,0.0,16,500000,0.9375,1175.2
thompson,27,45,0.05102040816326525,0.4183673469387754,1.0,0.0,0.0,0.0,0,0.0,16,500000,0.9375,1175.2
thompson,27,46,0.05102040816326525,0.43877551020408156,1.0,0.0,0.0,0.0,0,0.0,16,500000,0.9375,1175.2
thompson,27,47,0.05102040816326525,0.4591836734693877,1.0,0.0,0.0,0.0,0,0.0,16,500000,0.9375,1175.2
thompson,27,48,0.05102040816326525,0.47959183673469385,1.0,0.0,0.0,0.0,0,0.0,16,500000,0.9375,1175.2
thompson,27,49,0.05102040816326525,0.5,1.0,0.0,0.0,0.0,0,0.0,16,500000,0.9375,1175.2
thompson,28,0,0.0714285714285714,-0.5,1.0,0.0,0.0,0.0,0,0.0,16,500000,1.0,1150.3125
thompson,28,1,0.0714285714285714,-0.47959183673469385,1.0,0.0,0.0,0.0,0,0.0,16,500000,1.0,1150.3125
thompson,28,2,0.0714285714285714,-0.45918367346938777,1.0,0.0,0.0,0.0,0,0.0,16,500000,1.0,1150.3125
thompson,28,3,0.0714285714285714,-0.4387755102040816,1.0,0.0,0.0,0.0,0,0.0,16,500000,1.0,1150.3125
thompson,28,4,0.0714285714285714,-0.41836734693877553,1.0,0.0,0.0,0.0,0,0.0,16,500000,1.0,1150.3125
thompson,28,5,0.0714285714285714,-0.3979591836734694,1.0,0.0,0.0,0.0,0,0.0,16,500000,1.0,1150.3125
thompson,28,6,0.0714285714285714,-0.37755102040816324,1.0,0.0,0.0,0.0,0,0.0,16,500000,1.0,1150.3125
thompson,28,7,0.0714285714285714,-0.35714285714285715,1.0,0.0,0.0,0.0,0,0.0,16,500000,1.0,1150.3125
thompson,28,8,0.0714285714285714,-0.33673469387755106,1.0,0.0,0.0,0.0,0,0.0,16,500000,1.0,1150.3125
thompson,28,9,0.0714285714285714,-0.3163265306122449,1.0,0.0,0.0,0.0,0,0.0,16,500000,1.0,1149.0
thompson,28,10,0.0714285714285714,-0.29591836734693877,1.0,0.0,0.0,0.0,0,0.0,16,500000,1.0,1149.0
thompson,28,11,0.0714285714285714,-0.2755102040816327,1.0,0.0,0.0,0.0,0,0.0,16,500000,1.0,1149.0
thompson,28,12,0.0714285714285714,-0.25510204081632654,1.0,0.0,0.0,0.0,0,0.0,16,500000,1.0,1149.0
thompson,28,13,0.0714285714285714,-0.23469387755102045,1.0,0.0,0.0,0.0,0,0.0,16,500000,1.0,1149.0
thompson,28,14,0.0714285714285714,-0.2142857142857143,1.0,0.0,0.0,0.0,0,0.0,16,500000,1.0,1149.0
thompson,28,15,0.0714285714285714,-0.1938775510204082,1.0,0.0,0.0,0.0,0,0.0,16,500000,1.0,1149.0
thompson,28,16,0.0714285714285714,-0.17346938775510207,1.0,0.0,0.0,0.0,0,0.0,16,500000,1.0,1149.0
thompson,28,17,0.0714285714285714,-0.15306122448979592,1.0,0.0,0.0,0.0,0,0.0,16,500000,1.0,1149.0
thompson,28,18,0.0714285714285714,-0.13265306122448983,1.0,0.0,0.0,0.0,0,0.0,16,500000,1.0,1149.0
thompson,28,19,0.0714285714285714,-0.11224489795918369,1.0,0.0,0.0,0.0,0,0.0,16,500000,1.0,1149.0
thompson,28,20,0.0714285714285714,-0.0918367346938776,1.0,0.0,0.0,0.0,0,0.0,16,500000,1.0,1149.0
thompson,28,21,0.0714285714285714,-0.07142857142857145,1.0,0.0,0.0,0.0,0,0.0,16,500000,1.0,1149.0
thompson,28,22,0.0714285714285714,-0.05102040816326536,1.0,0.0,0.0,0.0,0,0.0,16,500000,0.9375,1259.0
thompson,28,23,0.0714285714285714,-0.030612244897959218,1.0,0.0,0.0,0.0,0,0.0,16,500000,0.9375,1259.0
thompson,28,24,0.0714285714285714,-0.010204081632653073,1.0,0.0,0.0,0.0,0,0.0,16,500000,0.9375,1259.0
thompson,28,25,0.0714285714285714,0.010204081632653073,1.0,0.0,0.0,0.0,0,0.0,16,500000,0.9375,1259.0
thompson,28,26,0.0714285714285714,0.030612244897959107,1.0,0.0,0.0,0.0,0,0.0,16,500000,0.9375,1259.0
thompson,28,27,0.0714285714285714,0.05102040816326525,1.0,0.0,0.0,0.0,0,0.0,16,500000,0.9375,1259.0
thompson,28,28,0.0714285714285714,0.0714285714285714,1.0,0.0,0.0,0.0,0,0.0,16,500000,0.9375,1259.0
thompson,28,29,0.0714285714285714,0.09183673469387754,1.0,0.0,0.0,0.0,0,0.0,16,500000,0.9375,1259.0
thompson,28,30,0.0714285714285714,0.11224489795918358,1.0,0.0,0.0,0.0,0,0.0,16,500000,0.9375,1259.0
thompson,28,31,0.0714285714285714,0.13265306122448972,1.0,0.0,0.0,0.0,0,0.0,16,500000,0.9375,1259.0
thompson,28,32,0.0714285714285714,0.15306122448979587,1.0,0.0,0.0,0.0,0,0.0,16,500000,0.9375,1259.0
thompson,28,33,0.0714285714285714,0.173469387755102,1.0,0.0,0.0,0.0,0,0.0,16,500000,0.9375,1175.2
thompson,28,34,0.0714285714285714,0.19387755102040816,1.0,0.0,0.0,0.0,0,0.0,16,500000,0.9375,1175.2
thompson,28,35,0.0714285714285714,0.2142857142857142,1.0,0.0,0.0,0.0,0,0.0,16,500000,0.9375,1175.2
thompson,28,36,0.0714285714285714,0.23469387755102034,1.0,0.0,0.0,0.0,0,0.0,16,500000,0.9375,1175.2
thompson,28,37,0.0714285714285714,0.2551020408163265,1.0,0.0,0.0,0.0,0,0.0,16,500000,0.9375,1175.2
thompson,28,38,0.0714285714285714,0.2755102040816326,1.0,0.0,0.0,0.0,0,0.0,16,500000,0.9375,1175.2
thompson,28,39,0.0714285714285714,0.29591836734693866,1.0,0.0,0.0,0.0,0,0.0,16,500000,0.9375,1175.2
thompson,28,40,0.0714285714285714,0.3163265306122448,1.0,0.0,0.0,0.0,0,0.0,16,500000,0.9375,1175.2
thompson,28,41,0.0714285714285714,0.33673469387755095,1.0,0.0,0.0,0.0,0,0.0,16,500000,0.9375,1175.2
thompson,28,42,0.0714285714285714,0.3571428571428571,1.0,0.0,0.0,0.0,0,0.0,16,500000,0.9375,1175.2
thompson,28,43,0.0714285714285714,0.37755102040816324,1.0,0.0,0.0,0.0,0,0.0,16,500000,0.9375,1175.2
thompson,28,44,0.0714285714285714,0.3979591836734693,1.0,0.0,0.0,0.0,0,0.0,16,500000,0.9375,1175.2
thompson,28,45,0.0714285714285714,0.4183673469387754,1.0,0.0,0.0,0.0,0,0.0,16,500000,0.9375,1175.2
thompson,28,46,0.0714285714285714,0.43877551020408156,1.0,0.0,0.0,0.0,0,0.0,16,500000,0.9375,1175.2
thompson,28,47,0.0714285714285714,0.4591836734693877,1.0,0.0,0.0,0.0,0,0.0,16,500000,0.9375,1175.2
thompson,28,48,0.0714285714285714,0.47959183673469385,1.0,0.0,0.0,0.0,0,0.0,16,500000,0.9375,1175.2
thompson,28,49,0.0714285714285714,0.5,1.0,0.0,0.0,0.0,0,0.0,16,500000,0.9375,1175.2
thompson,29,0,0.09183673469387754,-0.5,1.0,0.0,0.0,0.0,0,0.0,16,500000,1.0,1150.3125
thompson,29,1,0.09183673469387754,-0.47959183673469385,1.0,0.0,0.0,0.0,0,0.0,16,500000,1.0,1150.3125
thompson,29,2,0.09183673469387754,-0.45918367346938777,1.0,0.0,0.0,0.0,0,0.0,16,500000,1.0,1150.3125
thompson,29,3,0.09183673469387754,-0.4387755102040816,1.0,0.0,0.0,0.0,0,0.0,16,500000,1.0,1150.3125
thompson,29,4,0.09183673469387754,-0.41836734693877553,1.0,0.0,0.0,0.0,0,0.0,16,500000,1.0,1150.3125
thompson,29,5,0.09183673469387754,-0.3979591836734694,1.0,0.0,0.0,0.0,0,0.0,16,500000,1.0,1150.3125
thompson,29,6,0.09183673469387754,-0.37755102040816324,1.0,0.0,0.0,0.0,0,0.0,16,500000,1.0,1150.3125
thompson,29,7,0.09183673469387754,-0.35714285714285715,1.0,0.0,0.0,0.0,0,0.0,16,500000,1.0,1150.3125
thompson,29,8,0.09183673469387754,-0.33673469387755106,1.0,0.0,0.0,0.0,0,0.0,16,500000,1.0,1150.3125
thompson,29,9,0.09183673469387754,-0.3163265306122449,1.0,0.0,0.0,0.0,0,0.0,16,500000,1.0,1149.0
thompson,29,10,0.09183673469387754,-0.29591836734693877,1.0,0.0,0.0,0.0,0,0.0,16,500000,1.0,1149.0
thompson,29,11,0.09183673469387754,-0.2755102040816327,1.0,0.0,0.0,0.0,0,0.0,16,500000,1.0,1149.0
thompson,29,12,0.09183673469387754,-0.25510204081632654,1.0,0.0,0.0,0.0,0,0.0,16,500000,1.0,1149.0
thompson,29,13,0.09183673469387754,-0.23469387755102045,1.0,0.0,0.0,0.0,0,0.0,16,500000,1.0,1149.0
thompson,29,14,0.09183673469387754,-0.2142857142857143,1.0,0.0,0.0,0.0,0,0.0,16,500000,1.0,1149.0
thompson,29,15,0.09183673469387754,-0.1938775510204082,1.0,0.0,0.0,0.0,0,0.0,16,500000,1.0,1149.0
thompson,29,16,0.09183673469387754,-0.17346938775510207,1.0,0.0,0.0,0.0,0,0.0,16,500000,1.0,1149.0
thompson,29,17,0.09183673469387754,-0.15306122448979592,1.0,0.0,0.0,0.0,0,0.0,16,500000,1.0,1149.0
thompson,29,18,0.09183673469387754,-0.13265306122448983,1.0,0.0,0.0,0.0,0,0.0,16,500000,1.0,1149.0
thompson,29,19,0.09183673469387754,-0.11224489795918369,1.0,0.0,0.0,0.0,0,0.0,16,500000,1.0,1149.0
thompson,29,20,0.09183673469387754,-0.0918367346938776,1.0,0.0,0.0,0.0,0,0.0,16,500000,1.0,1149.0
thompson,29,21,0.09183673469387754,-0.07142857142857145,1.0,0.0,0.0,0.0,0,0.0,16,500000,1.0,1149.0
thompson,29,22,0.09183673469387754,-0.05102040816326536,1.0,0.0,0.0,0.0,0,0.0,16,500000,0.9375,1259.0
thompson,29,23,0.09183673469387754,-0.030612244897959218,1.0,0.0,0.0,0.0,0,0.0,16,500000,0.9375,1259.0
thompson,29,24,0.09183673469387754,-0.010204081632653073,1.0,0.0,0.0,0.0,0,0.0,16,500000,0.9375,1259.0
thompson,29,25,0.09183673469387754,0.010204081632653073,1.0,0.0,0.0,0.0,0,0.0,16,500000,0.9375,1259.0
thompson,29,26,0.09183673469387754,0.030612244897959107,1.0,0.0,0.0,0.0,0,0.0,16,500000,0.9375,1259.0
thompson,29,27,0.09183673469387754,0.05102040816326525,1.0,0.0,0.0,0.0,0,0.0,16,500000,0.9375,1259.0
thompson,29,28,0.09183673469387754,0.0714285714285714,1.0,0.0,0.0,0.0,0,0.0,16,500000,0.9375,1259.0
thompson,29,29,0.09183673469387754,0.09183673469387754,1.0,0.0,0.0,0.0,0,0.0,16,500000,0.9375,1259.0
thompson,29,30,0.09183673469387754,0.11224489795918358,1.0,0.0,0.0,0.0,0,0.0,16,500000,0.9375,1259.0
thompson,29,31,0.09183673469387754,0.13265306122448972,1.0,0.0,0.0,0.0,0,0.0,16,500000,0.9375,1259.0
thompson,29,32,0.09183673469387754,0.15306122448979587,1.0,0.0,0.0,0.0,0,0.0,16,500000,0.9375,1259.0
thompson,29,33,0.09183673469387754,0.173469387755102,1.0,0.0,0.0,0.0,0,0.0,16,500000,0.9375,1175.2
thompson,29,34,0.09183673469387754,0.19387755102040816,1.0,0.0,0.0,0.0,0,0.0,16,500000,0.9375,1175.2
thompson,29,35,0.09183673469387754,0.2142857142857142,1.0,0.0,0.0,0.0,0,0.0,16,500000,0.9375,1175.2
thompson,29,36,0.09183673469387754,0.23469387755102034,1.0,0.0,0.0,0.0,0,0.0,16,500000,0.9375,1175.2
thompson,29,37,0.09183673469387754,0.2551020408163265,1.0,0.0,0.0,0.0,0,0.0,16,500000,0.9375,1175.2
thompson,29,38,0.09183673469387754,0.2755102040816326,1.0,0.0,0.0,0.0,0,0.0,16,500000,0.9375,1175.2
thompson,29,39,0.09183673469387754,0.29591836734693866,1.0,0.0,0.0,0.0,0,0.0,16,500000,0.9375,1175.2
thompson,29,40,0.09183673469387754,0.3163265306122448,1.0,0.0,0.0,0.0,0,0.0,16,500000,0.9375,1175.2
thompson,29,41,0.09183673469387754,0.33673469387755095,1.0,0.0,0.0,0.0,0,0.0,16,500000,0.9375,1175.2
thompson,29,42,0.09183673469387754,0.3571428571428571,1.0,0.0,0.0,0.0,0,0.0,16,500000,0.9375,1175.2
thompson,29,43,0.09183673469387754,0.37755102040816324,1.0,0.0,0.0,0.0,0,0.0,16,500000,0.9375,1175.2
thompson,29,44,0.09183673469387754,0.3979591836734693,1.0,0.0,0.0,0.0,0,0.0,16,500000,0.9375,1175.2
thompson,29,45,0.09183673469387754,0.4183673469387754,1.0,0.0,0.0,0.0,0,0.0,16,500000,0.9375,1175.2
thompson,29,46,0.09183673469387754,0.43877551020408156,1.0,0.0,0.0,0.0,0,0.0,16,500000,0.9375,1175.2
thompson,29,47,0.09183673469387754,0.4591836734693877,1.0,0.0,0.0,0.0,0,0.0,16,500000,0.9375,1175.2
thompson,29,48,0.09183673469387754,0.47959183673469385,1.0,0.0,0.0,0.0,0,0.0,16,500000,0.9375,1175.2
thompson,29,49,0.09183673469387754,0.5,1.0,0.0,0.0,0.0,0,0.0,16,500000,0.9375,1175.2
thompson,30,0,0.11224489795918358,-0.5,1.0,0.0,0.0,0.0,0,0.0,16,500000,1.0,1150.3125
thompson,30,1,0.11224489795918358,-0.47959183673469385,1.0,0.0,0.0,0.0,0,0.0,16,500000,1.0,1150.3125
thompson,30,2,0.11224489795918358,-0.45918367346938777,1.0,0.0,0.0,0.0,0,0.0,16,500000,1.0,1150.3125
thompson,30,3,0.11224489795918358,-0.4387755102040816,1.0,0.0,0.0,0.0,0,0.0,16,500000,1.0,1150.3125
thompson,30,4,0.11224489795918358,-0.41836734693877553,1.0,0.0,0.0,0.0,0,0.0,16,500000,1.0,1150.3125
thompson,30,5,0.11224489795918358,-0.3979591836734694,1.0,0.0,0.0,0.0,0,0.0,16,500000,1.0,1150.3125
thompson,30,6,0.11224489795918358,-0.37755102040816324,1.0,0.0,0.0,0.0,0,0.0,16,500000,1.0,1150.3125
thompson,30,7,0.11224489795918358,-0.35714285714285715,1.0,0.0,0.0,0.0,0,0.0,16,500000,1.0,1150.3125
thompson,30,8,0.11224489795918358,-0.33673469387755106,1.0,0.0,0.0,0.0,0,0.0,16,500000,1.0,1150.3125
thompson,30,9,0.11224489795918358,-0.3163265306122449,1.0,0.0,0.0,0.0,0,0.0,16,500000,1.0,1149.0
thompson,30,10,0.11224489795918358,-0.29591836734693877,1.0,0.0,0.0,0.0,0,0.0,16,500000,1.0,1149.0
thompson,30,11,0.11224489795918358,-0.2755102040816327,1.0,0.0,0.0,0.0,0,0.0,16,500000,1.0,1149.0
thompson,30,12,0.11224489795918358,-0.25510204081632654,1.0,0.0,0.0,0.0,0,0.0,16,500000,1.0,1149.0
thompson,30,13,0.11224489795918358,-0.23469387755102045,1.0,0.0,0.0,0.0,0,0.0,16,500000,1.0,1149.0
thompson,30,14,0.11224489795918358,-0.2142857142857143,1.0,0.0,0.0,0.0,0,0.0,16,500000,1.0,1149.0
thompson,30,15,0.11224489795918358,-0.1938775510204082,1.0,0.0,0.0,0.0,0,0.0,16,500000,1.0,1149.0
thompson,30,16,0.11224489795918358,-0.17346938775510207,1.0,0.0,0.0,0.0,0,0.0,16,500000,1.0,1149.0
thompson,30,17,0.11224489795918358,-0.15306122448979592,1.0,0.0,0.0,0.0,0,0.0,16,500000,1.0,1149.0
thompson,30,18,0.11224489795918358,-0.13265306122448983,1.0,0.0,0.0,0.0,0,0.0,16,500000,1.0,1149.0
thompson,30,19,0.11224489795918358,-0.11224489795918369,1.0,0.0,0.0,0.0,0,0.0,16,500000,1.0,1149.0
thompson,30,20,0.11224489795918358,-0.0918367346938776,1.0,0.0,0.0,0.0,0,0.0,16,500000,1.0,1149.0
thompson,30,21,0.11224489795918358,-0.07142857142857145,1.0,0.0,0.0,0.0,0,0.0,16,500000,1.0,1149.0
thompson,30,22,0.11224489795918358,-0.05102040816326536,1.0,0.0,0.0,0.0,0,0.0,16,500000,0.9375,1259.0
thompson,30,23,0.11224489795918358,-0.030612244897959218,1.0,0.0,0.0,0.0,0,0.0,16,500000,0.9375,1259.0
thompson,30,24,0.11224489795918358,-0.010204081632653073,1.0,0.0,0.0,0.0,0,0.0,16,500000,0.9375,1259.0
thompson,30,25,0.11224489795918358,0.010204081632653073,1.0,0.0,0.0,0.0,0,0.0,16,500000,0.9375,1259.0
thompson,30,26,0.11224489795918358,0.030612244897959107,1.0,0.0,0.0,0.0,0,0.0,16,500000,0.9375,1259.0
thompson,30,27,0.11224489795918358,0.05102040816326525,1.0,0.0,0.0,0.0,0,0.0,16,500000,0.9375,1259.0
thompson,30,28,0.11224489795918358,0.0714285714285714,1.0,0.0,0.0,0.0,0,0.0,16,500000,0.9375,1259.0
thompson,30,29,0.11224489795918358,0.09183673469387754,1.0,0.0,0.0,0.0,0,0.0,16,500000,0.9375,1259.0
thompson,30,30,0.11224489795918358,0.11224489795918358,1.0,0.0,0.0,0.0,0,0.0,16,500000,0.9375,1259.0
thompson,30,31,0.11224489795918358,0.13265306122448972,1.0,0.0,0.0,0.0,0,0.0,16,500000,0.9375,1259.0
thompson,30,32,0.11224489795918358,0.15306122448979587,1.0,0.0,0.0,0.0,0,0.0,16,500000,0.9375,1259.0
thompson,30,33,0.11224489795918358,0.173469387755102,1.0,0.0,0.0,0.0,0,0.0,16,500000,0.9375,1175.2
thompson,30,34,0.11224489795918358,0.19387755102040816,1.0,0.0,0.0,0.0,0,0.0,16,500000,0.9375,1175.2
thompson,30,35,0.11224489795918358,0.2142857142857142,1.0,0.0,0.0,0.0,0,0.0,16,500000,0.9375,1175.2
thompson,30,36,0.11224489795918358,0.23469387755102034,1.0,0.0,0.0,0.0,0,0.0,16,500000,0.9375,1175.2
thompson,30,37,0.11224489795918358,0.2551020408163265,1.0,0.0,0.0,0.0,0,0.0,16,500000,0.9375,1175.2
thompson,30,38,0.11224489795918358,0.2755102040816326,1.0,0.0,0.0,0.0,0,0.0,16,500000,0.9375,1175.2
thompson,30,39,0.11224489795918358,0.29591836734693866,1.0,0.0,0.0,0.0,0,0.0,16,500000,0.9375,1175.2
thompson,30,40,0.11224489795918358,0.3163265306122448,1.0,0.0,0.0,0.0,0,0.0,16,500000,0.9375,1175.2
thompson,30,41,0.11224489795918358,0.33673469387755095,1.0,0.0,0.0,0.0,0,0.0,16,500000,0.9375,1175.2
thompson,30,42,0.11224489795918358,0.3571428571428571,1.0,0.0,0.0,0.0,0,0.0,16,500000,0.9375,1175.2
thompson,30,43,0.11224489795918358,0.37755102040816324,1.0,0.0,0.0,0.0,0,0.0,16,500000,0.9375,1175.2
thompson,30,44,0.11224489795918358,0.3979591836734693,1.0,0.0,0.0,0.0,0,0.0,16,500000,0.9375,1175.2
thompson,30,45,0.11224489795918358,0.4183673469387754,1.0,0.0,0.0,0.0,0,0.0,16,500000,0.9375,1175.2
thompson,30,46,0.11224489795918358,0.43877551020408156,1.0,0.0,0.0,0.0,0,0.0,16,500000,0.9375,1175.2
thompson,30,47,0.11224489795918358,0.4591836734693877,1.0,0.0,0.0,0.0,0,0.0,16,500000,0.9375,1175.2
thompson,30,48,0.11224489795918358,0.47959183673469385,1.0,0.0,0.0,0.0,0,0.0,16,500000,0.9375,1175.2
thompson,30,49,0.11224489795918358,0.5,1.0,0.0,0.0,0.0,0,0.0,16,500000,0.9375,1175.2
thompson,31,0,0.13265306122448972,-0.5,1.0,0.0,0.0,0.0,0,0.0,16,500000,1.0,1151.6875
thompson,31,1,0.13265306122448972,-0.47959183673469385,1.0,0.0,0.0,0.0,0,0.0,16,500000,1.0,1151.6875
thompson,31,2,0.13265306122448972,-0.45918367346938777,1.0,0.0,0.0,0.0,0,0.0,16,500000,1.0,1151.6875
thompson,31,3,0.13265306122448972,-0.4387755102040816,1.0,0.0,0.0,0.0,0,0.0,16,500000,1.0,1151.6875
thompson,31,4,0.13265306122448972,-0.41836734693877553,1.0,0.0,0.0,0.0,0,0.0,16,500000,1.0,1151.6875
thompson,31,5,0.13265306122448972,-0.3979591836734694,1.0,0.0,0.0,0.0,0,0.0,16,500000,1.0,1151.6875
thompson,31,6,0.13265306122448972,-0.37755102040816324,1.0,0.0,0.0,0.0,0,0.0,16,500000,1.0,1151.6875
thompson,31,7,0.13265306122448972,-0.35714285714285715,1.0,0.0,0.0,0.0,0,0.0,16,500000,1.0,1151.6875
thompson,31,8,0.13265306122448972,-0.33673469387755106,1.0,0.0,0.0,0.0,0,0.0,16,500000,1.0,1151.6875
thompson,31,9,0.13265306122448972,-0.3163265306122449,1.0,0.0,0.0,0.0,0,0.0,16,500000,1.0,1150.375
thompson,31,10,0.13265306122448972,-0.29591836734693877,1.0,0.0,0.0,0.0,0,0.0,16,500000,1.0,1150.375
thompson,31,11,0.13265306122448972,-0.2755102040816327,1.0,0.0,0.0,0.0,0,0.0,16,500000,1.0,1150.375
thompson,31,12,0.13265306122448972,-0.25510204081632654,1.0,0.0,0.0,0.0,0,0.0,16,500000,1.0,1150.375
thompson,31,13,0.13265306122448972,-0.23469387755102045,1.0,0.0,0.0,0.0,0,0.0,16,500000,1.0,1150.375
thompson,31,14,0.13265306122448972,-0.2142857142857143,1.0,0.0,0.0,0.0,0,0.0,16,500000,1.0,1150.375
thompson,31,15,0.13265306122448972,-0.1938775510204082,1.0,0.0,0.0,0.0,0,0.0,16,500000,1.0,1150.375
thompson,31,16,0.13265306122448972,-0.17346938775510207,1.0,0.0,0.0,0.0,0,0.0,16,500000,1.0,1150.375
thompson,31,17,0.13265306122448972,-0.15306122448979592,1.0,0.0,0.0,0.0,0,0.0,16,500000,1.0,1150.375
thompson,31,18,0.13265306122448972,-0.13265306122448983,1.0,0.0,0.0,0.0,0,0.0,16,500000,1.0,1150.375
thompson,31,19,0.13265306122448972,-0.11224489795918369,1.0,0.0,0.0,0.0,0,0.0,16,500000,1.0,1150.375
thompson,31,20,0.13265306122448972,-0.0918367346938776,1.0,0.0,0.0,0.0,0,0.0,16,500000,1.0,1150.375
thompson,31,21,0.13265306122448972,-0.07142857142857145,1.0,0.0,0.0,0.0,0,0.0,16,500000,1.0,1150.375
thompson,31,22,0.13265306122448972,-0.05102040816326536,1.0,0.0,0.0,0.0,0,0.0,16,500000,0.9375,1260.4666666666667
thompson,31,23,0.13265306122448972,-0.030612244897959218,1.0,0.0,0.0,0.0,0,0.0,16,500000,0.9375,1260.4666666666667
thompson,31,24,0.13265306122448972,-0.010204081632653073,1.0,0.0,0.0,0.0,0,0.0,16,500000,0.9375,1260.4666666666667
thompson,31,25,0.13265306122448972,0.010204081632653073,1.0,0.0,0.0,0.0,0,0.0,16,500000,0.9375,1260.4666666666667
thompson,31,26,0.13265306122448972,0.030612244897959107,1.0,0.0,0.0,0.0,0,0.0,16,500000,0.9375,1260.4666666666667
thompson,31,27,0.13265306122448972,0.05102040816326525,1.0,0.0,0.0,0.0,0,0.0,16,500000,0.9375,1260.4666666666667
thompson,31,28,0.13265306122448972,0.0714285714285714,1.0,0.0,0.0,0.0,0,0.0,16,500000,0.9375,1260.4666666666667
thompson,31,29,0.13265306122448972,0.09183673469387754,1.0,0.0,0.0,0.0,0,0.0,16,500000,0.9375,1260.4666666666667
thompson,31,30,0.13265306122448972,0.11224489795918358,1.0,0.0,0.0,0.0,0,0.0,16,500000,0.9375,1260.4666666666667
thompson,31,31,0.13265306122448972,0.13265306122448972,1.0,0.0,0.0,0.0,0,0.0,16,500000,0.9375,1260.4666666666667
thompson,31,32,0.13265306122448972,0.15306122448979587,1.0,0.0,0.0,0.0,0,0.0,16,500000,0.9375,1260.4666666666667
thompson,31,33,0.13265306122448972,0.173469387755102,1.0,0.0,0.0,0.0,0,0.0,16,500000,0.9375,1176.6666666666667
thompson,31,34,0.13265306122448972,0.19387755102040816,1.0,0.0,0.0,0.0,0,0.0,16,500000,0.9375,1176.6666666666667
thompson,31,35,0.13265306122448972,0.2142857142857142,1.0,0.0,0.0,0.0,0,0.0,16,500000,0.9375,1176.6666666666667
thompson,31,36,0.13265306122448972,0.23469387755102034,1.0,0.0,0.0,0.0,0,0.0,16,500000,0.9375,1176.6666666666667
thompson,31,37,0.13265306122448972,0.2551020408163265,1.0,0.0,0.0,0.0,0,0.0,16,500000,0.9375,1176.6666666666667
thompson,31,38,0.13265306122448972,0.2755102040816326,1.0,0.0,0.0,0.0,0,0.0,16,500000,0.9375,1176.6666666666667
thompson,31,39,0.13265306122448972,0.29591836734693866,1.0,0.0,0.0,0.0,0,0.0,16,500000,0.9375,1176.6666666666667
thompson,31,40,0.13265306122448972,0.3163265306122448,1.0,0.0,0.0,0.0,0,0.0,16,500000,0.9375,1176.6666666666667
thompson,31,41,0.13265306122448972,0.33673469387755095,1.0,0.0,0.0,0.0,0,0.0,16,500000,0.9375,1176.6666666666667
thompson,31,42,0.13265306122448972,0.3571428571428571,1.0,0.0,0.0,0.0,0,0.0,16,500000,0.9375,1176.6666666666667
thompson,31,43,0.13265306122448972,0.37755102040816324,1.0,0.0,0.0,0.0,0,0.0,16,500000,0.9375,1176.6666666666667
thompson,31,44,0.13265306122448972,0.3979591836734693,1.0,0.0,0.0,0.0,0,0.0,16,500000,0.9375,1176.6666666666667
thompson,31,45,0.13265306122448972,0.4183673469387754,1.0,0.0,0.0,0.0,0,0.0,16,500000,0.9375,1176.6666666666667
thompson,31,46,0.13265306122448972,0.43877551020408156,1.0,0.0,0.0,0.0,0,0.0,16,500000,0.9375,1176.6666666666667
thompson,31,47,0.13265306122448972,0.4591836734693877,1.0,0.0,0.0,0.0,0,0.0,16,500000,0.9375,1176.6666666666667
thompson,31,48,0.13265306122448972,0.47959183673469385,1.0,0.0,0.0,0.0,0,0.0,16,500000,0.9375,1176.6666666666667
thompson,31,49,0.13265306122448972,0.5,1.0,0.0,0.0,0.0,0,0.0,16,500000,0.9375,1176.6666666666667
thompson,32,0,0.15306122448979587,-0.5,1.0,0.0,0.0,0.0,0,0.0,16,500000,1.0,1151.6875
thompson,32,1,0.15306122448979587,-0.47959183673469385,1.0,0.0,0.0,0.0,0,0.0,16,500000,1.0,1151.6875
thompson,32,2,0.15306122448979587,-0.45918367346938777,1.0,0.0,0.0,0.0,0,0.0,16,500000,1.0,1151.6875
thompson,32,3,0.15306122448979587,-0.4387755102040816,1.0,0.0,0.0,0.0,0,0.0,16,500000,1.0,1151.6875
thompson,32,4,0.15306122448979587,-0.41836734693877553,1.0,0.0,0.0,0.0,0,0.0,16,500000,1.0,1151.6875
thompson,32,5,0.15306122448979587,-0.3979591836734694,1.0,0.0,0.0,0.0,0,0.0,16,500000,1.0,1151.6875
thompson,32,6,0.15306122448979587,-0.37755102040816324,1.0,0.0,0.0,0.0,0,0.0,16,500000,1.0,1151.6875
thompson,32,7,0.15306122448979587,-0.35714285714285715,1.0,0.0,0.0,0.0,0,0.0,16,500000,1.0,1151.6875
thompson,32,8,0.15306122448979587,-0.33673469387755106,1.0,0.0,0.0,0.0,0,0.0,16,500000,1.0,1151.6875
thompson,32,9,0.15306122448979587,-0.3163265306122449,1.0,0.0,0.0,0.0,0,0.0,16,500000,1.0,1150.375
thompson,32,10,0.15306122448979587,-0.29591836734693877,1.0,0.0,0.0,0.0,0,0.0,16,500000,1.0,1150.375
thompson,32,11,0.15306122448979587,-0.2755102040816327,1.0,0.0,0.0,0.0,0,0.0,16,500000,1.0,1150.375
thompson,32,12,0.15306122448979587,-0.25510204081632654,1.0,0.0,0.0,0.0,0,0.0,16,500000,1.0,1150.375
thompson,32,13,0.15306122448979587,-0.23469387755102045,1.0,0.0,0.0,0.0,0,0.0,16,500000,1.0,1150.375
thompson,32,14,0.15306122448979587,-0.2142857142857143,1.0,0.0,0.0,0.0,0,0.0,16,500000,1.0,1150.375
thompson,32,15,0.15306122448979587,-0.1938775510204082,1.0,0.0,0.0,0.0,0,0.0,16,500000,1.0,1150.375
thompson,32,16,0.15306122448979587,-0.17346938775510207,1.0,0.0,0.0,0.0,0,0.0,16,500000,1.0,1150.375
thompson,32,17,0.15306122448979587,-0.15306122448979592,1.0,0.0,0.0,0.0,0,0.0,16,500000,1.0,1150.375
thompson,32,18,0.15306122448979587,-0.13265306122448983,1.0,0.0,0.0,0.0,0,0.0,16,500000,1.0,1150.375
thompson,32,19,0.15306122448979587,-0.11224489795918369,1.0,0.0,0.0,0.0,0,0.0,16,500000,1.0,1150.375
thompson,32,20,0.15306122448979587,-0.0918367346938776,1.0,0.0,0.0,0.0,0,0.0,16,500000,1.0,1150.375
thompson,32,21,0.15306122448979587,-0.07142857142857145,1.0,0.0,0.0,0.0,0,0.0,16,500000,1.0,1150.375
thompson,32,22,0.15306122448979587,-0.05102040816326536,1.0,0.0,0.0,0.0,0,0.0,16,500000,0.9375,1260.4666666666667
thompson,32,23,0.15306122448979587,-0.030612244897959218,1.0,0.0,0.0,0.0,0,0.0,16,500000,0.9375,1260.4666666666667
thompson,32,24,0.15306122448979587,-0.010204081632653073,1.0,0.0,0.0,0.0,0,0.0,16,500000,0.9375,1260.4666666666667
thompson,32,25,0.15306122448979587,0.010204081632653073,1.0,0.0,0.0,0.0,0,0.0,16,500000,0.9375,1260.4666666666667
thompson,32,26,0.15306122448979587,0.030612244897959107,1.0,0.0,0.0,0.0,0,0.0,16,500000,0.9375,1260.4666666666667
thompson,32,27,0.15306122448979587,0.05102040816326525,1.0,0.0,0.0,0.0,0,0.0,16,500000,0.9375,1260.4666666666667
thompson,32,28,0.15306122448979587,0.0714285714285714,1.0,0.0,0.0,0.0,0,0.0,16,500000,0.9375,1260.4666666666667
thompson,32,29,0.15306122448979587,0.09183673469387754,1.0,0.0,0.0,0.0,0,0.0,16,500000,0.9375,1260.4666666666667
thompson,32,30,0.15306122448979587,0.11224489795918358,1.0,0.0,0.0,0.0,0,0.0,16,500000,0.9375,1260.4666666666667
thompson,32,31,0.15306122448979587,0.13265306122448972,1.0,0.0,0.0,0.0,0,0.0,16,500000,0.9375,1260.4666666666667
thompson,32,32,0.15306122448979587,0.15306122448979587,1.0,0.0,0.0,0.0,0,0.0,16,500000,0.9375,1260.4666666666667
thompson,32,33,0.15306122448979587,0.173469387755102,1.0,0.0,0.0,0.0,0,0.0,16,500000,0.9375,1176.6666666666667
thompson,32,34,0.15306122448979587,0.19387755102040816,1.0,0.0,0.0,0.0,0,0.0,16,500000,0.9375,1176.6666666666667
thompson,32,35,0.15306122448979587,0.2142857142857142,1.0,0.0,0.0,0.0,0,0.0,16,500000,0.9375,1176.6666666666667
thompson,32,36,0.15306122448979587,0.23469387755102034,1.0,0.0,0.0,0.0,0,0.0,16,500000,0.9375,1176.6666666666667
thompson,32,37,0.15306122448979587,0.2551020408163265,1.0,0.0,0.0,0.0,0,0.0,16,500000,0.9375,1176.6666666666667
thompson,32,38,0.15306122448979587,0.2755102040816326,1.0,0.0,0.0,0.0,0,0.0,16,500000,0.9375,1176.6666666666667
thompson,32,39,0.15306122448979587,0.29591836734693866,1.0,0.0,0.0,0.0,0,0.0,16,500000,0.9375,1176.6666666666667
thompson,32,40,0.15306122448979587,0.3163265306122448,1.0,0.0,0.0,0.0,0,0.0,16,500000,0.9375,1176.6666666666667
thompson,32,41,0.15306122448979587,0.33673469387755095,1.0,0.0,0.0,0.0,0,0.0,16,500000,0.9375,1176.6666666666667
thompson,32,42,0.15306122448979587,0.3571428571428571,1.0,0.0,0.0,0.0,0,0.0,16,500000,0.9375,1176.6666666666667
thompson,32,43,0.15306122448979587,0.37755102040816324,1.0,0.0,0.0,0.0,0,0.0,16,500000,0.9375,1176.6666666666667
thompson,32,44,0.15306122448979587,0.3979591836734693,1.0,0.0,0.0,0.0,0,0.0,16,500000,0.9375,1176.6666666666667
thompson,32,45,0.15306122448979587,0.4183673469387754,1.0,0.0,0.0,0.0,0,0.0,16,500000,0.9375,1176.6666666666667
thompson,32,46,0.15306122448979587,0.43877551020408156,1.0,0.0,0.0,0.0,0,0.0,16,500000,0.9375,1176.6666666666667
thompson,32,47,0.15306122448979587,0.4591836734693877,1.0,0.0,0.0,0.0,0,0.0,16,500000,0.9375,1176.6666666666667
thompson,32,48,0.15306122448979587,0.47959183673469385,1.0,0.0,0.0,0.0,0,0.0,16,500000,0.9375,1176.6666666666667
thompson,32,49,0.15306122448979587,0.5,1.0,0.0,0.0,0.0,0,0.0,16,500000,0.9375,1176.6666666666667
thompson,33,0,0.173469387755102,-0.5,1.0,0.0,0.0,0.0,0,0.0,16,500000,1.0,1151.6875
thompson,33,1,0.173469387755102,-0.47959183673469385,1.0,0.0,0.0,0.0,0,0.0,16,500000,1.0,1151.6875
thompson,33,2,0.173469387755102,-0.45918367346938777,1.0,0.0,0.0,0.0,0,0.0,16,500000,1.0,1151.6875
thompson,33,3,0.173469387755102,-0.4387755102040816,1.0,0.0,0.0,0.0,0,0.0,16,500000,1.0,1151.6875
thompson,33,4,0.173469387755102,-0.41836734693877553,1.0,0.0,0.0,0.0,0,0.0,16,500000,1.0,1151.6875
thompson,33,5,0.173469387755102,-0.3979591836734694,1.0,0.0,0.0,0.0,0,0.0,16,500000,1.0,1151.6875
thompson,33,6,0.173469387755102,-0.37755102040816324,1.0,0.0,0.0,0.0,0,0.0,16,500000,1.0,1151.6875
thompson,33,7,0.173469387755102,-0.35714285714285715,1.0,0.0,0.0,0.0,0,0.0,16,500000,1.0,1151.6875
thompson,33,8,0.173469387755102,-0.33673469387755106,1.0,0.0,0.0,0.0,0,0.0,16,500000,1.0,1151.6875
thompson,33,9,0.173469387755102,-0.3163265306122449,1.0,0.0,0.0,0.0,0,0.0,16,500000,1.0,1150.375
thompson,33,10,0.173469387755102,-0.29591836734693877,1.0,0.0,0.0,0.0,0,0.0,16,500000,1.0,1150.375
thompson,33,11,0.173469387755102,-0.2755102040816327,1.0,0.0,0.0,0.0,0,0.0,16,500000,1.0,1150.375
thompson,33,12,0.173469387755102,-0.25510204081632654,1.0,0.0,0.0,0.0,0,0.0,16,500000,1.0,1150.375
thompson,33,13,0.173469387755102,-0.23469387755102045,1.0,0.0,0.0,0.0,0,0.0,16,500000,1.0,1150.375
thompson,33,14,0.173469387755102,-0.2142857142857143,1.0,0.0,0.0,0.0,0,0.0,16,500000,1.0,1150.375
thompson,33,15,0.173469387755102,-0.1938775510204082,1.0,0.0,0.0,0.0,0,0.0,16,500000,1.0,1150.375
thompson,33,16,0.173469387755102,-0.17346938775510207,1.0,0.0,0.0,0.0,0,0.0,16,500000,1.0,1150.375
thompson,33,17,0.173469387755102,-0.15306122448979592,1.0,0.0,0.0,0.0,0,0.0,16,500000,1.0,1150.375
thompson,33,18,0.173469387755102,-0.13265306122448983,1.0,0.0,0.0,0.0,0,0.0,16,500000,1.0,1150.375
thompson,33,19,0.173469387755102,-0.11224489795918369,1.0,0.0,0.0,0.0,0,0.0,16,500000,1.0,1150.375
thompson,33,20,0.173469387755102,-0.0918367346938776,1.0,0.0,0.0,0.0,0,0.0,16,500000,1.0,1150.375
thompson,33,21,0.173469387755102,-0.07142857142857145,1.0,0.0,0.0,0.0,0,0.0,16,500000,1.0,1150.375
thompson,33,22,0.173469387755102,-0.05102040816326536,1.0,0.0,0.0,0.0,0,0.0,16,500000,0.9375,1260.4666666666667
thompson,33,23,0.173469387755102,-0.030612244897959218,1.0,0.0,0.0,0.0,0,0.0,16,500000,0.9375,1260.4666666666667
thompson,33,24,0.173469387755102,-0.010204081632653073,1.0,0.0,0.0,0.0,0,0.0,16,500000,0.9375,1260.4666666666667
thompson,33,25,0.173469387755102,0.010204081632653073,1.0,0.0,0.0,0.0,0,0.0,16,500000,0.9375,1260.4666666666667
thompson,33,26,0.173469387755102,0.030612244897959107,1.0,0.0,0.0,0.0,0,0.0,16,500000,0.9375,1260.4666666666667
thompson,33,27,0.173469387755102,0.05102040816326525,1.0,0.0,0.0,0.0,0,0.0,16,500000,0.9375,1260.4666666666667
thompson,33,28,0.173469387755102,0.0714285714285714,1.0,0.0,0.0,0.0,0,0.0,16,500000,0.9375,1260.4666666666667
thompson,33,29,0.173469387755102,0.09183673469387754,1.0,0.0,0.0,0.0,0,0.0,16,500000,0.9375,1260.4666666666667
thompson,33,30,0.173469387755102,0.11224489795918358,1.0,0.0,0.0,0.0,0,0.0,16,500000,0.9375,1260.4666666666667
thompson,33,31,0.173469387755102,0.13265306122448972,1.0,0.0,0.0,0.0,0,0.0,16,500000,0.9375,1260.4666666666667
thompson,33,32,0.173469387755102,0.15306122448979587,1.0,0.0,0.0,0.0,0,0.0,16,500000,0.9375,1260.4666666666667
thompson,33,33,0.173469387755102,0.173469387755102,1.0,0.0,0.0,0.0,0,0.0,16,500000,0.9375,1176.6666666666667
thompson,33,34,0.173469387755102,0.19387755102040816,1.0,0.0,0.0,0.0,0,0.0,16,500000,0.9375,1176.6666666666667
thompson,33,35,0.173469387755102,0.2142857142857142,1.0,0.0,0.0,0.0,0,0.0,16,500000,0.9375,1176.6666666666667
thompson,33,36,0.173469387755102,0.23469387755102034,1.0,0.0,0.0,0.0,0,0.0,16,500000,0.9375,1176.6666666666667
thompson,33,37,0.173469387755102,0.2551020408163265,1.0,0.0,0.0,0.0,0,0.0,16,500000,0.9375,1176.6666666666667
thompson,33,38,0.173469387755102,0.2755102040816326,1.0,0.0,0.0,0.0,0,0.0,16,500000,0.9375,1176.6666666666667
thompson,33,39,0.173469387755102,0.29591836734693866,1.0,0.0,0.0,0.0,0,0.0,16,500000,0.9375,1176.6666666666667
thompson,33,40,0.173469387755102,0.3163265306122448,1.0,0.0,0.0,0.0,0,0.0,16,500000,0.9375,1176.6666666666667
thompson,33,41,0.173469387755102,0.33673469387755095,1.0,0.0,0.0,0.0,0,0.0,16,500000,0.9375,1176.6666666666667
thompson,33,42,0.173469387755102,0.3571428571428571,1.0,0.0,0.0,0.0,0,0.0,16,500000,0.9375,1176.6666666666667
thompson,33,43,0.173469387755102,0.37755102040816324,1.0,0.0,0.0,0.0,0,0.0,16,500000,0.9375,1176.6666666666667
thompson,33,44,0.173469387755102,0.3979591836734693,1.0,0.0,0.0,0.0,0,0.0,16,500000,0.9375,1176.6666666666667
thompson,33,45,0.173469387755102,0.4183673469387754,1.0,0.0,0.0,0.0,0,0.0,16,500000,0.9375,1176.6666666666667
thompson,33,46,0.173469387755102,0.43877551020408156,1.0,0.0,0.0,0.0,0,0.0,16,500000,0.9375,1176.6666666666667
thompson,33,47,0.173469387755102,0.4591836734693877,1.0,0.0,0.0,0.0,0,0.0,16,500000,0.9375,1176.6666666666667
thompson,33,48,0.173469387755102,0.47959183673469385,1.0,0.0,0.0,0.0,0,0.0,16,500000,0.9375,1176.6666666666667
thompson,33,49,0.173469387755102,0.5,1.0,0.0,0.0,0.0,0,0.0,16,500000,0.9375,1176.6666666666667
thompson,34,0,0.19387755102040816,-0.5,1.0,0.0,0.0,0.0,0,0.0,16,500000,1.0,1151.6875
thompson,34,1,0.19387755102040816,-0.47959183673469385,1.0,0.0,0.0,0.0,0,0.0,16,500000,1.0,1151.6875
thompson,34,2,0.19387755102040816,-0.45918367346938777,1.0,0.0,0.0,0.0,0,0.0,16,500000,1.0,1151.6875
thompson,34,3,0.19387755102040816,-0.4387755102040816,1.0,0.0,0.0,0.0,0,0.0,16,500000,1.0,1151.6875
thompson,34,4,0.19387755102040816,-0.41836734693877553,1.0,0.0,0.0,0.0,0,0.0,16,500000,1.0,1151.6875
thompson,34,5,0.19387755102040816,-0.3979591836734694,1.0,0.0,0.0,0.0,0,0.0,16,500000,1.0,1151.6875
thompson,34,6,0.19387755102040816,-0.37755102040816324,1.0,0.0,0.0,0.0,0,0.0,16,500000,1.0,1151.6875
thompson,34,7,0.19387755102040816,-0.35714285714285715,1.0,0.0,0.0,0.0,0,0.0,16,500000,1.0,1151.6875
thompson,34,8,0.19387755102040816,-0.33673469387755106,1.0,0.0,0.0,0.0,0,0.0,16,500000,1.0,1151.6875
thompson,34,9,0.19387755102040816,-0.3163265306122449,1.0,0.0,0.0,0.0,0,0.0,16,500000,1.0,1150.375
thompson,34,10,0.19387755102040816,-0.29591836734693877,1.0,0.0,0.0,0.0,0,0.0,16,500000,1.0,1150.375
thompson,34,11,0.19387755102040816,-0.2755102040816327,1.0,0.0,0.0,0.0,0,0.0,16,500000,1.0,1150.375
thompson,34,12,0.19387755102040816,-0.25510204081632654,1.0,0.0,0.0,0.0,0,0.0,16,500000,1.0,1150.375
thompson,34,13,0.19387755102040816,-0.23469387755102045,1.0,0.0,0.0,0.0,0,0.0,16,500000,1.0,1150.375
thompson,34,14,0.19387755102040816,-0.2142857142857143,1.0,0.0,0.0,0.0,0,0.0,16,500000,1.0,1150.375
thompson,34,15,0.19387755102040816,-0.1938775510204082,1.0,0.0,0.0,0.0,0,0.0,16,500000,1.0,1150.375
thompson,34,16,0.19387755102040816,-0.17346938775510207,1.0,0.0,0.0,0.0,0,0.0,16,500000,1.0,1150.375
thompson,34,17,0.19387755102040816,-0.15306122448979592,1.0,0.0,0.0,0.0,0,0.0,16,500000,1.0,1150.375
thompson,34,18,0.19387755102040816,-0.13265306122448983,1.0,0.0,0.0,0.0,0,0.0,16,500000,1.0,1150.375
thompson,34,19,0.19387755102040816,-0.11224489795918369,1.0,0.0,0.0,0.0,0,0.0,16,500000,1.0,1150.375
thompson,34,20,0.19387755102040816,-0.0918367346938776,1.0,0.0,0.0,0.0,0,0.0,16,500000,1.0,1150.375
thompson,34,21,0.19387755102040816,-0.07142857142857145,1.0,0.0,0.0,0.0,0,0.0,16,500000,1.0,1150.375
thompson,34,22,0.19387755102040816,-0.05102040816326536,1.0,0.0,0.0,0.0,0,0.0,16,500000,0.9375,1260.4666666666667
thompson,34,23,0.19387755102040816,-0.030612244897959218,1.0,0.0,0.0,0.0,0,0.0,16,500000,0.9375,1260.4666666666667
thompson,34,24,0.19387755102040816,-0.010204081632653073,1.0,0.0,0.0,0.0,0,0.0,16,500000,0.9375,1260.4666666666667
thompson,34,25,0.19387755102040816,0.010204081632653073,1.0,0.0,0.0,0.0,0,0.0,16,500000,0.9375,1260.4666666666667
thompson,34,26,0.19387755102040816,0.030612244897959107,1.0,0.0,0.0,0.0,0,0.0,16,500000,0.9375,1260.4666666666667
thompson,34,27,0.19387755102040816,0.05102040816326525,1.0,0.0,0.0,0.0,0,0.0,16,500000,0.9375,1260.4666666666667
thompson,34,28,0.19387755102040816,0.0714285714285714,1.0,0.0,0.0,0.0,0,0.0,16,500000,0.9375,1260.4666666666667
thompson,34,29,0.19387755102040816,0.09183673469387754,1.0,0.0,0.0,0.0,0,0.0,16,500000,0.9375,1260.4666666666667
thompson,34,30,0.19387755102040816,0.11224489795918358,1.0,0.0,0.0,0.0,0,0.0,16,500000,0.9375,1260.4666666666667
thompson,34,31,0.19387755102040816,0.13265306122448972,1.0,0.0,0.0,0.0,0,0.0,16,500000,0.9375,1260.4666666666667
thompson,34,32,0.19387755102040816,0.15306122448979587,1.0,0.0,0.0,0.0,0,0.0,16,500000,0.9375,1260.4666666666667
thompson,34,33,0.19387755102040816,0.173469387755102,1.0,0.0,0.0,0.0,0,0.0,16,500000,0.9375,1176.6666666666667
thompson,34,34,0.19387755102040816,0.19387755102040816,1.0,0.0,0.0,0.0,0,0.0,16,500000,0.9375,1176.6666666666667
thompson,34,35,0.19387755102040816,0.2142857142857142,1.0,0.0,0.0,0.0,0,0.0,16,500000,0.9375,1176.6666666666667
thompson,34,36,0.19387755102040816,0.23469387755102034,1.0,0.0,0.0,0.0,0,0.0,16,500000,0.9375,1176.6666666666667
thompson,34,37,0.19387755102040816,0.2551020408163265,1.0,0.0,0.0,0.0,0,0.0,16,500000,0.9375,1176.6666666666667
thompson,34,38,0.19387755102040816,0.2755102040816326,1.0,0.0,0.0,0.0,0,0.0,16,500000,0.9375,1176.6666666666667
thompson,34,39,0.19387755102040816,0.29591836734693866,1.0,0.0,0.0,0.0,0,0.0,16,500000,0.9375,1176.6666666666667
thompson,34,40,0.19387755102040816,0.3163265306122448,1.0,0.0,0.0,0.0,0,0.0,16,500000,0.9375,1176.6666666666667
thompson,34,41,0.19387755102040816,0.33673469387755095,1.0,0.0,0.0,0.0,0,0.0,16,500000,0.9375,1176.6666666666667
thompson,34,42,0.19387755102040816,0.3571428571428571,1.0,0.0,0.0,0.0,0,0.0,16,500000,0.9375,1176.6666666666667
thompson,34,43,0.19387755102040816,0.37755102040816324,1.0,0.0,0.0,0.0,0,0.0,16,500000,0.9375,1176.6666666666667
thompson,34,44,0.19387755102040816,0.3979591836734693,1.0,0.0,0.0,0.0,0,0.0,16,500000,0.9375,1176.6666666666667
thompson,34,45,0.19387755102040816,0.4183673469387754,1.0,0.0,0.0,0.0,0,0.0,16,500000,0.9375,1176.6666666666667
thompson,34,46,0.19387755102040816,0.43877551020408156,1.0,0.0,0.0,0.0,0,0.0,16,500000,0.9375,1176.6666666666667
thompson,34,47,0.19387755102040816,0.4591836734693877,1.0,0.0,0.0,0.0,0,0.0,16,500000,0.9375,1176.6666666666667
thompson,34,48,0.19387755102040816,0.47959183673469385,1.0,0.0,0.0,0.0,0,0.0,16,500000,0.9375,1176.6666666666667
thompson,34,49,0.19387755102040816,0.5,1.0,0.0,0.0,0.0,0,0.0,16,500000,0.9375,1176.6666666666667
thompson,35,0,0.2142857142857142,-0.5,1.0,0.0,0.0,0.0,0,0.0,16,500000,1.0,1151.6875
thompson,35,1,0.2142857142857142,-0.47959183673469385,1.0,0.0,0.0,0.0,0,0.0,16,500000,1.0,1151.6875
thompson,35,2,0.2142857142857142,-0.45918367346938777,1.0,0.0,0.0,0.0,0,0.0,16,500000,1.0,1151.6875
thompson,35,3,0.2142857142857142,-0.4387755102040816,1.0,0.0,0.0,0.0,0,0.0,16,500000,1.0,1151.6875
thompson,35,4,0.2142857142857142,-0.41836734693877553,1.0,0.0,0.0,0.0,0,0.0,16,500000,1.0,1151.6875
thompson,35,5,0.2142857142857142,-0.3979591836734694,1.0,0.0,0.0,0.0,0,0.0,16,500000,1.0,1151.6875
thompson,35,6,0.2142857142857142,-0.37755102040816324,1.0,0.0,0.0,0.0,0,0.0,16,500000,1.0,1151.6875
thompson,35,7,0.2142857142857142,-0.35714285714285715,1.0,0.0,0.0,0.0,0,0.0,16,500000,1.0,1151.6875
thompson,35,8,0.2142857142857142,-0.33673469387755106,1.0,0.0,0.0,0.0,0,0.0,16,500000,1.0,1151.6875
thompson,35,9,0.2142857142857142,-0.3163265306122449,1.0,0.0,0.0,0.0,0,0.0,16,500000,1.0,1150.375
thompson,35,10,0.2142857142857142,-0.29591836734693877,1.0,0.0,0.0,0.0,0,0.0,16,500000,1.0,1150.375
thompson,35,11,0.2142857142857142,-0.2755102040816327,1.0,0.0,0.0,0.0,0,0.0,16,500000,1.0,1150.375
thompson,35,12,0.2142857142857142,-0.25510204081632654,1.0,0.0,0.0,0.0,0,0.0,16,500000,1.0,1150.375
thompson,35,13,0.2142857142857142,-0.23469387755102045,1.0,0.0,0.0,0.0,0,0.0,16,500000,1.0,1150.375
thompson,35,14,0.2142857142857142,-0.2142857142857143,1.0,0.0,0.0,0.0,0,0.0,16,500000,1.0,1150.375
thompson,35,15,0.2142857142857142,-0.1938775510204082,1.0,0.0,0.0,0.0,0,0.0,16,500000,1.0,1150.375
thompson,35,16,0.2142857142857142,-0.17346938775510207,1.0,0.0,0.0,0.0,0,0.0,16,500000,1.0,1150.375
thompson,35,17,0.2142857142857142,-0.15306122448979592,1.0,0.0,0.0,0.0,0,0.0,16,500000,1.0,1150.375
thompson,35,18,0.2142857142857142,-0.13265306122448983,1.0,0.0,0.0,0.0,0,0.0,16,500000,1.0,1150.375
thompson,35,19,0.2142857142857142,-0.11224489795918369,1.0,0.0,0.0,0.0,0,0.0,16,500000,1.0,1150.375
thompson,35,20,0.2142857142857142,-0.0918367346938776,1.0,0.0,0.0,0.0,0,0.0,16,500000,1.0,1150.375
thompson,35,21,0.2142857142857142,-0.07142857142857145,1.0,0.0,0.0,0.0,0,0.0,16,500000,1.0,1150.375
thompson,35,22,0.2142857142857142,-0.05102040816326536,1.0,0.0,0.0,0.0,0,0.0,16,500000,0.9375,1260.4666666666667
thompson,35,23,0.2142857142857142,-0.030612244897959218,1.0,0.0,0.0,0.0,0,0.0,16,500000,0.9375,1260.4666666666667
thompson,35,24,0.2142857142857142,-0.010204081632653073,1.0,0.0,0.0,0.0,0,0.0,16,500000,0.9375,1260.4666666666667
thompson,35,25,0.2142857142857142,0.010204081632653073,1.0,0.0,0.0,0.0,0,0.0,16,500000,0.9375,1260.4666666666667
thompson,35,26,0.2142857142857142,0.030612244897959107,1.0,0.0,0.0,0.0,0,0.0,16,500000,0.9375,1260.4666666666667
thompson,35,27,0.2142857142857142,0.05102040816326525,1.0,0.0,0.0,0.0,0,0.0,16,500000,0.9375,1260.4666666666667
thompson,35,28,0.2142857142857142,0.0714285714285714,1.0,0.0,0.0,0.0,0,0.0,16,500000,0.9375,1260.4666666666667
thompson,35,29,0.2142857142857142,0.09183673469387754,1.0,0.0,0.0,0.0,0,0.0,16,500000,0.9375,1260.4666666666667
thompson,35,30,0.2142857142857142,0.11224489795918358,1.0,0.0,0.0,0.0,0,0.0,16,500000,0.9375,1260.4666666666667
thompson,35,31,0.2142857142857142,0.13265306122448972,1.0,0.0,0.0,0.0,0,0.0,16,500000,0.9375,1260.4666666666667
thompson,35,32,0.2142857142857142,0.15306122448979587,1.0,0.0,0.0,0.0,0,0.0,16,500000,0.9375,1260.4666666666667
thompson,35,33,0.2142857142857142,0.173469387755102,1.0,0.0,0.0,0.0,0,0.0,16,500000,0.9375,1176.6666666666667
thompson,35,34,0.2142857142857142,0.19387755102040816,1.0,0.0,0.0,0.0,0,0.0,16,500000,0.9375,1176.6666666666667
thompson,35,35,0.2142857142857142,0.2142857142857142,1.0,0.0,0.0,0.0,0,0.0,16,500000,0.9375,1176.6666666666667
thompson,35,36,0.2142857142857142,0.23469387755102034,1.0,0.0,0.0,0.0,0,0.0,16,500000,0.9375,1176.6666666666667
thompson,35,37,0.2142857142857142,0.2551020408163265,1.0,0.0,0.0,0.0,0,0.0,16,500000,0.9375,1176.6666666666667
thompson,35,38,0.2142857142857142,0.2755102040816326,1.0,0.0,0.0,0.0,0,0.0,16,500000,0.9375,1176.6666666666667
thompson,35,39,0.2142857142857142,0.29591836734693866,1.0,0.0,0.0,0.0,0,0.0,16,500000,0.9375,1176.6666666666667
thompson,35,40,0.2142857142857142,0.3163265306122448,1.0,0.0,0.0,0.0,0,0.0,16,500000,0.9375,1176.6666666666667
thompson,35,41,0.2142857142857142,0.33673469387755095,1.0,0.0,0.0,0.0,0,0.0,16,500000,0.9375,1176.6666666666667
thompson,35,42,0.2142857142857142,0.3571428571428571,1.0,0.0,0.0,0.0,0,0.0,16,500000,0.9375,1176.6666666666667
thompson,35,43,0.2142857142857142,0.37755102040816324,1.0,0.0,0.0,0.0,0,0.0,16,500000,0.9375,1176.6666666666667
thompson,35,44,0.2142857142857142,0.3979591836734693,1.0,0.0,0.0,0.0,0,0.0,16,500000,0.9375,1176.6666666666667
thompson,35,45,0.2142857142857142,0.4183673469387754,1.0,0.0,0.0,0.0,0,0.0,16,500000,0.9375,1176.6666666666667
thompson,35,46,0.2142857142857142,0.43877551020408156,1.0,0.0,0.0,0.0,0,0.0,16,500000,0.9375,1176.6666666666667
thompson,35,47,0.2142857142857142,0.4591836734693877,1.0,0.0,0.0,0.0,0,0.0,16,500000,0.9375,1176.6666666666667
thompson,35,48,0.2142857142857142,0.47959183673469385,1.0,0.0,0.0,0.0,0,0.0,16,500000,0.9375,1176.6666666666667
thompson,35,49,0.2142857142857142,0.5,1.0,0.0,0.0,0.0,0,0.0,16,500000,0.9375,1176.6666666666667
thompson,36,0,0.23469387755102034,-0.5,1.0,0.0,0.0,0.0,0,0.0,16,500000,1.0,1151.6875
thompson,36,1,0.23469387755102034,-0.47959183673469385,1.0,0.0,0.0,0.0,0,0.0,16,500000,1.0,1151.6875
thompson,36,2,0.23469387755102034,-0.45918367346938777,1.0,0.0,0.0,0.0,0,0.0,16,500000,1.0,1151.6875
thompson,36,3,0.23469387755102034,-0.4387755102040816,1.0,0.0,0.0,0.0,0,0.0,16,500000,1.0,1151.6875
thompson,36,4,0.23469387755102034,-0.41836734693877553,1.0,0.0,0.0,0.0,0,0.0,16,500000,1.0,1151.6875
thompson,36,5,0.23469387755102034,-0.3979591836734694,1.0,0.0,0.0,0.0,0,0.0,16,500000,1.0,1151.6875
thompson,36,6,0.23469387755102034,-0.37755102040816324,1.0,0.0,0.0,0.0,0,0.0,16,500000,1.0,1151.6875
thompson,36,7,0.23469387755102034,-0.35714285714285715,1.0,0.0,0.0,0.0,0,0.0,16,500000,1.0,1151.6875
thompson,36,8,0.23469387755102034,-0.33673469387755106,1.0,0.0,0.0,0.0,0,0.0,16,500000,1.0,1151.6875
thompson,36,9,0.23469387755102034,-0.3163265306122449,1.0,0.0,0.0,0.0,0,0.0,16,500000,1.0,1150.375
thompson,36,10,0.23469387755102034,-0.29591836734693877,1.0,0.0,0.0,0.0,0,0.0,16,500000,1.0,1150.375
thompson,36,11,0.23469387755102034,-0.2755102040816327,1.0,0.0,0.0,0.0,0,0.0,16,500000,1.0,1150.375
thompson,36,12,0.23469387755102034,-0.25510204081632654,1.0,0.0,0.0,0.0,0,0.0,16,500000,1.0,1150.375
thompson,36,13,0.23469387755102034,-0.23469387755102045,1.0,0.0,0.0,0.0,0,0.0,16,500000,1.0,1150.375
thompson,36,14,0.23469387755102034,-0.2142857142857143,1.0,0.0,0.0,0.0,0,0.0,16,500000,1.0,1150.375
thompson,36,15,0.23469387755102034,-0.1938775510204082,1.0,0.0,0.0,0.0,0,0.0,16,500000,1.0,1150.375
thompson,36,16,0.23469387755102034,-0.17346938775510207,1.0,0.0,0.0,0.0,0,0.0,16,500000,1.0,1150.375
thompson,36,17,0.23469387755102034,-0.15306122448979592,1.0,0.0,0.0,0.0,0,0.0,16,500000,1.0,1150.375
thompson,36,18,0.23469387755102034,-0.13265306122448983,1.0,0.0,0.0,0.0,0,0.0,16,500000,1.0,1150.375
thompson,36,19,0.23469387755102034,-0.11224489795918369,1.0,0.0,0.0,0.0,0,0.0,16,500000,1.0,1150.375
thompson,36,20,0.23469387755102034,-0.0918367346938776,1.0,0.0,0.0,0.0,0,0.0,16,500000,1.0,1150.375
thompson,36,21,0.23469387755102034,-0.07142857142857145,1.0,0.0,0.0,0.0,0,0.0,16,500000,1.0,1150.375
thompson,36,22,0.23469387755102034,-0.05102040816326536,1.0,0.0,0.0,0.0,0,0.0,16,500000,0.9375,1260.4666666666667
thompson,36,23,0.23469387755102034,-0.030612244897959218,1.0,0.0,0.0,0.0,0,0.0,16,500000,0.9375,1260.4666666666667
thompson,36,24,0.23469387755102034,-0.010204081632653073,1.0,0.0,0.0,0.0,0,0.0,16,500000,0.9375,1260.4666666666667
thompson,36,25,0.23469387755102034,0.010204081632653073,1.0,0.0,0.0,0.0,0,0.0,16,500000,0.9375,1260.4666666666667
thompson,36,26,0.23469387755102034,0.030612244897959107,1.0,0.0,0.0,0.0,0,0.0,16,500000,0.9375,1260.4666666666667
thompson,36,27,0.23469387755102034,0.05102040816326525,1.0,0.0,0.0,0.0,0,0.0,16,500000,0.9375,1260.4666666666667
thompson,36,28,0.23469387755102034,0.0714285714285714,1.0,0.0,0.0,0.0,0,0.0,16,500000,0.9375,1260.4666666666667
thompson,36,29,0.23469387755102034,0.09183673469387754,1.0,0.0,0.0,0.0,0,0.0,16,500000,0.9375,1260.4666666666667
thompson,36,30,0.23469387755102034,0.11224489795918358,1.0,0.0,0.0,0.0,0,0.0,16,500000,0.9375,1260.4666666666667
thompson,36,31,0.23469387755102034,0.13265306122448972,1.0,0.0,0.0,0.0,0,0.0,16,500000,0.9375,1260.4666666666667
thompson,36,32,0.23469387755102034,0.15306122448979587,1.0,0.0,0.0,0.0,0,0.0,16,500000,0.9375,1260.4666666666667
thompson,36,33,0.23469387755102034,0.173469387755102,1.0,0.0,0.0,0.0,0,0.0,16,500000,0.9375,1176.6666666666667
thompson,36,34,0.23469387755102034,0.19387755102040816,1.0,0.0,0.0,0.0,0,0.0,16,500000,0.9375,1176.6666666666667
thompson,36,35,0.23469387755102034,0.2142857142857142,1.0,0.0,0.0,0.0,0,0.0,16,500000,0.9375,1176.6666666666667
thompson,36,36,0.23469387755102034,0.23469387755102034,1.0,0.0,0.0,0.0,0,0.0,16,500000,0.9375,1176.6666666666667
thompson,36,37,0.23469387755102034,0.2551020408163265,1.0,0.0,0.0,0.0,0,0.0,16,500000,0.9375,1176.6666666666667
thompson,36,38,0.23469387755102034,0.2755102040816326,1.0,0.0,0.0,0.0,0,0.0,16,500000,0.9375,1176.6666666666667
thompson,36,39,0.23469387755102034,0.29591836734693866,1.0,0.0,0.0,0.0,0,0.0,16,500000,0.9375,1176.6666666666667
thompson,36,40,0.23469387755102034,0.3163265306122448,1.0,0.0,0.0,0.0,0,0.0,16,500000,0.9375,1176.6666666666667
thompson,36,41,0.23469387755102034,0.33673469387755095,1.0,0.0,0.0,0.0,0,0.0,16,500000,0.9375,1176.6666666666667
thompson,36,42,0.23469387755102034,0.3571428571428571,1.0,0.0,0.0,0.0,0,0.0,16,500000,0.9375,1176.6666666666667
thompson,36,43,0.23469387755102034,0.37755102040816324,1.0,0.0,0.0,0.0,0,0.0,16,500000,0.9375,1176.6666666666667
thompson,36,44,0.23469387755102034,0.3979591836734693,1.0,0.0,0.0,0.0,0,0.0,16,500000,0.9375,1176.6666666666667
thompson,36,45,0.23469387755102034,0.4183673469387754,1.0,0.0,0.0,0.0,0,0.0,16,500000,0.9375,1176.6666666666667
thompson,36,46,0.23469387755102034,0.43877551020408156,1.0,0.0,0.0,0.0,0,0.0,16,500000,0.9375,1176.6666666666667
thompson,36,47,0.23469387755102034,0.4591836734693877,1.0,0.0,0.0,0.0,0,0.0,16,500000,0.9375,1176.6666666666667
thompson,36,48,0.23469387755102034,0.47959183673469385,1.0,0.0,0.0,0.0,0,0.0,16,500000,0.9375,1176.6666666666667
thompson,36,49,0.23469387755102034,0.5,1.0,0.0,0.0,0.0,0,0.0,16,500000,0.9375,1176.6666666666667
thompson,37,0,0.2551020408163265,-0.5,1.0,0.0,0.0,0.0,0,0.0,16,500000,1.0,1151.6875
thompson,37,1,0.2551020408163265,-0.47959183673469385,1.0,0.0,0.0,0.0,0,0.0,16,500000,1.0,1151.6875
thompson,37,2,0.2551020408163265,-0.45918367346938777,1.0,0.0,0.0,0.0,0,0.0,16,500000,1.0,1151.6875
thompson,37,3,0.2551020408163265,-0.4387755102040816,1.0,0.0,0.0,0.0,0,0.0,16,500000,1.0,1151.6875
thompson,37,4,0.2551020408163265,-0.41836734693877553,1.0,0.0,0.0,0.0,0,0.0,16,500000,1.0,1151.6875
thompson,37,5,0.2551020408163265,-0.3979591836734694,1.0,0.0,0.0,0.0,0,0.0,16,500000,1.0,1151.6875
thompson,37,6,0.2551020408163265,-0.37755102040816324,1.0,0.0,0.0,0.0,0,0.0,16,500000,1.0,1151.6875
thompson,37,7,0.2551020408163265,-0.35714285714285715,1.0,0.0,0.0,0.0,0,0.0,16,500000,1.0,1151.6875
thompson,37,8,0.2551020408163265,-0.33673469387755106,1.0,0.0,0.0,0.0,0,0.0,16,500000,1.0,1151.6875
thompson,37,9,0.2551020408163265,-0.3163265306122449,1.0,0.0,0.0,0.0,0,0.0,16,500000,1.0,1150.375
thompson,37,10,0.2551020408163265,-0.29591836734693877,1.0,0.0,0.0,0.0,0,0.0,16,500000,1.0,1150.375
thompson,37,11,0.2551020408163265,-0.2755102040816327,1.0,0.0,0.0,0.0,0,0.0,16,500000,1.0,1150.375
thompson,37,12,0.2551020408163265,-0.25510204081632654,1.0,0.0,0.0,0.0,0,0.0,16,500000,1.0,1150.375
thompson,37,13,0.2551020408163265,-0.23469387755102045,1.0,0.0,0.0,0.0,0,0.0,16,500000,1.0,1150.375
thompson,37,14,0.2551020408163265,-0.2142857142857143,1.0,0.0,0.0,0.0,0,0.0,16,500000,1.0,1150.375
thompson,37,15,0.2551020408163265,-0.1938775510204082,1.0,0.0,0.0,0.0,0,0.0,16,500000,1.0,1150.375
thompson,37,16,0.2551020408163265,-0.17346938775510207,1.0,0.0,0.0,0.0,0,0.0,16,500000,1.0,1150.375
thompson,37,17,0.2551020408163265,-0.15306122448979592,1.0,0.0,0.0,0.0,0,0.0,16,500000,1.0,1150.375
thompson,37,18,0.2551020408163265,-0.13265306122448983,1.0,0.0,0.0,0.0,0,0.0,16,500000,1.0,1150.375
thompson,37,19,0.2551020408163265,-0.11224489795918369,1.0,0.0,0.0,0.0,0,0.0,16,500000,1.0,1150.375
thompson,37,20,0.2551020408163265,-0.0918367346938776,1.0,0.0,0.0,0.0,0,0.0,16,500000,1.0,1150.375
thompson,37,21,0.2551020408163265,-0.07142857142857145,1.0,0.0,0.0,0.0,0,0.0,16,500000,1.0,1150.375
thompson,37,22,0.2551020408163265,-0.05102040816326536,1.0,0.0,0.0,0.0,0,0.0,16,500000,0.9375,1260.4666666666667
thompson,37,23,0.2551020408163265,-0.030612244897959218,1.0,0.0,0.0,0.0,0,0.0,16,500000,0.9375,1260.4666666666667
thompson,37,24,0.2551020408163265,-0.010204081632653073,1.0,0.0,0.0,0.0,0,0.0,16,500000,0.9375,1260.4666666666667
thompson,37,25,0.2551020408163265,0.010204081632653073,1.0,0.0,0.0,0.0,0,0.0,16,500000,0.9375,1260.4666666666667
thompson,37,26,0.2551020408163265,0.030612244897959107,1.0,0.0,0.0,0.0,0,0.0,16,500000,0.9375,1260.4666666666667
thompson,37,27,0.2551020408163265,0.05102040816326525,1.0,0.0,0.0,0.0,0,0.0,16,500000,0.9375,1260.4666666666667
thompson,37,28,0.2551020408163265,0.0714285714285714,1.0,0.0,0.0,0.0,0,0.0,16,500000,0.9375,1260.4666666666667
thompson,37,29,0.2551020408163265,0.09183673469387754,1.0,0.0,0.0,0.0,0,0.0,16,500000,0.9375,1260.4666666666667
thompson,37,30,0.2551020408163265,0.11224489795918358,1.0,0.0,0.0,0.0,0,0.0,16,500000,0.9375,1260.4666666666667
thompson,37,31,0.2551020408163265,0.13265306122448972,1.0,0.0,0.0,0.0,0,0.0,16,500000,0.9375,1260.4666666666667
thompson,37,32,0.2551020408163265,0.15306122448979587,1.0,0.0,0.0,0.0,0,0.0,16,500000,0.9375,1260.4666666666667
thompson,37,33,0.2551020408163265,0.173469387755102,1.0,0.0,0.0,0.0,0,0.0,16,500000,0.9375,1176.6666666666667
thompson,37,34,0.2551020408163265,0.19387755102040816,1.0,0.0,0.0,0.0,0,0.0,16,500000,0.9375,1176.6666666666667
thompson,37,35,0.2551020408163265,0.2142857142857142,1.0,0.0,0.0,0.0,0,0.0,16,500000,0.9375,1176.6666666666667
thompson,37,36,0.2551020408163265,0.23469387755102034,1.0,0.0,0.0,0.0,0,0.0,16,500000,0.9375,1176.6666666666667
thompson,37,37,0.2551020408163265,0.2551020408163265,1.0,0.0,0.0,0.0,0,0.0,16,500000,0.9375,1176.6666666666667
thompson,37,38,0.2551020408163265,0.2755102040816326,1.0,0.0,0.0,0.0,0,0.0,16,500000,0.9375,1176.6666666666667
thompson,37,39,0.2551020408163265,0.29591836734693866,1.0,0.0,0.0,0.0,0,0.0,16,500000,0.9375,1176.6666666666667
thompson,37,40,0.2551020408163265,0.3163265306122448,1.0,0.0,0.0,0.0,0,0.0,16,500000,0.9375,1176.6666666666667
thompson,37,41,0.2551020408163265,0.33673469387755095,1.0,0.0,0.0,0.0,0,0.0,16,500000,0.9375,1176.6666666666667
thompson,37,42,0.2551020408163265,0.3571428571428571,1.0,0.0,0.0,0.0,0,0.0,16,500000,0.9375,1176.6666666666667
thompson,37,43,0.2551020408163265,0.37755102040816324,1.0,0.0,0.0,0.0,0,0.0,16,500000,0.9375,1176.6666666666667
thompson,37,44,0.2551020408163265,0.3979591836734693,1.0,0.0,0.0,0.0,0,0.0,16,500000,0.9375,1176.6666666666667
thompson,37,45,0.2551020408163265,0.4183673469387754,1.0,0.0,0.0,0.0,0,0.0,16,500000,0.9375,1176.6666666666667
thompson,37,46,0.2551020408163265,0.43877551020408156,1.0,0.0,0.0,0.0,0,0.0,16,500000,0.9375,1176.6666666666667
thompson,37,47,0.2551020408163265,0.4591836734693877,1.0,0.0,0.0,0.0,0,0.0,16,500000,0.9375,1176.6666666666667
thompson,37,48,0.2551020408163265,0.47959183673469385,1.0,0.0,0.0,0.0,0,0.0,16,500000,0.9375,1176.6666666666667
thompson,37,49,0.2551020408163265,0.5,1.0,0.0,0.0,0.0,0,0.0,16,500000,0.9375,1176.6666666666667
thompson,38,0,0.2755102040816326,-0.5,1.0,0.0,0.0,0.0,0,0.0,16,500000,1.0,1151.6875
thompson,38,1,0.2755102040816326,-0.47959183673469385,1.0,0.0,0.0,0.0,0,0.0,16,500000,1.0,1151.6875
thompson,38,2,0.2755102040816326,-0.45918367346938777,1.0,0.0,0.0,0.0,0,0.0,16,500000,1.0,1151.6875
thompson,38,3,0.2755102040816326,-0.4387755102040816,1.0,0.0,0.0,0.0,0,0.0,16,500000,1.0,1151.6875
thompson,38,4,0.2755102040816326,-0.41836734693877553,1.0,0.0,0.0,0.0,0,0.0,16,500000,1.0,1151.6875
thompson,38,5,0.2755102040816326,-0.3979591836734694,1.0,0.0,0.0,0.0,0,0.0,16,500000,1.0,1151.6875
thompson,38,6,0.2755102040816326,-0.37755102040816324,1.0,0.0,0.0,0.0,0,0.0,16,500000,1.0,1151.6875
thompson,38,7,0.2755102040816326,-0.35714285714285715,1.0,0.0,0.0,0.0,0,0.0,16,500000,1.0,1151.6875
thompson,38,8,0.2755102040816326,-0.33673469387755106,1.0,0.0,0.0,0.0,0,0.0,16,500000,1.0,1151.6875
thompson,38,9,0.2755102040816326,-0.3163265306122449,1.0,0.0,0.0,0.0,0,0.0,16,500000,1.0,1150.375
thompson,38,10,0.2755102040816326,-0.29591836734693877,1.0,0.0,0.0,0.0,0,0.0,16,500000,1.0,1150.375
thompson,38,11,0.2755102040816326,-0.2755102040816327,1.0,0.0,0.0,0.0,0,0.0,16,500000,1.0,1150.375
thompson,38,12,0.2755102040816326,-0.25510204081632654,1.0,0.0,0.0,0.0,0,0.0,16,500000,1.0,1150.375
thompson,38,13,0.2755102040816326,-0.23469387755102045,1.0,0.0,0.0,0.0,0,0.0,16,500000,1.0,1150.375
thompson,38,14,0.2755102040816326,-0.2142857142857143,1.0,0.0,0.0,0.0,0,0.0,16,500000,1.0,1150.375
thompson,38,15,0.2755102040816326,-0.1938775510204082,1.0,0.0,0.0,0.0,0,0.0,16,500000,1.0,1150.375
thompson,38,16,0.2755102040816326,-0.17346938775510207,1.0,0.0,0.0,0.0,0,0.0,16,500000,1.0,1150.375
thompson,38,17,0.2755102040816326,-0.15306122448979592,1.0,0.0,0.0,0.0,0,0.0,16,500000,1.0,1150.375
thompson,38,18,0.2755102040816326,-0.13265306122448983,1.0,0.0,0.0,0.0,0,0.0,16,500000,1.0,1150.375
thompson,38,19,0.2755102040816326,-0.11224489795918369,1.0,0.0,0.0,0.0,0,0.0,16,500000,1.0,1150.375
thompson,38,20,0.2755102040816326,-0.0918367346938776,1.0,0.0,0.0,0.0,0,0.0,16,500000,1.0,1150.375
thompson,38,21,0.2755102040816326,-0.07142857142857145,1.0,0.0,0.0,0.0,0,0.0,16,500000,1.0,1150.375
thompson,38,22,0.2755102040816326,-0.05102040816326536,1.0,0.0,0.0,0.0,0,0.0,16,500000,0.9375,1260.4666666666667
thompson,38,23,0.2755102040816326,-0.030612244897959218,1.0,0.0,0.0,0.0,0,0.0,16,500000,0.9375,1260.4666666666667
thompson,38,24,0.2755102040816326,-0.010204081632653073,1.0,0.0,0.0,0.0,0,0.0,16,500000,0.9375,1260.4666666666667
thompson,38,25,0.2755102040816326,0.010204081632653073,1.0,0.0,0.0,0.0,0,0.0,16,500000,0.9375,1260.4666666666667
thompson,38,26,0.2755102040816326,0.030612244897959107,1.0,0.0,0.0,0.0,0,0.0,16,500000,0.9375,1260.4666666666667
thompson,38,27,0.2755102040816326,0.05102040816326525,1.0,0.0,0.0,0.0,0,0.0,16,500000,0.9375,1260.4666666666667
thompson,38,28,0.2755102040816326,0.0714285714285714,1.0,0.0,0.0,0.0,0,0.0,16,500000,0.9375,1260.4666666666667
thompson,38,29,0.2755102040816326,0.09183673469387754,1.0,0.0,0.0,0.0,0,0.0,16,500000,0.9375,1260.4666666666667
thompson,38,30,0.2755102040816326,0.11224489795918358,1.0,0.0,0.0,0.0,0,0.0,16,500000,0.9375,1260.4666666666667
thompson,38,31,0.2755102040816326,0.13265306122448972,1.0,0.0,0.0,0.0,0,0.0,16,500000,0.9375,1260.4666666666667
thompson,38,32,0.2755102040816326,0.15306122448979587,1.0,0.0,0.0,0.0,0,0.0,16,500000,0.9375,1260.4666666666667
thompson,38,33,0.2755102040816326,0.173469387755102,1.0,0.0,0.0,0.0,0,0.0,16,500000,0.9375,1176.6666666666667
thompson,38,34,0.2755102040816326,0.19387755102040816,1.0,0.0,0.0,0.0,0,0.0,16,500000,0.9375,1176.6666666666667
thompson,38,35,0.2755102040816326,0.2142857142857142,1.0,0.0,0.0,0.0,0,0.0,16,500000,0.9375,1176.6666666666667
thompson,38,36,0.2755102040816326,0.23469387755102034,1.0,0.0,0.0,0.0,0,0.0,16,500000,0.9375,1176.6666666666667
thompson,38,37,0.2755102040816326,0.2551020408163265,1.0,0.0,0.0,0.0,0,0.0,16,500000,0.9375,1176.6666666666667
thompson,38,38,0.2755102040816326,0.2755102040816326,1.0,0.0,0.0,0.0,0,0.0,16,500000,0.9375,1176.6666666666667
thompson,38,39,0.2755102040816326,0.29591836734693866,1.0,0.0,0.0,0.0,0,0.0,16,500000,0.9375,1176.6666666666667
thompson,38,40,0.2755102040816326,0.3163265306122448,1.0,0.0,0.0,0.0,0,0.0,16,500000,0.9375,1176.6666666666667
thompson,38,41,0.2755102040816326,0.33673469387755095,1.0,0.0,0.0,0.0,0,0.0,16,500000,0.9375,1176.6666666666667
thompson,38,42,0.2755102040816326,0.3571428571428571,1.0,0.0,0.0,0.0,0,0.0,16,500000,0.9375,1176.6666666666667
thompson,38,43,0.2755102040816326,0.37755102040816324,1.0,0.0,0.0,0.0,0,0.0,16,500000,0.9375,1176.6666666666667
thompson,38,44,0.2755102040816326,0.3979591836734693,1.0,0.0,0.0,0.0,0,0.0,16,500000,0.9375,1176.6666666666667
thompson,38,45,0.2755102040816326,0.4183673469387754,1.0,0.0,0.0,0.0,0,0.0,16,500000,0.9375,1176.6666666666667
thompson,38,46,0.2755102040816326,0.43877551020408156,1.0,0.0,0.0,0.0,0,0.0,16,500000,0.9375,1176.6666666666667
thompson,38,47,0.2755102040816326,0.4591836734693877,1.0,0.0,0.0,0.0,0,0.0,16,500000,0.9375,1176.6666666666667
thompson,38,48,0.2755102040816326,0.47959183673469385,1.0,0.0,0.0,0.0,0,0.0,16,500000,0.9375,1176.6666666666667
thompson,38,49,0.2755102040816326,0.5,1.0,0.0,0.0,0.0,0,0.0,16,500000,0.9375,1176.6666666666667
thompson,39,0,0.29591836734693866,-0.5,1.0,0.0,0.0,0.0,0,0.0,16,500000,1.0,1151.6875
thompson,39,1,0.29591836734693866,-0.47959183673469385,1.0,0.0,0.0,0.0,0,0.0,16,500000,1.0,1151.6875
thompson,39,2,0.29591836734693866,-0.45918367346938777,1.0,0.0,0.0,0.0,0,0.0,16,500000,1.0,1151.6875
thompson,39,3,0.29591836734693866,-0.4387755102040816,1.0,0.0,0.0,0.0,0,0.0,16,500000,1.0,1151.6875
thompson,39,4,0.29591836734693866,-0.41836734693877553,1.0,0.0,0.0,0.0,0,0.0,16,500000,1.0,1151.6875
thompson,39,5,0.29591836734693866,-0.3979591836734694,1.0,0.0,0.0,0.0,0,0.0,16,500000,1.0,1151.6875
thompson,39,6,0.29591836734693866,-0.37755102040816324,1.0,0.0,0.0,0.0,0,0.0,16,500000,1.0,1151.6875
thompson,39,7,0.29591836734693866,-0.35714285714285715,1.0,0.0,0.0,0.0,0,0.0,16,500000,1.0,1151.6875
thompson,39,8,0.29591836734693866,-0.33673469387755106,1.0,0.0,0.0,0.0,0,0.0,16,500000,1.0,1151.6875
thompson,39,9,0.29591836734693866,-0.3163265306122449,1.0,0.0,0.0,0.0,0,0.0,16,500000,1.0,1150.375
thompson,39,10,0.29591836734693866,-0.29591836734693877,1.0,0.0,0.0,0.0,0,0.0,16,500000,1.0,1150.375
thompson,39,11,0.29591836734693866,-0.2755102040816327,1.0,0.0,0.0,0.0,0,0.0,16,500000,1.0,1150.375
thompson,39,12,0.29591836734693866,-0.25510204081632654,1.0,0.0,0.0,0.0,0,0.0,16,500000,1.0,1150.375
thompson,39,13,0.29591836734693866,-0.23469387755102045,1.0,0.0,0.0,0.0,0,0.0,16,500000,1.0,1150.375
thompson,39,14,0.29591836734693866,-0.2142857142857143,1.0,0.0,0.0,0.0,0,0.0,16,500000,1.0,1150.375
thompson,39,15,0.29591836734693866,-0.1938775510204082,1.0,0.0,0.0,0.0,0,0.0,16,500000,1.0,1150.375
thompson,39,16,0.29591836734693866,-0.17346938775510207,1.0,0.0,0.0,0.0,0,0.0,16,500000,1.0,1150.375
thompson,39,17,0.29591836734693866,-0.15306122448979592,1.0,0.0,0.0,0.0,0,0.0,16,500000,1.0,1150.375
thompson,39,18,0.29591836734693866,-0.13265306122448983,1.0,0.0,0.0,0.0,0,0.0,16,500000,1.0,1150.375
thompson,39,19,0.29591836734693866,-0.11224489795918369,1.0,0.0,0.0,0.0,0,0.0,16,500000,1.0,1150.375
thompson,39,20,0.29591836734693866,-0.0918367346938776,1.0,0.0,0.0,0.0,0,0.0,16,500000,1.0,1150.375
thompson,39,21,0.29591836734693866,-0.07142857142857145,1.0,0.0,0.0,0.0,0,0.0,16,500000,1.0,1150.375
thompson,39,22,0.29591836734693866,-0.05102040816326536,1.0,0.0,0.0,0.0,0,0.0,16,500000,0.9375,1260.4666666666667
thompson,39,23,0.29591836734693866,-0.030612244897959218,1.0,0.0,0.0,0.0,0,0.0,16,500000,0.9375,1260.4666666666667
thompson,39,24,0.29591836734693866,-0.010204081632653073,1.0,0.0,0.0,0.0,0,0.0,16,500000,0.9375,1260.4666666666667
thompson,39,25,0.29591836734693866,0.010204081632653073,1.0,0.0,0.0,0.0,0,0.0,16,500000,0.9375,1260.4666666666667
thompson,39,26,0.29591836734693866,0.030612244897959107,1.0,0.0,0.0,0.0,0,0.0,16,500000,0.9375,1260.4666666666667
thompson,39,27,0.29591836734693866,0.05102040816326525,1.0,0.0,0.0,0.0,0,0.0,16,500000,0.9375,1260.4666666666667
thompson,39,28,0.29591836734693866,0.0714285714285714,1.0,0.0,0.0,0.0,0,0.0,16,500000,0.9375,1260.4666666666667
thompson,39,29,0.29591836734693866,0.09183673469387754,1.0,0.0,0.0,0.0,0,0.0,16,500000,0.9375,1260.4666666666667
thompson,39,30,0.29591836734693866,0.11224489795918358,1.0,0.0,0.0,0.0,0,0.0,16,500000,0.9375,1260.4666666666667
thompson,39,31,0.29591836734693866,0.13265306122448972,1.0,0.0,0.0,0.0,0,0.0,16,500000,0.9375,1260.4666666666667
thompson,39,32,0.29591836734693866,0.15306122448979587,1.0,0.0,0.0,0.0,0,0.0,16,500000,0.9375,1260.4666666666667
thompson,39,33,0.29591836734693866,0.173469387755102,1.0,0.0,0.0,0.0,0,0.0,16,500000,0.9375,1176.6666666666667
thompson,39,34,0.29591836734693866,0.19387755102040816,1.0,0.0,0.0,0.0,0,0.0,16,500000,0.9375,1176.6666666666667
thompson,39,35,0.29591836734693866,0.2142857142857142,1.0,0.0,0.0,0.0,0,0.0,16,500000,0.9375,1176.6666666666667
thompson,39,36,0.29591836734693866,0.23469387755102034,1.0,0.0,0.0,0.0,0,0.0,16,500000,0.9375,1176.6666666666667
thompson,39,37,0.29591836734693866,0.2551020408163265,1.0,0.0,0.0,0.0,0,0.0,16,500000,0.9375,1176.6666666666667
thompson,39,38,0.29591836734693866,0.2755102040816326,1.0,0.0,0.0,0.0,0,0.0,16,500000,0.9375,1176.6666666666667
thompson,39,39,0.29591836734693866,0.29591836734693866,1.0,0.0,0.0,0.0,0,0.0,16,500000,0.9375,1176.6666666666667
thompson,39,40,0.29591836734693866,0.3163265306122448,1.0,0.0,0.0,0.0,0,0.0,16,500000,0.9375,1176.6666666666667
thompson,39,41,0.29591836734693866,0.33673469387755095,1.0,0.0,0.0,0.0,0,0.0,16,500000,0.9375,1176.6666666666667
thompson,39,42,0.29591836734693866,0.3571428571428571,1.0,0.0,0.0,0.0,0,0.0,16,500000,0.9375,1176.6666666666667
thompson,39,43,0.29591836734693866,0.37755102040816324,1.0,0.0,0.0,0.0,0,0.0,16,500000,0.9375,1176.6666666666667
thompson,39,44,0.29591836734693866,0.3979591836734693,1.0,0.0,0.0,0.0,0,0.0,16,500000,0.9375,1176.6666666666667
thompson,39,45,0.29591836734693866,0.4183673469387754,1.0,0.0,0.0,0.0,0,0.0,16,500000,0.9375,1176.6666666666667
thompson,39,46,0.29591836734693866,0.43877551020408156,1.0,0.0,0.0,0.0,0,0.0,16,500000,0.9375,1176.6666666666667
thompson,39,47,0.29591836734693866,0.4591836734693877,1.0,0.0,0.0,0.0,0,0.0,16,500000,0.9375,1176.6666666666667
thompson,39,48,0.29591836734693866,0.47959183673469385,1.0,0.0,0.0,0.0,0,0.0,16,500000,0.9375,1176.6666666666667
thompson,39,49,0.29591836734693866,0.5,1.0,0.0,0.0,0.0,0,0.0,16,500000,0.9375,1176.6666666666667
thompson,40,0,0.3163265306122448,-0.5,1.0,0.0,0.0,0.0,0,0.0,16,500000,1.0,1151.6875
thompson,40,1,0.3163265306122448,-0.47959183673469385,1.0,0.0,0.0,0.0,0,0.0,16,500000,1.0,1151.6875
thompson,40,2,0.3163265306122448,-0.45918367346938777,1.0,0.0,0.0,0.0,0,0.0,16,500000,1.0,1151.6875
thompson,40,3,0.3163265306122448,-0.4387755102040816,1.0,0.0,0.0,0.0,0,0.0,16,500000,1.0,1151.6875
thompson,40,4,0.3163265306122448,-0.41836734693877553,1.0,0.0,0.0,0.0,0,0.0,16,500000,1.0,1151.6875
thompson,40,5,0.3163265306122448,-0.3979591836734694,1.0,0.0,0.0,0.0,0,0.0,16,500000,1.0,1151.6875
thompson,40,6,0.3163265306122448,-0.37755102040816324,1.0,0.0,0.0,0.0,0,0.0,16,500000,1.0,1151.6875
thompson,40,7,0.3163265306122448,-0.35714285714285715,1.0,0.0,0.0,0.0,0,0.0,16,500000,1.0,1151.6875
thompson,40,8,0.3163265306122448,-0.33673469387755106,1.0,0.0,0.0,0.0,0,0.0,16,500000,1.0,1151.6875
thompson,40,9,0.3163265306122448,-0.3163265306122449,1.0,0.0,0.0,0.0,0,0.0,16,500000,1.0,1150.375
thompson,40,10,0.3163265306122448,-0.29591836734693877,1.0,0.0,0.0,0.0,0,0.0,16,500000,1.0,1150.375
thompson,40,11,0.3163265306122448,-0.2755102040816327,1.0,0.0,0.0,0.0,0,0.0,16,500000,1.0,1150.375
thompson,40,12,0.3163265306122448,-0.25510204081632654,1.0,0.0,0.0,0.0,0,0.0,16,500000,1.0,1150.375
thompson,40,13,0.3163265306122448,-0.23469387755102045,1.0,0.0,0.0,0.0,0,0.0,16,500000,1.0,1150.375
thompson,40,14,0.3163265306122448,-0.2142857142857143,1.0,0.0,0.0,0.0,0,0.0,16,500000,1.0,1150.375
thompson,40,15,0.3163265306122448,-0.1938775510204082,1.0,0.0,0.0,0.0,0,0.0,16,500000,1.0,1150.375
thompson,40,16,0.3163265306122448,-0.17346938775510207,1.0,0.0,0.0,0.0,0,0.0,16,500000,1.0,1150.375
thompson,40,17,0.3163265306122448,-0.15306122448979592,1.0,0.0,0.0,0.0,0,0.0,16,500000,1.0,1150.375
thompson,40,18,0.3163265306122448,-0.13265306122448983,1.0,0.0,0.0,0.0,0,0.0,16,500000,1.0,1150.375
thompson,40,19,0.3163265306122448,-0.11224489795918369,1.0,0.0,0.0,0.0,0,0.0,16,500000,1.0,1150.375
thompson,40,20,0.3163265306122448,-0.0918367346938776,1.0,0.0,0.0,0.0,0,0.0,16,500000,1.0,1150.375
thompson,40,21,0.3163265306122448,-0.07142857142857145,1.0,0.0,0.0,0.0,0,0.0,16,500000,1.0,1150.375
thompson,40,22,0.3163265306122448,-0.05102040816326536,1.0,0.0,0.0,0.0,0,0.0,16,500000,0.9375,1260.4666666666667
thompson,40,23,0.3163265306122448,-0.030612244897959218,1.0,0.0,0.0,0.0,0,0.0,16,500000,0.9375,1260.4666666666667
thompson,40,24,0.3163265306122448,-0.010204081632653073,1.0,0.0,0.0,0.0,0,0.0,16,500000,0.9375,1260.4666666666667
thompson,40,25,0.3163265306122448,0.010204081632653073,1.0,0.0,0.0,0.0,0,0.0,16,500000,0.9375,1260.4666666666667
thompson,40,26,0.3163265306122448,0.030612244897959107,1.0,0.0,0.0,0.0,0,0.0,16,500000,0.9375,1260.4666666666667
thompson,40,27,0.3163265306122448,0.05102040816326525,1.0,0.0,0.0,0.0,0,0.0,16,500000,0.9375,1260.4666666666667
thompson,40,28,0.3163265306122448,0.0714285714285714,1.0,0.0,0.0,0.0,0,0.0,16,500000,0.9375,1260.4666666666667
thompson,40,29,0.3163265306122448,0.09183673469387754,1.0,0.0,0.0,0.0,0,0.0,16,500000,0.9375,1260.4666666666667
thompson,40,30,0.3163265306122448,0.11224489795918358,1.0,0.0,0.0,0.0,0,0.0,16,500000,0.9375,1260.4666666666667
thompson,40,31,0.3163265306122448,0.13265306122448972,1.0,0.0,0.0,0.0,0,0.0,16,500000,0.9375,1260.4666666666667
thompson,40,32,0.3163265306122448,0.15306122448979587,1.0,0.0,0.0,0.0,0,0.0,16,500000,0.9375,1260.4666666666667
thompson,40,33,0.3163265306122448,0.173469387755102,1.0,0.0,0.0,0.0,0,0.0,16,500000,0.9375,1176.6666666666667
thompson,40,34,0.3163265306122448,0.19387755102040816,1.0,0.0,0.0,0.0,0,0.0,16,500000,0.9375,1176.6666666666667
thompson,40,35,0.3163265306122448,0.2142857142857142,1.0,0.0,0.0,0.0,0,0.0,16,500000,0.9375,1176.6666666666667
thompson,40,36,0.3163265306122448,0.23469387755102034,1.0,0.0,0.0,0.0,0,0.0,16,500000,0.9375,1176.6666666666667
thompson,40,37,0.3163265306122448,0.2551020408163265,1.0,0.0,0.0,0.0,0,0.0,16,500000,0.9375,1176.6666666666667
thompson,40,38,0.3163265306122448,0.2755102040816326,1.0,0.0,0.0,0.0,0,0.0,16,500000,0.9375,1176.6666666666667
thompson,40,39,0.3163265306122448,0.29591836734693866,1.0,0.0,0.0,0.0,0,0.0,16,500000,0.9375,1176.6666666666667
thompson,40,40,0.3163265306122448,0.3163265306122448,1.0,0.0,0.0,0.0,0,0.0,16,500000,0.9375,1176.6666666666667
thompson,40,41,0.3163265306122448,0.33673469387755095,1.0,0.0,0.0,0.0,0,0.0,16,500000,0.9375,1176.6666666666667
thompson,40,42,0.3163265306122448,0.3571428571428571,1.0,0.0,0.0,0.0,0,0.0,16,500000,0.9375,1176.6666666666667
thompson,40,43,0.3163265306122448,0.37755102040816324,1.0,0.0,0.0,0.0,0,0.0,16,500000,0.9375,1176.6666666666667
thompson,40,44,0.3163265306122448,0.3979591836734693,1.0,0.0,0.0,0.0,0,0.0,16,500000,0.9375,1176.6666666666667
thompson,40,45,0.3163265306122448,0.4183673469387754,1.0,0.0,0.0,0.0,0,0.0,16,500000,0.9375,1176.6666666666667
thompson,40,46,0.3163265306122448,0.43877551020408156,1.0,0.0,0.0,0.0,0,0.0,16,500000,0.9375,1176.6666666666667
thompson,40,47,0.3163265306122448,0.4591836734693877,1.0,0.0,0.0,0.0,0,0.0,16,500000,0.9375,1176.6666666666667
thompson,40,48,0.3163265306122448,0.47959183673469385,1.0,0.0,0.0,0.0,0,0.0,16,500000,0.9375,1176.6666666666667
thompson,40,49,0.3163265306122448,0.5,1.0,0.0,0.0,0.0,0,0.0,16,500000,0.9375,1176.6666666666667
thompson,41,0,0.33673469387755095,-0.5,1.0,0.0,0.0,0.0,0,0.0,16,500000,1.0,1151.6875
thompson,41,1,0.33673469387755095,-0.47959183673469385,1.0,0.0,0.0,0.0,0,0.0,16,500000,1.0,1151.6875
thompson,41,2,0.33673469387755095,-0.45918367346938777,1.0,0.0,0.0,0.0,0,0.0,16,500000,1.0,1151.6875
thompson,41,3,0.33673469387755095,-0.4387755102040816,1.0,0.0,0.0,0.0,0,0.0,16,500000,1.0,1151.6875
thompson,41,4,0.33673469387755095,-0.41836734693877553,1.0,0.0,0.0,0.0,0,0.0,16,500000,1.0,1151.6875
thompson,41,5,0.33673469387755095,-0.3979591836734694,1.0,0.0,0.0,0.0,0,0.0,16,500000,1.0,1151.6875
thompson,41,6,0.33673469387755095,-0.37755102040816324,1.0,0.0,0.0,0.0,0,0.0,16,500000,1.0,1151.6875
thompson,41,7,0.33673469387755095,-0.35714285714285715,1.0,0.0,0.0,0.0,0,0.0,16,500000,1.0,1151.6875
thompson,41,8,0.33673469387755095,-0.33673469387755106,1.0,0.0,0.0,0.0,0,0.0,16,500000,1.0,1151.6875
thompson,41,9,0.33673469387755095,-0.3163265306122449,1.0,0.0,0.0,0.0,0,0.0,16,500000,1.0,1150.375
thompson,41,10,0.33673469387755095,-0.29591836734693877,1.0,0.0,0.0,0.0,0,0.0,16,500000,1.0,1150.375
thompson,41,11,0.33673469387755095,-0.2755102040816327,1.0,0.0,0.0,0.0,0,0.0,16,500000,1.0,1150.375
thompson,41,12,0.33673469387755095,-0.25510204081632654,1.0,0.0,0.0,0.0,0,0.0,16,500000,1.0,1150.375
thompson,41,13,0.33673469387755095,-0.23469387755102045,1.0,0.0,0.0,0.0,0,0.0,16,500000,1.0,1150.375
thompson,41,14,0.33673469387755095,-0.2142857142857143,1.0,0.0,0.0,0.0,0,0.0,16,500000,1.0,1150.375
thompson,41,15,0.33673469387755095,-0.1938775510204082,1.0,0.0,0.0,0.0,0,0.0,16,500000,1.0,1150.375
thompson,41,16,0.33673469387755095,-0.17346938775510207,1.0,0.0,0.0,0.0,0,0.0,16,500000,1.0,1150.375
thompson,41,17,0.33673469387755095,-0.15306122448979592,1.0,0.0,0.0,0.0,0,0.0,16,500000,1.0,1150.375
thompson,41,18,0.33673469387755095,-0.13265306122448983,1.0,0.0,0.0,0.0,0,0.0,16,500000,1.0,1150.375
thompson,41,19,0.33673469387755095,-0.11224489795918369,1.0,0.0,0.0,0.0,0,0.0,16,500000,1.0,1150.375
thompson,41,20,0.33673469387755095,-0.0918367346938776,1.0,0.0,0.0,0.0,0,0.0,16,500000,1.0,1150.375
thompson,41,21,0.33673469387755095,-0.07142857142857145,1.0,0.0,0.0,0.0,0,0.0,16,500000,1.0,1150.375
thompson,41,22,0.33673469387755095,-0.05102040816326536,1.0,0.0,0.0,0.0,0,0.0,16,500000,0.9375,1260.4666666666667
thompson,41,23,0.33673469387755095,-0.030612244897959218,1.0,0.0,0.0,0.0,0,0.0,16,500000,0.9375,1260.4666666666667
thompson,41,24,0.33673469387755095,-0.010204081632653073,1.0,0.0,0.0,0.0,0,0.0,16,500000,0.9375,1260.4666666666667
thompson,41,25,0.33673469387755095,0.010204081632653073,1.0,0.0,0.0,0.0,0,0.0,16,500000,0.9375,1260.4666666666667
thompson,41,26,0.33673469387755095,0.030612244897959107,1.0,0.0,0.0,0.0,0,0.0,16,500000,0.9375,1260.4666666666667
thompson,41,27,0.33673469387755095,0.05102040816326525,1.0,0.0,0.0,0.0,0,0.0,16,500000,0.9375,1260.4666666666667
thompson,41,28,0.33673469387755095,0.0714285714285714,1.0,0.0,0.0,0.0,0,0.0,16,500000,0.9375,1260.4666666666667
thompson,41,29,0.33673469387755095,0.09183673469387754,1.0,0.0,0.0,0.0,0,0.0,16,500000,0.9375,1260.4666666666667
thompson,41,30,0.33673469387755095,0.11224489795918358,1.0,0.0,0.0,0.0,0,0.0,16,500000,0.9375,1260.4666666666667
thompson,41,31,0.33673469387755095,0.13265306122448972,1.0,0.0,0.0,0.0,0,0.0,16,500000,0.9375,1260.4666666666667
thompson,41,32,0.33673469387755095,0.15306122448979587,1.0,0.0,0.0,0.0,0,0.0,16,500000,0.9375,1260.4666666666667
thompson,41,33,0.33673469387755095,0.173469387755102,1.0,0.0,0.0,0.0,0,0.0,16,500000,0.9375,1176.6666666666667
thompson,41,34,0.33673469387755095,0.19387755102040816,1.0,0.0,0.0,0.0,0,0.0,16,500000,0.9375,1176.6666666666667
thompson,41,35,0.33673469387755095,0.2142857142857142,1.0,0.0,0.0,0.0,0,0.0,16,500000,0.9375,1176.6666666666667
thompson,41,36,0.33673469387755095,0.23469387755102034,1.0,0.0,0.0,0.0,0,0.0,16,500000,0.9375,1176.6666666666667
thompson,41,37,0.33673469387755095,0.2551020408163265,1.0,0.0,0.0,0.0,0,0.0,16,500000,0.9375,1176.6666666666667
thompson,41,38,0.33673469387755095,0.2755102040816326,1.0,0.0,0.0,0.0,0,0.0,16,500000,0.9375,1176.6666666666667
thompson,41,39,0.33673469387755095,0.29591836734693866,1.0,0.0,0.0,0.0,0,0.0,16,500000,0.9375,1176.6666666666667
thompson,41,40,0.33673469387755095,0.3163265306122448,1.0,0.0,0.0,0.0,0,0.0,16,500000,0.9375,1176.6666666666667
thompson,41,41,0.33673469387755095,0.33673469387755095,1.0,0.0,0.0,0.0,0,0.0,16,500000,0.9375,1176.6666666666667
thompson,41,42,0.33673469387755095,0.3571428571428571,1.0,0.0,0.0,0.0,0,0.0,16,500000,0.9375,1176.6666666666667
thompson,41,43,0.33673469387755095,0.37755102040816324,1.0,0.0,0.0,0.0,0,0.0,16,500000,0.9375,1176.6666666666667
thompson,41,44,0.33673469387755095,0.3979591836734693,1.0,0.0,0.0,0.0,0,0.0,16,500000,0.9375,1176.6666666666667
thompson,41,45,0.33673469387755095,0.4183673469387754,1.0,0.0,0.0,0.0,0,0.0,16,500000,0.9375,1176.6666666666667
thompson,41,46,0.33673469387755095,0.43877551020408156,1.0,0.0,0.0,0.0,0,0.0,16,500000,0.9375,1176.6666666666667
thompson,41,47,0.33673469387755095,0.4591836734693877,1.0,0.0,0.0,0.0,0,0.0,16,500000,0.9375,1176.6666666666667
thompson,41,48,0.33673469387755095,0.47959183673469385,1.0,0.0,0.0,0.0,0,0.0,16,500000,0.9375,1176.6666666666667
thompson,41,49,0.33673469387755095,0.5,1.0,0.0,0.0,0.0,0,0.0,16,500000,0.9375,1176.6666666666667
thompson,42,0,0.3571428571428571,-0.5,1.0,0.0,0.0,0.0,0,0.0,16,500000,1.0,1151.6875
thompson,42,1,0.3571428571428571,-0.47959183673469385,1.0,0.0,0.0,0.0,0,0.0,16,500000,1.0,1151.6875
thompson,42,2,0.3571428571428571,-0.45918367346938777,1.0,0.0,0.0,0.0,0,0.0,16,500000,1.0,1151.6875
thompson,42,3,0.3571428571428571,-0.4387755102040816,1.0,0.0,0.0,0.0,0,0.0,16,500000,1.0,1151.6875
thompson,42,4,0.3571428571428571,-0.41836734693877553,1.0,0.0,0.0,0.0,0,0.0,16,500000,1.0,1151.6875
thompson,42,5,0.3571428571428571,-0.3979591836734694,1.0,0.0,0.0,0.0,0,0.0,16,500000,1.0,1151.6875
thompson,42,6,0.3571428571428571,-0.37755102040816324,1.0,0.0,0.0,0.0,0,0.0,16,500000,1.0,1151.6875
thompson,42,7,0.3571428571428571,-0.35714285714285715,1.0,0.0,0.0,0.0,0,0.0,16,500000,1.0,1151.6875
thompson,42,8,0.3571428571428571,-0.33673469387755106,1.0,0.0,0.0,0.0,0,0.0,16,500000,1.0,1151.6875
thompson,42,9,0.3571428571428571,-0.3163265306122449,1.0,0.0,0.0,0.0,0,0.0,16,500000,1.0,1150.375
thompson,42,10,0.3571428571428571,-0.29591836734693877,1.0,0.0,0.0,0.0,0,0.0,16,500000,1.0,1150.375
thompson,42,11,0.3571428571428571,-0.2755102040816327,1.0,0.0,0.0,0.0,0,0.0,16,500000,1.0,1150.375
thompson,42,12,0.3571428571428571,-0.25510204081632654,1.0,0.0,0.0,0.0,0,0.0,16,500000,1.0,1150.375
thompson,42,13,0.3571428571428571,-0.23469387755102045,1.0,0.0,0.0,0.0,0,0.0,16,500000,1.0,1150.375
thompson,42,14,0.3571428571428571,-0.2142857142857143,1.0,0.0,0.0,0.0,0,0.0,16,500000,1.0,1150.375
thompson,42,15,0.3571428571428571,-0.1938775510204082,1.0,0.0,0.0,0.0,0,0.0,16,500000,1.0,1150.375
thompson,42,16,0.3571428571428571,-0.17346938775510207,1.0,0.0,0.0,0.0,0,0.0,16,500000,1.0,1150.375
thompson,42,17,0.3571428571428571,-0.15306122448979592,1.0,0.0,0.0,0.0,0,0.0,16,500000,1.0,1150.375
thompson,42,18,0.3571428571428571,-0.13265306122448983,1.0,0.0,0.0,0.0,0,0.0,16,500000,1.0,1150.375
thompson,42,19,0.3571428571428571,-0.11224489795918369,1.0,0.0,0.0,0.0,0,0.0,16,500000,1.0,1150.375
thompson,42,20,0.3571428571428571,-0.0918367346938776,1.0,0.0,0.0,0.0,0,0.0,16,500000,1.0,1150.375
thompson,42,21,0.3571428571428571,-0.07142857142857145,1.0,0.0,0.0,0.0,0,0.0,16,500000,1.0,1150.375
thompson,42,22,0.3571428571428571,-0.05102040816326536,1.0,0.0,0.0,0.0,0,0.0,16,500000,0.9375,1260.4666666666667
thompson,42,23,0.3571428571428571,-0.030612244897959218,1.0,0.0,0.0,0.0,0,0.0,16,500000,0.9375,1260.4666666666667
thompson,42,24,0.3571428571428571,-0.010204081632653073,1.0,0.0,0.0,0.0,0,0.0,16,500000,0.9375,1260.4666666666667
thompson,42,25,0.3571428571428571,0.010204081632653073,1.0,0.0,0.0,0.0,0,0.0,16,500000,0.9375,1260.4666666666667
thompson,42,26,0.3571428571428571,0.030612244897959107,1.0,0.0,0.0,0.0,0,0.0,16,500000,0.9375,1260.4666666666667
thompson,42,27,0.3571428571428571,0.05102040816326525,1.0,0.0,0.0,0.0,0,0.0,16,500000,0.9375,1260.4666666666667
thompson,42,28,0.3571428571428571,0.0714285714285714,1.0,0.0,0.0,0.0,0,0.0,16,500000,0.9375,1260.4666666666667
thompson,42,29,0.3571428571428571,0.09183673469387754,1.0,0.0,0.0,0.0,0,0.0,16,500000,0.9375,1260.4666666666667
thompson,42,30,0.3571428571428571,0.11224489795918358,1.0,0.0,0.0,0.0,0,0.0,16,500000,0.9375,1260.4666666666667
thompson,42,31,0.3571428571428571,0.13265306122448972,1.0,0.0,0.0,0.0,0,0.0,16,500000,0.9375,1260.4666666666667
thompson,42,32,0.3571428571428571,0.15306122448979587,1.0,0.0,0.0,0.0,0,0.0,16,500000,0.9375,1260.4666666666667
thompson,42,33,0.3571428571428571,0.173469387755102,1.0,0.0,0.0,0.0,0,0.0,16,500000,0.9375,1176.6666666666667
thompson,42,34,0.3571428571428571,0.19387755102040816,1.0,0.0,0.0,0.0,0,0.0,16,500000,0.9375,1176.6666666666667
thompson,42,35,0.3571428571428571,0.2142857142857142,1.0,0.0,0.0,0.0,0,0.0,16,500000,0.9375,1176.6666666666667
thompson,42,36,0.3571428571428571,0.23469387755102034,1.0,0.0,0.0,0.0,0,0.0,16,500000,0.9375,1176.6666666666667
thompson,42,37,0.3571428571428571,0.2551020408163265,1.0,0.0,0.0,0.0,0,0.0,16,500000,0.9375,1176.6666666666667
thompson,42,38,0.3571428571428571,0.2755102040816326,1.0,0.0,0.0,0.0,0,0.0,16,500000,0.9375,1176.6666666666667
thompson,42,39,0.3571428571428571,0.29591836734693866,1.0,0.0,0.0,0.0,0,0.0,16,500000,0.9375,1176.6666666666667
thompson,42,40,0.3571428571428571,0.3163265306122448,1.0,0.0,0.0,0.0,0,0.0,16,500000,0.9375,1176.6666666666667
thompson,42,41,0.3571428571428571,0.33673469387755095,1.0,0.0,0.0,0.0,0,0.0,16,500000,0.9375,1176.6666666666667
thompson,42,42,0.3571428571428571,0.3571428571428571,1.0,0.0,0.0,0.0,0,0.0,16,500000,0.9375,1176.6666666666667
thompson,42,43,0.3571428571428571,0.37755102040816324,1.0,0.0,0.0,0.0,0,0.0,16,500000,0.9375,1176.6666666666667
thompson,42,44,0.3571428571428571,0.3979591836734693,1.0,0.0,0.0,0.0,0,0.0,16,500000,0.9375,1176.6666666666667
thompson,42,45,0.3571428571428571,0.4183673469387754,1.0,0.0,0.0,0.0,0,0.0,16,500000,0.9375,1176.6666666666667
thompson,42,46,0.3571428571428571,0.43877551020408156,1.0,0.0,0.0,0.0,0,0.0,16,500000,0.9375,1176.6666666666667
thompson,42,47,0.3571428571428571,0.4591836734693877,1.0,0.0,0.0,0.0,0,0.0,16,500000,0.9375,1176.6666666666667
thompson,42,48,0.3571428571428571,0.47959183673469385,1.0,0.0,0.0,0.0,0,0.0,16,500000,0.9375,1176.6666666666667
thompson,42,49,0.3571428571428571,0.5,1.0,0.0,0.0,0.0,0,0.0,16,500000,0.9375,1176.6666666666667
thompson,43,0,0.37755102040816324,-0.5,1.0,0.0,0.0,0.0,0,0.0,16,500000,1.0,1151.6875
thompson,43,1,0.37755102040816324,-0.47959183673469385,1.0,0.0,0.0,0.0,0,0.0,16,500000,1.0,1151.6875
thompson,43,2,0.37755102040816324,-0.45918367346938777,1.0,0.0,0.0,0.0,0,0.0,16,500000,1.0,1151.6875
thompson,43,3,0.37755102040816324,-0.4387755102040816,1.0,0.0,0.0,0.0,0,0.0,16,500000,1.0,1151.6875
thompson,43,4,0.37755102040816324,-0.41836734693877553,1.0,0.0,0.0,0.0,0,0.0,16,500000,1.0,1151.6875
thompson,43,5,0.37755102040816324,-0.3979591836734694,1.0,0.0,0.0,0.0,0,0.0,16,500000,1.0,1151.6875
thompson,43,6,0.37755102040816324,-0.37755102040816324,1.0,0.0,0.0,0.0,0,0.0,16,500000,1.0,1151.6875
thompson,43,7,0.37755102040816324,-0.35714285714285715,1.0,0.0,0.0,0.0,0,0.0,16,500000,1.0,1151.6875
thompson,43,8,0.37755102040816324,-0.33673469387755106,1.0,0.0,0.0,0.0,0,0.0,16,500000,1.0,1151.6875
thompson,43,9,0.37755102040816324,-0.3163265306122449,1.0,0.0,0.0,0.0,0,0.0,16,500000,1.0,1150.375
thompson,43,10,0.37755102040816324,-0.29591836734693877,1.0,0.0,0.0,0.0,0,0.0,16,500000,1.0,1150.375
thompson,43,11,0.37755102040816324,-0.2755102040816327,1.0,0.0,0.0,0.0,0,0.0,16,500000,1.0,1150.375
thompson,43,12,0.37755102040816324,-0.25510204081632654,1.0,0.0,0.0,0.0,0,0.0,16,500000,1.0,1150.375
thompson,43,13,0.37755102040816324,-0.23469387755102045,1.0,0.0,0.0,0.0,0,0.0,16,500000,1.0,1150.375
thompson,43,14,0.37755102040816324,-0.2142857142857143,1.0,0.0,0.0,0.0,0,0.0,16,500000,1.0,1150.375
thompson,43,15,0.37755102040816324,-0.1938775510204082,1.0,0.0,0.0,0.0,0,0.0,16,500000,1.0,1150.375
thompson,43,16,0.37755102040816324,-0.17346938775510207,1.0,0.0,0.0,0.0,0,0.0,16,500000,1.0,1150.375
thompson,43,17,0.37755102040816324,-0.15306122448979592,1.0,0.0,0.0,0.0,0,0.0,16,500000,1.0,1150.375
thompson,43,18,0.37755102040816324,-0.13265306122448983,1.0,0.0,0.0,0.0,0,0.0,16,500000,1.0,1150.375
thompson,43,19,0.37755102040816324,-0.11224489795918369,1.0,0.0,0.0,0.0,0,0.0,16,500000,1.0,1150.375
thompson,43,20,0.37755102040816324,-0.0918367346938776,1.0,0.0,0.0,0.0,0,0.0,16,500000,1.0,1150.375
thompson,43,21,0.37755102040816324,-0.07142857142857145,1.0,0.0,0.0,0.0,0,0.0,16,500000,1.0,1150.375
thompson,43,22,0.37755102040816324,-0.05102040816326536,1.0,0.0,0.0,0.0,0,0.0,16,500000,0.9375,1260.4666666666667
thompson,43,23,0.37755102040816324,-0.030612244897959218,1.0,0.0,0.0,0.0,0,0.0,16,500000,0.9375,1260.4666666666667
thompson,43,24,0.37755102040816324,-0.010204081632653073,1.0,0.0,0.0,0.0,0,0.0,16,500000,0.9375,1260.4666666666667
thompson,43,25,0.37755102040816324,0.010204081632653073,1.0,0.0,0.0,0.0,0,0.0,16,500000,0.9375,1260.4666666666667
thompson,43,26,0.37755102040816324,0.030612244897959107,1.0,0.0,0.0,0.0,0,0.0,16,500000,0.9375,1260.4666666666667
thompson,43,27,0.37755102040816324,0.05102040816326525,1.0,0.0,0.0,0.0,0,0.0,16,500000,0.9375,1260.4666666666667
thompson,43,28,0.37755102040816324,0.0714285714285714,1.0,0.0,0.0,0.0,0,0.0,16,500000,0.9375,1260.4666666666667
thompson,43,29,0.37755102040816324,0.09183673469387754,1.0,0.0,0.0,0.0,0,0.0,16,500000,0.9375,1260.4666666666667
thompson,43,30,0.37755102040816324,0.11224489795918358,1.0,0.0,0.0,0.0,0,0.0,16,500000,0.9375,1260.4666666666667
thompson,43,31,0.37755102040816324,0.13265306122448972,1.0,0.0,0.0,0.0,0,0.0,16,500000,0.9375,1260.4666666666667
thompson,43,32,0.37755102040816324,0.15306122448979587,1.0,0.0,0.0,0.0,0,0.0,16,500000,0.9375,1260.4666666666667
thompson,43,33,0.37755102040816324,0.173469387755102,1.0,0.0,0.0,0.0,0,0.0,16,500000,0.9375,1176.6666666666667
thompson,43,34,0.37755102040816324,0.19387755102040816,1.0,0.0,0.0,0.0,0,0.0,16,500000,0.9375,1176.6666666666667
thompson,43,35,0.37755102040816324,0.2142857142857142,1.0,0.0,0.0,0.0,0,0.0,16,500000,0.9375,1176.6666666666667
thompson,43,36,0.37755102040816324,0.23469387755102034,1.0,0.0,0.0,0.0,0,0.0,16,500000,0.9375,1176.6666666666667
thompson,43,37,0.37755102040816324,0.2551020408163265,1.0,0.0,0.0,0.0,0,0.0,16,500000,0.9375,1176.6666666666667
thompson,43,38,0.37755102040816324,0.2755102040816326,1.0,0.0,0.0,0.0,0,0.0,16,500000,0.9375,1176.6666666666667
thompson,43,39,0.37755102040816324,0.29591836734693866,1.0,0.0,0.0,0.0,0,0.0,16,500000,0.9375,1176.6666666666667
thompson,43,40,0.37755102040816324,0.3163265306122448,1.0,0.0,0.0,0.0,0,0.0,16,500000,0.9375,1176.6666666666667
thompson,43,41,0.37755102040816324,0.33673469387755095,1.0,0.0,0.0,0.0,0,0.0,16,500000,0.9375,1176.6666666666667
thompson,43,42,0.37755102040816324,0.3571428571428571,1.0,0.0,0.0,0.0,0,0.0,16,500000,0.9375,1176.6666666666667
thompson,43,43,0.37755102040816324,0.37755102040816324,1.0,0.0,0.0,0.0,0,0.0,16,500000,0.9375,1176.6666666666667
thompson,43,44,0.37755102040816324,0.3979591836734693,1.0,0.0,0.0,0.0,0,0.0,16,500000,0.9375,1176.6666666666667
thompson,43,45,0.37755102040816324,0.4183673469387754,1.0,0.0,0.0,0.0,0,0.0,16,500000,0.9375,1176.6666666666667
thompson,43,46,0.37755102040816324,0.43877551020408156,1.0,0.0,0.0,0.0,0,0.0,16,500000,0.9375,1176.6666666666667
thompson,43,47,0.37755102040816324,0.4591836734693877,1.0,0.0,0.0,0.0,0,0.0,16,500000,0.9375,1176.6666666666667
thompson,43,48,0.37755102040816324,0.47959183673469385,1.0,0.0,0.0,0.0,0,0.0,16,500000,0.9375,1176.6666666666667
thompson,43,49,0.37755102040816324,0.5,1.0,0.0,0.0,0.0,0,0.0,16,500000,0.9375,1176.6666666666667
thompson,44,0,0.3979591836734693,-0.5,1.0,0.0,0.0,0.0,0,0.0,16,500000,1.0,961.625
thompson,44,1,0.3979591836734693,-0.47959183673469385,1.0,0.0,0.0,0.0,0,0.0,16,500000,1.0,961.625
thompson,44,2,0.3979591836734693,-0.45918367346938777,1.0,0.0,0.0,0.0,0,0.0,16,500000,1.0,961.625
thompson,44,3,0.3979591836734693,-0.4387755102040816,1.0,0.0,0.0,0.0,0,0.0,16,500000,1.0,961.625
thompson,44,4,0.3979591836734693,-0.41836734693877553,1.0,0.0,0.0,0.0,0,0.0,16,500000,1.0,961.625
thompson,44,5,0.3979591836734693,-0.3979591836734694,1.0,0.0,0.0,0.0,0,0.0,16,500000,1.0,961.625
thompson,44,6,0.3979591836734693,-0.37755102040816324,1.0,0.0,0.0,0.0,0,0.0,16,500000,1.0,961.625
thompson,44,7,0.3979591836734693,-0.35714285714285715,1.0,0.0,0.0,0.0,0,0.0,16,500000,1.0,961.625
thompson,44,8,0.3979591836734693,-0.33673469387755106,1.0,0.0,0.0,0.0,0,0.0,16,500000,1.0,961.625
thompson,44,9,0.3979591836734693,-0.3163265306122449,1.0,0.0,0.0,0.0,0,0.0,16,500000,1.0,960.3125
thompson,44,10,0.3979591836734693,-0.29591836734693877,1.0,0.0,0.0,0.0,0,0.0,16,500000,1.0,960.3125
thompson,44,11,0.3979591836734693,-0.2755102040816327,1.0,0.0,0.0,0.0,0,0.0,16,500000,1.0,960.3125
thompson,44,12,0.3979591836734693,-0.25510204081632654,1.0,0.0,0.0,0.0,0,0.0,16,500000,1.0,960.3125
thompson,44,13,0.3979591836734693,-0.23469387755102045,1.0,0.0,0.0,0.0,0,0.0,16,500000,1.0,960.3125
thompson,44,14,0.3979591836734693,-0.2142857142857143,1.0,0.0,0.0,0.0,0,0.0,16,500000,1.0,960.3125
thompson,44,15,0.3979591836734693,-0.1938775510204082,1.0,0.0,0.0,0.0,0,0.0,16,500000,1.0,960.3125
thompson,44,16,0.3979591836734693,-0.17346938775510207,1.0,0.0,0.0,0.0,0,0.0,16,500000,1.0,960.3125
thompson,44,17,0.3979591836734693,-0.15306122448979592,1.0,0.0,0.0,0.0,0,0.0,16,500000,1.0,960.3125
thompson,44,18,0.3979591836734693,-0.13265306122448983,1.0,0.0,0.0,0.0,0,0.0,16,500000,1.0,960.3125
thompson,44,19,0.3979591836734693,-0.11224489795918369,1.0,0.0,0.0,0.0,0,0.0,16,500000,1.0,960.3125
thompson,44,20,0.3979591836734693,-0.0918367346938776,1.0,0.0,0.0,0.0,0,0.0,16,500000,1.0,960.3125
thompson,44,21,0.3979591836734693,-0.07142857142857145,1.0,0.0,0.0,0.0,0,0.0,16,500000,1.0,960.3125
thompson,44,22,0.3979591836734693,-0.05102040816326536,1.0,0.0,0.0,0.0,0,0.0,16,500000,0.9375,1057.7333333333333
thompson,44,23,0.3979591836734693,-0.030612244897959218,1.0,0.0,0.0,0.0,0,0.0,16,500000,0.9375,1057.7333333333333
thompson,44,24,0.3979591836734693,-0.010204081632653073,1.0,0.0,0.0,0.0,0,0.0,16,500000,0.9375,1057.7333333333333
thompson,44,25,0.3979591836734693,0.010204081632653073,1.0,0.0,0.0,0.0,0,0.0,16,500000,0.9375,1057.7333333333333
thompson,44,26,0.3979591836734693,0.030612244897959107,1.0,0.0,0.0,0.0,0,0.0,16,500000,0.9375,1057.7333333333333
thompson,44,27,0.3979591836734693,0.05102040816326525,1.0,0.0,0.0,0.0,0,0.0,16,500000,0.9375,1057.7333333333333
thompson,44,28,0.3979591836734693,0.0714285714285714,1.0,0.0,0.0,0.0,0,0.0,16,500000,0.9375,1057.7333333333333
thompson,44,29,0.3979591836734693,0.09183673469387754,1.0,0.0,0.0,0.0,0,0.0,16,500000,0.9375,1057.7333333333333
thompson,44,30,0.3979591836734693,0.11224489795918358,1.0,0.0,0.0,0.0,0,0.0,16,500000,0.9375,1057.7333333333333
thompson,44,31,0.3979591836734693,0.13265306122448972,1.0,0.0,0.0,0.0,0,0.0,16,500000,0.9375,1057.7333333333333
thompson,44,32,0.3979591836734693,0.15306122448979587,1.0,0.0,0.0,0.0,0,0.0,16,500000,0.9375,1057.7333333333333
thompson,44,33,0.3979591836734693,0.173469387755102,1.0,0.0,0.0,0.0,0,0.0,16,500000,0.9375,973.9333333333333
thompson,44,34,0.3979591836734693,0.19387755102040816,1.0,0.0,0.0,0.0,0,0.0,16,500000,0.9375,973.9333333333333
thompson,44,35,0.3979591836734693,0.2142857142857142,1.0,0.0,0.0,0.0,0,0.0,16,500000,0.9375,973.9333333333333
thompson,44,36,0.3979591836734693,0.23469387755102034,1.0,0.0,0.0,0.0,0,0.0,16,500000,0.9375,973.9333333333333
thompson,44,37,0.3979591836734693,0.2551020408163265,1.0,0.0,0.0,0.0,0,0.0,16,500000,0.9375,973.9333333333333
thompson,44,38,0.3979591836734693,0.2755102040816326,1.0,0.0,0.0,0.0,0,0.0,16,500000,0.9375,973.9333333333333
thompson,44,39,0.3979591836734693,0.29591836734693866,1.0,0.0,0.0,0.0,0,0.0,16,500000,0.9375,973.9333333333333
thompson,44,40,0.3979591836734693,0.3163265306122448,1.0,0.0,0.0,0.0,0,0.0,16,500000,0.9375,973.9333333333333
thompson,44,41,0.3979591836734693,0.33673469387755095,1.0,0.0,0.0,0.0,0,0.0,16,500000,0.9375,973.9333333333333
thompson,44,42,0.3979591836734693,0.3571428571428571,1.0,0.0,0.0,0.0,0,0.0,16,500000,0.9375,973.9333333333333
thompson,44,43,0.3979591836734693,0.37755102040816324,1.0,0.0,0.0,0.0,0,0.0,16,500000,0.9375,973.9333333333333
thompson,44,44,0.3979591836734693,0.3979591836734693,1.0,0.0,0.0,0.0,0,0.0,16,500000,0.9375,973.9333333333333
thompson,44,45,0.3979591836734693,0.4183673469387754,1.0,0.0,0.0,0.0,0,0.0,16,500000,0.9375,973.9333333333333
thompson,44,46,0.3979591836734693,0.43877551020408156,1.0,0.0,0.0,0.0,0,0.0,16,500000,0.9375,973.9333333333333
thompson,44,47,0.3979591836734693,0.4591836734693877,1.0,0.0,0.0,0.0,0,0.0,16,500000,0.9375,973.9333333333333
thompson,44,48,0.3979591836734693,0.47959183673469385,1.0,0.0,0.0,0.0,0,0.0,16,500000,0.9375,973.9333333333333
thompson,44,49,0.3979591836734693,0.5,1.0,0.0,0.0,0.0,0,0.0,16,500000,0.9375,973.9333333333333
thompson,45,0,0.4183673469387754,-0.5,1.0,0.0,0.0,0.0,0,0.0,16,500000,1.0,961.625
thompson,45,1,0.4183673469387754,-0.47959183673469385,1.0,0.0,0.0,0.0,0,0.0,16,500000,1.0,961.625
thompson,45,2,0.4183673469387754,-0.45918367346938777,1.0,0.0,0.0,0.0,0,0.0,16,500000,1.0,961.625
thompson,45,3,0.4183673469387754,-0.4387755102040816,1.0,0.0,0.0,0.0,0,0.0,16,500000,1.0,961.625
thompson,45,4,0.4183673469387754,-0.41836734693877553,1.0,0.0,0.0,0.0,0,0.0,16,500000,1.0,961.625
thompson,45,5,0.4183673469387754,-0.3979591836734694,1.0,0.0,0.0,0.0,0,0.0,16,500000,1.0,961.625
thompson,45,6,0.4183673469387754,-0.37755102040816324,1.0,0.0,0.0,0.0,0,0.0,16,500000,1.0,961.625
thompson,45,7,0.4183673469387754,-0.35714285714285715,1.0,0.0,0.0,0.0,0,0.0,16,500000,1.0,961.625
thompson,45,8,0.4183673469387754,-0.33673469387755106,1.0,0.0,0.0,0.0,0,0.0,16,500000,1.0,961.625
thompson,45,9,0.4183673469387754,-0.3163265306122449,1.0,0.0,0.0,0.0,0,0.0,16,500000,1.0,960.3125
thompson,45,10,0.4183673469387754,-0.29591836734693877,1.0,0.0,0.0,0.0,0,0.0,16,500000,1.0,960.3125
thompson,45,11,0.4183673469387754,-0.2755102040816327,1.0,0.0,0.0,0.0,0,0.0,16,500000,1.0,960.3125
thompson,45,12,0.4183673469387754,-0.25510204081632654,1.0,0.0,0.0,0.0,0,0.0,16,500000,1.0,960.3125
thompson,45,13,0.4183673469387754,-0.23469387755102045,1.0,0.0,0.0,0.0,0,0.0,16,500000,1.0,960.3125
thompson,45,14,0.4183673469387754,-0.2142857142857143,1.0,0.0,0.0,0.0,0,0.0,16,500000,1.0,960.3125
thompson,45,15,0.4183673469387754,-0.1938775510204082,1.0,0.0,0.0,0.0,0,0.0,16,500000,1.0,960.3125
thompson,45,16,0.4183673469387754,-0.17346938775510207,1.0,0.0,0.0,0.0,0,0.0,16,500000,1.0,960.3125
thompson,45,17,0.4183673469387754,-0.15306122448979592,1.0,0.0,0.0,0.0,0,0.0,16,500000,1.0,960.3125
thompson,45,18,0.4183673469387754,-0.13265306122448983,1.0,0.0,0.0,0.0,0,0.0,16,500000,1.0,960.3125
thompson,45,19,0.4183673469387754,-0.11224489795918369,1.0,0.0,0.0,0.0,0,0.0,16,500000,1.0,960.3125
thompson,45,20,0.4183673469387754,-0.0918367346938776,1.0,0.0,0.0,0.0,0,0.0,16,500000,1.0,960.3125
thompson,45,21,0.4183673469387754,-0.07142857142857145,1.0,0.0,0.0,0.0,0,0.0,16,500000,1.0,960.3125
thompson,45,22,0.4183673469387754,-0.05102040816326536,1.0,0.0,0.0,0.0,0,0.0,16,500000,0.9375,1057.7333333333333
thompson,45,23,0.4183673469387754,-0.030612244897959218,1.0,0.0,0.0,0.0,0,0.0,16,500000,0.9375,1057.7333333333333
thompson,45,24,0.4183673469387754,-0.010204081632653073,1.0,0.0,0.0,0.0,0,0.0,16,500000,0.9375,1057.7333333333333
thompson,45,25,0.4183673469387754,0.010204081632653073,1.0,0.0,0.0,0.0,0,0.0,16,500000,0.9375,1057.7333333333333
thompson,45,26,0.4183673469387754,0.030612244897959107,1.0,0.0,0.0,0.0,0,0.0,16,500000,0.9375,1057.7333333333333
thompson,45,27,0.4183673469387754,0.05102040816326525,1.0,0.0,0.0,0.0,0,0.0,16,500000,0.9375,1057.7333333333333
thompson,45,28,0.4183673469387754,0.0714285714285714,1.0,0.0,0.0,0.0,0,0.0,16,500000,0.9375,1057.7333333333333
thompson,45,29,0.4183673469387754,0.09183673469387754,1.0,0.0,0.0,0.0,0,0.0,16,500000,0.9375,1057.7333333333333
thompson,45,30,0.4183673469387754,0.11224489795918358,1.0,0.0,0.0,0.0,0,0.0,16,500000,0.9375,1057.7333333333333
thompson,45,31,0.4183673469387754,0.13265306122448972,1.0,0.0,0.0,0.0,0,0.0,16,500000,0.9375,1057.7333333333333
thompson,45,32,0.4183673469387754,0.15306122448979587,1.0,0.0,0.0,0.0,0,0.0,16,500000,0.9375,1057.7333333333333
thompson,45,33,0.4183673469387754,0.173469387755102,1.0,0.0,0.0,0.0,0,0.0,16,500000,0.9375,973.9333333333333
thompson,45,34,0.4183673469387754,0.19387755102040816,1.0,0.0,0.0,0.0,0,0.0,16,500000,0.9375,973.9333333333333
thompson,45,35,0.4183673469387754,0.2142857142857142,1.0,0.0,0.0,0.0,0,0.0,16,500000,0.9375,973.9333333333333
thompson,45,36,0.4183673469387754,0.23469387755102034,1.0,0.0,0.0,0.0,0,0.0,16,500000,0.9375,973.9333333333333
thompson,45,37,0.4183673469387754,0.2551020408163265,1.0,0.0,0.0,0.0,0,0.0,16,500000,0.9375,973.9333333333333
thompson,45,38,0.4183673469387754,0.2755102040816326,1.0,0.0,0.0,0.0,0,0.0,16,500000,0.9375,973.9333333333333
thompson,45,39,0.4183673469387754,0.29591836734693866,1.0,0.0,0.0,0.0,0,0.0,16,500000,0.9375,973.9333333333333
thompson,45,40,0.4183673469387754,0.3163265306122448,1.0,0.0,0.0,0.0,0,0.0,16,500000,0.9375,973.9333333333333
thompson,45,41,0.4183673469387754,0.33673469387755095,1.0,0.0,0.0,0.0,0,0.0,16,500000,0.9375,973.9333333333333
thompson,45,42,0.4183673469387754,0.3571428571428571,1.0,0.0,0.0,0.0,0,0.0,16,500000,0.9375,973.9333333333333
thompson,45,43,0.4183673469387754,0.37755102040816324,1.0,0.0,0.0,0.0,0,0.0,16,500000,0.9375,973.9333333333333
thompson,45,44,0.4183673469387754,0.3979591836734693,1.0,0.0,0.0,0.0,0,0.0,16,500000,0.9375,973.9333333333333
thompson,45,45,0.4183673469387754,0.4183673469387754,1.0,0.0,0.0,0.0,0,0.0,16,500000,0.9375,973.9333333333333
thompson,45,46,0.4183673469387754,0.43877551020408156,1.0,0.0,0.0,0.0,0,0.0,16,500000,0.9375,973.9333333333333
thompson,45,47,0.4183673469387754,0.4591836734693877,1.0,0.0,0.0,0.0,0,0.0,16,500000,0.9375,973.9333333333333
thompson,45,48,0.4183673469387754,0.47959183673469385,1.0,0.0,0.0,0.0,0,0.0,16,500000,0.9375,973.9333333333333
thompson,45,49,0.4183673469387754,0.5,1.0,0.0,0.0,0.0,0,0.0,16,500000,0.9375,973.9333333333333
thompson,46,0,0.43877551020408156,-0.5,1.0,0.0,0.0,0.0,0,0.0,16,500000,1.0,961.8125
thompson,46,1,0.43877551020408156,-0.47959183673469385,1.0,0.0,0.0,0.0,0,0.0,16,500000,1.0,961.8125
thompson,46,2,0.43877551020408156,-0.45918367346938777,1.0,0.0,0.0,0.0,0,0.0,16,500000,1.0,961.8125
thompson,46,3,0.43877551020408156,-0.4387755102040816,1.0,0.0,0.0,0.0,0,0.0,16,500000,1.0,961.8125
thompson,46,4,0.43877551020408156,-0.41836734693877553,1.0,0.0,0.0,0.0,0,0.0,16,500000,1.0,961.8125
thompson,46,5,0.43877551020408156,-0.3979591836734694,1.0,0.0,0.0,0.0,0,0.0,16,500000,1.0,961.8125
thompson,46,6,0.43877551020408156,-0.37755102040816324,1.0,0.0,0.0,0.0,0,0.0,16,500000,1.0,961.8125
thompson,46,7,0.43877551020408156,-0.35714285714285715,1.0,0.0,0.0,0.0,0,0.0,16,500000,1.0,961.8125
thompson,46,8,0.43877551020408156,-0.33673469387755106,1.0,0.0,0.0,0.0,0,0.0,16,500000,1.0,961.8125
thompson,46,9,0.43877551020408156,-0.3163265306122449,1.0,0.0,0.0,0.0,0,0.0,16,500000,1.0,960.5
thompson,46,10,0.43877551020408156,-0.29591836734693877,1.0,0.0,0.0,0.0,0,0.0,16,500000,1.0,960.5
thompson,46,11,0.43877551020408156,-0.2755102040816327,1.0,0.0,0.0,0.0,0,0.0,16,500000,1.0,960.5
thompson,46,12,0.43877551020408156,-0.25510204081632654,1.0,0.0,0.0,0.0,0,0.0,16,500000,1.0,960.5
thompson,46,13,0.43877551020408156,-0.23469387755102045,1.0,0.0,0.0,0.0,0,0.0,16,500000,1.0,960.5
thompson,46,14,0.43877551020408156,-0.2142857142857143,1.0,0.0,0.0,0.0,0,0.0,16,500000,1.0,960.5
thompson,46,15,0.43877551020408156,-0.1938775510204082,1.0,0.0,0.0,0.0,0,0.0,16,500000,1.0,960.5
thompson,46,16,0.43877551020408156,-0.17346938775510207,1.0,0.0,0.0,0.0,0,0.0,16,500000,1.0,960.5
thompson,46,17,0.43877551020408156,-0.15306122448979592,1.0,0.0,0.0,0.0,0,0.0,16,500000,1.0,960.5
thompson,46,18,0.43877551020408156,-0.13265306122448983,1.0,0.0,0.0,0.0,0,0.0,16,500000,1.0,960.5
thompson,46,19,0.43877551020408156,-0.11224489795918369,1.0,0.0,0.0,0.0,0,0.0,16,500000,1.0,960.5
thompson,46,20,0.43877551020408156,-0.0918367346938776,1.0,0.0,0.0,0.0,0,0.0,16,500000,1.0,960.5
thompson,46,21,0.43877551020408156,-0.07142857142857145,1.0,0.0,0.0,0.0,0,0.0,16,500000,1.0,960.5
thompson,46,22,0.43877551020408156,-0.05102040816326536,1.0,0.0,0.0,0.0,0,0.0,16,500000,0.9375,1057.9333333333334
thompson,46,23,0.43877551020408156,-0.030612244897959218,1.0,0.0,0.0,0.0,0,0.0,16,500000,0.9375,1057.9333333333334
thompson,46,24,0.43877551020408156,-0.010204081632653073,1.0,0.0,0.0,0.0,0,0.0,16,500000,0.9375,1057.9333333333334
thompson,46,25,0.43877551020408156,0.010204081632653073,1.0,0.0,0.0,0.0,0,0.0,16,500000,0.9375,1057.9333333333334
thompson,46,26,0.43877551020408156,0.030612244897959107,1.0,0.0,0.0,0.0,0,0.0,16,500000,0.9375,1057.9333333333334
thompson,46,27,0.43877551020408156,0.05102040816326525,1.0,0.0,0.0,0.0,0,0.0,16,500000,0.9375,1057.9333333333334
thompson,46,28,0.43877551020408156,0.0714285714285714,1.0,0.0,0.0,0.0,0,0.0,16,500000,0.9375,1061.0
thompson,46,29,0.43877551020408156,0.09183673469387754,1.0,0.0,0.0,0.0,0,0.0,16,500000,0.9375,1061.0
thompson,46,30,0.43877551020408156,0.11224489795918358,1.0,0.0,0.0,0.0,0,0.0,16,500000,0.9375,1061.0
thompson,46,31,0.43877551020408156,0.13265306122448972,1.0,0.0,0.0,0.0,0,0.0,16,500000,0.9375,1061.0
thompson,46,32,0.43877551020408156,0.15306122448979587,1.0,0.0,0.0,0.0,0,0.0,16,500000,0.9375,1061.0
thompson,46,33,0.43877551020408156,0.173469387755102,1.0,0.0,0.0,0.0,0,0.0,16,500000,0.9375,977.2
thompson,46,34,0.43877551020408156,0.19387755102040816,1.0,0.0,0.0,0.0,0,0.0,16,500000,0.9375,977.2
thompson,46,35,0.43877551020408156,0.2142857142857142,1.0,0.0,0.0,0.0,0,0.0,16,500000,0.9375,977.2
thompson,46,36,0.43877551020408156,0.23469387755102034,1.0,0.0,0.0,0.0,0,0.0,16,500000,0.9375,977.2
thompson,46,37,0.43877551020408156,0.2551020408163265,1.0,0.0,0.0,0.0,0,0.0,16,500000,0.9375,977.2
thompson,46,38,0.43877551020408156,0.2755102040816326,1.0,0.0,0.0,0.0,0,0.0,16,500000,0.9375,977.2
thompson,46,39,0.43877551020408156,0.29591836734693866,1.0,0.0,0.0,0.0,0,0.0,16,500000,0.9375,977.2
thompson,46,40,0.43877551020408156,0.3163265306122448,1.0,0.0,0.0,0.0,0,0.0,16,500000,0.9375,977.2
thompson,46,41,0.43877551020408156,0.33673469387755095,1.0,0.0,0.0,0.0,0,0.0,16,500000,0.9375,977.2
thompson,46,42,0.43877551020408156,0.3571428571428571,1.0,0.0,0.0,0.0,0,0.0,16,500000,0.9375,977.2
thompson,46,43,0.43877551020408156,0.37755102040816324,1.0,0.0,0.0,0.0,0,0.0,16,500000,0.9375,977.2
thompson,46,44,0.43877551020408156,0.3979591836734693,1.0,0.0,0.0,0.0,0,0.0,16,500000,0.9375,977.2
thompson,46,45,0.43877551020408156,0.4183673469387754,1.0,0.0,0.0,0.0,0,0.0,16,500000,0.9375,977.2
thompson,46,46,0.43877551020408156,0.43877551020408156,1.0,0.0,0.0,0.0,0,0.0,16,500000,0.9375,977.2
thompson,46,47,0.43877551020408156,0.4591836734693877,1.0,0.0,0.0,0.0,0,0.0,16,500000,0.9375,977.2
thompson,46,48,0.43877551020408156,0.47959183673469385,1.0,0.0,0.0,0.0,0,0.0,16,500000,0.9375,977.2
thompson,46,49,0.43877551020408156,0.5,1.0,0.0,0.0,0.0,0,0.0,16,500000,0.9375,977.2
thompson,47,0,0.4591836734693877,-0.5,1.0,0.0,0.0,0.0,0,0.0,16,500000,1.0,961.8125
thompson,47,1,0.4591836734693877,-0.47959183673469385,1.0,0.0,0.0,0.0,0,0.0,16,500000,1.0,961.8125
thompson,47,2,0.4591836734693877,-0.45918367346938777,1.0,0.0,0.0,0.0,0,0.0,16,500000,1.0,961.8125
thompson,47,3,0.4591836734693877,-0.4387755102040816,1.0,0.0,0.0,0.0,0,0.0,16,500000,1.0,961.8125
thompson,47,4,0.4591836734693877,-0.41836734693877553,1.0,0.0,0.0,0.0,0,0.0,16,500000,1.0,961.8125
thompson,47,5,0.4591836734693877,-0.3979591836734694,1.0,0.0,0.0,0.0,0,0.0,16,500000,1.0,961.8125
thompson,47,6,0.4591836734693877,-0.37755102040816324,1.0,0.0,0.0,0.0,0,0.0,16,500000,1.0,961.8125
thompson,47,7,0.4591836734693877,-0.35714285714285715,1.0,0.0,0.0,0.0,0,0.0,16,500000,1.0,961.8125
thompson,47,8,0.4591836734693877,-0.33673469387755106,1.0,0.0,0.0,0.0,0,0.0,16,500000,1.0,961.8125
thompson,47,9,0.4591836734693877,-0.3163265306122449,1.0,0.0,0.0,0.0,0,0.0,16,500000,1.0,960.5
thompson,47,10,0.4591836734693877,-0.29591836734693877,1.0,0.0,0.0,0.0,0,0.0,16,500000,1.0,960.5
thompson,47,11,0.4591836734693877,-0.2755102040816327,1.0,0.0,0.0,0.0,0,0.0,16,500000,1.0,960.5
thompson,47,12,0.4591836734693877,-0.25510204081632654,1.0,0.0,0.0,0.0,0,0.0,16,500000,1.0,960.5
thompson,47,13,0.4591836734693877,-0.23469387755102045,1.0,0.0,0.0,0.0,0,0.0,16,500000,1.0,960.5
thompson,47,14,0.4591836734693877,-0.2142857142857143,1.0,0.0,0.0,0.0,0,0.0,16,500000,1.0,960.5
thompson,47,15,0.4591836734693877,-0.1938775510204082,1.0,0.0,0.0,0.0,0,0.0,16,500000,1.0,960.5
thompson,47,16,0.4591836734693877,-0.17346938775510207,1.0,0.0,0.0,0.0,0,0.0,16,500000,1.0,960.5
thompson,47,17,0.4591836734693877,-0.15306122448979592,1.0,0.0,0.0,0.0,0,0.0,16,500000,1.0,960.5
thompson,47,18,0.4591836734693877,-0.13265306122448983,1.0,0.0,0.0,0.0,0,0.0,16,500000,1.0,960.5
thompson,47,19,0.4591836734693877,-0.11224489795918369,1.0,0.0,0.0,0.0,0,0.0,16,500000,1.0,960.5
thompson,47,20,0.4591836734693877,-0.0918367346938776,1.0,0.0,0.0,0.0,0,0.0,16,500000,1.0,960.5
thompson,47,21,0.4591836734693877,-0.07142857142857145,1.0,0.0,0.0,0.0,0,0.0,16,500000,1.0,960.5
thompson,47,22,0.4591836734693877,-0.05102040816326536,1.0,0.0,0.0,0.0,0,0.0,16,500000,0.9375,1057.9333333333334
thompson,47,23,0.4591836734693877,-0.030612244897959218,1.0,0.0,0.0,0.0,0,0.0,16,500000,0.9375,1057.9333333333334
thompson,47,24,0.4591836734693877,-0.010204081632653073,1.0,0.0,0.0,0.0,0,0.0,16,500000,0.9375,1057.9333333333334
thompson,47,25,0.4591836734693877,0.010204081632653073,1.0,0.0,0.0,0.0,0,0.0,16,500000,0.9375,1057.9333333333334
thompson,47,26,0.4591836734693877,0.030612244897959107,1.0,0.0,0.0,0.0,0,0.0,16,500000,0.9375,1057.9333333333334
thompson,47,27,0.4591836734693877,0.05102040816326525,1.0,0.0,0.0,0.0,0,0.0,16,500000,0.9375,1057.9333333333334
thompson,47,28,0.4591836734693877,0.0714285714285714,1.0,0.0,0.0,0.0,0,0.0,16,500000,0.9375,1061.0
thompson,47,29,0.4591836734693877,0.09183673469387754,1.0,0.0,0.0,0.0,0,0.0,16,500000,0.9375,1061.0
thompson,47,30,0.4591836734693877,0.11224489795918358,1.0,0.0,0.0,0.0,0,0.0,16,500000,0.9375,1061.0
thompson,47,31,0.4591836734693877,0.13265306122448972,1.0,0.0,0.0,0.0,0,0.0,16,500000,0.9375,1061.0
thompson,47,32,0.4591836734693877,0.15306122448979587,1.0,0.0,0.0,0.0,0,0.0,16,500000,0.9375,1061.0
thompson,47,33,0.4591836734693877,0.173469387755102,1.0,0.0,0.0,0.0,0,0.0,16,500000,0.9375,977.2
thompson,47,34,0.4591836734693877,0.19387755102040816,1.0,0.0,0.0,0.0,0,0.0,16,500000,0.9375,977.2
thompson,47,35,0.4591836734693877,0.2142857142857142,1.0,0.0,0.0,0.0,0,0.0,16,500000,0.9375,977.2
thompson,47,36,0.4591836734693877,0.23469387755102034,1.0,0.0,0.0,0.0,0,0.0,16,500000,0.9375,977.2
thompson,47,37,0.4591836734693877,0.2551020408163265,1.0,0.0,0.0,0.0,0,0.0,16,500000,0.9375,977.2
thompson,47,38,0.4591836734693877,0.2755102040816326,1.0,0.0,0.0,0.0,0,0.0,16,500000,0.9375,977.2
thompson,47,39,0.4591836734693877,0.29591836734693866,1.0,0.0,0.0,0.0,0,0.0,16,500000,0.9375,977.2
thompson,47,40,0.4591836734693877,0.3163265306122448,1.0,0.0,0.0,0.0,0,0.0,16,500000,0.9375,977.2
thompson,47,41,0.4591836734693877,0.33673469387755095,1.0,0.0,0.0,0.0,0,0.0,16,500000,0.9375,977.2
thompson,47,42,0.4591836734693877,0.3571428571428571,1.0,0.0,0.0,0.0,0,0.0,16,500000,0.9375,977.2
thompson,47,43,0.4591836734693877,0.37755102040816324,1.0,0.0,0.0,0.0,0,0.0,16,500000,0.9375,977.2
thompson,47,44,0.4591836734693877,0.3979591836734693,1.0,0.0,0.0,0.0,0,0.0,16,500000,0.9375,977.2
thompson,47,45,0.4591836734693877,0.4183673469387754,1.0,0.0,0.0,0.0,0,0.0,16,500000,0.9375,977.2
thompson,47,46,0.4591836734693877,0.43877551020408156,1.0,0.0,0.0,0.0,0,0.0,16,500000,0.9375,977.2
thompson,47,47,0.4591836734693877,0.4591836734693877,1.0,0.0,0.0,0.0,0,0.0,16,500000,0.9375,977.2
thompson,47,48,0.4591836734693877,0.47959183673469385,1.0,0.0,0.0,0.0,0,0.0,16,500000,0.9375,977.2
thompson,47,49,0.4591836734693877,0.5,1.0,0.0,0.0,0.0,0,0.0,16,500000,0.9375,977.2
thompson,48,0,0.47959183673469385,-0.5,1.0,0.0,0.0,0.0,0,0.0,16,500000,1.0,961.8125
thompson,48,1,0.47959183673469385,-0.47959183673469385,1.0,0.0,0.0,0.0,0,0.0,16,500000,1.0,961.8125
thompson,48,2,0.47959183673469385,-0.45918367346938777,1.0,0.0,0.0,0.0,0,0.0,16,500000,1.0,961.8125
thompson,48,3,0.47959183673469385,-0.4387755102040816,1.0,0.0,0.0,0.0,0,0.0,16,500000,1.0,961.8125
thompson,48,4,0.47959183673469385,-0.41836734693877553,1.0,0.0,0.0,0.0,0,0.0,16,500000,1.0,961.8125
thompson,48,5,0.47959183673469385,-0.3979591836734694,1.0,0.0,0.0,0.0,0,0.0,16,500000,1.0,961.8125
thompson,48,6,0.47959183673469385,-0.37755102040816324,1.0,0.0,0.0,0.0,0,0.0,16,500000,1.0,961.8125
thompson,48,7,0.47959183673469385,-0.35714285714285715,1.0,0.0,0.0,0.0,0,0.0,16,500000,1.0,961.8125
thompson,48,8,0.47959183673469385,-0.33673469387755106,1.0,0.0,0.0,0.0,0,0.0,16,500000,1.0,961.8125
thompson,48,9,0.47959183673469385,-0.3163265306122449,1.0,0.0,0.0,0.0,0,0.0,16,500000,1.0,960.5
thompson,48,10,0.47959183673469385,-0.29591836734693877,1.0,0.0,0.0,0.0,0,0.0,16,500000,1.0,960.5
thompson,48,11,0.47959183673469385,-0.2755102040816327,1.0,0.0,0.0,0.0,0,0.0,16,500000,1.0,960.5
thompson,48,12,0.47959183673469385,-0.25510204081632654,1.0,0.0,0.0,0.0,0,0.0,16,500000,1.0,960.5
thompson,48,13,0.47959183673469385,-0.23469387755102045,1.0,0.0,0.0,0.0,0,0.0,16,500000,1.0,960.5
thompson,48,14,0.47959183673469385,-0.2142857142857143,1.0,0.0,0.0,0.0,0,0.0,16,500000,1.0,960.5
thompson,48,15,0.47959183673469385,-0.1938775510204082,1.0,0.0,0.0,0.0,0,0.0,16,500000,1.0,960.5
thompson,48,16,0.47959183673469385,-0.17346938775510207,1.0,0.0,0.0,0.0,0,0.0,16,500000,1.0,960.5
thompson,48,17,0.47959183673469385,-0.15306122448979592,1.0,0.0,0.0,0.0,0,0.0,16,500000,1.0,960.5
thompson,48,18,0.47959183673469385,-0.13265306122448983,1.0,0.0,0.0,0.0,0,0.0,16,500000,1.0,960.5
thompson,48,19,0.47959183673469385,-0.11224489795918369,1.0,0.0,0.0,0.0,0,0.0,16,500000,1.0,960.5
thompson,48,20,0.47959183673469385,-0.0918367346938776,1.0,0.0,0.0,0.0,0,0.0,16,500000,1.0,960.5
thompson,48,21,0.47959183673469385,-0.07142857142857145,1.0,0.0,0.0,0.0,0,0.0,16,500000,1.0,960.5
thompson,48,22,0.47959183673469385,-0.05102040816326536,1.0,0.0,0.0,0.0,0,0.0,16,500000,0.9375,1057.9333333333334
thompson,48,23,0.47959183673469385,-0.030612244897959218,1.0,0.0,0.0,0.0,0,0.0,16,500000,0.9375,1057.9333333333334
thompson,48,24,0.47959183673469385,-0.010204081632653073,1.0,0.0,0.0,0.0,0,0.0,16,500000,0.9375,1057.9333333333334
thompson,48,25,0.47959183673469385,0.010204081632653073,1.0,0.0,0.0,0.0,0,0.0,16,500000,0.9375,1057.9333333333334
thompson,48,26,0.47959183673469385,0.030612244897959107,1.0,0.0,0.0,0.0,0,0.0,16,500000,0.9375,1057.9333333333334
thompson,48,27,0.47959183673469385,0.05102040816326525,1.0,0.0,0.0,0.0,0,0.0,16,500000,0.9375,1057.9333333333334
thompson,48,28,0.47959183673469385,0.0714285714285714,1.0,0.0,0.0,0.0,0,0.0,16,500000,0.9375,1061.0
thompson,48,29,0.47959183673469385,0.09183673469387754,1.0,0.0,0.0,0.0,0,0.0,16,500000,0.9375,1061.0
thompson,48,30,0.47959183673469385,0.11224489795918358,1.0,0.0,0.0,0.0,0,0.0,16,500000,0.9375,1061.0
thompson,48,31,0.47959183673469385,0.13265306122448972,1.0,0.0,0.0,0.0,0,0.0,16,500000,0.9375,1061.0
thompson,48,32,0.47959183673469385,0.15306122448979587,1.0,0.0,0.0,0.0,0,0.0,16,500000,0.9375,1061.0
thompson,48,33,0.47959183673469385,0.173469387755102,1.0,0.0,0.0,0.0,0,0.0,16,500000,0.9375,977.2
thompson,48,34,0.47959183673469385,0.19387755102040816,1.0,0.0,0.0,0.0,0,0.0,16,500000,0.9375,977.2
thompson,48,35,0.47959183673469385,0.2142857142857142,1.0,0.0,0.0,0.0,0,0.0,16,500000,0.9375,977.2
thompson,48,36,0.47959183673469385,0.23469387755102034,1.0,0.0,0.0,0.0,0,0.0,16,500000,0.9375,977.2
thompson,48,37,0.47959183673469385,0.2551020408163265,1.0,0.0,0.0,0.0,0,0.0,16,500000,0.9375,977.2
thompson,48,38,0.47959183673469385,0.2755102040816326,1.0,0.0,0.0,0.0,0,0.0,16,500000,0.9375,977.2
thompson,48,39,0.47959183673469385,0.29591836734693866,1.0,0.0,0.0,0.0,0,0.0,16,500000,0.9375,977.2
thompson,48,40,0.47959183673469385,0.3163265306122448,1.0,0.0,0.0,0.0,0,0.0,16,500000,0.9375,977.2
thompson,48,41,0.47959183673469385,0.33673469387755095,1.0,0.0,0.0,0.0,0,0.0,16,500000,0.9375,977.2
thompson,48,42,0.47959183673469385,0.3571428571428571,1.0,0.0,0.0,0.0,0,0.0,16,500000,0.9375,977.2
thompson,48,43,0.47959183673469385,0.37755102040816324,1.0,0.0,0.0,0.0,0,0.0,16,500000,0.9375,977.2
thompson,48,44,0.47959183673469385,0.3979591836734693,1.0,0.0,0.0,0.0,0,0.0,16,500000,0.9375,977.2
thompson,48,45,0.47959183673469385,0.4183673469387754,1.0,0.0,0.0,0.0,0,0.0,16,500000,0.9375,977.2
thompson,48,46,0.47959183673469385,0.43877551020408156,1.0,0.0,0.0,0.0,0,0.0,16,500000,0.9375,977.2
thompson,48,47,0.47959183673469385,0.4591836734693877,1.0,0.0,0.0,0.0,0,0.0,16,500000,0.9375,977.2
thompson,48,48,0.47959183673469385,0.47959183673469385,1.0,0.0,0.0,0.0,0,0.0,16,500000,0.9375,977.2
thompson,48,49,0.47959183673469385,0.5,1.0,0.0,0.0,0.0,0,0.0,16,500000,0.9375,977.2
thompson,49,0,0.5,-0.5,1.0,0.0,0.0,0.0,0,0.0,16,500000,1.0,961.8125
thompson,49,1,0.5,-0.47959183673469385,1.0,0.0,0.0,0.0,0,0.0,16,500000,1.0,961.8125
thompson,49,2,0.5,-0.45918367346938777,1.0,0.0,0.0,0.0,0,0.0,16,500000,1.0,961.8125
thompson,49,3,0.5,-0.4387755102040816,1.0,0.0,0.0,0.0,0,0.0,16,500000,1.0,961.8125
thompson,49,4,0.5,-0.41836734693877553,1.0,0.0,0.0,0.0,0,0.0,16,500000,1.0,961.8125
thompson,49,5,0.5,-0.3979591836734694,1.0,0.0,0.0,0.0,0,0.0,16,500000,1.0,961.8125
thompson,49,6,0.5,-0.37755102040816324,1.0,0.0,0.0,0.0,0,0.0,16,500000,1.0,961.8125
thompson,49,7,0.5,-0.35714285714285715,1.0,0.0,0.0,0.0,0,0.0,16,500000,1.0,961.8125
thompson,49,8,0.5,-0.33673469387755106,1.0,0.0,0.0,0.0,0,0.0,16,500000,1.0,961.8125
thompson,49,9,0.5,-0.3163265306122449,1.0,0.0,0.0,0.0,0,0.0,16,500000,1.0,960.5
thompson,49,10,0.5,-0.29591836734693877,1.0,0.0,0.0,0.0,0,0.0,16,500000,1.0,960.5
thompson,49,11,0.5,-0.2755102040816327,1.0,0.0,0.0,0.0,0,0.0,16,500000,1.0,960.5
thompson,49,12,0.5,-0.25510204081632654,1.0,0.0,0.0,0.0,0,0.0,16,500000,1.0,960.5
thompson,49,13,0.5,-0.23469387755102045,1.0,0.0,0.0,0.0,0,0.0,16,500000,1.0,960.5
thompson,49,14,0.5,-0.2142857142857143,1.0,0.0,0.0,0.0,0,0.0,16,500000,1.0,960.5
thompson,49,15,0.5,-0.1938775510204082,1.0,0.0,0.0,0.0,0,0.0,16,500000,1.0,960.5
thompson,49,16,0.5,-0.17346938775510207,1.0,0.0,0.0,0.0,0,0.0,16,500000,1.0,960.5
thompson,49,17,0.5,-0.15306122448979592,1.0,0.0,0.0,0.0,0,0.0,16,500000,1.0,960.5
thompson,49,18,0.5,-0.13265306122448983,1.0,0.0,0.0,0.0,0,0.0,16,500000,1.0,960.5
thompson,49,19,0.5,-0.11224489795918369,1.0,0.0,0.0,0.0,0,0.0,16,500000,1.0,960.5
thompson,49,20,0.5,-0.0918367346938776,1.0,0.0,0.0,0.0,0,0.0,16,500000,1.0,960.5
thompson,49,21,0.5,-0.07142857142857145,1.0,0.0,0.0,0.0,0,0.0,16,500000,1.0,960.5
thompson,49,22,0.5,-0.05102040816326536,1.0,0.0,0.0,0.0,0,0.0,16,500000,0.9375,1057.9333333333334
thompson,49,23,0.5,-0.030612244897959218,1.0,0.0,0.0,0.0,0,0.0,16,500000,0.9375,1057.9333333333334
thompson,49,24,0.5,-0.010204081632653073,1.0,0.0,0.0,0.0,0,0.0,16,500000,0.9375,1057.9333333333334
thompson,49,25,0.5,0.010204081632653073,1.0,0.0,0.0,0.0,0,0.0,16,500000,0.9375,1057.9333333333334
thompson,49,26,0.5,0.030612244897959107,1.0,0.0,0.0,0.0,0,0.0,16,500000,0.9375,1057.9333333333334
thompson,49,27,0.5,0.05102040816326525,1.0,0.0,0.0,0.0,0,0.0,16,500000,0.9375,1057.9333333333334
thompson,49,28,0.5,0.0714285714285714,1.0,0.0,0.0,0.0,0,0.0,16,500000,0.9375,1061.0
thompson,49,29,0.5,0.09183673469387754,1.0,0.0,0.0,0.0,0,0.0,16,500000,0.9375,1061.0
thompson,49,30,0.5,0.11224489795918358,1.0,0.0,0.0,0.0,0,0.0,16,500000,0.9375,1061.0
thompson,49,31,0.5,0.13265306122448972,1.0,0.0,0.0,0.0,0,0.0,16,500000,0.9375,1061.0
thompson,49,32,0.5,0.15306122448979587,1.0,0.0,0.0,0.0,0,0.0,16,500000,0.9375,1061.0
thompson,49,33,0.5,0.173469387755102,1.0,0.0,0.0,0.0,0,0.0,16,500000,0.9375,977.2
thompson,49,34,0.5,0.19387755102040816,1.0,0.0,0.0,0.0,0,0.0,16,500000,0.9375,977.2
thompson,49,35,0.5,0.2142857142857142,1.0,0.0,0.0,0.0,0,0.0,16,500000,0.9375,977.2
thompson,49,36,0.5,0.23469387755102034,1.0,0.0,0.0,0.0,0,0.0,16,500000,0.9375,977.2
thompson,49,37,0.5,0.2551020408163265,1.0,0.0,0.0,0.0,0,0.0,16,500000,0.9375,977.2
thompson,49,38,0.5,0.2755102040816326,1.0,0.0,0.0,0.0,0,0.0,16,500000,0.9375,977.2
thompson,49,39,0.5,0.29591836734693866,1.0,0.0,0.0,0.0,0,0.0,16,500000,0.9375,977.2
thompson,49,40,0.5,0.3163265306122448,1.0,0.0,0.0,0.0,0,0.0,16,500000,0.9375,977.2
thompson,49,41,0.5,0.33673469387755095,1.0,0.0,0.0,0.0,0,0.0,16,500000,0.9375,977.2
thompson,49,42,0.5,0.3571428571428571,1.0,0.0,0.0,0.0,0,0.0,16,500000,0.9375,977.2
thompson,49,43,0.5,0.37755102040816324,1.0,0.0,0.0,0.0,0,0.0,16,500000,0.9375,977.2
thompson,49,44,0.5,0.3979591836734693,1.0,0.0,0.0,0.0,0,0.0,16,500000,0.9375,977.2
thompson,49,45,0.5,0.4183673469387754,1.0,0.0,0.0,0.0,0,0.0,16,500000,0.9375,977.2
thompson,49,46,0.5,0.43877551020408156,1.0,0.0,0.0,0.0,0,0.0,16,500000,0.9375,977.2
thompson,49,47,0.5,0.4591836734693877,1.0,0.0,0.0,0.0,0,0.0,16,500000,0.9375,977.2
thompson,49,48,0.5,0.47959183673469385,1.0,0.0,0.0,0.0,0,0.0,16,500000,0.9375,977.2
thompson,49,49,0.5,0.5,1.0,0.0,0.0,0.0,0,0.0,16,500000,0.9375,977.2
exp3,0,0,-0.3,-0.3,1.0,0.0,0.0,0.0,0,0.0,16,500000,1.0,1874.5625
exp3,0,1,-0.3,-0.28775510204081634,1.0,0.0,0.0,0.0,0,0.0,16,500000,1.0,1846.6875
exp3,0,2,-0.3,-0.2755102040816326,1.0,0.0,0.0,0.0,0,0.0,16,500000,1.0,1847.5625
exp3,0,3,-0.3,-0.26326530612244897,1.0,0.0,0.0,0.0,0,0.0,16,500000,1.0,1878.0625
exp3,0,4,-0.3,-0.2510204081632653,1.0,0.0,0.0,0.0,0,0.0,16,500000,1.0,1951.75
exp3,0,5,-0.3,-0.2387755102040816,1.0,0.0,0.0,0.0,0,0.0,16,500000,1.0,1933.0
exp3,0,6,-0.3,-0.22653061224489796,1.0,0.0,0.0,0.0,0,0.0,16,500000,1.0,1935.6875
exp3,0,7,-0.3,-0.21428571428571427,1.0,0.0,0.0,0.0,0,0.0,16,500000,1.0,1907.375
exp3,0,8,-0.3,-0.2020408163265306,1.0,0.0,0.0,0.0,0,0.0,16,500000,1.0,1904.5625
exp3,0,9,-0.3,-0.18979591836734694,1.0,0.0,0.0,0.0,0,0.0,16,500000,1.0,1964.125
exp3,0,10,-0.3,-0.17755102040816326,1.0,0.0,0.0,0.0,0,0.0,16,500000,1.0,1964.125
exp3,0,11,-0.3,-0.16530612244897958,1.0,0.0,0.0,0.0,0,0.0,16,500000,1.0,2002.375
exp3,0,12,-0.3,-0.15306122448979592,1.0,0.0,0.0,0.0,0,0.0,16,500000,1.0,2144.4375
exp3,0,13,-0.3,-0.14081632653061224,1.0,0.0,0.0,0.0,0,0.0,16,500000,1.0,2150.8125
exp3,0,14,-0.3,-0.12857142857142856,1.0,0.0,0.0,0.0,0,0.0,16,500000,1.0,2126.375
exp3,0,15,-0.3,-0.1163265306122449,1.0,0.0,0.0,0.0,0,0.0,16,500000,1.0,2126.375
exp3,0,16,-0.3,-0.10408163265306122,1.0,0.0,0.0,0.0,0,0.0,16,500000,1.0,2152.375
exp3,0,17,-0.3,-0.09183673469387754,1.0,0.0,0.0,0.0,0,0.0,16,500000,1.0,2176.0
exp3,0,18,-0.3,-0.07959183673469389,1.0,0.0,0.0,0.0,0,0.0,16,500000,1.0,2292.8125
exp3,0,19,-0.3,-0.0673469387755102,1.0,0.0,0.0,0.0,0,0.0,16,500000,1.0,2334.75
exp3,0,20,-0.3,-0.055102040816326525,1.0,0.0,0.0,0.0,0,0.0,16,500000,1.0,2343.25
exp3,0,21,-0.3,-0.04285714285714287,1.0,0.0,0.0,0.0,0,0.0,16,500000,1.0,2412.625
exp3,0,22,-0.3,-0.030612244897959162,1.0,0.0,0.0,0.0,0,0.0,16,500000,1.0,2519.125
exp3,0,23,-0.3,-0.01836734693877551,1.0,0.0,0.0,0.0,0,0.0,16,500000,1.0,2434.6875
exp3,0,24,-0.3,-0.006122448979591855,1.0,0.0,0.0,0.0,0,0.0,16,500000,1.0,2520.875
exp3,0,25,-0.3,0.006122448979591855,1.0,0.0,0.0,0.0,0,0.0,16,500000,1.0,2524.0625
exp3,0,26,-0.3,0.01836734693877551,1.0,0.0,0.0,0.0,0,0.0,16,500000,1.0,2667.4375
exp3,0,27,-0.3,0.030612244897959162,1.0,0.0,0.0,0.0,0,0.0,16,500000,1.0,2644.1875
exp3,0,28,-0.3,0.04285714285714287,1.0,0.0,0.0,0.0,0,0.0,16,500000,1.0,2644.1875
exp3,0,29,-0.3,0.055102040816326525,1.0,0.0,0.0,0.0,0,0.0,16,500000,1.0,2785.25
exp3,0,30,-0.3,0.06734693877551018,1.0,0.0,0.0,0.0,0,0.0,16,500000,1.0,2785.5625
exp3,0,31,-0.3,0.07959183673469389,1.0,0.0,0.0,0.0,0,0.0,16,500000,1.0,2843.3125
exp3,0,32,-0.3,0.09183673469387754,1.0,0.0,0.0,0.0,0,0.0,16,500000,1.0,2874.8125
exp3,0,33,-0.3,0.1040816326530612,1.0,0.0,0.0,0.0,0,0.0,16,500000,1.0,2875.5625
exp3,0,34,-0.3,0.1163265306122449,1.0,0.0,0.0,0.0,0,0.0,16,500000,1.0,2879.5625
exp3,0,35,-0.3,0.12857142857142856,1.0,0.0,0.0,0.0,0,0.0,16,500000,1.0,2814.875
exp3,0,36,-0.3,0.1408163265306122,1.0,0.0,0.0,0.0,0,0.0,16,500000,1.0,2827.25
exp3,0,37,-0.3,0.15306122448979592,1.0,0.0,0.0,0.0,0,0.0,16,500000,1.0,2843.8125
exp3,0,38,-0.3,0.16530612244897958,1.0,0.0,0.0,0.0,0,0.0,16,500000,1.0,3083.375
exp3,0,39,-0.3,0.17755102040816323,1.0,0.0,0.0,0.0,0,0.0,16,500000,1.0,3384.1875
exp3,0,40,-0.3,0.18979591836734694,1.0,0.0,0.0,0.0,0,0.0,16,500000,1.0,3616.0625
exp3,0,41,-0.3,0.20204081632653065,1.0,0.0,0.0,0.0,0,0.0,16,500000,1.0,3610.875
exp3,0,42,-0.3,0.21428571428571425,1.0,0.0,0.0,0.0,0,0.0,16,500000,1.0,3729.3125
exp3,0,43,-0.3,0.22653061224489796,1.0,0.0,0.0,0.0,0,0.0,16,500000,1.0,3856.4375
exp3,0,44,-0.3,0.23877551020408166,1.0,0.0,0.0,0.0,0,0.0,16,500000,1.0,4081.875
exp3,0,45,-0.3,0.25102040816326526,1.0,0.0,0.0,0.0,0,0.0,16,500000,1.0,4367.375
exp3,0,46,-0.3,0.26326530612244897,1.0,0.0,0.0,0.0,0,0.0,16,500000,1.0,4885.5625
exp3,0,47,-0.3,0.2755102040816327,1.0,0.0,0.0,0.0,0,0.0,16,500000,1.0,5102.6875
exp3,0,48,-0.3,0.2877551020408163,1.0,0.0,0.0,0.0,0,0.0,16,500000,1.0,5587.5625
exp3,0,49,-0.3,0.3,1.0,0.0,0.0,0.0,0,0.0,16,500000,1.0,5742.6875
exp3,1,0,-0.28775510204081634,-0.3,1.0,0.0,0.0,0.0,0,0.0,16,500000,1.0,1876.3125
exp3,1,1,-0.28775510204081634,-0.28775510204081634,1.0,0.0,0.0,0.0,0,0.0,16,500000,1.0,1848.1875
exp3,1,2,-0.28775510204081634,-0.2755102040816326,1.0,0.0,0.0,0.0,0,0.0,16,500000,1.0,1855.1875
exp3,1,3,-0.28775510204081634,-0.26326530612244897,1.0,0.0,0.0,0.0,0,0.0,16,500000,1.0,1879.875
exp3,1,4,-0.28775510204081634,-0.2510204081632653,1.0,0.0,0.0,0.0,0,0.0,16,500000,1.0,1945.8125
exp3,1,5,-0.28775510204081634,-0.2387755102040816,1.0,0.0,0.0,0.0,0,0.0,16,500000,1.0,1927.0625
exp3,1,6,-0.28775510204081634,-0.22653061224489796,1.0,0.0,0.0,0.0,0,0.0,16,500000,1.0,1938.4375
exp3,1,7,-0.28775510204081634,-0.21428571428571427,1.0,0.0,0.0,0.0,0,0.0,16,500000,1.0,1913.5625
exp3,1,8,-0.28775510204081634,-0.2020408163265306,1.0,0.0,0.0,0.0,0,0.0,16,500000,1.0,1906.125
exp3,1,9,-0.28775510204081634,-0.18979591836734694,1.0,0.0,0.0,0.0,0,0.0,16,500000,1.0,1912.875
exp3,1,10,-0.28775510204081634,-0.17755102040816326,1.0,0.0,0.0,0.0,0,0.0,16,500000,1.0,1912.875
exp3,1,11,-0.28775510204081634,-0.16530612244897958,1.0,0.0,0.0,0.0,0,0.0,16,500000,1.0,1951.0625
exp3,1,12,-0.28775510204081634,-0.15306122448979592,1.0,0.0,0.0,0.0,0,0.0,16,500000,1.0,2093.125
exp3,1,13,-0.28775510204081634,-0.14081632653061224,1.0,0.0,0.0,0.0,0,0.0,16,500000,1.0,2099.5
exp3,1,14,-0.28775510204081634,-0.12857142857142856,1.0,0.0,0.0,0.0,0,0.0,16,500000,1.0,2075.1875
exp3,1,15,-0.28775510204081634,-0.1163265306122449,1.0,0.0,0.0,0.0,0,0.0,16,500000,1.0,2075.1875
exp3,1,16,-0.28775510204081634,-0.10408163265306122,1.0,0.0,0.0,0.0,0,0.0,16,500000,1.0,2106.4375
exp3,1,17,-0.28775510204081634,-0.09183673469387754,1.0,0.0,0.0,0.0,0,0.0,16,500000,1.0,2129.5625
exp3,1,18,-0.28775510204081634,-0.07959183673469389,1.0,0.0,0.0,0.0,0,0.0,16,500000,1.0,2246.375
exp3,1,19,-0.28775510204081634,-0.0673469387755102,1.0,0.0,0.0,0.0,0,0.0,16,500000,1.0,2251.75
exp3,1,20,-0.28775510204081634,-0.055102040816326525,1.0,0.0,0.0,0.0,0,0.0,16,500000,1.0,2258.375
exp3,1,21,-0.28775510204081634,-0.04285714285714287,1.0,0.0,0.0,0.0,0,0.0,16,500000,1.0,2221.375
exp3,1,22,-0.28775510204081634,-0.030612244897959162,1.0,0.0,0.0,0.0,0,0.0,16,500000,1.0,2328.0
exp3,1,23,-0.28775510204081634,-0.01836734693877551,1.0,0.0,0.0,0.0,0,0.0,16,500000,1.0,2241.9375
exp3,1,24,-0.28775510204081634,-0.006122448979591855,1.0,0.0,0.0,0.0,0,0.0,16,500000,1.0,2308.75
exp3,1,25,-0.28775510204081634,0.006122448979591855,1.0,0.0,0.0,0.0,0,0.0,16,500000,1.0,2312.9375
exp3,1,26,-0.28775510204081634,0.01836734693877551,1.0,0.0,0.0,0.0,0,0.0,16,500000,1.0,2521.75
exp3,1,27,-0.28775510204081634,0.030612244897959162,1.0,0.0,0.0,0.0,0,0.0,16,500000,1.0,2523.9375
exp3,1,28,-0.28775510204081634,0.04285714285714287,1.0,0.0,0.0,0.0,0,0.0,16,500000,1.0,2523.1875
exp3,1,29,-0.28775510204081634,0.055102040816326525,1.0,0.0,0.0,0.0,0,0.0,16,500000,1.0,2588.3125
exp3,1,30,-0.28775510204081634,0.06734693877551018,1.0,0.0,0.0,0.0,0,0.0,16,500000,1.0,2589.0625
exp3,1,31,-0.28775510204081634,0.07959183673469389,1.0,0.0,0.0,0.0,0,0.0,16,500000,1.0,2682.5625
exp3,1,32,-0.28775510204081634,0.09183673469387754,1.0,0.0,0.0,0.0,0,0.0,16,500000,1.0,2729.4375
exp3,1,33,-0.28775510204081634,0.1040816326530612,1.0,0.0,0.0,0.0,0,0.0,16,500000,1.0,2804.0625
exp3,1,34,-0.28775510204081634,0.1163265306122449,1.0,0.0,0.0,0.0,0,0.0,16,500000,1.0,2878.375
exp3,1,35,-0.28775510204081634,0.12857142857142856,1.0,0.0,0.0,0.0,0,0.0,16,500000,1.0,2849.3125
exp3,1,36,-0.28775510204081634,0.1408163265306122,1.0,0.0,0.0,0.0,0,0.0,16,500000,1.0,2775.25
exp3,1,37,-0.28775510204081634,0.15306122448979592,1.0,0.0,0.0,0.0,0,0.0,16,500000,1.0,2780.5
exp3,1,38,-0.28775510204081634,0.16530612244897958,1.0,0.0,0.0,0.0,0,0.0,16,500000,1.0,2975.0625
exp3,1,39,-0.28775510204081634,0.17755102040816323,1.0,0.0,0.0,0.0,0,0.0,16,500000,1.0,3152.0
exp3,1,40,-0.28775510204081634,0.18979591836734694,1.0,0.0,0.0,0.0,0,0.0,16,500000,1.0,3843.5
exp3,1,41,-0.28775510204081634,0.20204081632653065,1.0,0.0,0.0,0.0,0,0.0,16,500000,1.0,3825.375
exp3,1,42,-0.28775510204081634,0.21428571428571425,1.0,0.0,0.0,0.0,0,0.0,16,500000,1.0,3981.8125
exp3,1,43,-0.28775510204081634,0.22653061224489796,1.0,0.0,0.0,0.0,0,0.0,16,500000,1.0,4090.5625
exp3,1,44,-0.28775510204081634,0.23877551020408166,1.0,0.0,0.0,0.0,0,0.0,16,500000,1.0,4313.625
exp3,1,45,-0.28775510204081634,0.25102040816326526,1.0,0.0,0.0,0.0,0,0.0,16,500000,1.0,4706.75
exp3,1,46,-0.28775510204081634,0.26326530612244897,1.0,0.0,0.0,0.0,0,0.0,16,500000,1.0,5111.875
exp3,1,47,-0.28775510204081634,0.2755102040816327,1.0,0.0,0.0,0.0,0,0.0,16,500000,1.0,5441.375
exp3,1,48,-0.28775510204081634,0.2877551020408163,1.0,0.0,0.0,0.0,0,0.0,16,500000,1.0,5754.4375
exp3,1,49,-0.28775510204081634,0.3,1.0,0.0,0.0,0.0,0,0.0,16,500000,1.0,6040.375
exp3,2,0,-0.2755102040816326,-0.3,1.0,0.0,0.0,0.0,0,0.0,16,500000,1.0,1895.8125
exp3,2,1,-0.2755102040816326,-0.28775510204081634,1.0,0.0,0.0,0.0,0,0.0,16,500000,1.0,1917.3125
exp3,2,2,-0.2755102040816326,-0.2755102040816326,1.0,0.0,0.0,0.0,0,0.0,16,500000,1.0,1899.5625
exp3,2,3,-0.2755102040816326,-0.26326530612244897,1.0,0.0,0.0,0.0,0,0.0,16,500000,1.0,1924.25
exp3,2,4,-0.2755102040816326,-0.2510204081632653,1.0,0.0,0.0,0.0,0,0.0,16,500000,1.0,1990.1875
exp3,2,5,-0.2755102040816326,-0.2387755102040816,1.0,0.0,0.0,0.0,0,0.0,16,500000,1.0,1908.0625
exp3,2,6,-0.2755102040816326,-0.22653061224489796,1.0,0.0,0.0,0.0,0,0.0,16,500000,1.0,1944.375
exp3,2,7,-0.2755102040816326,-0.21428571428571427,1.0,0.0,0.0,0.0,0,0.0,16,500000,1.0,1944.375
exp3,2,8,-0.2755102040816326,-0.2020408163265306,1.0,0.0,0.0,0.0,0,0.0,16,500000,1.0,1936.9375
exp3,2,9,-0.2755102040816326,-0.18979591836734694,1.0,0.0,0.0,0.0,0,0.0,16,500000,1.0,1949.9375
exp3,2,10,-0.2755102040816326,-0.17755102040816326,1.0,0.0,0.0,0.0,0,0.0,16,500000,1.0,1959.6875
exp3,2,11,-0.2755102040816326,-0.16530612244897958,1.0,0.0,0.0,0.0,0,0.0,16,500000,1.0,1973.0
exp3,2,12,-0.2755102040816326,-0.15306122448979592,1.0,0.0,0.0,0.0,0,0.0,16,500000,1.0,2114.375
exp3,2,13,-0.2755102040816326,-0.14081632653061224,1.0,0.0,0.0,0.0,0,0.0,16,500000,1.0,2120.75
exp3,2,14,-0.2755102040816326,-0.12857142857142856,1.0,0.0,0.0,0.0,0,0.0,16,500000,1.0,2121.3125
exp3,2,15,-0.2755102040816326,-0.1163265306122449,1.0,0.0,0.0,0.0,0,0.0,16,500000,1.0,2121.3125
exp3,2,16,-0.2755102040816326,-0.10408163265306122,1.0,0.0,0.0,0.0,0,0.0,16,500000,1.0,2122.4375
exp3,2,17,-0.2755102040816326,-0.09183673469387754,1.0,0.0,0.0,0.0,0,0.0,16,500000,1.0,2122.875
exp3,2,18,-0.2755102040816326,-0.07959183673469389,1.0,0.0,0.0,0.0,0,0.0,16,500000,1.0,2211.6875
exp3,2,19,-0.2755102040816326,-0.0673469387755102,1.0,0.0,0.0,0.0,0,0.0,16,500000,1.0,2255.875
exp3,2,20,-0.2755102040816326,-0.055102040816326525,1.0,0.0,0.0,0.0,0,0.0,16,500000,1.0,2260.125
exp3,2,21,-0.2755102040816326,-0.04285714285714287,1.0,0.0,0.0,0.0,0,0.0,16,500000,1.0,2223.375
exp3,2,22,-0.2755102040816326,-0.030612244897959162,1.0,0.0,0.0,0.0,0,0.0,16,500000,1.0,2327.375
exp3,2,23,-0.2755102040816326,-0.01836734693877551,1.0,0.0,0.0,0.0,0,0.0,16,500000,1.0,2241.0
exp3,2,24,-0.2755102040816326,-0.006122448979591855,1.0,0.0,0.0,0.0,0,0.0,16,500000,1.0,2310.3125
exp3,2,25,-0.2755102040816326,0.006122448979591855,1.0,0.0,0.0,0.0,0,0.0,16,500000,1.0,2322.6875
exp3,2,26,-0.2755102040816326,0.01836734693877551,1.0,0.0,0.0,0.0,0,0.0,16,500000,1.0,2522.5
exp3,2,27,-0.2755102040816326,0.030612244897959162,1.0,0.0,0.0,0.0,0,0.0,16,500000,1.0,2524.6875
exp3,2,28,-0.2755102040816326,0.04285714285714287,1.0,0.0,0.0,0.0,0,0.0,16,500000,1.0,2524.6875
exp3,2,29,-0.2755102040816326,0.055102040816326525,1.0,0.0,0.0,0.0,0,0.0,16,500000,1.0,2592.25
exp3,2,30,-0.2755102040816326,0.06734693877551018,1.0,0.0,0.0,0.0,0,0.0,16,500000,1.0,2589.1875
exp3,2,31,-0.2755102040816326,0.07959183673469389,1.0,0.0,0.0,0.0,0,0.0,16,500000,1.0,2647.625
exp3,2,32,-0.2755102040816326,0.09183673469387754,1.0,0.0,0.0,0.0,0,0.0,16,500000,1.0,2804.4375
exp3,2,33,-0.2755102040816326,0.1040816326530612,1.0,0.0,0.0,0.0,0,0.0,16,500000,1.0,2876.9375
exp3,2,34,-0.2755102040816326,0.1163265306122449,1.0,0.0,0.0,0.0,0,0.0,16,500000,1.0,3001.25
exp3,2,35,-0.2755102040816326,0.12857142857142856,1.0,0.0,0.0,0.0,0,0.0,16,500000,1.0,2955.375
exp3,2,36,-0.2755102040816326,0.1408163265306122,1.0,0.0,0.0,0.0,0,0.0,16,500000,1.0,2876.6875
exp3,2,37,-0.2755102040816326,0.15306122448979592,1.0,0.0,0.0,0.0,0,0.0,16,500000,1.0,2957.0625
exp3,2,38,-0.2755102040816326,0.16530612244897958,1.0,0.0,0.0,0.0,0,0.0,16,500000,1.0,3075.875
exp3,2,39,-0.2755102040816326,0.17755102040816323,1.0,0.0,0.0,0.0,0,0.0,16,500000,1.0,3244.625
exp3,2,40,-0.2755102040816326,0.18979591836734694,1.0,0.0,0.0,0.0,0,0.0,16,500000,1.0,4022.0625
exp3,2,41,-0.2755102040816326,0.20204081632653065,1.0,0.0,0.0,0.0,0,0.0,16,500000,1.0,3916.9375
exp3,2,42,-0.2755102040816326,0.21428571428571425,1.0,0.0,0.0,0.0,0,0.0,16,500000,1.0,3982.75
exp3,2,43,-0.2755102040816326,0.22653061224489796,1.0,0.0,0.0,0.0,0,0.0,16,500000,1.0,4217.9375
exp3,2,44,-0.2755102040816326,0.23877551020408166,1.0,0.0,0.0,0.0,0,0.0,16,500000,1.0,4480.3125
exp3,2,45,-0.2755102040816326,0.25102040816326526,1.0,0.0,0.0,0.0,0,0.0,16,500000,1.0,4755.3125
exp3,2,46,-0.2755102040816326,0.26326530612244897,1.0,0.0,0.0,0.0,0,0.0,16,500000,1.0,5137.0625
exp3,2,47,-0.2755102040816326,0.2755102040816327,1.0,0.0,0.0,0.0,0,0.0,16,500000,1.0,5516.875
exp3,2,48,-0.2755102040816326,0.2877551020408163,1.0,0.0,0.0,0.0,0,0.0,16,500000,1.0,5838.1875
exp3,2,49,-0.2755102040816326,0.3,1.0,0.0,0.0,0.0,0,0.0,16,500000,1.0,6085.9375
exp3,3,0,-0.26326530612244897,-0.3,1.0,0.0,0.0,0.0,0,0.0,16,500000,1.0,1920.25
exp3,3,1,-0.26326530612244897,-0.28775510204081634,1.0,0.0,0.0,0.0,0,0.0,16,500000,1.0,1917.25
exp3,3,2,-0.26326530612244897,-0.2755102040816326,1.0,0.0,0.0,0.0,0,0.0,16,500000,1.0,1924.0
exp3,3,3,-0.26326530612244897,-0.26326530612244897,1.0,0.0,0.0,0.0,0,0.0,16,500000,1.0,1924.0
exp3,3,4,-0.26326530612244897,-0.2510204081632653,1.0,0.0,0.0,0.0,0,0.0,16,500000,1.0,1990.1875
exp3,3,5,-0.26326530612244897,-0.2387755102040816,1.0,0.0,0.0,0.0,0,0.0,16,500000,1.0,1933.0
exp3,3,6,-0.26326530612244897,-0.22653061224489796,1.0,0.0,0.0,0.0,0,0.0,16,500000,1.0,1937.25
exp3,3,7,-0.26326530612244897,-0.21428571428571427,1.0,0.0,0.0,0.0,0,0.0,16,500000,1.0,1937.25
exp3,3,8,-0.26326530612244897,-0.2020408163265306,1.0,0.0,0.0,0.0,0,0.0,16,500000,1.0,1937.5
exp3,3,9,-0.26326530612244897,-0.18979591836734694,1.0,0.0,0.0,0.0,0,0.0,16,500000,1.0,1944.125
exp3,3,10,-0.26326530612244897,-0.17755102040816326,1.0,0.0,0.0,0.0,0,0.0,16,500000,1.0,2042.625
exp3,3,11,-0.26326530612244897,-0.16530612244897958,1.0,0.0,0.0,0.0,0,0.0,16,500000,1.0,2042.5
exp3,3,12,-0.26326530612244897,-0.15306122448979592,1.0,0.0,0.0,0.0,0,0.0,16,500000,1.0,2093.625
exp3,3,13,-0.26326530612244897,-0.14081632653061224,1.0,0.0,0.0,0.0,0,0.0,16,500000,1.0,2100.1875
exp3,3,14,-0.26326530612244897,-0.12857142857142856,1.0,0.0,0.0,0.0,0,0.0,16,500000,1.0,2107.0625
exp3,3,15,-0.26326530612244897,-0.1163265306122449,1.0,0.0,0.0,0.0,0,0.0,16,500000,1.0,2120.25
exp3,3,16,-0.26326530612244897,-0.10408163265306122,1.0,0.0,0.0,0.0,0,0.0,16,500000,1.0,2134.0
exp3,3,17,-0.26326530612244897,-0.09183673469387754,1.0,0.0,0.0,0.0,0,0.0,16,500000,1.0,2134.125
exp3,3,18,-0.26326530612244897,-0.07959183673469389,1.0,0.0,0.0,0.0,0,0.0,16,500000,1.0,2212.75
exp3,3,19,-0.26326530612244897,-0.0673469387755102,1.0,0.0,0.0,0.0,0,0.0,16,500000,1.0,2267.5625
exp3,3,20,-0.26326530612244897,-0.055102040816326525,1.0,0.0,0.0,0.0,0,0.0,16,500000,1.0,2271.8125
exp3,3,21,-0.26326530612244897,-0.04285714285714287,1.0,0.0,0.0,0.0,0,0.0,16,500000,1.0,2280.4375
exp3,3,22,-0.26326530612244897,-0.030612244897959162,1.0,0.0,0.0,0.0,0,0.0,16,500000,1.0,2384.375
exp3,3,23,-0.26326530612244897,-0.01836734693877551,1.0,0.0,0.0,0.0,0,0.0,16,500000,1.0,2401.5625
exp3,3,24,-0.26326530612244897,-0.006122448979591855,1.0,0.0,0.0,0.0,0,0.0,16,500000,1.0,2484.75
exp3,3,25,-0.26326530612244897,0.006122448979591855,1.0,0.0,0.0,0.0,0,0.0,16,500000,1.0,2432.875
exp3,3,26,-0.26326530612244897,0.01836734693877551,1.0,0.0,0.0,0.0,0,0.0,16,500000,1.0,2542.25
exp3,3,27,-0.26326530612244897,0.030612244897959162,1.0,0.0,0.0,0.0,0,0.0,16,500000,1.0,2544.9375
exp3,3,28,-0.26326530612244897,0.04285714285714287,1.0,0.0,0.0,0.0,0,0.0,16,500000,1.0,2544.9375
exp3,3,29,-0.26326530612244897,0.055102040816326525,1.0,0.0,0.0,0.0,0,0.0,16,500000,1.0,2633.75
exp3,3,30,-0.26326530612244897,0.06734693877551018,1.0,0.0,0.0,0.0,0,0.0,16,500000,1.0,2644.0625
exp3,3,31,-0.26326530612244897,0.07959183673469389,1.0,0.0,0.0,0.0,0,0.0,16,500000,1.0,2687.5625
exp3,3,32,-0.26326530612244897,0.09183673469387754,1.0,0.0,0.0,0.0,0,0.0,16,500000,1.0,2774.5
exp3,3,33,-0.26326530612244897,0.1040816326530612,1.0,0.0,0.0,0.0,0,0.0,16,500000,1.0,2900.1875
exp3,3,34,-0.26326530612244897,0.1163265306122449,1.0,0.0,0.0,0.0,0,0.0,16,500000,1.0,2968.875
exp3,3,35,-0.26326530612244897,0.12857142857142856,1.0,0.0,0.0,0.0,0,0.0,16,500000,1.0,3017.75
exp3,3,36,-0.26326530612244897,0.1408163265306122,1.0,0.0,0.0,0.0,0,0.0,16,500000,1.0,2937.625
exp3,3,37,-0.26326530612244897,0.15306122448979592,1.0,0.0,0.0,0.0,0,0.0,16,500000,1.0,3010.0625
exp3,3,38,-0.26326530612244897,0.16530612244897958,1.0,0.0,0.0,0.0,0,0.0,16,500000,1.0,3118.125
exp3,3,39,-0.26326530612244897,0.17755102040816323,1.0,0.0,0.0,0.0,0,0.0,16,500000,1.0,3309.125
exp3,3,40,-0.26326530612244897,0.18979591836734694,1.0,0.0,0.0,0.0,0,0.0,16,500000,1.0,4054.375
exp3,3,41,-0.26326530612244897,0.20204081632653065,1.0,0.0,0.0,0.0,0,0.0,16,500000,1.0,3991.0625
exp3,3,42,-0.26326530612244897,0.21428571428571425,1.0,0.0,0.0,0.0,0,0.0,16,500000,1.0,4057.9375
exp3,3,43,-0.26326530612244897,0.22653061224489796,1.0,0.0,0.0,0.0,0,0.0,16,500000,1.0,4206.875
exp3,3,44,-0.26326530612244897,0.23877551020408166,1.0,0.0,0.0,0.0,0,0.0,16,500000,1.0,4520.9375
exp3,3,45,-0.26326530612244897,0.25102040816326526,1.0,0.0,0.0,0.0,0,0.0,16,500000,1.0,4723.9375
exp3,3,46,-0.26326530612244897,0.26326530612244897,1.0,0.0,0.0,0.0,0,0.0,16,500000,1.0,5200.625
exp3,3,47,-0.26326530612244897,0.2755102040816327,1.0,0.0,0.0,0.0,0,0.0,16,500000,1.0,5539.0
exp3,3,48,-0.26326530612244897,0.2877551020408163,1.0,0.0,0.0,0.0,0,0.0,16,500000,1.0,5910.3125
exp3,3,49,-0.26326530612244897,0.3,1.0,0.0,0.0,0.0,0,0.0,16,500000,1.0,6161.5625
exp3,4,0,-0.2510204081632653,-0.3,1.0,0.0,0.0,0.0,0,0.0,16,500000,1.0,1920.25
exp3,4,1,-0.2510204081632653,-0.28775510204081634,1.0,0.0,0.0,0.0,0,0.0,16,500000,1.0,1917.5625
exp3,4,2,-0.2510204081632653,-0.2755102040816326,1.0,0.0,0.0,0.0,0,0.0,16,500000,1.0,1924.3125
exp3,4,3,-0.2510204081632653,-0.26326530612244897,1.0,0.0,0.0,0.0,0,0.0,16,500000,1.0,1924.3125
exp3,4,4,-0.2510204081632653,-0.2510204081632653,1.0,0.0,0.0,0.0,0,0.0,16,500000,1.0,1990.8125
exp3,4,5,-0.2510204081632653,-0.2387755102040816,1.0,0.0,0.0,0.0,0,0.0,16,500000,1.0,1930.1875
exp3,4,6,-0.2510204081632653,-0.22653061224489796,1.0,0.0,0.0,0.0,0,0.0,16,500000,1.0,1934.4375
exp3,4,7,-0.2510204081632653,-0.21428571428571427,1.0,0.0,0.0,0.0,0,0.0,16,500000,1.0,1934.4375
exp3,4,8,-0.2510204081632653,-0.2020408163265306,1.0,0.0,0.0,0.0,0,0.0,16,500000,1.0,1938.125
exp3,4,9,-0.2510204081632653,-0.18979591836734694,1.0,0.0,0.0,0.0,0,0.0,16,500000,1.0,1944.75
exp3,4,10,-0.2510204081632653,-0.17755102040816326,1.0,0.0,0.0,0.0,0,0.0,16,500000,1.0,2043.25
exp3,4,11,-0.2510204081632653,-0.16530612244897958,1.0,0.0,0.0,0.0,0,0.0,16,500000,1.0,2043.0
exp3,4,12,-0.2510204081632653,-0.15306122448979592,1.0,0.0,0.0,0.0,0,0.0,16,500000,1.0,2102.875
exp3,4,13,-0.2510204081632653,-0.14081632653061224,1.0,0.0,0.0,0.0,0,0.0,16,500000,1.0,2109.1875
exp3,4,14,-0.2510204081632653,-0.12857142857142856,1.0,0.0,0.0,0.0,0,0.0,16,500000,1.0,2126.1875
exp3,4,15,-0.2510204081632653,-0.1163265306122449,1.0,0.0,0.0,0.0,0,0.0,16,500000,1.0,2130.8125
exp3,4,16,-0.2510204081632653,-0.10408163265306122,1.0,0.0,0.0,0.0,0,0.0,16,500000,1.0,2144.3125
exp3,4,17,-0.2510204081632653,-0.09183673469387754,1.0,0.0,0.0,0.0,0,0.0,16,500000,1.0,2167.875
exp3,4,18,-0.2510204081632653,-0.07959183673469389,1.0,0.0,0.0,0.0,0,0.0,16,500000,1.0,2247.0
exp3,4,19,-0.2510204081632653,-0.0673469387755102,1.0,0.0,0.0,0.0,0,0.0,16,500000,1.0,2291.625
exp3,4,20,-0.2510204081632653,-0.055102040816326525,1.0,0.0,0.0,0.0,0,0.0,16,500000,1.0,2296.0
exp3,4,21,-0.2510204081632653,-0.04285714285714287,1.0,0.0,0.0,0.0,0,0.0,16,500000,1.0,2406.375
exp3,4,22,-0.2510204081632653,-0.030612244897959162,1.0,0.0,0.0,0.0,0,0.0,16,500000,1.0,2408.0625
exp3,4,23,-0.2510204081632653,-0.01836734693877551,1.0,0.0,0.0,0.0,0,0.0,16,500000,1.0,2425.25
exp3,4,24,-0.2510204081632653,-0.006122448979591855,1.0,0.0,0.0,0.0,0,0.0,16,500000,1.0,2484.875
exp3,4,25,-0.2510204081632653,0.006122448979591855,1.0,0.0,0.0,0.0,0,0.0,16,500000,1.0,2470.9375
exp3,4,26,-0.2510204081632653,0.01836734693877551,1.0,0.0,0.0,0.0,0,0.0,16,500000,1.0,2542.125
exp3,4,27,-0.2510204081632653,0.030612244897959162,1.0,0.0,0.0,0.0,0,0.0,16,500000,1.0,2544.8125
exp3,4,28,-0.2510204081632653,0.04285714285714287,1.0,0.0,0.0,0.0,0,0.0,16,500000,1.0,2544.8125
exp3,4,29,-0.2510204081632653,0.055102040816326525,1.0,0.0,0.0,0.0,0,0.0,16,500000,1.0,2633.4375
exp3,4,30,-0.2510204081632653,0.06734693877551018,1.0,0.0,0.0,0.0,0,0.0,16,500000,1.0,2636.4375
exp3,4,31,-0.2510204081632653,0.07959183673469389,1.0,0.0,0.0,0.0,0,0.0,16,500000,1.0,2795.75
exp3,4,32,-0.2510204081632653,0.09183673469387754,1.0,0.0,0.0,0.0,0,0.0,16,500000,1.0,2842.875
exp3,4,33,-0.2510204081632653,0.1040816326530612,1.0,0.0,0.0,0.0,0,0.0,16,500000,1.0,2873.1875
exp3,4,34,-0.2510204081632653,0.1163265306122449,1.0,0.0,0.0,0.0,0,0.0,16,500000,1.0,2969.625
exp3,4,35,-0.2510204081632653,0.12857142857142856,1.0,0.0,0.0,0.0,0,0.0,16,500000,1.0,2990.3125
exp3,4,36,-0.2510204081632653,0.1408163265306122,1.0,0.0,0.0,0.0,0,0.0,16,500000,1.0,2910.25
exp3,4,37,-0.2510204081632653,0.15306122448979592,1.0,0.0,0.0,0.0,0,0.0,16,500000,1.0,2987.625
exp3,4,38,-0.2510204081632653,0.16530612244897958,1.0,0.0,0.0,0.0,0,0.0,16,500000,1.0,3144.375
exp3,4,39,-0.2510204081632653,0.17755102040816323,1.0,0.0,0.0,0.0,0,0.0,16,500000,1.0,3314.0625
exp3,4,40,-0.2510204081632653,0.18979591836734694,1.0,0.0,0.0,0.0,0,0.0,16,500000,1.0,3914.625
exp3,4,41,-0.2510204081632653,0.20204081632653065,1.0,0.0,0.0,0.0,0,0.0,16,500000,1.0,3994.3125
exp3,4,42,-0.2510204081632653,0.21428571428571425,1.0,0.0,0.0,0.0,0,0.0,16,500000,1.0,4119.8125
exp3,4,43,-0.2510204081632653,0.22653061224489796,1.0,0.0,0.0,0.0,0,0.0,16,500000,1.0,4268.75
exp3,4,44,-0.2510204081632653,0.23877551020408166,1.0,0.0,0.0,0.0,0,0.0,16,500000,1.0,4409.125
exp3,4,45,-0.2510204081632653,0.25102040816326526,1.0,0.0,0.0,0.0,0,0.0,16,500000,1.0,4716.5
exp3,4,46,-0.2510204081632653,0.26326530612244897,1.0,0.0,0.0,0.0,0,0.0,16,500000,1.0,5172.75
exp3,4,47,-0.2510204081632653,0.2755102040816327,1.0,0.0,0.0,0.0,0,0.0,16,500000,1.0,5503.5625
exp3,4,48,-0.2510204081632653,0.2877551020408163,1.0,0.0,0.0,0.0,0,0.0,16,500000,1.0,5906.9375
exp3,4,49,-0.2510204081632653,0.3,1.0,0.0,0.0,0.0,0,0.0,16,500000,1.0,6268.75
exp3,5,0,-0.2387755102040816,-0.3,1.0,0.0,0.0,0.0,0,0.0,16,500000,1.0,1919.375
exp3,5,1,-0.2387755102040816,-0.28775510204081634,1.0,0.0,0.0,0.0,0,0.0,16,500000,1.0,1919.375
exp3,5,2,-0.2387755102040816,-0.2755102040816326,1.0,0.0,0.0,0.0,0,0.0,16,500000,1.0,1925.4375
exp3,5,3,-0.2387755102040816,-0.26326530612244897,1.0,0.0,0.0,0.0,0,0.0,16,500000,1.0,1925.4375
exp3,5,4,-0.2387755102040816,-0.2510204081632653,1.0,0.0,0.0,0.0,0,0.0,16,500000,1.0,1925.4375
exp3,5,5,-0.2387755102040816,-0.2387755102040816,1.0,0.0,0.0,0.0,0,0.0,16,500000,1.0,1864.6875
exp3,5,6,-0.2387755102040816,-0.22653061224489796,1.0,0.0,0.0,0.0,0,0.0,16,500000,1.0,1985.6875
exp3,5,7,-0.2387755102040816,-0.21428571428571427,1.0,0.0,0.0,0.0,0,0.0,16,500000,1.0,1985.6875
exp3,5,8,-0.2387755102040816,-0.2020408163265306,1.0,0.0,0.0,0.0,0,0.0,16,500000,1.0,1989.0625
exp3,5,9,-0.2387755102040816,-0.18979591836734694,1.0,0.0,0.0,0.0,0,0.0,16,500000,1.0,1998.375
exp3,5,10,-0.2387755102040816,-0.17755102040816326,1.0,0.0,0.0,0.0,0,0.0,16,500000,1.0,2096.875
exp3,5,11,-0.2387755102040816,-0.16530612244897958,1.0,0.0,0.0,0.0,0,0.0,16,500000,1.0,2096.875
exp3,5,12,-0.2387755102040816,-0.15306122448979592,1.0,0.0,0.0,0.0,0,0.0,16,500000,1.0,2102.25
exp3,5,13,-0.2387755102040816,-0.14081632653061224,1.0,0.0,0.0,0.0,0,0.0,16,500000,1.0,2175.9375
exp3,5,14,-0.2387755102040816,-0.12857142857142856,1.0,0.0,0.0,0.0,0,0.0,16,500000,1.0,2200.25
exp3,5,15,-0.2387755102040816,-0.1163265306122449,1.0,0.0,0.0,0.0,0,0.0,16,500000,1.0,2205.0
exp3,5,16,-0.2387755102040816,-0.10408163265306122,1.0,0.0,0.0,0.0,0,0.0,16,500000,1.0,2205.0625
exp3,5,17,-0.2387755102040816,-0.09183673469387754,1.0,0.0,0.0,0.0,0,0.0,16,500000,1.0,2205.0625
exp3,5,18,-0.2387755102040816,-0.07959183673469389,1.0,0.0,0.0,0.0,0,0.0,16,500000,1.0,2304.9375
exp3,5,19,-0.2387755102040816,-0.0673469387755102,1.0,0.0,0.0,0.0,0,0.0,16,500000,1.0,2329.0625
exp3,5,20,-0.2387755102040816,-0.055102040816326525,1.0,0.0,0.0,0.0,0,0.0,16,500000,1.0,2273.1875
exp3,5,21,-0.2387755102040816,-0.04285714285714287,1.0,0.0,0.0,0.0,0,0.0,16,500000,1.0,2384.3125
exp3,5,22,-0.2387755102040816,-0.030612244897959162,1.0,0.0,0.0,0.0,0,0.0,16,500000,1.0,2386.0
exp3,5,23,-0.2387755102040816,-0.01836734693877551,1.0,0.0,0.0,0.0,0,0.0,16,500000,1.0,2404.9375
exp3,5,24,-0.2387755102040816,-0.006122448979591855,1.0,0.0,0.0,0.0,0,0.0,16,500000,1.0,2481.6875
exp3,5,25,-0.2387755102040816,0.006122448979591855,1.0,0.0,0.0,0.0,0,0.0,16,500000,1.0,2468.6875
exp3,5,26,-0.2387755102040816,0.01836734693877551,1.0,0.0,0.0,0.0,0,0.0,16,500000,1.0,2640.125
exp3,5,27,-0.2387755102040816,0.030612244897959162,1.0,0.0,0.0,0.0,0,0.0,16,500000,1.0,2643.875
exp3,5,28,-0.2387755102040816,0.04285714285714287,1.0,0.0,0.0,0.0,0,0.0,16,500000,1.0,2645.125
exp3,5,29,-0.2387755102040816,0.055102040816326525,1.0,0.0,0.0,0.0,0,0.0,16,500000,1.0,2633.9375
exp3,5,30,-0.2387755102040816,0.06734693877551018,1.0,0.0,0.0,0.0,0,0.0,16,500000,1.0,2636.625
exp3,5,31,-0.2387755102040816,0.07959183673469389,1.0,0.0,0.0,0.0,0,0.0,16,500000,1.0,2670.8125
exp3,5,32,-0.2387755102040816,0.09183673469387754,1.0,0.0,0.0,0.0,0,0.0,16,500000,1.0,2781.625
exp3,5,33,-0.2387755102040816,0.1040816326530612,1.0,0.0,0.0,0.0,0,0.0,16,500000,1.0,2739.9375
exp3,5,34,-0.2387755102040816,0.1163265306122449,1.0,0.0,0.0,0.0,0,0.0,16,500000,1.0,2835.1875
exp3,5,35,-0.2387755102040816,0.12857142857142856,1.0,0.0,0.0,0.0,0,0.0,16,500000,1.0,2924.625
exp3,5,36,-0.2387755102040816,0.1408163265306122,1.0,0.0,0.0,0.0,0,0.0,16,500000,1.0,2843.1875
exp3,5,37,-0.2387755102040816,0.15306122448979592,1.0,0.0,0.0,0.0,0,0.0,16,500000,1.0,2853.25
exp3,5,38,-0.2387755102040816,0.16530612244897958,1.0,0.0,0.0,0.0,0,0.0,16,500000,1.0,3009.5
exp3,5,39,-0.2387755102040816,0.17755102040816323,1.0,0.0,0.0,0.0,0,0.0,16,500000,1.0,3109.8125
exp3,5,40,-0.2387755102040816,0.18979591836734694,1.0,0.0,0.0,0.0,0,0.0,16,500000,1.0,3858.25
exp3,5,41,-0.2387755102040816,0.20204081632653065,1.0,0.0,0.0,0.0,0,0.0,16,500000,1.0,3895.0625
exp3,5,42,-0.2387755102040816,0.21428571428571425,1.0,0.0,0.0,0.0,0,0.0,16,500000,1.0,4124.75
exp3,5,43,-0.2387755102040816,0.22653061224489796,1.0,0.0,0.0,0.0,0,0.0,16,500000,1.0,4425.0
exp3,5,44,-0.2387755102040816,0.23877551020408166,1.0,0.0,0.0,0.0,0,0.0,16,500000,1.0,4544.375
exp3,5,45,-0.2387755102040816,0.25102040816326526,1.0,0.0,0.0,0.0,0,0.0,16,500000,1.0,4749.6875
exp3,5,46,-0.2387755102040816,0.26326530612244897,1.0,0.0,0.0,0.0,0,0.0,16,500000,1.0,5269.875
exp3,5,47,-0.2387755102040816,0.2755102040816327,1.0,0.0,0.0,0.0,0,0.0,16,500000,1.0,5655.875
exp3,5,48,-0.2387755102040816,0.2877551020408163,1.0,0.0,0.0,0.0,0,0.0,16,500000,1.0,5976.5625
exp3,5,49,-0.2387755102040816,0.3,1.0,0.0,0.0,0.0,0,0.0,16,500000,1.0,6017.3125
exp3,6,0,-0.22653061224489796,-0.3,1.0,0.0,0.0,0.0,0,0.0,16,500000,1.0,1925.0
exp3,6,1,-0.22653061224489796,-0.28775510204081634,1.0,0.0,0.0,0.0,0,0.0,16,500000,1.0,1925.0
exp3,6,2,-0.22653061224489796,-0.2755102040816326,1.0,0.0,0.0,0.0,0,0.0,16,500000,1.0,1925.625
exp3,6,3,-0.22653061224489796,-0.26326530612244897,1.0,0.0,0.0,0.0,0,0.0,16,500000,1.0,1925.625
exp3,6,4,-0.22653061224489796,-0.2510204081632653,1.0,0.0,0.0,0.0,0,0.0,16,500000,1.0,1925.625
exp3,6,5,-0.22653061224489796,-0.2387755102040816,1.0,0.0,0.0,0.0,0,0.0,16,500000,1.0,1868.375
exp3,6,6,-0.22653061224489796,-0.22653061224489796,1.0,0.0,0.0,0.0,0,0.0,16,500000,1.0,1989.3125
exp3,6,7,-0.22653061224489796,-0.21428571428571427,1.0,0.0,0.0,0.0,0,0.0,16,500000,1.0,1990.0625
exp3,6,8,-0.22653061224489796,-0.2020408163265306,1.0,0.0,0.0,0.0,0,0.0,16,500000,1.0,1990.0
exp3,6,9,-0.22653061224489796,-0.18979591836734694,1.0,0.0,0.0,0.0,0,0.0,16,500000,1.0,1999.3125
exp3,6,10,-0.22653061224489796,-0.17755102040816326,1.0,0.0,0.0,0.0,0,0.0,16,500000,1.0,2097.8125
exp3,6,11,-0.22653061224489796,-0.16530612244897958,1.0,0.0,0.0,0.0,0,0.0,16,500000,1.0,2097.8125
exp3,6,12,-0.22653061224489796,-0.15306122448979592,1.0,0.0,0.0,0.0,0,0.0,16,500000,1.0,2106.625
exp3,6,13,-0.22653061224489796,-0.14081632653061224,1.0,0.0,0.0,0.0,0,0.0,16,500000,1.0,2178.125
exp3,6,14,-0.22653061224489796,-0.12857142857142856,1.0,0.0,0.0,0.0,0,0.0,16,500000,1.0,2190.6875
exp3,6,15,-0.22653061224489796,-0.1163265306122449,1.0,0.0,0.0,0.0,0,0.0,16,500000,1.0,2195.6875
exp3,6,16,-0.22653061224489796,-0.10408163265306122,1.0,0.0,0.0,0.0,0,0.0,16,500000,1.0,2196.8125
exp3,6,17,-0.22653061224489796,-0.09183673469387754,1.0,0.0,0.0,0.0,0,0.0,16,500000,1.0,2212.8125
exp3,6,18,-0.22653061224489796,-0.07959183673469389,1.0,0.0,0.0,0.0,0,0.0,16,500000,1.0,2299.1875
exp3,6,19,-0.22653061224489796,-0.0673469387755102,1.0,0.0,0.0,0.0,0,0.0,16,500000,1.0,2333.8125
exp3,6,20,-0.22653061224489796,-0.055102040816326525,1.0,0.0,0.0,0.0,0,0.0,16,500000,1.0,2277.0625
exp3,6,21,-0.22653061224489796,-0.04285714285714287,1.0,0.0,0.0,0.0,0,0.0,16,500000,1.0,2385.4375
exp3,6,22,-0.22653061224489796,-0.030612244897959162,1.0,0.0,0.0,0.0,0,0.0,16,500000,1.0,2390.1875
exp3,6,23,-0.22653061224489796,-0.01836734693877551,1.0,0.0,0.0,0.0,0,0.0,16,500000,1.0,2407.875
exp3,6,24,-0.22653061224489796,-0.006122448979591855,1.0,0.0,0.0,0.0,0,0.0,16,500000,1.0,2497.5625
exp3,6,25,-0.22653061224489796,0.006122448979591855,1.0,0.0,0.0,0.0,0,0.0,16,500000,1.0,2485.3125
exp3,6,26,-0.22653061224489796,0.01836734693877551,1.0,0.0,0.0,0.0,0,0.0,16,500000,1.0,2686.0625
exp3,6,27,-0.22653061224489796,0.030612244897959162,1.0,0.0,0.0,0.0,0,0.0,16,500000,1.0,2729.875
exp3,6,28,-0.22653061224489796,0.04285714285714287,1.0,0.0,0.0,0.0,0,0.0,16,500000,1.0,2736.3125
exp3,6,29,-0.22653061224489796,0.055102040816326525,1.0,0.0,0.0,0.0,0,0.0,16,500000,1.0,2726.5
exp3,6,30,-0.22653061224489796,0.06734693877551018,1.0,0.0,0.0,0.0,0,0.0,16,500000,1.0,2726.5
exp3,6,31,-0.22653061224489796,0.07959183673469389,1.0,0.0,0.0,0.0,0,0.0,16,500000,1.0,2883.625
exp3,6,32,-0.22653061224489796,0.09183673469387754,1.0,0.0,0.0,0.0,0,0.0,16,500000,1.0,2903.75
exp3,6,33,-0.22653061224489796,0.1040816326530612,1.0,0.0,0.0,0.0,0,0.0,16,500000,1.0,2845.5625
exp3,6,34,-0.22653061224489796,0.1163265306122449,1.0,0.0,0.0,0.0,0,0.0,16,500000,1.0,2835.0625
exp3,6,35,-0.22653061224489796,0.12857142857142856,1.0,0.0,0.0,0.0,0,0.0,16,500000,1.0,2924.5
exp3,6,36,-0.22653061224489796,0.1408163265306122,1.0,0.0,0.0,0.0,0,0.0,16,500000,1.0,2912.5625
exp3,6,37,-0.22653061224489796,0.15306122448979592,1.0,0.0,0.0,0.0,0,0.0,16,500000,1.0,2960.8125
exp3,6,38,-0.22653061224489796,0.16530612244897958,1.0,0.0,0.0,0.0,0,0.0,16,500000,1.0,3065.3125
exp3,6,39,-0.22653061224489796,0.17755102040816323,1.0,0.0,0.0,0.0,0,0.0,16,500000,1.0,3236.0
exp3,6,40,-0.22653061224489796,0.18979591836734694,1.0,0.0,0.0,0.0,0,0.0,16,500000,1.0,3931.4375
exp3,6,41,-0.22653061224489796,0.20204081632653065,1.0,0.0,0.0,0.0,0,0.0,16,500000,1.0,3973.375
exp3,6,42,-0.22653061224489796,0.21428571428571425,1.0,0.0,0.0,0.0,0,0.0,16,500000,1.0,4125.125
exp3,6,43,-0.22653061224489796,0.22653061224489796,1.0,0.0,0.0,0.0,0,0.0,16,500000,1.0,4422.9375
exp3,6,44,-0.22653061224489796,0.23877551020408166,1.0,0.0,0.0,0.0,0,0.0,16,500000,1.0,4535.5625
exp3,6,45,-0.22653061224489796,0.25102040816326526,1.0,0.0,0.0,0.0,0,0.0,16,500000,1.0,4884.375
exp3,6,46,-0.22653061224489796,0.26326530612244897,1.0,0.0,0.0,0.0,0,0.0,16,500000,1.0,5216.375
exp3,6,47,-0.22653061224489796,0.2755102040816327,1.0,0.0,0.0,0.0,0,0.0,16,500000,1.0,5739.25
exp3,6,48,-0.22653061224489796,0.2877551020408163,1.0,0.0,0.0,0.0,0,0.0,16,500000,1.0,5829.8125
exp3,6,49,-0.22653061224489796,0.3,1.0,0.0,0.0,0.0,0,0.0,16,500000,1.0,6101.125
exp3,7,0,-0.21428571428571427,-0.3,1.0,0.0,0.0,0.0,0,0.0,16,500000,1.0,1935.625
exp3,7,1,-0.21428571428571427,-0.28775510204081634,1.0,0.0,0.0,0.0,0,0.0,16,500000,1.0,1935.625
exp3,7,2,-0.21428571428571427,-0.2755102040816326,1.0,0.0,0.0,0.0,0,0.0,16,500000,1.0,1937.625
exp3,7,3,-0.21428571428571427,-0.26326530612244897,1.0,0.0,0.0,0.0,0,0.0,16,500000,1.0,1937.625
exp3,7,4,-0.21428571428571427,-0.2510204081632653,1.0,0.0,0.0,0.0,0,0.0,16,500000,1.0,1937.6875
exp3,7,5,-0.21428571428571427,-0.2387755102040816,1.0,0.0,0.0,0.0,0,0.0,16,500000,1.0,1880.5625
exp3,7,6,-0.21428571428571427,-0.22653061224489796,1.0,0.0,0.0,0.0,0,0.0,16,500000,1.0,2090.25
exp3,7,7,-0.21428571428571427,-0.21428571428571427,1.0,0.0,0.0,0.0,0,0.0,16,500000,1.0,2149.625
exp3,7,8,-0.21428571428571427,-0.2020408163265306,1.0,0.0,0.0,0.0,0,0.0,16,500000,1.0,2149.75
exp3,7,9,-0.21428571428571427,-0.18979591836734694,1.0,0.0,0.0,0.0,0,0.0,16,500000,1.0,2158.6875
exp3,7,10,-0.21428571428571427,-0.17755102040816326,1.0,0.0,0.0,0.0,0,0.0,16,500000,1.0,2158.6875
exp3,7,11,-0.21428571428571427,-0.16530612244897958,1.0,0.0,0.0,0.0,0,0.0,16,500000,1.0,2158.6875
exp3,7,12,-0.21428571428571427,-0.15306122448979592,1.0,0.0,0.0,0.0,0,0.0,16,500000,1.0,2167.5
exp3,7,13,-0.21428571428571427,-0.14081632653061224,1.0,0.0,0.0,0.0,0,0.0,16,500000,1.0,2166.0625
exp3,7,14,-0.21428571428571427,-0.12857142857142856,1.0,0.0,0.0,0.0,0,0.0,16,500000,1.0,2175.9375
exp3,7,15,-0.21428571428571427,-0.1163265306122449,1.0,0.0,0.0,0.0,0,0.0,16,500000,1.0,2180.9375
exp3,7,16,-0.21428571428571427,-0.10408163265306122,1.0,0.0,0.0,0.0,0,0.0,16,500000,1.0,2183.125
exp3,7,17,-0.21428571428571427,-0.09183673469387754,1.0,0.0,0.0,0.0,0,0.0,16,500000,1.0,2183.4375
exp3,7,18,-0.21428571428571427,-0.07959183673469389,1.0,0.0,0.0,0.0,0,0.0,16,500000,1.0,2284.5625
exp3,7,19,-0.21428571428571427,-0.0673469387755102,1.0,0.0,0.0,0.0,0,0.0,16,500000,1.0,2317.9375
exp3,7,20,-0.21428571428571427,-0.055102040816326525,1.0,0.0,0.0,0.0,0,0.0,16,500000,1.0,2327.5625
exp3,7,21,-0.21428571428571427,-0.04285714285714287,1.0,0.0,0.0,0.0,0,0.0,16,500000,1.0,2437.125
exp3,7,22,-0.21428571428571427,-0.030612244897959162,1.0,0.0,0.0,0.0,0,0.0,16,500000,1.0,2438.9375
exp3,7,23,-0.21428571428571427,-0.01836734693877551,1.0,0.0,0.0,0.0,0,0.0,16,500000,1.0,2456.625
exp3,7,24,-0.21428571428571427,-0.006122448979591855,1.0,0.0,0.0,0.0,0,0.0,16,500000,1.0,2533.25
exp3,7,25,-0.21428571428571427,0.006122448979591855,1.0,0.0,0.0,0.0,0,0.0,16,500000,1.0,2521.0
exp3,7,26,-0.21428571428571427,0.01836734693877551,1.0,0.0,0.0,0.0,0,0.0,16,500000,1.0,2717.6875
exp3,7,27,-0.21428571428571427,0.030612244897959162,1.0,0.0,0.0,0.0,0,0.0,16,500000,1.0,2921.0
exp3,7,28,-0.21428571428571427,0.04285714285714287,1.0,0.0,0.0,0.0,0,0.0,16,500000,1.0,2955.625
exp3,7,29,-0.21428571428571427,0.055102040816326525,1.0,0.0,0.0,0.0,0,0.0,16,500000,1.0,2955.875
exp3,7,30,-0.21428571428571427,0.06734693877551018,1.0,0.0,0.0,0.0,0,0.0,16,500000,1.0,2955.875
exp3,7,31,-0.21428571428571427,0.07959183673469389,1.0,0.0,0.0,0.0,0,0.0,16,500000,1.0,2884.4375
exp3,7,32,-0.21428571428571427,0.09183673469387754,1.0,0.0,0.0,0.0,0,0.0,16,500000,1.0,2915.875
exp3,7,33,-0.21428571428571427,0.1040816326530612,1.0,0.0,0.0,0.0,0,0.0,16,500000,1.0,2967.4375
exp3,7,34,-0.21428571428571427,0.1163265306122449,1.0,0.0,0.0,0.0,0,0.0,16,500000,1.0,2960.4375
exp3,7,35,-0.21428571428571427,0.12857142857142856,1.0,0.0,0.0,0.0,0,0.0,16,500000,1.0,3038.125
exp3,7,36,-0.21428571428571427,0.1408163265306122,1.0,0.0,0.0,0.0,0,0.0,16,500000,1.0,2962.6875
exp3,7,37,-0.21428571428571427,0.15306122448979592,1.0,0.0,0.0,0.0,0,0.0,16,500000,1.0,2998.6875
exp3,7,38,-0.21428571428571427,0.16530612244897958,1.0,0.0,0.0,0.0,0,0.0,16,500000,1.0,3001.3125
exp3,7,39,-0.21428571428571427,0.17755102040816323,1.0,0.0,0.0,0.0,0,0.0,16,500000,1.0,3237.0
exp3,7,40,-0.21428571428571427,0.18979591836734694,1.0,0.0,0.0,0.0,0,0.0,16,500000,1.0,3988.75
exp3,7,41,-0.21428571428571427,0.20204081632653065,1.0,0.0,0.0,0.0,0,0.0,16,500000,1.0,3974.25
exp3,7,42,-0.21428571428571427,0.21428571428571425,1.0,0.0,0.0,0.0,0,0.0,16,500000,1.0,4126.4375
exp3,7,43,-0.21428571428571427,0.22653061224489796,1.0,0.0,0.0,0.0,0,0.0,16,500000,1.0,4403.5
exp3,7,44,-0.21428571428571427,0.23877551020408166,1.0,0.0,0.0,0.0,0,0.0,16,500000,1.0,4513.25
exp3,7,45,-0.21428571428571427,0.25102040816326526,1.0,0.0,0.0,0.0,0,0.0,16,500000,1.0,4933.9375
exp3,7,46,-0.21428571428571427,0.26326530612244897,1.0,0.0,0.0,0.0,0,0.0,16,500000,1.0,5260.3125
exp3,7,47,-0.21428571428571427,0.2755102040816327,1.0,0.0,0.0,0.0,0,0.0,16,500000,1.0,5697.5
exp3,7,48,-0.21428571428571427,0.2877551020408163,1.0,0.0,0.0,0.0,0,0.0,16,500000,1.0,5695.0625
exp3,7,49,-0.21428571428571427,0.3,1.0,0.0,0.0,0.0,0,0.0,16,500000,1.0,6009.5
exp3,8,0,-0.2020408163265306,-0.3,1.0,0.0,0.0,0.0,0,0.0,16,500000,1.0,1932.875
exp3,8,1,-0.2020408163265306,-0.28775510204081634,1.0,0.0,0.0,0.0,0,0.0,16,500000,1.0,1932.875
exp3,8,2,-0.2020408163265306,-0.2755102040816326,1.0,0.0,0.0,0.0,0,0.0,16,500000,1.0,1934.9375
exp3,8,3,-0.2020408163265306,-0.26326530612244897,1.0,0.0,0.0,0.0,0,0.0,16,500000,1.0,1937.875
exp3,8,4,-0.2020408163265306,-0.2510204081632653,1.0,0.0,0.0,0.0,0,0.0,16,500000,1.0,1937.875
exp3,8,5,-0.2020408163265306,-0.2387755102040816,1.0,0.0,0.0,0.0,0,0.0,16,500000,1.0,1880.25
exp3,8,6,-0.2020408163265306,-0.22653061224489796,1.0,0.0,0.0,0.0,0,0.0,16,500000,1.0,2002.75
exp3,8,7,-0.2020408163265306,-0.21428571428571427,1.0,0.0,0.0,0.0,0,0.0,16,500000,1.0,2062.125
exp3,8,8,-0.2020408163265306,-0.2020408163265306,1.0,0.0,0.0,0.0,0,0.0,16,500000,1.0,2062.3125
exp3,8,9,-0.2020408163265306,-0.18979591836734694,1.0,0.0,0.0,0.0,0,0.0,16,500000,1.0,2070.125
exp3,8,10,-0.2020408163265306,-0.17755102040816326,1.0,0.0,0.0,0.0,0,0.0,16,500000,1.0,2071.625
exp3,8,11,-0.2020408163265306,-0.16530612244897958,1.0,0.0,0.0,0.0,0,0.0,16,500000,1.0,2071.625
exp3,8,12,-0.2020408163265306,-0.15306122448979592,1.0,0.0,0.0,0.0,0,0.0,16,500000,1.0,2104.875
exp3,8,13,-0.2020408163265306,-0.14081632653061224,1.0,0.0,0.0,0.0,0,0.0,16,500000,1.0,2113.1875
exp3,8,14,-0.2020408163265306,-0.12857142857142856,1.0,0.0,0.0,0.0,0,0.0,16,500000,1.0,2122.8125
exp3,8,15,-0.2020408163265306,-0.1163265306122449,1.0,0.0,0.0,0.0,0,0.0,16,500000,1.0,2211.875
exp3,8,16,-0.2020408163265306,-0.10408163265306122,1.0,0.0,0.0,0.0,0,0.0,16,500000,1.0,2269.75
exp3,8,17,-0.2020408163265306,-0.09183673469387754,1.0,0.0,0.0,0.0,0,0.0,16,500000,1.0,2270.0625
exp3,8,18,-0.2020408163265306,-0.07959183673469389,1.0,0.0,0.0,0.0,0,0.0,16,500000,1.0,2350.1875
exp3,8,19,-0.2020408163265306,-0.0673469387755102,1.0,0.0,0.0,0.0,0,0.0,16,500000,1.0,2404.5625
exp3,8,20,-0.2020408163265306,-0.055102040816326525,1.0,0.0,0.0,0.0,0,0.0,16,500000,1.0,2394.4375
exp3,8,21,-0.2020408163265306,-0.04285714285714287,1.0,0.0,0.0,0.0,0,0.0,16,500000,1.0,2504.0
exp3,8,22,-0.2020408163265306,-0.030612244897959162,1.0,0.0,0.0,0.0,0,0.0,16,500000,1.0,2506.0625
exp3,8,23,-0.2020408163265306,-0.01836734693877551,1.0,0.0,0.0,0.0,0,0.0,16,500000,1.0,2527.1875
exp3,8,24,-0.2020408163265306,-0.006122448979591855,1.0,0.0,0.0,0.0,0,0.0,16,500000,1.0,2527.0625
exp3,8,25,-0.2020408163265306,0.006122448979591855,1.0,0.0,0.0,0.0,0,0.0,16,500000,1.0,2514.0625
exp3,8,26,-0.2020408163265306,0.01836734693877551,1.0,0.0,0.0,0.0,0,0.0,16,500000,1.0,2710.75
exp3,8,27,-0.2020408163265306,0.030612244897959162,1.0,0.0,0.0,0.0,0,0.0,16,500000,1.0,2941.0
exp3,8,28,-0.2020408163265306,0.04285714285714287,1.0,0.0,0.0,0.0,0,0.0,16,500000,1.0,2948.75
exp3,8,29,-0.2020408163265306,0.055102040816326525,1.0,0.0,0.0,0.0,0,0.0,16,500000,1.0,2949.0
exp3,8,30,-0.2020408163265306,0.06734693877551018,1.0,0.0,0.0,0.0,0,0.0,16,500000,1.0,2949.0
exp3,8,31,-0.2020408163265306,0.07959183673469389,1.0,0.0,0.0,0.0,0,0.0,16,500000,1.0,2881.0625
exp3,8,32,-0.2020408163265306,0.09183673469387754,1.0,0.0,0.0,0.0,0,0.0,16,500000,1.0,2913.1875
exp3,8,33,-0.2020408163265306,0.1040816326530612,1.0,0.0,0.0,0.0,0,0.0,16,500000,1.0,3000.3125
exp3,8,34,-0.2020408163265306,0.1163265306122449,1.0,0.0,0.0,0.0,0,0.0,16,500000,1.0,2998.5
exp3,8,35,-0.2020408163265306,0.12857142857142856,1.0,0.0,0.0,0.0,0,0.0,16,500000,1.0,3076.1875
exp3,8,36,-0.2020408163265306,0.1408163265306122,1.0,0.0,0.0,0.0,0,0.0,16,500000,1.0,3057.875
exp3,8,37,-0.2020408163265306,0.15306122448979592,1.0,0.0,0.0,0.0,0,0.0,16,500000,1.0,3062.375
exp3,8,38,-0.2020408163265306,0.16530612244897958,1.0,0.0,0.0,0.0,0,0.0,16,500000,1.0,3062.0625
exp3,8,39,-0.2020408163265306,0.17755102040816323,1.0,0.0,0.0,0.0,0,0.0,16,500000,1.0,3232.875
exp3,8,40,-0.2020408163265306,0.18979591836734694,1.0,0.0,0.0,0.0,0,0.0,16,500000,1.0,4031.0625
exp3,8,41,-0.2020408163265306,0.20204081632653065,1.0,0.0,0.0,0.0,0,0.0,16,500000,1.0,3957.875
exp3,8,42,-0.2020408163265306,0.21428571428571425,1.0,0.0,0.0,0.0,0,0.0,16,500000,1.0,4192.9375
exp3,8,43,-0.2020408163265306,0.22653061224489796,1.0,0.0,0.0,0.0,0,0.0,16,500000,1.0,4463.9375
exp3,8,44,-0.2020408163265306,0.23877551020408166,1.0,0.0,0.0,0.0,0,0.0,16,500000,1.0,4642.9375
exp3,8,45,-0.2020408163265306,0.25102040816326526,1.0,0.0,0.0,0.0,0,0.0,16,500000,1.0,5118.9375
exp3,8,46,-0.2020408163265306,0.26326530612244897,1.0,0.0,0.0,0.0,0,0.0,16,500000,1.0,5299.875
exp3,8,47,-0.2020408163265306,0.2755102040816327,1.0,0.0,0.0,0.0,0,0.0,16,500000,1.0,5832.3125
exp3,8,48,-0.2020408163265306,0.2877551020408163,1.0,0.0,0.0,0.0,0,0.0,16,500000,1.0,5945.75
exp3,8,49,-0.2020408163265306,0.3,1.0,0.0,0.0,0.0,0,0.0,16,500000,1.0,6082.5
exp3,9,0,-0.18979591836734694,-0.3,1.0,0.0,0.0,0.0,0,0.0,16,500000,1.0,2004.25
exp3,9,1,-0.18979591836734694,-0.28775510204081634,1.0,0.0,0.0,0.0,0,0.0,16,500000,1.0,2004.3125
exp3,9,2,-0.18979591836734694,-0.2755102040816326,1.0,0.0,0.0,0.0,0,0.0,16,500000,1.0,2005.3125
exp3,9,3,-0.18979591836734694,-0.26326530612244897,1.0,0.0,0.0,0.0,0,0.0,16,500000,1.0,2007.25
exp3,9,4,-0.18979591836734694,-0.2510204081632653,1.0,0.0,0.0,0.0,0,0.0,16,500000,1.0,2011.0
exp3,9,5,-0.18979591836734694,-0.2387755102040816,1.0,0.0,0.0,0.0,0,0.0,16,500000,1.0,1975.875
exp3,9,6,-0.18979591836734694,-0.22653061224489796,1.0,0.0,0.0,0.0,0,0.0,16,500000,1.0,2188.5625
exp3,9,7,-0.18979591836734694,-0.21428571428571427,1.0,0.0,0.0,0.0,0,0.0,16,500000,1.0,2281.75
exp3,9,8,-0.18979591836734694,-0.2020408163265306,1.0,0.0,0.0,0.0,0,0.0,16,500000,1.0,2282.125
exp3,9,9,-0.18979591836734694,-0.18979591836734694,1.0,0.0,0.0,0.0,0,0.0,16,500000,1.0,2288.5
exp3,9,10,-0.18979591836734694,-0.17755102040816326,1.0,0.0,0.0,0.0,0,0.0,16,500000,1.0,2290.0
exp3,9,11,-0.18979591836734694,-0.16530612244897958,1.0,0.0,0.0,0.0,0,0.0,16,500000,1.0,2290.0
exp3,9,12,-0.18979591836734694,-0.15306122448979592,1.0,0.0,0.0,0.0,0,0.0,16,500000,1.0,2323.3125
exp3,9,13,-0.18979591836734694,-0.14081632653061224,1.0,0.0,0.0,0.0,0,0.0,16,500000,1.0,2331.625
exp3,9,14,-0.18979591836734694,-0.12857142857142856,1.0,0.0,0.0,0.0,0,0.0,16,500000,1.0,2265.9375
exp3,9,15,-0.18979591836734694,-0.1163265306122449,1.0,0.0,0.0,0.0,0,0.0,16,500000,1.0,2265.3125
exp3,9,16,-0.18979591836734694,-0.10408163265306122,1.0,0.0,0.0,0.0,0,0.0,16,500000,1.0,2323.1875
exp3,9,17,-0.18979591836734694,-0.09183673469387754,1.0,0.0,0.0,0.0,0,0.0,16,500000,1.0,2323.4375
exp3,9,18,-0.18979591836734694,-0.07959183673469389,1.0,0.0,0.0,0.0,0,0.0,16,500000,1.0,2403.5625
exp3,9,19,-0.18979591836734694,-0.0673469387755102,1.0,0.0,0.0,0.0,0,0.0,16,500000,1.0,2403.625
exp3,9,20,-0.18979591836734694,-0.055102040816326525,1.0,0.0,0.0,0.0,0,0.0,16,500000,1.0,2403.375
exp3,9,21,-0.18979591836734694,-0.04285714285714287,1.0,0.0,0.0,0.0,0,0.0,16,500000,1.0,2505.625
exp3,9,22,-0.18979591836734694,-0.030612244897959162,1.0,0.0,0.0,0.0,0,0.0,16,500000,1.0,2507.6875
exp3,9,23,-0.18979591836734694,-0.01836734693877551,1.0,0.0,0.0,0.0,0,0.0,16,500000,1.0,2528.8125
exp3,9,24,-0.18979591836734694,-0.006122448979591855,1.0,0.0,0.0,0.0,0,0.0,16,500000,1.0,2528.6875
exp3,9,25,-0.18979591836734694,0.006122448979591855,1.0,0.0,0.0,0.0,0,0.0,16,500000,1.0,2596.6875
exp3,9,26,-0.18979591836734694,0.01836734693877551,1.0,0.0,0.0,0.0,0,0.0,16,500000,1.0,2801.5625
exp3,9,27,-0.18979591836734694,0.030612244897959162,1.0,0.0,0.0,0.0,0,0.0,16,500000,1.0,2925.0625
exp3,9,28,-0.18979591836734694,0.04285714285714287,1.0,0.0,0.0,0.0,0,0.0,16,500000,1.0,2932.8125
exp3,9,29,-0.18979591836734694,0.055102040816326525,1.0,0.0,0.0,0.0,0,0.0,16,500000,1.0,2923.1875
exp3,9,30,-0.18979591836734694,0.06734693877551018,1.0,0.0,0.0,0.0,0,0.0,16,500000,1.0,2923.1875
exp3,9,31,-0.18979591836734694,0.07959183673469389,1.0,0.0,0.0,0.0,0,0.0,16,500000,1.0,2952.1875
exp3,9,32,-0.18979591836734694,0.09183673469387754,1.0,0.0,0.0,0.0,0,0.0,16,500000,1.0,2994.1875
exp3,9,33,-0.18979591836734694,0.1040816326530612,1.0,0.0,0.0,0.0,0,0.0,16,500000,1.0,3080.125
exp3,9,34,-0.18979591836734694,0.1163265306122449,1.0,0.0,0.0,0.0,0,0.0,16,500000,1.0,3091.0625
exp3,9,35,-0.18979591836734694,0.12857142857142856,1.0,0.0,0.0,0.0,0,0.0,16,500000,1.0,3186.5625
exp3,9,36,-0.18979591836734694,0.1408163265306122,1.0,0.0,0.0,0.0,0,0.0,16,500000,1.0,3169.4375
exp3,9,37,-0.18979591836734694,0.15306122448979592,1.0,0.0,0.0,0.0,0,0.0,16,500000,1.0,3173.3125
exp3,9,38,-0.18979591836734694,0.16530612244897958,1.0,0.0,0.0,0.0,0,0.0,16,500000,1.0,3174.1875
exp3,9,39,-0.18979591836734694,0.17755102040816323,1.0,0.0,0.0,0.0,0,0.0,16,500000,1.0,3360.0
exp3,9,40,-0.18979591836734694,0.18979591836734694,1.0,0.0,0.0,0.0,0,0.0,16,500000,1.0,4005.3125
exp3,9,41,-0.18979591836734694,0.20204081632653065,1.0,0.0,0.0,0.0,0,0.0,16,500000,1.0,4013.0625
exp3,9,42,-0.18979591836734694,0.21428571428571425,1.0,0.0,0.0,0.0,0,0.0,16,500000,1.0,4309.8125
exp3,9,43,-0.18979591836734694,0.22653061224489796,1.0,0.0,0.0,0.0,0,0.0,16,500000,1.0,4463.4375
exp3,9,44,-0.18979591836734694,0.23877551020408166,1.0,0.0,0.0,0.0,0,0.0,16,500000,1.0,4870.0
exp3,9,45,-0.18979591836734694,0.25102040816326526,1.0,0.0,0.0,0.0,0,0.0,16,500000,1.0,5057.625
exp3,9,46,-0.18979591836734694,0.26326530612244897,1.0,0.0,0.0,0.0,0,0.0,16,500000,1.0,5444.625
exp3,9,47,-0.18979591836734694,0.2755102040816327,1.0,0.0,0.0,0.0,0,0.0,16,500000,1.0,5803.6875
exp3,9,48,-0.18979591836734694,0.2877551020408163,1.0,0.0,0.0,0.0,0,0.0,16,500000,1.0,5914.9375
exp3,9,49,-0.18979591836734694,0.3,1.0,0.0,0.0,0.0,0,0.0,16,500000,1.0,6275.875
exp3,10,0,-0.17755102040816326,-0.3,1.0,0.0,0.0,0.0,0,0.0,16,500000,1.0,2018.0
exp3,10,1,-0.17755102040816326,-0.28775510204081634,1.0,0.0,0.0,0.0,0,0.0,16,500000,1.0,2017.9375
exp3,10,2,-0.17755102040816326,-0.2755102040816326,1.0,0.0,0.0,0.0,0,0.0,16,500000,1.0,2018.375
exp3,10,3,-0.17755102040816326,-0.26326530612244897,1.0,0.0,0.0,0.0,0,0.0,16,500000,1.0,2024.125
exp3,10,4,-0.17755102040816326,-0.2510204081632653,1.0,0.0,0.0,0.0,0,0.0,16,500000,1.0,2024.125
exp3,10,5,-0.17755102040816326,-0.2387755102040816,1.0,0.0,0.0,0.0,0,0.0,16,500000,1.0,1989.6875
exp3,10,6,-0.17755102040816326,-0.22653061224489796,1.0,0.0,0.0,0.0,0,0.0,16,500000,1.0,2203.6875
exp3,10,7,-0.17755102040816326,-0.21428571428571427,1.0,0.0,0.0,0.0,0,0.0,16,500000,1.0,2297.0
exp3,10,8,-0.17755102040816326,-0.2020408163265306,1.0,0.0,0.0,0.0,0,0.0,16,500000,1.0,2297.375
exp3,10,9,-0.17755102040816326,-0.18979591836734694,1.0,0.0,0.0,0.0,0,0.0,16,500000,1.0,2305.625
exp3,10,10,-0.17755102040816326,-0.17755102040816326,1.0,0.0,0.0,0.0,0,0.0,16,500000,1.0,2307.125
exp3,10,11,-0.17755102040816326,-0.16530612244897958,1.0,0.0,0.0,0.0,0,0.0,16,500000,1.0,2307.125
exp3,10,12,-0.17755102040816326,-0.15306122448979592,1.0,0.0,0.0,0.0,0,0.0,16,500000,1.0,2340.4375
exp3,10,13,-0.17755102040816326,-0.14081632653061224,1.0,0.0,0.0,0.0,0,0.0,16,500000,1.0,2348.625
exp3,10,14,-0.17755102040816326,-0.12857142857142856,1.0,0.0,0.0,0.0,0,0.0,16,500000,1.0,2280.5
exp3,10,15,-0.17755102040816326,-0.1163265306122449,1.0,0.0,0.0,0.0,0,0.0,16,500000,1.0,2280.125
exp3,10,16,-0.17755102040816326,-0.10408163265306122,1.0,0.0,0.0,0.0,0,0.0,16,500000,1.0,2336.9375
exp3,10,17,-0.17755102040816326,-0.09183673469387754,1.0,0.0,0.0,0.0,0,0.0,16,500000,1.0,2336.6875
exp3,10,18,-0.17755102040816326,-0.07959183673469389,1.0,0.0,0.0,0.0,0,0.0,16,500000,1.0,2418.3125
exp3,10,19,-0.17755102040816326,-0.0673469387755102,1.0,0.0,0.0,0.0,0,0.0,16,500000,1.0,2418.375
exp3,10,20,-0.17755102040816326,-0.055102040816326525,1.0,0.0,0.0,0.0,0,0.0,16,500000,1.0,2418.125
exp3,10,21,-0.17755102040816326,-0.04285714285714287,1.0,0.0,0.0,0.0,0,0.0,16,500000,1.0,2520.625
exp3,10,22,-0.17755102040816326,-0.030612244897959162,1.0,0.0,0.0,0.0,0,0.0,16,500000,1.0,2522.6875
exp3,10,23,-0.17755102040816326,-0.01836734693877551,1.0,0.0,0.0,0.0,0,0.0,16,500000,1.0,2531.1875
exp3,10,24,-0.17755102040816326,-0.006122448979591855,1.0,0.0,0.0,0.0,0,0.0,16,500000,1.0,2531.0625
exp3,10,25,-0.17755102040816326,0.006122448979591855,1.0,0.0,0.0,0.0,0,0.0,16,500000,1.0,2524.5625
exp3,10,26,-0.17755102040816326,0.01836734693877551,1.0,0.0,0.0,0.0,0,0.0,16,500000,1.0,2730.1875
exp3,10,27,-0.17755102040816326,0.030612244897959162,1.0,0.0,0.0,0.0,0,0.0,16,500000,1.0,2853.6875
exp3,10,28,-0.17755102040816326,0.04285714285714287,1.0,0.0,0.0,0.0,0,0.0,16,500000,1.0,2853.5
exp3,10,29,-0.17755102040816326,0.055102040816326525,1.0,0.0,0.0,0.0,0,0.0,16,500000,1.0,2843.1875
exp3,10,30,-0.17755102040816326,0.06734693877551018,1.0,0.0,0.0,0.0,0,0.0,16,500000,1.0,2843.125
exp3,10,31,-0.17755102040816326,0.07959183673469389,1.0,0.0,0.0,0.0,0,0.0,16,500000,1.0,2955.8125
exp3,10,32,-0.17755102040816326,0.09183673469387754,1.0,0.0,0.0,0.0,0,0.0,16,500000,1.0,3150.625
exp3,10,33,-0.17755102040816326,0.1040816326530612,1.0,0.0,0.0,0.0,0,0.0,16,500000,1.0,3199.125
exp3,10,34,-0.17755102040816326,0.1163265306122449,1.0,0.0,0.0,0.0,0,0.0,16,500000,1.0,3201.3125
exp3,10,35,-0.17755102040816326,0.12857142857142856,1.0,0.0,0.0,0.0,0,0.0,16,500000,1.0,3204.0625
exp3,10,36,-0.17755102040816326,0.1408163265306122,1.0,0.0,0.0,0.0,0,0.0,16,500000,1.0,3247.8125
exp3,10,37,-0.17755102040816326,0.15306122448979592,1.0,0.0,0.0,0.0,0,0.0,16,500000,1.0,3331.1875
exp3,10,38,-0.17755102040816326,0.16530612244897958,1.0,0.0,0.0,0.0,0,0.0,16,500000,1.0,3332.0
exp3,10,39,-0.17755102040816326,0.17755102040816323,1.0,0.0,0.0,0.0,0,0.0,16,500000,1.0,3557.9375
exp3,10,40,-0.17755102040816326,0.18979591836734694,1.0,0.0,0.0,0.0,0,0.0,16,500000,1.0,4230.0
exp3,10,41,-0.17755102040816326,0.20204081632653065,1.0,0.0,0.0,0.0,0,0.0,16,500000,1.0,4288.125
exp3,10,42,-0.17755102040816326,0.21428571428571425,1.0,0.0,0.0,0.0,0,0.0,16,500000,1.0,4344.0
exp3,10,43,-0.17755102040816326,0.22653061224489796,1.0,0.0,0.0,0.0,0,0.0,16,500000,1.0,4516.875
exp3,10,44,-0.17755102040816326,0.23877551020408166,1.0,0.0,0.0,0.0,0,0.0,16,500000,1.0,5018.75
exp3,10,45,-0.17755102040816326,0.25102040816326526,1.0,0.0,0.0,0.0,0,0.0,16,500000,1.0,5055.1875
exp3,10,46,-0.17755102040816326,0.26326530612244897,1.0,0.0,0.0,0.0,0,0.0,16,500000,1.0,5452.875
exp3,10,47,-0.17755102040816326,0.2755102040816327,1.0,0.0,0.0,0.0,0,0.0,16,500000,1.0,5744.0625
exp3,10,48,-0.17755102040816326,0.2877551020408163,1.0,0.0,0.0,0.0,0,0.0,16,500000,1.0,5954.3125
exp3,10,49,-0.17755102040816326,0.3,1.0,0.0,0.0,0.0,0,0.0,16,500000,1.0,6221.5
exp3,11,0,-0.16530612244897958,-0.3,1.0,0.0,0.0,0.0,0,0.0,16,500000,1.0,2114.5625
exp3,11,1,-0.16530612244897958,-0.28775510204081634,1.0,0.0,0.0,0.0,0,0.0,16,500000,1.0,2114.9375
exp3,11,2,-0.16530612244897958,-0.2755102040816326,1.0,0.0,0.0,0.0,0,0.0,16,500000,1.0,2114.125
exp3,11,3,-0.16530612244897958,-0.26326530612244897,1.0,0.0,0.0,0.0,0,0.0,16,500000,1.0,2120.8125
exp3,11,4,-0.16530612244897958,-0.2510204081632653,1.0,0.0,0.0,0.0,0,0.0,16,500000,1.0,2121.375
exp3,11,5,-0.16530612244897958,-0.2387755102040816,1.0,0.0,0.0,0.0,0,0.0,16,500000,1.0,2085.75
exp3,11,6,-0.16530612244897958,-0.22653061224489796,1.0,0.0,0.0,0.0,0,0.0,16,500000,1.0,2206.9375
exp3,11,7,-0.16530612244897958,-0.21428571428571427,1.0,0.0,0.0,0.0,0,0.0,16,500000,1.0,2308.25
exp3,11,8,-0.16530612244897958,-0.2020408163265306,1.0,0.0,0.0,0.0,0,0.0,16,500000,1.0,2274.9375
exp3,11,9,-0.16530612244897958,-0.18979591836734694,1.0,0.0,0.0,0.0,0,0.0,16,500000,1.0,2456.6875
exp3,11,10,-0.16530612244897958,-0.17755102040816326,1.0,0.0,0.0,0.0,0,0.0,16,500000,1.0,2458.1875
exp3,11,11,-0.16530612244897958,-0.16530612244897958,1.0,0.0,0.0,0.0,0,0.0,16,500000,1.0,2458.1875
exp3,11,12,-0.16530612244897958,-0.15306122448979592,1.0,0.0,0.0,0.0,0,0.0,16,500000,1.0,2464.1875
exp3,11,13,-0.16530612244897958,-0.14081632653061224,1.0,0.0,0.0,0.0,0,0.0,16,500000,1.0,2472.375
exp3,11,14,-0.16530612244897958,-0.12857142857142856,1.0,0.0,0.0,0.0,0,0.0,16,500000,1.0,2407.6875
exp3,11,15,-0.16530612244897958,-0.1163265306122449,1.0,0.0,0.0,0.0,0,0.0,16,500000,1.0,2428.4375
exp3,11,16,-0.16530612244897958,-0.10408163265306122,1.0,0.0,0.0,0.0,0,0.0,16,500000,1.0,2486.5
exp3,11,17,-0.16530612244897958,-0.09183673469387754,1.0,0.0,0.0,0.0,0,0.0,16,500000,1.0,2486.25
exp3,11,18,-0.16530612244897958,-0.07959183673469389,1.0,0.0,0.0,0.0,0,0.0,16,500000,1.0,2567.4375
exp3,11,19,-0.16530612244897958,-0.0673469387755102,1.0,0.0,0.0,0.0,0,0.0,16,500000,1.0,2490.6875
exp3,11,20,-0.16530612244897958,-0.055102040816326525,1.0,0.0,0.0,0.0,0,0.0,16,500000,1.0,2438.125
exp3,11,21,-0.16530612244897958,-0.04285714285714287,1.0,0.0,0.0,0.0,0,0.0,16,500000,1.0,2540.125
exp3,11,22,-0.16530612244897958,-0.030612244897959162,1.0,0.0,0.0,0.0,0,0.0,16,500000,1.0,2544.0625
exp3,11,23,-0.16530612244897958,-0.01836734693877551,1.0,0.0,0.0,0.0,0,0.0,16,500000,1.0,2555.125
exp3,11,24,-0.16530612244897958,-0.006122448979591855,1.0,0.0,0.0,0.0,0,0.0,16,500000,1.0,2555.0
exp3,11,25,-0.16530612244897958,0.006122448979591855,1.0,0.0,0.0,0.0,0,0.0,16,500000,1.0,2548.5
exp3,11,26,-0.16530612244897958,0.01836734693877551,1.0,0.0,0.0,0.0,0,0.0,16,500000,1.0,2637.4375
exp3,11,27,-0.16530612244897958,0.030612244897959162,1.0,0.0,0.0,0.0,0,0.0,16,500000,1.0,2757.375
exp3,11,28,-0.16530612244897958,0.04285714285714287,1.0,0.0,0.0,0.0,0,0.0,16,500000,1.0,2764.5
exp3,11,29,-0.16530612244897958,0.055102040816326525,1.0,0.0,0.0,0.0,0,0.0,16,500000,1.0,2882.3125
exp3,11,30,-0.16530612244897958,0.06734693877551018,1.0,0.0,0.0,0.0,0,0.0,16,500000,1.0,2882.3125
exp3,11,31,-0.16530612244897958,0.07959183673469389,1.0,0.0,0.0,0.0,0,0.0,16,500000,1.0,3112.5625
exp3,11,32,-0.16530612244897958,0.09183673469387754,1.0,0.0,0.0,0.0,0,0.0,16,500000,1.0,3285.375
exp3,11,33,-0.16530612244897958,0.1040816326530612,1.0,0.0,0.0,0.0,0,0.0,16,500000,1.0,3398.125
exp3,11,34,-0.16530612244897958,0.1163265306122449,1.0,0.0,0.0,0.0,0,0.0,16,500000,1.0,3405.0
exp3,11,35,-0.16530612244897958,0.12857142857142856,1.0,0.0,0.0,0.0,0,0.0,16,500000,1.0,3417.375
exp3,11,36,-0.16530612244897958,0.1408163265306122,1.0,0.0,0.0,0.0,0,0.0,16,500000,1.0,3576.4375
exp3,11,37,-0.16530612244897958,0.15306122448979592,1.0,0.0,0.0,0.0,0,0.0,16,500000,1.0,3659.0
exp3,11,38,-0.16530612244897958,0.16530612244897958,1.0,0.0,0.0,0.0,0,0.0,16,500000,1.0,3661.875
exp3,11,39,-0.16530612244897958,0.17755102040816323,1.0,0.0,0.0,0.0,0,0.0,16,500000,1.0,3910.6875
exp3,11,40,-0.16530612244897958,0.18979591836734694,1.0,0.0,0.0,0.0,0,0.0,16,500000,1.0,4457.1875
exp3,11,41,-0.16530612244897958,0.20204081632653065,1.0,0.0,0.0,0.0,0,0.0,16,500000,1.0,4466.5
exp3,11,42,-0.16530612244897958,0.21428571428571425,1.0,0.0,0.0,0.0,0,0.0,16,500000,1.0,4521.3125
exp3,11,43,-0.16530612244897958,0.22653061224489796,1.0,0.0,0.0,0.0,0,0.0,16,500000,1.0,4739.5
exp3,11,44,-0.16530612244897958,0.23877551020408166,1.0,0.0,0.0,0.0,0,0.0,16,500000,1.0,5248.0625
exp3,11,45,-0.16530612244897958,0.25102040816326526,1.0,0.0,0.0,0.0,0,0.0,16,500000,1.0,5307.75
exp3,11,46,-0.16530612244897958,0.26326530612244897,1.0,0.0,0.0,0.0,0,0.0,16,500000,1.0,5544.4375
exp3,11,47,-0.16530612244897958,0.2755102040816327,1.0,0.0,0.0,0.0,0,0.0,16,500000,1.0,5785.375
exp3,11,48,-0.16530612244897958,0.2877551020408163,1.0,0.0,0.0,0.0,0,0.0,16,500000,1.0,5874.75
exp3,11,49,-0.16530612244897958,0.3,1.0,0.0,0.0,0.0,0,0.0,16,500000,1.0,6304.25
exp3,12,0,-0.15306122448979592,-0.3,1.0,0.0,0.0,0.0,0,0.0,16,500000,1.0,2171.875
exp3,12,1,-0.15306122448979592,-0.28775510204081634,1.0,0.0,0.0,0.0,0,0.0,16,500000,1.0,2172.25
exp3,12,2,-0.15306122448979592,-0.2755102040816326,1.0,0.0,0.0,0.0,0,0.0,16,500000,1.0,2179.6875
exp3,12,3,-0.15306122448979592,-0.26326530612244897,1.0,0.0,0.0,0.0,0,0.0,16,500000,1.0,2183.4375
exp3,12,4,-0.15306122448979592,-0.2510204081632653,1.0,0.0,0.0,0.0,0,0.0,16,500000,1.0,2185.5625
exp3,12,5,-0.15306122448979592,-0.2387755102040816,1.0,0.0,0.0,0.0,0,0.0,16,500000,1.0,2148.5625
exp3,12,6,-0.15306122448979592,-0.22653061224489796,1.0,0.0,0.0,0.0,0,0.0,16,500000,1.0,2269.75
exp3,12,7,-0.15306122448979592,-0.21428571428571427,1.0,0.0,0.0,0.0,0,0.0,16,500000,1.0,2311.6875
exp3,12,8,-0.15306122448979592,-0.2020408163265306,1.0,0.0,0.0,0.0,0,0.0,16,500000,1.0,2311.6875
exp3,12,9,-0.15306122448979592,-0.18979591836734694,1.0,0.0,0.0,0.0,0,0.0,16,500000,1.0,2456.1875
exp3,12,10,-0.15306122448979592,-0.17755102040816326,1.0,0.0,0.0,0.0,0,0.0,16,500000,1.0,2456.4375
exp3,12,11,-0.15306122448979592,-0.16530612244897958,1.0,0.0,0.0,0.0,0,0.0,16,500000,1.0,2456.5625
exp3,12,12,-0.15306122448979592,-0.15306122448979592,1.0,0.0,0.0,0.0,0,0.0,16,500000,1.0,2470.0625
exp3,12,13,-0.15306122448979592,-0.14081632653061224,1.0,0.0,0.0,0.0,0,0.0,16,500000,1.0,2472.3125
exp3,12,14,-0.15306122448979592,-0.12857142857142856,1.0,0.0,0.0,0.0,0,0.0,16,500000,1.0,2407.875
exp3,12,15,-0.15306122448979592,-0.1163265306122449,1.0,0.0,0.0,0.0,0,0.0,16,500000,1.0,2429.0625
exp3,12,16,-0.15306122448979592,-0.10408163265306122,1.0,0.0,0.0,0.0,0,0.0,16,500000,1.0,2487.5
exp3,12,17,-0.15306122448979592,-0.09183673469387754,1.0,0.0,0.0,0.0,0,0.0,16,500000,1.0,2487.125
exp3,12,18,-0.15306122448979592,-0.07959183673469389,1.0,0.0,0.0,0.0,0,0.0,16,500000,1.0,2568.3125
exp3,12,19,-0.15306122448979592,-0.0673469387755102,1.0,0.0,0.0,0.0,0,0.0,16,500000,1.0,2491.5625
exp3,12,20,-0.15306122448979592,-0.055102040816326525,1.0,0.0,0.0,0.0,0,0.0,16,500000,1.0,2438.6875
exp3,12,21,-0.15306122448979592,-0.04285714285714287,1.0,0.0,0.0,0.0,0,0.0,16,500000,1.0,2541.0625
exp3,12,22,-0.15306122448979592,-0.030612244897959162,1.0,0.0,0.0,0.0,0,0.0,16,500000,1.0,2543.25
exp3,12,23,-0.15306122448979592,-0.01836734693877551,1.0,0.0,0.0,0.0,0,0.0,16,500000,1.0,2554.4375
exp3,12,24,-0.15306122448979592,-0.006122448979591855,1.0,0.0,0.0,0.0,0,0.0,16,500000,1.0,2622.75
exp3,12,25,-0.15306122448979592,0.006122448979591855,1.0,0.0,0.0,0.0,0,0.0,16,500000,1.0,2616.25
exp3,12,26,-0.15306122448979592,0.01836734693877551,1.0,0.0,0.0,0.0,0,0.0,16,500000,1.0,2702.5
exp3,12,27,-0.15306122448979592,0.030612244897959162,1.0,0.0,0.0,0.0,0,0.0,16,500000,1.0,2830.0
exp3,12,28,-0.15306122448979592,0.04285714285714287,1.0,0.0,0.0,0.0,0,0.0,16,500000,1.0,2829.5625
exp3,12,29,-0.15306122448979592,0.055102040816326525,1.0,0.0,0.0,0.0,0,0.0,16,500000,1.0,2883.1875
exp3,12,30,-0.15306122448979592,0.06734693877551018,1.0,0.0,0.0,0.0,0,0.0,16,500000,1.0,2883.25
exp3,12,31,-0.15306122448979592,0.07959183673469389,1.0,0.0,0.0,0.0,0,0.0,16,500000,1.0,3113.25
exp3,12,32,-0.15306122448979592,0.09183673469387754,1.0,0.0,0.0,0.0,0,0.0,16,500000,1.0,3280.0
exp3,12,33,-0.15306122448979592,0.1040816326530612,1.0,0.0,0.0,0.0,0,0.0,16,500000,1.0,3394.75
exp3,12,34,-0.15306122448979592,0.1163265306122449,1.0,0.0,0.0,0.0,0,0.0,16,500000,1.0,3401.5
exp3,12,35,-0.15306122448979592,0.12857142857142856,1.0,0.0,0.0,0.0,0,0.0,16,500000,1.0,3399.25
exp3,12,36,-0.15306122448979592,0.1408163265306122,1.0,0.0,0.0,0.0,0,0.0,16,500000,1.0,3456.0625
exp3,12,37,-0.15306122448979592,0.15306122448979592,1.0,0.0,0.0,0.0,0,0.0,16,500000,1.0,3552.0
exp3,12,38,-0.15306122448979592,0.16530612244897958,1.0,0.0,0.0,0.0,0,0.0,16,500000,1.0,3554.875
exp3,12,39,-0.15306122448979592,0.17755102040816323,1.0,0.0,0.0,0.0,0,0.0,16,500000,1.0,3796.9375
exp3,12,40,-0.15306122448979592,0.18979591836734694,1.0,0.0,0.0,0.0,0,0.0,16,500000,1.0,4423.125
exp3,12,41,-0.15306122448979592,0.20204081632653065,1.0,0.0,0.0,0.0,0,0.0,16,500000,1.0,4441.75
exp3,12,42,-0.15306122448979592,0.21428571428571425,1.0,0.0,0.0,0.0,0,0.0,16,500000,1.0,4494.5
exp3,12,43,-0.15306122448979592,0.22653061224489796,1.0,0.0,0.0,0.0,0,0.0,16,500000,1.0,4735.75
exp3,12,44,-0.15306122448979592,0.23877551020408166,1.0,0.0,0.0,0.0,0,0.0,16,500000,1.0,5249.25
exp3,12,45,-0.15306122448979592,0.25102040816326526,1.0,0.0,0.0,0.0,0,0.0,16,500000,1.0,5154.0625
exp3,12,46,-0.15306122448979592,0.26326530612244897,1.0,0.0,0.0,0.0,0,0.0,16,500000,1.0,5387.1875
exp3,12,47,-0.15306122448979592,0.2755102040816327,1.0,0.0,0.0,0.0,0,0.0,16,500000,1.0,5627.5
exp3,12,48,-0.15306122448979592,0.2877551020408163,1.0,0.0,0.0,0.0,0,0.0,16,500000,1.0,5811.5625
exp3,12,49,-0.15306122448979592,0.3,1.0,0.0,0.0,0.0,0,0.0,16,500000,1.0,6162.625
exp3,13,0,-0.14081632653061224,-0.3,1.0,0.0,0.0,0.0,0,0.0,16,500000,1.0,2158.6875
exp3,13,1,-0.14081632653061224,-0.28775510204081634,1.0,0.0,0.0,0.0,0,0.0,16,500000,1.0,2158.6875
exp3,13,2,-0.14081632653061224,-0.2755102040816326,1.0,0.0,0.0,0.0,0,0.0,16,500000,1.0,2166.1875
exp3,13,3,-0.14081632653061224,-0.26326530612244897,1.0,0.0,0.0,0.0,0,0.0,16,500000,1.0,2166.1875
exp3,13,4,-0.14081632653061224,-0.2510204081632653,1.0,0.0,0.0,0.0,0,0.0,16,500000,1.0,2168.3125
exp3,13,5,-0.14081632653061224,-0.2387755102040816,1.0,0.0,0.0,0.0,0,0.0,16,500000,1.0,2169.3125
exp3,13,6,-0.14081632653061224,-0.22653061224489796,1.0,0.0,0.0,0.0,0,0.0,16,500000,1.0,2290.375
exp3,13,7,-0.14081632653061224,-0.21428571428571427,1.0,0.0,0.0,0.0,0,0.0,16,500000,1.0,2298.75
exp3,13,8,-0.14081632653061224,-0.2020408163265306,1.0,0.0,0.0,0.0,0,0.0,16,500000,1.0,2298.4375
exp3,13,9,-0.14081632653061224,-0.18979591836734694,1.0,0.0,0.0,0.0,0,0.0,16,500000,1.0,2443.3125
exp3,13,10,-0.14081632653061224,-0.17755102040816326,1.0,0.0,0.0,0.0,0,0.0,16,500000,1.0,2444.8125
exp3,13,11,-0.14081632653061224,-0.16530612244897958,1.0,0.0,0.0,0.0,0,0.0,16,500000,1.0,2458.125
exp3,13,12,-0.14081632653061224,-0.15306122448979592,1.0,0.0,0.0,0.0,0,0.0,16,500000,1.0,2470.4375
exp3,13,13,-0.14081632653061224,-0.14081632653061224,1.0,0.0,0.0,0.0,0,0.0,16,500000,1.0,2475.0
exp3,13,14,-0.14081632653061224,-0.12857142857142856,1.0,0.0,0.0,0.0,0,0.0,16,500000,1.0,2411.3125
exp3,13,15,-0.14081632653061224,-0.1163265306122449,1.0,0.0,0.0,0.0,0,0.0,16,500000,1.0,2432.125
exp3,13,16,-0.14081632653061224,-0.10408163265306122,1.0,0.0,0.0,0.0,0,0.0,16,500000,1.0,2490.5625
exp3,13,17,-0.14081632653061224,-0.09183673469387754,1.0,0.0,0.0,0.0,0,0.0,16,500000,1.0,2490.5625
exp3,13,18,-0.14081632653061224,-0.07959183673469389,1.0,0.0,0.0,0.0,0,0.0,16,500000,1.0,2571.75
exp3,13,19,-0.14081632653061224,-0.0673469387755102,1.0,0.0,0.0,0.0,0,0.0,16,500000,1.0,2494.1875
exp3,13,20,-0.14081632653061224,-0.055102040816326525,1.0,0.0,0.0,0.0,0,0.0,16,500000,1.0,2441.3125
exp3,13,21,-0.14081632653061224,-0.04285714285714287,1.0,0.0,0.0,0.0,0,0.0,16,500000,1.0,2545.3125
exp3,13,22,-0.14081632653061224,-0.030612244897959162,1.0,0.0,0.0,0.0,0,0.0,16,500000,1.0,2545.8125
exp3,13,23,-0.14081632653061224,-0.01836734693877551,1.0,0.0,0.0,0.0,0,0.0,16,500000,1.0,2591.0625
exp3,13,24,-0.14081632653061224,-0.006122448979591855,1.0,0.0,0.0,0.0,0,0.0,16,500000,1.0,2659.625
exp3,13,25,-0.14081632653061224,0.006122448979591855,1.0,0.0,0.0,0.0,0,0.0,16,500000,1.0,2653.75
exp3,13,26,-0.14081632653061224,0.01836734693877551,1.0,0.0,0.0,0.0,0,0.0,16,500000,1.0,2717.5
exp3,13,27,-0.14081632653061224,0.030612244897959162,1.0,0.0,0.0,0.0,0,0.0,16,500000,1.0,2807.1875
exp3,13,28,-0.14081632653061224,0.04285714285714287,1.0,0.0,0.0,0.0,0,0.0,16,500000,1.0,2830.0
exp3,13,29,-0.14081632653061224,0.055102040816326525,1.0,0.0,0.0,0.0,0,0.0,16,500000,1.0,2918.0625
exp3,13,30,-0.14081632653061224,0.06734693877551018,1.0,0.0,0.0,0.0,0,0.0,16,500000,1.0,2918.125
exp3,13,31,-0.14081632653061224,0.07959183673469389,1.0,0.0,0.0,0.0,0,0.0,16,500000,1.0,3147.4375
exp3,13,32,-0.14081632653061224,0.09183673469387754,1.0,0.0,0.0,0.0,0,0.0,16,500000,1.0,3303.625
exp3,13,33,-0.14081632653061224,0.1040816326530612,1.0,0.0,0.0,0.0,0,0.0,16,500000,1.0,3394.75
exp3,13,34,-0.14081632653061224,0.1163265306122449,1.0,0.0,0.0,0.0,0,0.0,16,500000,1.0,3412.8125
exp3,13,35,-0.14081632653061224,0.12857142857142856,1.0,0.0,0.0,0.0,0,0.0,16,500000,1.0,3410.5625
exp3,13,36,-0.14081632653061224,0.1408163265306122,1.0,0.0,0.0,0.0,0,0.0,16,500000,1.0,3482.25
exp3,13,37,-0.14081632653061224,0.15306122448979592,1.0,0.0,0.0,0.0,0,0.0,16,500000,1.0,3566.8125
exp3,13,38,-0.14081632653061224,0.16530612244897958,1.0,0.0,0.0,0.0,0,0.0,16,500000,1.0,3569.75
exp3,13,39,-0.14081632653061224,0.17755102040816323,1.0,0.0,0.0,0.0,0,0.0,16,500000,1.0,3819.5625
exp3,13,40,-0.14081632653061224,0.18979591836734694,1.0,0.0,0.0,0.0,0,0.0,16,500000,1.0,4425.375
exp3,13,41,-0.14081632653061224,0.20204081632653065,1.0,0.0,0.0,0.0,0,0.0,16,500000,1.0,4459.0
exp3,13,42,-0.14081632653061224,0.21428571428571425,1.0,0.0,0.0,0.0,0,0.0,16,500000,1.0,4510.375
exp3,13,43,-0.14081632653061224,0.22653061224489796,1.0,0.0,0.0,0.0,0,0.0,16,500000,1.0,4734.25
exp3,13,44,-0.14081632653061224,0.23877551020408166,1.0,0.0,0.0,0.0,0,0.0,16,500000,1.0,5234.8125
exp3,13,45,-0.14081632653061224,0.25102040816326526,1.0,0.0,0.0,0.0,0,0.0,16,500000,1.0,5141.75
exp3,13,46,-0.14081632653061224,0.26326530612244897,1.0,0.0,0.0,0.0,0,0.0,16,500000,1.0,5389.25
exp3,13,47,-0.14081632653061224,0.2755102040816327,1.0,0.0,0.0,0.0,0,0.0,16,500000,1.0,5578.0625
exp3,13,48,-0.14081632653061224,0.2877551020408163,1.0,0.0,0.0,0.0,0,0.0,16,500000,1.0,5823.9375
exp3,13,49,-0.14081632653061224,0.3,1.0,0.0,0.0,0.0,0,0.0,16,500000,1.0,6203.8125
exp3,14,0,-0.12857142857142856,-0.3,1.0,0.0,0.0,0.0,0,0.0,16,500000,1.0,2218.1875
exp3,14,1,-0.12857142857142856,-0.28775510204081634,1.0,0.0,0.0,0.0,0,0.0,16,500000,1.0,2218.1875
exp3,14,2,-0.12857142857142856,-0.2755102040816326,1.0,0.0,0.0,0.0,0,0.0,16,500000,1.0,2225.6875
exp3,14,3,-0.12857142857142856,-0.26326530612244897,1.0,0.0,0.0,0.0,0,0.0,16,500000,1.0,2225.6875
exp3,14,4,-0.12857142857142856,-0.2510204081632653,1.0,0.0,0.0,0.0,0,0.0,16,500000,1.0,2227.625
exp3,14,5,-0.12857142857142856,-0.2387755102040816,1.0,0.0,0.0,0.0,0,0.0,16,500000,1.0,2229.0
exp3,14,6,-0.12857142857142856,-0.22653061224489796,1.0,0.0,0.0,0.0,0,0.0,16,500000,1.0,2349.75
exp3,14,7,-0.12857142857142856,-0.21428571428571427,1.0,0.0,0.0,0.0,0,0.0,16,500000,1.0,2361.0625
exp3,14,8,-0.12857142857142856,-0.2020408163265306,1.0,0.0,0.0,0.0,0,0.0,16,500000,1.0,2361.0
exp3,14,9,-0.12857142857142856,-0.18979591836734694,1.0,0.0,0.0,0.0,0,0.0,16,500000,1.0,2393.625
exp3,14,10,-0.12857142857142856,-0.17755102040816326,1.0,0.0,0.0,0.0,0,0.0,16,500000,1.0,2407.4375
exp3,14,11,-0.12857142857142856,-0.16530612244897958,1.0,0.0,0.0,0.0,0,0.0,16,500000,1.0,2375.8125
exp3,14,12,-0.12857142857142856,-0.15306122448979592,1.0,0.0,0.0,0.0,0,0.0,16,500000,1.0,2372.875
exp3,14,13,-0.12857142857142856,-0.14081632653061224,1.0,0.0,0.0,0.0,0,0.0,16,500000,1.0,2392.0625
exp3,14,14,-0.12857142857142856,-0.12857142857142856,1.0,0.0,0.0,0.0,0,0.0,16,500000,1.0,2440.5
exp3,14,15,-0.12857142857142856,-0.1163265306122449,1.0,0.0,0.0,0.0,0,0.0,16,500000,1.0,2464.8125
exp3,14,16,-0.12857142857142856,-0.10408163265306122,1.0,0.0,0.0,0.0,0,0.0,16,500000,1.0,2523.25
exp3,14,17,-0.12857142857142856,-0.09183673469387754,1.0,0.0,0.0,0.0,0,0.0,16,500000,1.0,2521.75
exp3,14,18,-0.12857142857142856,-0.07959183673469389,1.0,0.0,0.0,0.0,0,0.0,16,500000,1.0,2602.9375
exp3,14,19,-0.12857142857142856,-0.0673469387755102,1.0,0.0,0.0,0.0,0,0.0,16,500000,1.0,2522.375
exp3,14,20,-0.12857142857142856,-0.055102040816326525,1.0,0.0,0.0,0.0,0,0.0,16,500000,1.0,2522.0625
exp3,14,21,-0.12857142857142856,-0.04285714285714287,1.0,0.0,0.0,0.0,0,0.0,16,500000,1.0,2626.0625
exp3,14,22,-0.12857142857142856,-0.030612244897959162,1.0,0.0,0.0,0.0,0,0.0,16,500000,1.0,2626.5625
exp3,14,23,-0.12857142857142856,-0.01836734693877551,1.0,0.0,0.0,0.0,0,0.0,16,500000,1.0,2693.875
exp3,14,24,-0.12857142857142856,-0.006122448979591855,1.0,0.0,0.0,0.0,0,0.0,16,500000,1.0,2693.875
exp3,14,25,-0.12857142857142856,0.006122448979591855,1.0,0.0,0.0,0.0,0,0.0,16,500000,1.0,2802.9375
exp3,14,26,-0.12857142857142856,0.01836734693877551,1.0,0.0,0.0,0.0,0,0.0,16,500000,1.0,2871.1875
exp3,14,27,-0.12857142857142856,0.030612244897959162,1.0,0.0,0.0,0.0,0,0.0,16,500000,1.0,2962.0
exp3,14,28,-0.12857142857142856,0.04285714285714287,1.0,0.0,0.0,0.0,0,0.0,16,500000,1.0,2961.9375
exp3,14,29,-0.12857142857142856,0.055102040816326525,1.0,0.0,0.0,0.0,0,0.0,16,500000,1.0,3032.5
exp3,14,30,-0.12857142857142856,0.06734693877551018,1.0,0.0,0.0,0.0,0,0.0,16,500000,1.0,3032.5625
exp3,14,31,-0.12857142857142856,0.07959183673469389,1.0,0.0,0.0,0.0,0,0.0,16,500000,1.0,3261.625
exp3,14,32,-0.12857142857142856,0.09183673469387754,1.0,0.0,0.0,0.0,0,0.0,16,500000,1.0,3374.75
exp3,14,33,-0.12857142857142856,0.1040816326530612,1.0,0.0,0.0,0.0,0,0.0,16,500000,1.0,3443.4375
exp3,14,34,-0.12857142857142856,0.1163265306122449,1.0,0.0,0.0,0.0,0,0.0,16,500000,1.0,3461.5
exp3,14,35,-0.12857142857142856,0.12857142857142856,1.0,0.0,0.0,0.0,0,0.0,16,500000,1.0,3459.25
exp3,14,36,-0.12857142857142856,0.1408163265306122,1.0,0.0,0.0,0.0,0,0.0,16,500000,1.0,3531.0625
exp3,14,37,-0.12857142857142856,0.15306122448979592,1.0,0.0,0.0,0.0,0,0.0,16,500000,1.0,3569.4375
exp3,14,38,-0.12857142857142856,0.16530612244897958,1.0,0.0,0.0,0.0,0,0.0,16,500000,1.0,3572.3125
exp3,14,39,-0.12857142857142856,0.17755102040816323,1.0,0.0,0.0,0.0,0,0.0,16,500000,1.0,3841.75
exp3,14,40,-0.12857142857142856,0.18979591836734694,1.0,0.0,0.0,0.0,0,0.0,16,500000,1.0,4427.4375
exp3,14,41,-0.12857142857142856,0.20204081632653065,1.0,0.0,0.0,0.0,0,0.0,16,500000,1.0,4344.5625
exp3,14,42,-0.12857142857142856,0.21428571428571425,1.0,0.0,0.0,0.0,0,0.0,16,500000,1.0,4439.75
exp3,14,43,-0.12857142857142856,0.22653061224489796,1.0,0.0,0.0,0.0,0,0.0,16,500000,1.0,4668.875
exp3,14,44,-0.12857142857142856,0.23877551020408166,1.0,0.0,0.0,0.0,0,0.0,16,500000,1.0,5273.5625
exp3,14,45,-0.12857142857142856,0.25102040816326526,1.0,0.0,0.0,0.0,0,0.0,16,500000,1.0,5185.75
exp3,14,46,-0.12857142857142856,0.26326530612244897,1.0,0.0,0.0,0.0,0,0.0,16,500000,1.0,5398.625
exp3,14,47,-0.12857142857142856,0.2755102040816327,1.0,0.0,0.0,0.0,0,0.0,16,500000,1.0,5597.75
exp3,14,48,-0.12857142857142856,0.2877551020408163,1.0,0.0,0.0,0.0,0,0.0,16,500000,1.0,5824.25
exp3,14,49,-0.12857142857142856,0.3,1.0,0.0,0.0,0.0,0,0.0,16,500000,1.0,6209.125
exp3,15,0,-0.1163265306122449,-0.3,1.0,0.0,0.0,0.0,0,0.0,16,500000,1.0,2224.5
exp3,15,1,-0.1163265306122449,-0.28775510204081634,1.0,0.0,0.0,0.0,0,0.0,16,500000,1.0,2224.5
exp3,15,2,-0.1163265306122449,-0.2755102040816326,1.0,0.0,0.0,0.0,0,0.0,16,500000,1.0,2224.25
exp3,15,3,-0.1163265306122449,-0.26326530612244897,1.0,0.0,0.0,0.0,0,0.0,16,500000,1.0,2224.25
exp3,15,4,-0.1163265306122449,-0.2510204081632653,1.0,0.0,0.0,0.0,0,0.0,16,500000,1.0,2226.1875
exp3,15,5,-0.1163265306122449,-0.2387755102040816,1.0,0.0,0.0,0.0,0,0.0,16,500000,1.0,2227.6875
exp3,15,6,-0.1163265306122449,-0.22653061224489796,1.0,0.0,0.0,0.0,0,0.0,16,500000,1.0,2348.4375
exp3,15,7,-0.1163265306122449,-0.21428571428571427,1.0,0.0,0.0,0.0,0,0.0,16,500000,1.0,2359.6875
exp3,15,8,-0.1163265306122449,-0.2020408163265306,1.0,0.0,0.0,0.0,0,0.0,16,500000,1.0,2359.5625
exp3,15,9,-0.1163265306122449,-0.18979591836734694,1.0,0.0,0.0,0.0,0,0.0,16,500000,1.0,2392.4375
exp3,15,10,-0.1163265306122449,-0.17755102040816326,1.0,0.0,0.0,0.0,0,0.0,16,500000,1.0,2406.0
exp3,15,11,-0.1163265306122449,-0.16530612244897958,1.0,0.0,0.0,0.0,0,0.0,16,500000,1.0,2419.3125
exp3,15,12,-0.1163265306122449,-0.15306122448979592,1.0,0.0,0.0,0.0,0,0.0,16,500000,1.0,2416.125
exp3,15,13,-0.1163265306122449,-0.14081632653061224,1.0,0.0,0.0,0.0,0,0.0,16,500000,1.0,2435.3125
exp3,15,14,-0.1163265306122449,-0.12857142857142856,1.0,0.0,0.0,0.0,0,0.0,16,500000,1.0,2455.75
exp3,15,15,-0.1163265306122449,-0.1163265306122449,1.0,0.0,0.0,0.0,0,0.0,16,500000,1.0,2480.5625
exp3,15,16,-0.1163265306122449,-0.10408163265306122,1.0,0.0,0.0,0.0,0,0.0,16,500000,1.0,2607.25
exp3,15,17,-0.1163265306122449,-0.09183673469387754,1.0,0.0,0.0,0.0,0,0.0,16,500000,1.0,2618.4375
exp3,15,18,-0.1163265306122449,-0.07959183673469389,1.0,0.0,0.0,0.0,0,0.0,16,500000,1.0,2699.625
exp3,15,19,-0.1163265306122449,-0.0673469387755102,1.0,0.0,0.0,0.0,0,0.0,16,500000,1.0,2602.8125
exp3,15,20,-0.1163265306122449,-0.055102040816326525,1.0,0.0,0.0,0.0,0,0.0,16,500000,1.0,2602.5
exp3,15,21,-0.1163265306122449,-0.04285714285714287,1.0,0.0,0.0,0.0,0,0.0,16,500000,1.0,2693.125
exp3,15,22,-0.1163265306122449,-0.030612244897959162,1.0,0.0,0.0,0.0,0,0.0,16,500000,1.0,2693.625
exp3,15,23,-0.1163265306122449,-0.01836734693877551,1.0,0.0,0.0,0.0,0,0.0,16,500000,1.0,2762.4375
exp3,15,24,-0.1163265306122449,-0.006122448979591855,1.0,0.0,0.0,0.0,0,0.0,16,500000,1.0,2763.875
exp3,15,25,-0.1163265306122449,0.006122448979591855,1.0,0.0,0.0,0.0,0,0.0,16,500000,1.0,2872.9375
exp3,15,26,-0.1163265306122449,0.01836734693877551,1.0,0.0,0.0,0.0,0,0.0,16,500000,1.0,3080.125
exp3,15,27,-0.1163265306122449,0.030612244897959162,1.0,0.0,0.0,0.0,0,0.0,16,500000,1.0,3101.4375
exp3,15,28,-0.1163265306122449,0.04285714285714287,1.0,0.0,0.0,0.0,0,0.0,16,500000,1.0,3235.125
exp3,15,29,-0.1163265306122449,0.055102040816326525,1.0,0.0,0.0,0.0,0,0.0,16,500000,1.0,3226.375
exp3,15,30,-0.1163265306122449,0.06734693877551018,1.0,0.0,0.0,0.0,0,0.0,16,500000,1.0,3226.6875
exp3,15,31,-0.1163265306122449,0.07959183673469389,1.0,0.0,0.0,0.0,0,0.0,16,500000,1.0,3378.0625
exp3,15,32,-0.1163265306122449,0.09183673469387754,1.0,0.0,0.0,0.0,0,0.0,16,500000,1.0,3473.875
exp3,15,33,-0.1163265306122449,0.1040816326530612,1.0,0.0,0.0,0.0,0,0.0,16,500000,1.0,3589.3125
exp3,15,34,-0.1163265306122449,0.1163265306122449,1.0,0.0,0.0,0.0,0,0.0,16,500000,1.0,3607.375
exp3,15,35,-0.1163265306122449,0.12857142857142856,1.0,0.0,0.0,0.0,0,0.0,16,500000,1.0,3608.5
exp3,15,36,-0.1163265306122449,0.1408163265306122,1.0,0.0,0.0,0.0,0,0.0,16,500000,1.0,3679.375
exp3,15,37,-0.1163265306122449,0.15306122448979592,1.0,0.0,0.0,0.0,0,0.0,16,500000,1.0,3714.75
exp3,15,38,-0.1163265306122449,0.16530612244897958,1.0,0.0,0.0,0.0,0,0.0,16,500000,1.0,3912.25
exp3,15,39,-0.1163265306122449,0.17755102040816323,1.0,0.0,0.0,0.0,0,0.0,16,500000,1.0,4181.9375
exp3,15,40,-0.1163265306122449,0.18979591836734694,1.0,0.0,0.0,0.0,0,0.0,16,500000,1.0,4565.875
exp3,15,41,-0.1163265306122449,0.20204081632653065,1.0,0.0,0.0,0.0,0,0.0,16,500000,1.0,4697.75
exp3,15,42,-0.1163265306122449,0.21428571428571425,1.0,0.0,0.0,0.0,0,0.0,16,500000,1.0,4904.5625
exp3,15,43,-0.1163265306122449,0.22653061224489796,1.0,0.0,0.0,0.0,0,0.0,16,500000,1.0,4800.1875
exp3,15,44,-0.1163265306122449,0.23877551020408166,1.0,0.0,0.0,0.0,0,0.0,16,500000,1.0,5620.125
exp3,15,45,-0.1163265306122449,0.25102040816326526,1.0,0.0,0.0,0.0,0,0.0,16,500000,1.0,5320.4375
exp3,15,46,-0.1163265306122449,0.26326530612244897,1.0,0.0,0.0,0.0,0,0.0,16,500000,1.0,5825.9375
exp3,15,47,-0.1163265306122449,0.2755102040816327,1.0,0.0,0.0,0.0,0,0.0,16,500000,1.0,5835.25
exp3,15,48,-0.1163265306122449,0.2877551020408163,1.0,0.0,0.0,0.0,0,0.0,16,500000,1.0,6102.625
exp3,15,49,-0.1163265306122449,0.3,1.0,0.0,0.0,0.0,0,0.0,16,500000,1.0,6524.0625
exp3,16,0,-0.10408163265306122,-0.3,1.0,0.0,0.0,0.0,0,0.0,16,500000,1.0,2317.0625
exp3,16,1,-0.10408163265306122,-0.28775510204081634,1.0,0.0,0.0,0.0,0,0.0,16,500000,1.0,2317.3125
exp3,16,2,-0.10408163265306122,-0.2755102040816326,1.0,0.0,0.0,0.0,0,0.0,16,500000,1.0,2354.4375
exp3,16,3,-0.10408163265306122,-0.26326530612244897,1.0,0.0,0.0,0.0,0,0.0,16,500000,1.0,2359.0625
exp3,16,4,-0.10408163265306122,-0.2510204081632653,1.0,0.0,0.0,0.0,0,0.0,16,500000,1.0,2361.0
exp3,16,5,-0.10408163265306122,-0.2387755102040816,1.0,0.0,0.0,0.0,0,0.0,16,500000,1.0,2362.375
exp3,16,6,-0.10408163265306122,-0.22653061224489796,1.0,0.0,0.0,0.0,0,0.0,16,500000,1.0,2482.75
exp3,16,7,-0.10408163265306122,-0.21428571428571427,1.0,0.0,0.0,0.0,0,0.0,16,500000,1.0,2499.6875
exp3,16,8,-0.10408163265306122,-0.2020408163265306,1.0,0.0,0.0,0.0,0,0.0,16,500000,1.0,2498.6875
exp3,16,9,-0.10408163265306122,-0.18979591836734694,1.0,0.0,0.0,0.0,0,0.0,16,500000,1.0,2581.75
exp3,16,10,-0.10408163265306122,-0.17755102040816326,1.0,0.0,0.0,0.0,0,0.0,16,500000,1.0,2595.3125
exp3,16,11,-0.10408163265306122,-0.16530612244897958,1.0,0.0,0.0,0.0,0,0.0,16,500000,1.0,2604.625
exp3,16,12,-0.10408163265306122,-0.15306122448979592,1.0,0.0,0.0,0.0,0,0.0,16,500000,1.0,2601.4375
exp3,16,13,-0.10408163265306122,-0.14081632653061224,1.0,0.0,0.0,0.0,0,0.0,16,500000,1.0,2677.4375
exp3,16,14,-0.10408163265306122,-0.12857142857142856,1.0,0.0,0.0,0.0,0,0.0,16,500000,1.0,2696.3125
exp3,16,15,-0.10408163265306122,-0.1163265306122449,1.0,0.0,0.0,0.0,0,0.0,16,500000,1.0,2720.625
exp3,16,16,-0.10408163265306122,-0.10408163265306122,1.0,0.0,0.0,0.0,0,0.0,16,500000,1.0,2847.0625
exp3,16,17,-0.10408163265306122,-0.09183673469387754,1.0,0.0,0.0,0.0,0,0.0,16,500000,1.0,2859.125
exp3,16,18,-0.10408163265306122,-0.07959183673469389,1.0,0.0,0.0,0.0,0,0.0,16,500000,1.0,2940.3125
exp3,16,19,-0.10408163265306122,-0.0673469387755102,1.0,0.0,0.0,0.0,0,0.0,16,500000,1.0,2846.5
exp3,16,20,-0.10408163265306122,-0.055102040816326525,1.0,0.0,0.0,0.0,0,0.0,16,500000,1.0,2873.625
exp3,16,21,-0.10408163265306122,-0.04285714285714287,1.0,0.0,0.0,0.0,0,0.0,16,500000,1.0,2964.25
exp3,16,22,-0.10408163265306122,-0.030612244897959162,1.0,0.0,0.0,0.0,0,0.0,16,500000,1.0,2970.125
exp3,16,23,-0.10408163265306122,-0.01836734693877551,1.0,0.0,0.0,0.0,0,0.0,16,500000,1.0,3035.9375
exp3,16,24,-0.10408163265306122,-0.006122448979591855,1.0,0.0,0.0,0.0,0,0.0,16,500000,1.0,3035.9375
exp3,16,25,-0.10408163265306122,0.006122448979591855,1.0,0.0,0.0,0.0,0,0.0,16,500000,1.0,3145.25
exp3,16,26,-0.10408163265306122,0.01836734693877551,1.0,0.0,0.0,0.0,0,0.0,16,500000,1.0,3453.375
exp3,16,27,-0.10408163265306122,0.030612244897959162,1.0,0.0,0.0,0.0,0,0.0,16,500000,1.0,3480.5625
exp3,16,28,-0.10408163265306122,0.04285714285714287,1.0,0.0,0.0,0.0,0,0.0,16,500000,1.0,3549.875
exp3,16,29,-0.10408163265306122,0.055102040816326525,1.0,0.0,0.0,0.0,0,0.0,16,500000,1.0,3447.75
exp3,16,30,-0.10408163265306122,0.06734693877551018,1.0,0.0,0.0,0.0,0,0.0,16,500000,1.0,3455.4375
exp3,16,31,-0.10408163265306122,0.07959183673469389,1.0,0.0,0.0,0.0,0,0.0,16,500000,1.0,3545.5
exp3,16,32,-0.10408163265306122,0.09183673469387754,1.0,0.0,0.0,0.0,0,0.0,16,500000,1.0,3548.4375
exp3,16,33,-0.10408163265306122,0.1040816326530612,1.0,0.0,0.0,0.0,0,0.0,16,500000,1.0,3672.3125
exp3,16,34,-0.10408163265306122,0.1163265306122449,1.0,0.0,0.0,0.0,0,0.0,16,500000,1.0,3698.4375
exp3,16,35,-0.10408163265306122,0.12857142857142856,1.0,0.0,0.0,0.0,0,0.0,16,500000,1.0,3699.5625
exp3,16,36,-0.10408163265306122,0.1408163265306122,1.0,0.0,0.0,0.0,0,0.0,16,500000,1.0,3770.0
exp3,16,37,-0.10408163265306122,0.15306122448979592,1.0,0.0,0.0,0.0,0,0.0,16,500000,1.0,3804.75
exp3,16,38,-0.10408163265306122,0.16530612244897958,1.0,0.0,0.0,0.0,0,0.0,16,500000,1.0,4000.8125
exp3,16,39,-0.10408163265306122,0.17755102040816323,1.0,0.0,0.0,0.0,0,0.0,16,500000,1.0,4269.5
exp3,16,40,-0.10408163265306122,0.18979591836734694,1.0,0.0,0.0,0.0,0,0.0,16,500000,1.0,4705.3125
exp3,16,41,-0.10408163265306122,0.20204081632653065,1.0,0.0,0.0,0.0,0,0.0,16,500000,1.0,4838.25
exp3,16,42,-0.10408163265306122,0.21428571428571425,1.0,0.0,0.0,0.0,0,0.0,16,500000,1.0,4899.875
exp3,16,43,-0.10408163265306122,0.22653061224489796,1.0,0.0,0.0,0.0,0,0.0,16,500000,1.0,4892.5
exp3,16,44,-0.10408163265306122,0.23877551020408166,1.0,0.0,0.0,0.0,0,0.0,16,500000,1.0,5591.8125
exp3,16,45,-0.10408163265306122,0.25102040816326526,1.0,0.0,0.0,0.0,0,0.0,16,500000,1.0,5418.875
exp3,16,46,-0.10408163265306122,0.26326530612244897,1.0,0.0,0.0,0.0,0,0.0,16,500000,1.0,5880.8125
exp3,16,47,-0.10408163265306122,0.2755102040816327,1.0,0.0,0.0,0.0,0,0.0,16,500000,1.0,5932.625
exp3,16,48,-0.10408163265306122,0.2877551020408163,1.0,0.0,0.0,0.0,0,0.0,16,500000,1.0,6404.5625
exp3,16,49,-0.10408163265306122,0.3,1.0,0.0,0.0,0.0,0,0.0,16,500000,1.0,6600.5
exp3,17,0,-0.09183673469387754,-0.3,1.0,0.0,0.0,0.0,0,0.0,16,500000,1.0,2314.0625
exp3,17,1,-0.09183673469387754,-0.28775510204081634,1.0,0.0,0.0,0.0,0,0.0,16,500000,1.0,2323.5625
exp3,17,2,-0.09183673469387754,-0.2755102040816326,1.0,0.0,0.0,0.0,0,0.0,16,500000,1.0,2356.625
exp3,17,3,-0.09183673469387754,-0.26326530612244897,1.0,0.0,0.0,0.0,0,0.0,16,500000,1.0,2359.75
exp3,17,4,-0.09183673469387754,-0.2510204081632653,1.0,0.0,0.0,0.0,0,0.0,16,500000,1.0,2360.3125
exp3,17,5,-0.09183673469387754,-0.2387755102040816,1.0,0.0,0.0,0.0,0,0.0,16,500000,1.0,2363.1875
exp3,17,6,-0.09183673469387754,-0.22653061224489796,1.0,0.0,0.0,0.0,0,0.0,16,500000,1.0,2483.3125
exp3,17,7,-0.09183673469387754,-0.21428571428571427,1.0,0.0,0.0,0.0,0,0.0,16,500000,1.0,2499.625
exp3,17,8,-0.09183673469387754,-0.2020408163265306,1.0,0.0,0.0,0.0,0,0.0,16,500000,1.0,2498.5
exp3,17,9,-0.09183673469387754,-0.18979591836734694,1.0,0.0,0.0,0.0,0,0.0,16,500000,1.0,2575.1875
exp3,17,10,-0.09183673469387754,-0.17755102040816326,1.0,0.0,0.0,0.0,0,0.0,16,500000,1.0,2588.75
exp3,17,11,-0.09183673469387754,-0.16530612244897958,1.0,0.0,0.0,0.0,0,0.0,16,500000,1.0,2587.875
exp3,17,12,-0.09183673469387754,-0.15306122448979592,1.0,0.0,0.0,0.0,0,0.0,16,500000,1.0,2621.875
exp3,17,13,-0.09183673469387754,-0.14081632653061224,1.0,0.0,0.0,0.0,0,0.0,16,500000,1.0,2643.1875
exp3,17,14,-0.09183673469387754,-0.12857142857142856,1.0,0.0,0.0,0.0,0,0.0,16,500000,1.0,2659.875
exp3,17,15,-0.09183673469387754,-0.1163265306122449,1.0,0.0,0.0,0.0,0,0.0,16,500000,1.0,2663.125
exp3,17,16,-0.09183673469387754,-0.10408163265306122,1.0,0.0,0.0,0.0,0,0.0,16,500000,1.0,2789.5625
exp3,17,17,-0.09183673469387754,-0.09183673469387754,1.0,0.0,0.0,0.0,0,0.0,16,500000,1.0,2802.25
exp3,17,18,-0.09183673469387754,-0.07959183673469389,1.0,0.0,0.0,0.0,0,0.0,16,500000,1.0,2856.375
exp3,17,19,-0.09183673469387754,-0.0673469387755102,1.0,0.0,0.0,0.0,0,0.0,16,500000,1.0,2762.5625
exp3,17,20,-0.09183673469387754,-0.055102040816326525,1.0,0.0,0.0,0.0,0,0.0,16,500000,1.0,2814.375
exp3,17,21,-0.09183673469387754,-0.04285714285714287,1.0,0.0,0.0,0.0,0,0.0,16,500000,1.0,2905.0625
exp3,17,22,-0.09183673469387754,-0.030612244897959162,1.0,0.0,0.0,0.0,0,0.0,16,500000,1.0,2905.0
exp3,17,23,-0.09183673469387754,-0.01836734693877551,1.0,0.0,0.0,0.0,0,0.0,16,500000,1.0,2963.4375
exp3,17,24,-0.09183673469387754,-0.006122448979591855,1.0,0.0,0.0,0.0,0,0.0,16,500000,1.0,2963.4375
exp3,17,25,-0.09183673469387754,0.006122448979591855,1.0,0.0,0.0,0.0,0,0.0,16,500000,1.0,3072.75
exp3,17,26,-0.09183673469387754,0.01836734693877551,1.0,0.0,0.0,0.0,0,0.0,16,500000,1.0,3380.0
exp3,17,27,-0.09183673469387754,0.030612244897959162,1.0,0.0,0.0,0.0,0,0.0,16,500000,1.0,3407.0
exp3,17,28,-0.09183673469387754,0.04285714285714287,1.0,0.0,0.0,0.0,0,0.0,16,500000,1.0,3476.625
exp3,17,29,-0.09183673469387754,0.055102040816326525,1.0,0.0,0.0,0.0,0,0.0,16,500000,1.0,3446.3125
exp3,17,30,-0.09183673469387754,0.06734693877551018,1.0,0.0,0.0,0.0,0,0.0,16,500000,1.0,3454.0
exp3,17,31,-0.09183673469387754,0.07959183673469389,1.0,0.0,0.0,0.0,0,0.0,16,500000,1.0,3473.375
exp3,17,32,-0.09183673469387754,0.09183673469387754,1.0,0.0,0.0,0.0,0,0.0,16,500000,1.0,3554.0
exp3,17,33,-0.09183673469387754,0.1040816326530612,1.0,0.0,0.0,0.0,0,0.0,16,500000,1.0,3677.125
exp3,17,34,-0.09183673469387754,0.1163265306122449,1.0,0.0,0.0,0.0,0,0.0,16,500000,1.0,3703.25
exp3,17,35,-0.09183673469387754,0.12857142857142856,1.0,0.0,0.0,0.0,0,0.0,16,500000,1.0,3760.75
exp3,17,36,-0.09183673469387754,0.1408163265306122,1.0,0.0,0.0,0.0,0,0.0,16,500000,1.0,3797.0625
exp3,17,37,-0.09183673469387754,0.15306122448979592,1.0,0.0,0.0,0.0,0,0.0,16,500000,1.0,3759.0
exp3,17,38,-0.09183673469387754,0.16530612244897958,1.0,0.0,0.0,0.0,0,0.0,16,500000,1.0,3957.125
exp3,17,39,-0.09183673469387754,0.17755102040816323,1.0,0.0,0.0,0.0,0,0.0,16,500000,1.0,4138.875
exp3,17,40,-0.09183673469387754,0.18979591836734694,1.0,0.0,0.0,0.0,0,0.0,16,500000,1.0,4759.9375
exp3,17,41,-0.09183673469387754,0.20204081632653065,1.0,0.0,0.0,0.0,0,0.0,16,500000,1.0,4769.6875
exp3,17,42,-0.09183673469387754,0.21428571428571425,1.0,0.0,0.0,0.0,0,0.0,16,500000,1.0,4952.375
exp3,17,43,-0.09183673469387754,0.22653061224489796,1.0,0.0,0.0,0.0,0,0.0,16,500000,1.0,4912.1875
exp3,17,44,-0.09183673469387754,0.23877551020408166,1.0,0.0,0.0,0.0,0,0.0,16,500000,1.0,5543.3125
exp3,17,45,-0.09183673469387754,0.25102040816326526,1.0,0.0,0.0,0.0,0,0.0,16,500000,1.0,5389.0
exp3,17,46,-0.09183673469387754,0.26326530612244897,1.0,0.0,0.0,0.0,0,0.0,16,500000,1.0,5534.3125
exp3,17,47,-0.09183673469387754,0.2755102040816327,1.0,0.0,0.0,0.0,0,0.0,16,500000,1.0,5707.25
exp3,17,48,-0.09183673469387754,0.2877551020408163,1.0,0.0,0.0,0.0,0,0.0,16,500000,1.0,6148.0
exp3,17,49,-0.09183673469387754,0.3,1.0,0.0,0.0,0.0,0,0.0,16,500000,1.0,6264.25
exp3,18,0,-0.07959183673469389,-0.3,1.0,0.0,0.0,0.0,0,0.0,16,500000,1.0,2431.875
exp3,18,1,-0.07959183673469389,-0.28775510204081634,1.0,0.0,0.0,0.0,0,0.0,16,500000,1.0,2441.375
exp3,18,2,-0.07959183673469389,-0.2755102040816326,1.0,0.0,0.0,0.0,0,0.0,16,500000,1.0,2475.0625
exp3,18,3,-0.07959183673469389,-0.26326530612244897,1.0,0.0,0.0,0.0,0,0.0,16,500000,1.0,2475.0625
exp3,18,4,-0.07959183673469389,-0.2510204081632653,1.0,0.0,0.0,0.0,0,0.0,16,500000,1.0,2475.625
exp3,18,5,-0.07959183673469389,-0.2387755102040816,1.0,0.0,0.0,0.0,0,0.0,16,500000,1.0,2479.4375
exp3,18,6,-0.07959183673469389,-0.22653061224489796,1.0,0.0,0.0,0.0,0,0.0,16,500000,1.0,2484.25
exp3,18,7,-0.07959183673469389,-0.21428571428571427,1.0,0.0,0.0,0.0,0,0.0,16,500000,1.0,2533.125
exp3,18,8,-0.07959183673469389,-0.2020408163265306,1.0,0.0,0.0,0.0,0,0.0,16,500000,1.0,2504.9375
exp3,18,9,-0.07959183673469389,-0.18979591836734694,1.0,0.0,0.0,0.0,0,0.0,16,500000,1.0,2583.3125
exp3,18,10,-0.07959183673469389,-0.17755102040816326,1.0,0.0,0.0,0.0,0,0.0,16,500000,1.0,2623.9375
exp3,18,11,-0.07959183673469389,-0.16530612244897958,1.0,0.0,0.0,0.0,0,0.0,16,500000,1.0,2623.9375
exp3,18,12,-0.07959183673469389,-0.15306122448979592,1.0,0.0,0.0,0.0,0,0.0,16,500000,1.0,2628.8125
exp3,18,13,-0.07959183673469389,-0.14081632653061224,1.0,0.0,0.0,0.0,0,0.0,16,500000,1.0,2650.8125
exp3,18,14,-0.07959183673469389,-0.12857142857142856,1.0,0.0,0.0,0.0,0,0.0,16,500000,1.0,2666.625
exp3,18,15,-0.07959183673469389,-0.1163265306122449,1.0,0.0,0.0,0.0,0,0.0,16,500000,1.0,2669.875
exp3,18,16,-0.07959183673469389,-0.10408163265306122,1.0,0.0,0.0,0.0,0,0.0,16,500000,1.0,2799.375
exp3,18,17,-0.07959183673469389,-0.09183673469387754,1.0,0.0,0.0,0.0,0,0.0,16,500000,1.0,2812.0625
exp3,18,18,-0.07959183673469389,-0.07959183673469389,1.0,0.0,0.0,0.0,0,0.0,16,500000,1.0,2867.25
exp3,18,19,-0.07959183673469389,-0.0673469387755102,1.0,0.0,0.0,0.0,0,0.0,16,500000,1.0,2850.25
exp3,18,20,-0.07959183673469389,-0.055102040816326525,1.0,0.0,0.0,0.0,0,0.0,16,500000,1.0,2902.0625
exp3,18,21,-0.07959183673469389,-0.04285714285714287,1.0,0.0,0.0,0.0,0,0.0,16,500000,1.0,2991.1875
exp3,18,22,-0.07959183673469389,-0.030612244897959162,1.0,0.0,0.0,0.0,0,0.0,16,500000,1.0,2990.875
exp3,18,23,-0.07959183673469389,-0.01836734693877551,1.0,0.0,0.0,0.0,0,0.0,16,500000,1.0,3047.125
exp3,18,24,-0.07959183673469389,-0.006122448979591855,1.0,0.0,0.0,0.0,0,0.0,16,500000,1.0,3046.8125
exp3,18,25,-0.07959183673469389,0.006122448979591855,1.0,0.0,0.0,0.0,0,0.0,16,500000,1.0,3152.75
exp3,18,26,-0.07959183673469389,0.01836734693877551,1.0,0.0,0.0,0.0,0,0.0,16,500000,1.0,3465.0625
exp3,18,27,-0.07959183673469389,0.030612244897959162,1.0,0.0,0.0,0.0,0,0.0,16,500000,1.0,3489.9375
exp3,18,28,-0.07959183673469389,0.04285714285714287,1.0,0.0,0.0,0.0,0,0.0,16,500000,1.0,3483.0625
exp3,18,29,-0.07959183673469389,0.055102040816326525,1.0,0.0,0.0,0.0,0,0.0,16,500000,1.0,3452.8125
exp3,18,30,-0.07959183673469389,0.06734693877551018,1.0,0.0,0.0,0.0,0,0.0,16,500000,1.0,3453.125
exp3,18,31,-0.07959183673469389,0.07959183673469389,1.0,0.0,0.0,0.0,0,0.0,16,500000,1.0,3554.5
exp3,18,32,-0.07959183673469389,0.09183673469387754,1.0,0.0,0.0,0.0,0,0.0,16,500000,1.0,3558.0625
exp3,18,33,-0.07959183673469389,0.1040816326530612,1.0,0.0,0.0,0.0,0,0.0,16,500000,1.0,3628.8125
exp3,18,34,-0.07959183673469389,0.1163265306122449,1.0,0.0,0.0,0.0,0,0.0,16,500000,1.0,3652.0625
exp3,18,35,-0.07959183673469389,0.12857142857142856,1.0,0.0,0.0,0.0,0,0.0,16,500000,1.0,3709.5625
exp3,18,36,-0.07959183673469389,0.1408163265306122,1.0,0.0,0.0,0.0,0,0.0,16,500000,1.0,3744.625
exp3,18,37,-0.07959183673469389,0.15306122448979592,1.0,0.0,0.0,0.0,0,0.0,16,500000,1.0,3758.1875
exp3,18,38,-0.07959183673469389,0.16530612244897958,1.0,0.0,0.0,0.0,0,0.0,16,500000,1.0,3954.3125
exp3,18,39,-0.07959183673469389,0.17755102040816323,1.0,0.0,0.0,0.0,0,0.0,16,500000,1.0,4136.1875
exp3,18,40,-0.07959183673469389,0.18979591836734694,1.0,0.0,0.0,0.0,0,0.0,16,500000,1.0,4769.1875
exp3,18,41,-0.07959183673469389,0.20204081632653065,1.0,0.0,0.0,0.0,0,0.0,16,500000,1.0,4762.75
exp3,18,42,-0.07959183673469389,0.21428571428571425,1.0,0.0,0.0,0.0,0,0.0,16,500000,1.0,4947.6875
exp3,18,43,-0.07959183673469389,0.22653061224489796,1.0,0.0,0.0,0.0,0,0.0,16,500000,1.0,4892.125
exp3,18,44,-0.07959183673469389,0.23877551020408166,1.0,0.0,0.0,0.0,0,0.0,16,500000,1.0,5530.375
exp3,18,45,-0.07959183673469389,0.25102040816326526,1.0,0.0,0.0,0.0,0,0.0,16,500000,1.0,5376.75
exp3,18,46,-0.07959183673469389,0.26326530612244897,1.0,0.0,0.0,0.0,0,0.0,16,500000,1.0,5523.0625
exp3,18,47,-0.07959183673469389,0.2755102040816327,1.0,0.0,0.0,0.0,0,0.0,16,500000,1.0,5758.375
exp3,18,48,-0.07959183673469389,0.2877551020408163,1.0,0.0,0.0,0.0,0,0.0,16,500000,1.0,6092.875
exp3,18,49,-0.07959183673469389,0.3,1.0,0.0,0.0,0.0,0,0.0,16,500000,1.0,6290.875
exp3,19,0,-0.0673469387755102,-0.3,1.0,0.0,0.0,0.0,0,0.0,16,500000,1.0,2433.375
exp3,19,1,-0.0673469387755102,-0.28775510204081634,1.0,0.0,0.0,0.0,0,0.0,16,500000,1.0,2442.875
exp3,19,2,-0.0673469387755102,-0.2755102040816326,1.0,0.0,0.0,0.0,0,0.0,16,500000,1.0,2476.5625
exp3,19,3,-0.0673469387755102,-0.26326530612244897,1.0,0.0,0.0,0.0,0,0.0,16,500000,1.0,2476.5625
exp3,19,4,-0.0673469387755102,-0.2510204081632653,1.0,0.0,0.0,0.0,0,0.0,16,500000,1.0,2477.125
exp3,19,5,-0.0673469387755102,-0.2387755102040816,1.0,0.0,0.0,0.0,0,0.0,16,500000,1.0,2480.9375
exp3,19,6,-0.0673469387755102,-0.22653061224489796,1.0,0.0,0.0,0.0,0,0.0,16,500000,1.0,2490.9375
exp3,19,7,-0.0673469387755102,-0.21428571428571427,1.0,0.0,0.0,0.0,0,0.0,16,500000,1.0,2512.75
exp3,19,8,-0.0673469387755102,-0.2020408163265306,1.0,0.0,0.0,0.0,0,0.0,16,500000,1.0,2538.6875
exp3,19,9,-0.0673469387755102,-0.18979591836734694,1.0,0.0,0.0,0.0,0,0.0,16,500000,1.0,2617.0625
exp3,19,10,-0.0673469387755102,-0.17755102040816326,1.0,0.0,0.0,0.0,0,0.0,16,500000,1.0,2628.375
exp3,19,11,-0.0673469387755102,-0.16530612244897958,1.0,0.0,0.0,0.0,0,0.0,16,500000,1.0,2649.5
exp3,19,12,-0.0673469387755102,-0.15306122448979592,1.0,0.0,0.0,0.0,0,0.0,16,500000,1.0,2650.625
exp3,19,13,-0.0673469387755102,-0.14081632653061224,1.0,0.0,0.0,0.0,0,0.0,16,500000,1.0,2651.5
exp3,19,14,-0.0673469387755102,-0.12857142857142856,1.0,0.0,0.0,0.0,0,0.0,16,500000,1.0,2669.5
exp3,19,15,-0.0673469387755102,-0.1163265306122449,1.0,0.0,0.0,0.0,0,0.0,16,500000,1.0,2669.5625
exp3,19,16,-0.0673469387755102,-0.10408163265306122,1.0,0.0,0.0,0.0,0,0.0,16,500000,1.0,2799.0625
exp3,19,17,-0.0673469387755102,-0.09183673469387754,1.0,0.0,0.0,0.0,0,0.0,16,500000,1.0,2813.3125
exp3,19,18,-0.0673469387755102,-0.07959183673469389,1.0,0.0,0.0,0.0,0,0.0,16,500000,1.0,2868.5
exp3,19,19,-0.0673469387755102,-0.0673469387755102,1.0,0.0,0.0,0.0,0,0.0,16,500000,1.0,2851.5
exp3,19,20,-0.0673469387755102,-0.055102040816326525,1.0,0.0,0.0,0.0,0,0.0,16,500000,1.0,2900.375
exp3,19,21,-0.0673469387755102,-0.04285714285714287,1.0,0.0,0.0,0.0,0,0.0,16,500000,1.0,2987.875
exp3,19,22,-0.0673469387755102,-0.030612244897959162,1.0,0.0,0.0,0.0,0,0.0,16,500000,1.0,2987.875
exp3,19,23,-0.0673469387755102,-0.01836734693877551,1.0,0.0,0.0,0.0,0,0.0,16,500000,1.0,3046.8125
exp3,19,24,-0.0673469387755102,-0.006122448979591855,1.0,0.0,0.0,0.0,0,0.0,16,500000,1.0,3046.5
exp3,19,25,-0.0673469387755102,0.006122448979591855,1.0,0.0,0.0,0.0,0,0.0,16,500000,1.0,3152.4375
exp3,19,26,-0.0673469387755102,0.01836734693877551,1.0,0.0,0.0,0.0,0,0.0,16,500000,1.0,3530.0625
exp3,19,27,-0.0673469387755102,0.030612244897959162,1.0,0.0,0.0,0.0,0,0.0,16,500000,1.0,3557.125
exp3,19,28,-0.0673469387755102,0.04285714285714287,1.0,0.0,0.0,0.0,0,0.0,16,500000,1.0,3562.4375
exp3,19,29,-0.0673469387755102,0.055102040816326525,1.0,0.0,0.0,0.0,0,0.0,16,500000,1.0,3465.625
exp3,19,30,-0.0673469387755102,0.06734693877551018,1.0,0.0,0.0,0.0,0,0.0,16,500000,1.0,3465.625
exp3,19,31,-0.0673469387755102,0.07959183673469389,1.0,0.0,0.0,0.0,0,0.0,16,500000,1.0,3568.5625
exp3,19,32,-0.0673469387755102,0.09183673469387754,1.0,0.0,0.0,0.0,0,0.0,16,500000,1.0,3570.5
exp3,19,33,-0.0673469387755102,0.1040816326530612,1.0,0.0,0.0,0.0,0,0.0,16,500000,1.0,3640.6875
exp3,19,34,-0.0673469387755102,0.1163265306122449,1.0,0.0,0.0,0.0,0,0.0,16,500000,1.0,3652.0
exp3,19,35,-0.0673469387755102,0.12857142857142856,1.0,0.0,0.0,0.0,0,0.0,16,500000,1.0,3709.5
exp3,19,36,-0.0673469387755102,0.1408163265306122,1.0,0.0,0.0,0.0,0,0.0,16,500000,1.0,3744.8125
exp3,19,37,-0.0673469387755102,0.15306122448979592,1.0,0.0,0.0,0.0,0,0.0,16,500000,1.0,3759.375
exp3,19,38,-0.0673469387755102,0.16530612244897958,1.0,0.0,0.0,0.0,0,0.0,16,500000,1.0,3975.875
exp3,19,39,-0.0673469387755102,0.17755102040816323,1.0,0.0,0.0,0.0,0,0.0,16,500000,1.0,4240.9375
exp3,19,40,-0.0673469387755102,0.18979591836734694,1.0,0.0,0.0,0.0,0,0.0,16,500000,1.0,4731.3125
exp3,19,41,-0.0673469387755102,0.20204081632653065,1.0,0.0,0.0,0.0,0,0.0,16,500000,1.0,4868.5625
exp3,19,42,-0.0673469387755102,0.21428571428571425,1.0,0.0,0.0,0.0,0,0.0,16,500000,1.0,5053.5
exp3,19,43,-0.0673469387755102,0.22653061224489796,1.0,0.0,0.0,0.0,0,0.0,16,500000,1.0,4974.125
exp3,19,44,-0.0673469387755102,0.23877551020408166,1.0,0.0,0.0,0.0,0,0.0,16,500000,1.0,5669.0
exp3,19,45,-0.0673469387755102,0.25102040816326526,1.0,0.0,0.0,0.0,0,0.0,16,500000,1.0,5376.75
exp3,19,46,-0.0673469387755102,0.26326530612244897,1.0,0.0,0.0,0.0,0,0.0,16,500000,1.0,5564.0625
exp3,19,47,-0.0673469387755102,0.2755102040816327,1.0,0.0,0.0,0.0,0,0.0,16,500000,1.0,5716.3125
exp3,19,48,-0.0673469387755102,0.2877551020408163,1.0,0.0,0.0,0.0,0,0.0,16,500000,1.0,6060.0625
exp3,19,49,-0.0673469387755102,0.3,1.0,0.0,0.0,0.0,0,0.0,16,500000,1.0,6292.125
exp3,20,0,-0.055102040816326525,-0.3,1.0,0.0,0.0,0.0,0,0.0,16,500000,1.0,2434.9375
exp3,20,1,-0.055102040816326525,-0.28775510204081634,1.0,0.0,0.0,0.0,0,0.0,16,500000,1.0,2444.4375
exp3,20,2,-0.055102040816326525,-0.2755102040816326,1.0,0.0,0.0,0.0,0,0.0,16,500000,1.0,2478.25
exp3,20,3,-0.055102040816326525,-0.26326530612244897,1.0,0.0,0.0,0.0,0,0.0,16,500000,1.0,2478.25
exp3,20,4,-0.055102040816326525,-0.2510204081632653,1.0,0.0,0.0,0.0,0,0.0,16,500000,1.0,2478.8125
exp3,20,5,-0.055102040816326525,-0.2387755102040816,1.0,0.0,0.0,0.0,0,0.0,16,500000,1.0,2488.875
exp3,20,6,-0.055102040816326525,-0.22653061224489796,1.0,0.0,0.0,0.0,0,0.0,16,500000,1.0,2524.25
exp3,20,7,-0.055102040816326525,-0.21428571428571427,1.0,0.0,0.0,0.0,0,0.0,16,500000,1.0,2540.0
exp3,20,8,-0.055102040816326525,-0.2020408163265306,1.0,0.0,0.0,0.0,0,0.0,16,500000,1.0,2532.625
exp3,20,9,-0.055102040816326525,-0.18979591836734694,1.0,0.0,0.0,0.0,0,0.0,16,500000,1.0,2611.0
exp3,20,10,-0.055102040816326525,-0.17755102040816326,1.0,0.0,0.0,0.0,0,0.0,16,500000,1.0,2624.4375
exp3,20,11,-0.055102040816326525,-0.16530612244897958,1.0,0.0,0.0,0.0,0,0.0,16,500000,1.0,2645.5625
exp3,20,12,-0.055102040816326525,-0.15306122448979592,1.0,0.0,0.0,0.0,0,0.0,16,500000,1.0,2651.875
exp3,20,13,-0.055102040816326525,-0.14081632653061224,1.0,0.0,0.0,0.0,0,0.0,16,500000,1.0,2655.625
exp3,20,14,-0.055102040816326525,-0.12857142857142856,1.0,0.0,0.0,0.0,0,0.0,16,500000,1.0,2673.625
exp3,20,15,-0.055102040816326525,-0.1163265306122449,1.0,0.0,0.0,0.0,0,0.0,16,500000,1.0,2668.8125
exp3,20,16,-0.055102040816326525,-0.10408163265306122,1.0,0.0,0.0,0.0,0,0.0,16,500000,1.0,2798.3125
exp3,20,17,-0.055102040816326525,-0.09183673469387754,1.0,0.0,0.0,0.0,0,0.0,16,500000,1.0,2817.4375
exp3,20,18,-0.055102040816326525,-0.07959183673469389,1.0,0.0,0.0,0.0,0,0.0,16,500000,1.0,2871.8125
exp3,20,19,-0.055102040816326525,-0.0673469387755102,1.0,0.0,0.0,0.0,0,0.0,16,500000,1.0,2854.8125
exp3,20,20,-0.055102040816326525,-0.055102040816326525,1.0,0.0,0.0,0.0,0,0.0,16,500000,1.0,2898.5
exp3,20,21,-0.055102040816326525,-0.04285714285714287,1.0,0.0,0.0,0.0,0,0.0,16,500000,1.0,2987.5625
exp3,20,22,-0.055102040816326525,-0.030612244897959162,1.0,0.0,0.0,0.0,0,0.0,16,500000,1.0,2990.3125
exp3,20,23,-0.055102040816326525,-0.01836734693877551,1.0,0.0,0.0,0.0,0,0.0,16,500000,1.0,3045.8125
exp3,20,24,-0.055102040816326525,-0.006122448979591855,1.0,0.0,0.0,0.0,0,0.0,16,500000,1.0,3045.5
exp3,20,25,-0.055102040816326525,0.006122448979591855,1.0,0.0,0.0,0.0,0,0.0,16,500000,1.0,3154.75
exp3,20,26,-0.055102040816326525,0.01836734693877551,1.0,0.0,0.0,0.0,0,0.0,16,500000,1.0,3529.75
exp3,20,27,-0.055102040816326525,0.030612244897959162,1.0,0.0,0.0,0.0,0,0.0,16,500000,1.0,3556.8125
exp3,20,28,-0.055102040816326525,0.04285714285714287,1.0,0.0,0.0,0.0,0,0.0,16,500000,1.0,3562.125
exp3,20,29,-0.055102040816326525,0.055102040816326525,1.0,0.0,0.0,0.0,0,0.0,16,500000,1.0,3465.3125
exp3,20,30,-0.055102040816326525,0.06734693877551018,1.0,0.0,0.0,0.0,0,0.0,16,500000,1.0,3465.3125
exp3,20,31,-0.055102040816326525,0.07959183673469389,1.0,0.0,0.0,0.0,0,0.0,16,500000,1.0,3572.8125
exp3,20,32,-0.055102040816326525,0.09183673469387754,1.0,0.0,0.0,0.0,0,0.0,16,500000,1.0,3571.4375
exp3,20,33,-0.055102040816326525,0.1040816326530612,1.0,0.0,0.0,0.0,0,0.0,16,500000,1.0,3718.75
exp3,20,34,-0.055102040816326525,0.1163265306122449,1.0,0.0,0.0,0.0,0,0.0,16,500000,1.0,3730.0625
exp3,20,35,-0.055102040816326525,0.12857142857142856,1.0,0.0,0.0,0.0,0,0.0,16,500000,1.0,3787.5625
exp3,20,36,-0.055102040816326525,0.1408163265306122,1.0,0.0,0.0,0.0,0,0.0,16,500000,1.0,3750.375
exp3,20,37,-0.055102040816326525,0.15306122448979592,1.0,0.0,0.0,0.0,0,0.0,16,500000,1.0,3761.25
exp3,20,38,-0.055102040816326525,0.16530612244897958,1.0,0.0,0.0,0.0,0,0.0,16,500000,1.0,3975.875
exp3,20,39,-0.055102040816326525,0.17755102040816323,1.0,0.0,0.0,0.0,0,0.0,16,500000,1.0,4245.75
exp3,20,40,-0.055102040816326525,0.18979591836734694,1.0,0.0,0.0,0.0,0,0.0,16,500000,1.0,4797.0
exp3,20,41,-0.055102040816326525,0.20204081632653065,1.0,0.0,0.0,0.0,0,0.0,16,500000,1.0,4995.125
exp3,20,42,-0.055102040816326525,0.21428571428571425,1.0,0.0,0.0,0.0,0,0.0,16,500000,1.0,5177.25
exp3,20,43,-0.055102040816326525,0.22653061224489796,1.0,0.0,0.0,0.0,0,0.0,16,500000,1.0,5193.875
exp3,20,44,-0.055102040816326525,0.23877551020408166,1.0,0.0,0.0,0.0,0,0.0,16,500000,1.0,5811.0625
exp3,20,45,-0.055102040816326525,0.25102040816326526,1.0,0.0,0.0,0.0,0,0.0,16,500000,1.0,5520.3125
exp3,20,46,-0.055102040816326525,0.26326530612244897,1.0,0.0,0.0,0.0,0,0.0,16,500000,1.0,5571.5
exp3,20,47,-0.055102040816326525,0.2755102040816327,1.0,0.0,0.0,0.0,0,0.0,16,500000,1.0,5878.0
exp3,20,48,-0.055102040816326525,0.2877551020408163,1.0,0.0,0.0,0.0,0,0.0,16,500000,1.0,6188.9375
exp3,20,49,-0.055102040816326525,0.3,1.0,0.0,0.0,0.0,0,0.0,16,500000,1.0,6313.5625
exp3,21,0,-0.04285714285714287,-0.3,1.0,0.0,0.0,0.0,0,0.0,16,500000,1.0,2409.875
exp3,21,1,-0.04285714285714287,-0.28775510204081634,1.0,0.0,0.0,0.0,0,0.0,16,500000,1.0,2419.375
exp3,21,2,-0.04285714285714287,-0.2755102040816326,1.0,0.0,0.0,0.0,0,0.0,16,500000,1.0,2442.8125
exp3,21,3,-0.04285714285714287,-0.26326530612244897,1.0,0.0,0.0,0.0,0,0.0,16,500000,1.0,2442.8125
exp3,21,4,-0.04285714285714287,-0.2510204081632653,1.0,0.0,0.0,0.0,0,0.0,16,500000,1.0,2443.125
exp3,21,5,-0.04285714285714287,-0.2387755102040816,1.0,0.0,0.0,0.0,0,0.0,16,500000,1.0,2453.1875
exp3,21,6,-0.04285714285714287,-0.22653061224489796,1.0,0.0,0.0,0.0,0,0.0,16,500000,1.0,2488.1875
exp3,21,7,-0.04285714285714287,-0.21428571428571427,1.0,0.0,0.0,0.0,0,0.0,16,500000,1.0,2487.75
exp3,21,8,-0.04285714285714287,-0.2020408163265306,1.0,0.0,0.0,0.0,0,0.0,16,500000,1.0,2486.9375
exp3,21,9,-0.04285714285714287,-0.18979591836734694,1.0,0.0,0.0,0.0,0,0.0,16,500000,1.0,2565.8125
exp3,21,10,-0.04285714285714287,-0.17755102040816326,1.0,0.0,0.0,0.0,0,0.0,16,500000,1.0,2636.875
exp3,21,11,-0.04285714285714287,-0.16530612244897958,1.0,0.0,0.0,0.0,0,0.0,16,500000,1.0,2673.4375
exp3,21,12,-0.04285714285714287,-0.15306122448979592,1.0,0.0,0.0,0.0,0,0.0,16,500000,1.0,2676.875
exp3,21,13,-0.04285714285714287,-0.14081632653061224,1.0,0.0,0.0,0.0,0,0.0,16,500000,1.0,2676.4375
exp3,21,14,-0.04285714285714287,-0.12857142857142856,1.0,0.0,0.0,0.0,0,0.0,16,500000,1.0,2678.1875
exp3,21,15,-0.04285714285714287,-0.1163265306122449,1.0,0.0,0.0,0.0,0,0.0,16,500000,1.0,2678.125
exp3,21,16,-0.04285714285714287,-0.10408163265306122,1.0,0.0,0.0,0.0,0,0.0,16,500000,1.0,2807.8125
exp3,21,17,-0.04285714285714287,-0.09183673469387754,1.0,0.0,0.0,0.0,0,0.0,16,500000,1.0,2825.0625
exp3,21,18,-0.04285714285714287,-0.07959183673469389,1.0,0.0,0.0,0.0,0,0.0,16,500000,1.0,2879.4375
exp3,21,19,-0.04285714285714287,-0.0673469387755102,1.0,0.0,0.0,0.0,0,0.0,16,500000,1.0,2974.125
exp3,21,20,-0.04285714285714287,-0.055102040816326525,1.0,0.0,0.0,0.0,0,0.0,16,500000,1.0,3027.625
exp3,21,21,-0.04285714285714287,-0.04285714285714287,1.0,0.0,0.0,0.0,0,0.0,16,500000,1.0,3123.0
exp3,21,22,-0.04285714285714287,-0.030612244897959162,1.0,0.0,0.0,0.0,0,0.0,16,500000,1.0,3127.875
exp3,21,23,-0.04285714285714287,-0.01836734693877551,1.0,0.0,0.0,0.0,0,0.0,16,500000,1.0,3190.5625
exp3,21,24,-0.04285714285714287,-0.006122448979591855,1.0,0.0,0.0,0.0,0,0.0,16,500000,1.0,3190.75
exp3,21,25,-0.04285714285714287,0.006122448979591855,1.0,0.0,0.0,0.0,0,0.0,16,500000,1.0,3301.8125
exp3,21,26,-0.04285714285714287,0.01836734693877551,1.0,0.0,0.0,0.0,0,0.0,16,500000,1.0,3537.4375
exp3,21,27,-0.04285714285714287,0.030612244897959162,1.0,0.0,0.0,0.0,0,0.0,16,500000,1.0,3564.5
exp3,21,28,-0.04285714285714287,0.04285714285714287,1.0,0.0,0.0,0.0,0,0.0,16,500000,1.0,3569.25
exp3,21,29,-0.04285714285714287,0.055102040816326525,1.0,0.0,0.0,0.0,0,0.0,16,500000,1.0,3472.4375
exp3,21,30,-0.04285714285714287,0.06734693877551018,1.0,0.0,0.0,0.0,0,0.0,16,500000,1.0,3472.4375
exp3,21,31,-0.04285714285714287,0.07959183673469389,1.0,0.0,0.0,0.0,0,0.0,16,500000,1.0,3580.1875
exp3,21,32,-0.04285714285714287,0.09183673469387754,1.0,0.0,0.0,0.0,0,0.0,16,500000,1.0,3578.0625
exp3,21,33,-0.04285714285714287,0.1040816326530612,1.0,0.0,0.0,0.0,0,0.0,16,500000,1.0,3737.4375
exp3,21,34,-0.04285714285714287,0.1163265306122449,1.0,0.0,0.0,0.0,0,0.0,16,500000,1.0,3750.375
exp3,21,35,-0.04285714285714287,0.12857142857142856,1.0,0.0,0.0,0.0,0,0.0,16,500000,1.0,3822.1875
exp3,21,36,-0.04285714285714287,0.1408163265306122,1.0,0.0,0.0,0.0,0,0.0,16,500000,1.0,3778.625
exp3,21,37,-0.04285714285714287,0.15306122448979592,1.0,0.0,0.0,0.0,0,0.0,16,500000,1.0,3783.4375
exp3,21,38,-0.04285714285714287,0.16530612244897958,1.0,0.0,0.0,0.0,0,0.0,16,500000,1.0,4035.9375
exp3,21,39,-0.04285714285714287,0.17755102040816323,1.0,0.0,0.0,0.0,0,0.0,16,500000,1.0,4428.375
exp3,21,40,-0.04285714285714287,0.18979591836734694,1.0,0.0,0.0,0.0,0,0.0,16,500000,1.0,4907.125
exp3,21,41,-0.04285714285714287,0.20204081632653065,1.0,0.0,0.0,0.0,0,0.0,16,500000,1.0,5102.875
exp3,21,42,-0.04285714285714287,0.21428571428571425,1.0,0.0,0.0,0.0,0,0.0,16,500000,1.0,5257.6875
exp3,21,43,-0.04285714285714287,0.22653061224489796,1.0,0.0,0.0,0.0,0,0.0,16,500000,1.0,5325.1875
exp3,21,44,-0.04285714285714287,0.23877551020408166,1.0,0.0,0.0,0.0,0,0.0,16,500000,1.0,5909.0
exp3,21,45,-0.04285714285714287,0.25102040816326526,1.0,0.0,0.0,0.0,0,0.0,16,500000,1.0,5681.4375
exp3,21,46,-0.04285714285714287,0.26326530612244897,1.0,0.0,0.0,0.0,0,0.0,16,500000,1.0,5884.375
exp3,21,47,-0.04285714285714287,0.2755102040816327,1.0,0.0,0.0,0.0,0,0.0,16,500000,1.0,6154.6875
exp3,21,48,-0.04285714285714287,0.2877551020408163,1.0,0.0,0.0,0.0,0,0.0,16,500000,1.0,6394.3125
exp3,21,49,-0.04285714285714287,0.3,1.0,0.0,0.0,0.0,0,0.0,16,500000,1.0,6517.625
exp3,22,0,-0.030612244897959162,-0.3,1.0,0.0,0.0,0.0,0,0.0,16,500000,1.0,2418.1875
exp3,22,1,-0.030612244897959162,-0.28775510204081634,1.0,0.0,0.0,0.0,0,0.0,16,500000,1.0,2422.25
exp3,22,2,-0.030612244897959162,-0.2755102040816326,1.0,0.0,0.0,0.0,0,0.0,16,500000,1.0,2445.5625
exp3,22,3,-0.030612244897959162,-0.26326530612244897,1.0,0.0,0.0,0.0,0,0.0,16,500000,1.0,2444.9375
exp3,22,4,-0.030612244897959162,-0.2510204081632653,1.0,0.0,0.0,0.0,0,0.0,16,500000,1.0,2445.875
exp3,22,5,-0.030612244897959162,-0.2387755102040816,1.0,0.0,0.0,0.0,0,0.0,16,500000,1.0,2455.9375
exp3,22,6,-0.030612244897959162,-0.22653061224489796,1.0,0.0,0.0,0.0,0,0.0,16,500000,1.0,2490.3125
exp3,22,7,-0.030612244897959162,-0.21428571428571427,1.0,0.0,0.0,0.0,0,0.0,16,500000,1.0,2489.875
exp3,22,8,-0.030612244897959162,-0.2020408163265306,1.0,0.0,0.0,0.0,0,0.0,16,500000,1.0,2495.3125
exp3,22,9,-0.030612244897959162,-0.18979591836734694,1.0,0.0,0.0,0.0,0,0.0,16,500000,1.0,2574.1875
exp3,22,10,-0.030612244897959162,-0.17755102040816326,1.0,0.0,0.0,0.0,0,0.0,16,500000,1.0,2642.8125
exp3,22,11,-0.030612244897959162,-0.16530612244897958,1.0,0.0,0.0,0.0,0,0.0,16,500000,1.0,2683.3125
exp3,22,12,-0.030612244897959162,-0.15306122448979592,1.0,0.0,0.0,0.0,0,0.0,16,500000,1.0,2683.375
exp3,22,13,-0.030612244897959162,-0.14081632653061224,1.0,0.0,0.0,0.0,0,0.0,16,500000,1.0,2684.125
exp3,22,14,-0.030612244897959162,-0.12857142857142856,1.0,0.0,0.0,0.0,0,0.0,16,500000,1.0,2681.0625
exp3,22,15,-0.030612244897959162,-0.1163265306122449,1.0,0.0,0.0,0.0,0,0.0,16,500000,1.0,2696.625
exp3,22,16,-0.030612244897959162,-0.10408163265306122,1.0,0.0,0.0,0.0,0,0.0,16,500000,1.0,2826.3125
exp3,22,17,-0.030612244897959162,-0.09183673469387754,1.0,0.0,0.0,0.0,0,0.0,16,500000,1.0,2827.75
exp3,22,18,-0.030612244897959162,-0.07959183673469389,1.0,0.0,0.0,0.0,0,0.0,16,500000,1.0,2882.125
exp3,22,19,-0.030612244897959162,-0.0673469387755102,1.0,0.0,0.0,0.0,0,0.0,16,500000,1.0,2976.8125
exp3,22,20,-0.030612244897959162,-0.055102040816326525,1.0,0.0,0.0,0.0,0,0.0,16,500000,1.0,3030.3125
exp3,22,21,-0.030612244897959162,-0.04285714285714287,1.0,0.0,0.0,0.0,0,0.0,16,500000,1.0,3125.6875
exp3,22,22,-0.030612244897959162,-0.030612244897959162,1.0,0.0,0.0,0.0,0,0.0,16,500000,1.0,3130.5625
exp3,22,23,-0.030612244897959162,-0.01836734693877551,1.0,0.0,0.0,0.0,0,0.0,16,500000,1.0,3193.25
exp3,22,24,-0.030612244897959162,-0.006122448979591855,1.0,0.0,0.0,0.0,0,0.0,16,500000,1.0,3193.4375
exp3,22,25,-0.030612244897959162,0.006122448979591855,1.0,0.0,0.0,0.0,0,0.0,16,500000,1.0,3301.8125
exp3,22,26,-0.030612244897959162,0.01836734693877551,1.0,0.0,0.0,0.0,0,0.0,16,500000,1.0,3537.4375
exp3,22,27,-0.030612244897959162,0.030612244897959162,1.0,0.0,0.0,0.0,0,0.0,16,500000,1.0,3564.5
exp3,22,28,-0.030612244897959162,0.04285714285714287,1.0,0.0,0.0,0.0,0,0.0,16,500000,1.0,3565.375
exp3,22,29,-0.030612244897959162,0.055102040816326525,1.0,0.0,0.0,0.0,0,0.0,16,500000,1.0,3534.5
exp3,22,30,-0.030612244897959162,0.06734693877551018,1.0,0.0,0.0,0.0,0,0.0,16,500000,1.0,3534.5
exp3,22,31,-0.030612244897959162,0.07959183673469389,1.0,0.0,0.0,0.0,0,0.0,16,500000,1.0,3642.25
exp3,22,32,-0.030612244897959162,0.09183673469387754,1.0,0.0,0.0,0.0,0,0.0,16,500000,1.0,3640.4375
exp3,22,33,-0.030612244897959162,0.1040816326530612,1.0,0.0,0.0,0.0,0,0.0,16,500000,1.0,3733.5
exp3,22,34,-0.030612244897959162,0.1163265306122449,1.0,0.0,0.0,0.0,0,0.0,16,500000,1.0,3748.4375
exp3,22,35,-0.030612244897959162,0.12857142857142856,1.0,0.0,0.0,0.0,0,0.0,16,500000,1.0,3820.25
exp3,22,36,-0.030612244897959162,0.1408163265306122,1.0,0.0,0.0,0.0,0,0.0,16,500000,1.0,3777.0625
exp3,22,37,-0.030612244897959162,0.15306122448979592,1.0,0.0,0.0,0.0,0,0.0,16,500000,1.0,3781.875
exp3,22,38,-0.030612244897959162,0.16530612244897958,1.0,0.0,0.0,0.0,0,0.0,16,500000,1.0,4036.25
exp3,22,39,-0.030612244897959162,0.17755102040816323,1.0,0.0,0.0,0.0,0,0.0,16,500000,1.0,4444.625
exp3,22,40,-0.030612244897959162,0.18979591836734694,1.0,0.0,0.0,0.0,0,0.0,16,500000,1.0,4923.6875
exp3,22,41,-0.030612244897959162,0.20204081632653065,1.0,0.0,0.0,0.0,0,0.0,16,500000,1.0,5119.4375
exp3,22,42,-0.030612244897959162,0.21428571428571425,1.0,0.0,0.0,0.0,0,0.0,16,500000,1.0,5198.125
exp3,22,43,-0.030612244897959162,0.22653061224489796,1.0,0.0,0.0,0.0,0,0.0,16,500000,1.0,5359.0625
exp3,22,44,-0.030612244897959162,0.23877551020408166,1.0,0.0,0.0,0.0,0,0.0,16,500000,1.0,5955.4375
exp3,22,45,-0.030612244897959162,0.25102040816326526,1.0,0.0,0.0,0.0,0,0.0,16,500000,1.0,5681.4375
exp3,22,46,-0.030612244897959162,0.26326530612244897,1.0,0.0,0.0,0.0,0,0.0,16,500000,1.0,5884.375
exp3,22,47,-0.030612244897959162,0.2755102040816327,1.0,0.0,0.0,0.0,0,0.0,16,500000,1.0,6154.8125
exp3,22,48,-0.030612244897959162,0.2877551020408163,1.0,0.0,0.0,0.0,0,0.0,16,500000,1.0,6394.3125
exp3,22,49,-0.030612244897959162,0.3,1.0,0.0,0.0,0.0,0,0.0,16,500000,1.0,6517.625
exp3,23,0,-0.01836734693877551,-0.3,1.0,0.0,0.0,0.0,0,0.0,16,500000,1.0,2417.0625
exp3,23,1,-0.01836734693877551,-0.28775510204081634,1.0,0.0,0.0,0.0,0,0.0,16,500000,1.0,2417.0625
exp3,23,2,-0.01836734693877551,-0.2755102040816326,1.0,0.0,0.0,0.0,0,0.0,16,500000,1.0,2444.4375
exp3,23,3,-0.01836734693877551,-0.26326530612244897,1.0,0.0,0.0,0.0,0,0.0,16,500000,1.0,2443.8125
exp3,23,4,-0.01836734693877551,-0.2510204081632653,1.0,0.0,0.0,0.0,0,0.0,16,500000,1.0,2449.75
exp3,23,5,-0.01836734693877551,-0.2387755102040816,1.0,0.0,0.0,0.0,0,0.0,16,500000,1.0,2459.4375
exp3,23,6,-0.01836734693877551,-0.22653061224489796,1.0,0.0,0.0,0.0,0,0.0,16,500000,1.0,2493.8125
exp3,23,7,-0.01836734693877551,-0.21428571428571427,1.0,0.0,0.0,0.0,0,0.0,16,500000,1.0,2488.375
exp3,23,8,-0.01836734693877551,-0.2020408163265306,1.0,0.0,0.0,0.0,0,0.0,16,500000,1.0,2494.1875
exp3,23,9,-0.01836734693877551,-0.18979591836734694,1.0,0.0,0.0,0.0,0,0.0,16,500000,1.0,2573.0625
exp3,23,10,-0.01836734693877551,-0.17755102040816326,1.0,0.0,0.0,0.0,0,0.0,16,500000,1.0,2641.6875
exp3,23,11,-0.01836734693877551,-0.16530612244897958,1.0,0.0,0.0,0.0,0,0.0,16,500000,1.0,2682.1875
exp3,23,12,-0.01836734693877551,-0.15306122448979592,1.0,0.0,0.0,0.0,0,0.0,16,500000,1.0,2682.25
exp3,23,13,-0.01836734693877551,-0.14081632653061224,1.0,0.0,0.0,0.0,0,0.0,16,500000,1.0,2684.375
exp3,23,14,-0.01836734693877551,-0.12857142857142856,1.0,0.0,0.0,0.0,0,0.0,16,500000,1.0,2682.5625
exp3,23,15,-0.01836734693877551,-0.1163265306122449,1.0,0.0,0.0,0.0,0,0.0,16,500000,1.0,2698.125
exp3,23,16,-0.01836734693877551,-0.10408163265306122,1.0,0.0,0.0,0.0,0,0.0,16,500000,1.0,2827.5625
exp3,23,17,-0.01836734693877551,-0.09183673469387754,1.0,0.0,0.0,0.0,0,0.0,16,500000,1.0,2829.0
exp3,23,18,-0.01836734693877551,-0.07959183673469389,1.0,0.0,0.0,0.0,0,0.0,16,500000,1.0,2905.9375
exp3,23,19,-0.01836734693877551,-0.0673469387755102,1.0,0.0,0.0,0.0,0,0.0,16,500000,1.0,3017.75
exp3,23,20,-0.01836734693877551,-0.055102040816326525,1.0,0.0,0.0,0.0,0,0.0,16,500000,1.0,3071.25
exp3,23,21,-0.01836734693877551,-0.04285714285714287,1.0,0.0,0.0,0.0,0,0.0,16,500000,1.0,3167.125
exp3,23,22,-0.01836734693877551,-0.030612244897959162,1.0,0.0,0.0,0.0,0,0.0,16,500000,1.0,3172.25
exp3,23,23,-0.01836734693877551,-0.01836734693877551,1.0,0.0,0.0,0.0,0,0.0,16,500000,1.0,3216.125
exp3,23,24,-0.01836734693877551,-0.006122448979591855,1.0,0.0,0.0,0.0,0,0.0,16,500000,1.0,3216.3125
exp3,23,25,-0.01836734693877551,0.006122448979591855,1.0,0.0,0.0,0.0,0,0.0,16,500000,1.0,3324.6875
exp3,23,26,-0.01836734693877551,0.01836734693877551,1.0,0.0,0.0,0.0,0,0.0,16,500000,1.0,3560.3125
exp3,23,27,-0.01836734693877551,0.030612244897959162,1.0,0.0,0.0,0.0,0,0.0,16,500000,1.0,3587.5625
exp3,23,28,-0.01836734693877551,0.04285714285714287,1.0,0.0,0.0,0.0,0,0.0,16,500000,1.0,3570.0625
exp3,23,29,-0.01836734693877551,0.055102040816326525,1.0,0.0,0.0,0.0,0,0.0,16,500000,1.0,3486.125
exp3,23,30,-0.01836734693877551,0.06734693877551018,1.0,0.0,0.0,0.0,0,0.0,16,500000,1.0,3485.1875
exp3,23,31,-0.01836734693877551,0.07959183673469389,1.0,0.0,0.0,0.0,0,0.0,16,500000,1.0,3592.3125
exp3,23,32,-0.01836734693877551,0.09183673469387754,1.0,0.0,0.0,0.0,0,0.0,16,500000,1.0,3596.375
exp3,23,33,-0.01836734693877551,0.1040816326530612,1.0,0.0,0.0,0.0,0,0.0,16,500000,1.0,3685.3125
exp3,23,34,-0.01836734693877551,0.1163265306122449,1.0,0.0,0.0,0.0,0,0.0,16,500000,1.0,3700.25
exp3,23,35,-0.01836734693877551,0.12857142857142856,1.0,0.0,0.0,0.0,0,0.0,16,500000,1.0,4006.6875
exp3,23,36,-0.01836734693877551,0.1408163265306122,1.0,0.0,0.0,0.0,0,0.0,16,500000,1.0,4035.5
exp3,23,37,-0.01836734693877551,0.15306122448979592,1.0,0.0,0.0,0.0,0,0.0,16,500000,1.0,3992.0625
exp3,23,38,-0.01836734693877551,0.16530612244897958,1.0,0.0,0.0,0.0,0,0.0,16,500000,1.0,4064.125
exp3,23,39,-0.01836734693877551,0.17755102040816323,1.0,0.0,0.0,0.0,0,0.0,16,500000,1.0,4472.5
exp3,23,40,-0.01836734693877551,0.18979591836734694,1.0,0.0,0.0,0.0,0,0.0,16,500000,1.0,4961.0
exp3,23,41,-0.01836734693877551,0.20204081632653065,1.0,0.0,0.0,0.0,0,0.0,16,500000,1.0,5156.75
exp3,23,42,-0.01836734693877551,0.21428571428571425,1.0,0.0,0.0,0.0,0,0.0,16,500000,1.0,5219.5625
exp3,23,43,-0.01836734693877551,0.22653061224489796,1.0,0.0,0.0,0.0,0,0.0,16,500000,1.0,6157.25
exp3,23,44,-0.01836734693877551,0.23877551020408166,1.0,0.0,0.0,0.0,0,0.0,16,500000,1.0,6731.5
exp3,23,45,-0.01836734693877551,0.25102040816326526,1.0,0.0,0.0,0.0,0,0.0,16,500000,1.0,6573.1875
exp3,23,46,-0.01836734693877551,0.26326530612244897,1.0,0.0,0.0,0.0,0,0.0,16,500000,1.0,6575.875
exp3,23,47,-0.01836734693877551,0.2755102040816327,1.0,0.0,0.0,0.0,0,0.0,16,500000,1.0,7043.75
exp3,23,48,-0.01836734693877551,0.2877551020408163,1.0,0.0,0.0,0.0,0,0.0,16,500000,1.0,7326.625
exp3,23,49,-0.01836734693877551,0.3,1.0,0.0,0.0,0.0,0,0.0,16,500000,1.0,7459.25
exp3,24,0,-0.006122448979591855,-0.3,1.0,0.0,0.0,0.0,0,0.0,16,500000,1.0,2430.5625
exp3,24,1,-0.006122448979591855,-0.28775510204081634,1.0,0.0,0.0,0.0,0,0.0,16,500000,1.0,2430.1875
exp3,24,2,-0.006122448979591855,-0.2755102040816326,1.0,0.0,0.0,0.0,0,0.0,16,500000,1.0,2484.875
exp3,24,3,-0.006122448979591855,-0.26326530612244897,1.0,0.0,0.0,0.0,0,0.0,16,500000,1.0,2484.25
exp3,24,4,-0.006122448979591855,-0.2510204081632653,1.0,0.0,0.0,0.0,0,0.0,16,500000,1.0,2497.8125
exp3,24,5,-0.006122448979591855,-0.2387755102040816,1.0,0.0,0.0,0.0,0,0.0,16,500000,1.0,2508.5
exp3,24,6,-0.006122448979591855,-0.22653061224489796,1.0,0.0,0.0,0.0,0,0.0,16,500000,1.0,2534.8125
exp3,24,7,-0.006122448979591855,-0.21428571428571427,1.0,0.0,0.0,0.0,0,0.0,16,500000,1.0,2528.6875
exp3,24,8,-0.006122448979591855,-0.2020408163265306,1.0,0.0,0.0,0.0,0,0.0,16,500000,1.0,2528.6875
exp3,24,9,-0.006122448979591855,-0.18979591836734694,1.0,0.0,0.0,0.0,0,0.0,16,500000,1.0,2613.0
exp3,24,10,-0.006122448979591855,-0.17755102040816326,1.0,0.0,0.0,0.0,0,0.0,16,500000,1.0,2669.625
exp3,24,11,-0.006122448979591855,-0.16530612244897958,1.0,0.0,0.0,0.0,0,0.0,16,500000,1.0,2713.3125
exp3,24,12,-0.006122448979591855,-0.15306122448979592,1.0,0.0,0.0,0.0,0,0.0,16,500000,1.0,2718.5
exp3,24,13,-0.006122448979591855,-0.14081632653061224,1.0,0.0,0.0,0.0,0,0.0,16,500000,1.0,2719.5
exp3,24,14,-0.006122448979591855,-0.12857142857142856,1.0,0.0,0.0,0.0,0,0.0,16,500000,1.0,2717.6875
exp3,24,15,-0.006122448979591855,-0.1163265306122449,1.0,0.0,0.0,0.0,0,0.0,16,500000,1.0,2732.1875
exp3,24,16,-0.006122448979591855,-0.10408163265306122,1.0,0.0,0.0,0.0,0,0.0,16,500000,1.0,2861.3125
exp3,24,17,-0.006122448979591855,-0.09183673469387754,1.0,0.0,0.0,0.0,0,0.0,16,500000,1.0,2861.3125
exp3,24,18,-0.006122448979591855,-0.07959183673469389,1.0,0.0,0.0,0.0,0,0.0,16,500000,1.0,3046.375
exp3,24,19,-0.006122448979591855,-0.0673469387755102,1.0,0.0,0.0,0.0,0,0.0,16,500000,1.0,3159.25
exp3,24,20,-0.006122448979591855,-0.055102040816326525,1.0,0.0,0.0,0.0,0,0.0,16,500000,1.0,3184.8125
exp3,24,21,-0.006122448979591855,-0.04285714285714287,1.0,0.0,0.0,0.0,0,0.0,16,500000,1.0,3283.0625
exp3,24,22,-0.006122448979591855,-0.030612244897959162,1.0,0.0,0.0,0.0,0,0.0,16,500000,1.0,3336.9375
exp3,24,23,-0.006122448979591855,-0.01836734693877551,1.0,0.0,0.0,0.0,0,0.0,16,500000,1.0,3380.4375
exp3,24,24,-0.006122448979591855,-0.006122448979591855,1.0,0.0,0.0,0.0,0,0.0,16,500000,1.0,3382.125
exp3,24,25,-0.006122448979591855,0.006122448979591855,1.0,0.0,0.0,0.0,0,0.0,16,500000,1.0,3488.0625
exp3,24,26,-0.006122448979591855,0.01836734693877551,1.0,0.0,0.0,0.0,0,0.0,16,500000,1.0,3673.6875
exp3,24,27,-0.006122448979591855,0.030612244897959162,1.0,0.0,0.0,0.0,0,0.0,16,500000,1.0,3718.5
exp3,24,28,-0.006122448979591855,0.04285714285714287,1.0,0.0,0.0,0.0,0,0.0,16,500000,1.0,3700.9375
exp3,24,29,-0.006122448979591855,0.055102040816326525,1.0,0.0,0.0,0.0,0,0.0,16,500000,1.0,3592.4375
exp3,24,30,-0.006122448979591855,0.06734693877551018,1.0,0.0,0.0,0.0,0,0.0,16,500000,1.0,3592.4375
exp3,24,31,-0.006122448979591855,0.07959183673469389,1.0,0.0,0.0,0.0,0,0.0,16,500000,1.0,3592.3125
exp3,24,32,-0.006122448979591855,0.09183673469387754,1.0,0.0,0.0,0.0,0,0.0,16,500000,1.0,3596.0
exp3,24,33,-0.006122448979591855,0.1040816326530612,1.0,0.0,0.0,0.0,0,0.0,16,500000,1.0,3836.3125
exp3,24,34,-0.006122448979591855,0.1163265306122449,1.0,0.0,0.0,0.0,0,0.0,16,500000,1.0,3860.5625
exp3,24,35,-0.006122448979591855,0.12857142857142856,1.0,0.0,0.0,0.0,0,0.0,16,500000,1.0,4110.375
exp3,24,36,-0.006122448979591855,0.1408163265306122,1.0,0.0,0.0,0.0,0,0.0,16,500000,1.0,4125.9375
exp3,24,37,-0.006122448979591855,0.15306122448979592,1.0,0.0,0.0,0.0,0,0.0,16,500000,1.0,4087.9375
exp3,24,38,-0.006122448979591855,0.16530612244897958,1.0,0.0,0.0,0.0,0,0.0,16,500000,1.0,4159.375
exp3,24,39,-0.006122448979591855,0.17755102040816323,1.0,0.0,0.0,0.0,0,0.0,16,500000,1.0,4464.625
exp3,24,40,-0.006122448979591855,0.18979591836734694,1.0,0.0,0.0,0.0,0,0.0,16,500000,1.0,4902.4375
exp3,24,41,-0.006122448979591855,0.20204081632653065,1.0,0.0,0.0,0.0,0,0.0,16,500000,1.0,5098.1875
exp3,24,42,-0.006122448979591855,0.21428571428571425,1.0,0.0,0.0,0.0,0,0.0,16,500000,1.0,5303.0625
exp3,24,43,-0.006122448979591855,0.22653061224489796,1.0,0.0,0.0,0.0,0,0.0,16,500000,1.0,6391.75
exp3,24,44,-0.006122448979591855,0.23877551020408166,1.0,0.0,0.0,0.0,0,0.0,16,500000,1.0,6742.125
exp3,24,45,-0.006122448979591855,0.25102040816326526,1.0,0.0,0.0,0.0,0,0.0,16,500000,1.0,6806.4375
exp3,24,46,-0.006122448979591855,0.26326530612244897,1.0,0.0,0.0,0.0,0,0.0,16,500000,1.0,7138.75
exp3,24,47,-0.006122448979591855,0.2755102040816327,1.0,0.0,0.0,0.0,0,0.0,16,500000,1.0,7289.5
exp3,24,48,-0.006122448979591855,0.2877551020408163,1.0,0.0,0.0,0.0,0,0.0,16,500000,1.0,7547.5
exp3,24,49,-0.006122448979591855,0.3,1.0,0.0,0.0,0.0,0,0.0,16,500000,1.0,7680.125
exp3,25,0,0.006122448979591855,-0.3,1.0,0.0,0.0,0.0,0,0.0,16,500000,1.0,2530.3125
exp3,25,1,0.006122448979591855,-0.28775510204081634,1.0,0.0,0.0,0.0,0,0.0,16,500000,1.0,2503.25
exp3,25,2,0.006122448979591855,-0.2755102040816326,1.0,0.0,0.0,0.0,0,0.0,16,500000,1.0,2557.9375
exp3,25,3,0.006122448979591855,-0.26326530612244897,1.0,0.0,0.0,0.0,0,0.0,16,500000,1.0,2568.0625
exp3,25,4,0.006122448979591855,-0.2510204081632653,1.0,0.0,0.0,0.0,0,0.0,16,500000,1.0,2581.25
exp3,25,5,0.006122448979591855,-0.2387755102040816,1.0,0.0,0.0,0.0,0,0.0,16,500000,1.0,2608.25
exp3,25,6,0.006122448979591855,-0.22653061224489796,1.0,0.0,0.0,0.0,0,0.0,16,500000,1.0,2607.5
exp3,25,7,0.006122448979591855,-0.21428571428571427,1.0,0.0,0.0,0.0,0,0.0,16,500000,1.0,2602.4375
exp3,25,8,0.006122448979591855,-0.2020408163265306,1.0,0.0,0.0,0.0,0,0.0,16,500000,1.0,2602.4375
exp3,25,9,0.006122448979591855,-0.18979591836734694,1.0,0.0,0.0,0.0,0,0.0,16,500000,1.0,2686.75
exp3,25,10,0.006122448979591855,-0.17755102040816326,1.0,0.0,0.0,0.0,0,0.0,16,500000,1.0,2746.25
exp3,25,11,0.006122448979591855,-0.16530612244897958,1.0,0.0,0.0,0.0,0,0.0,16,500000,1.0,2767.1875
exp3,25,12,0.006122448979591855,-0.15306122448979592,1.0,0.0,0.0,0.0,0,0.0,16,500000,1.0,2769.375
exp3,25,13,0.006122448979591855,-0.14081632653061224,1.0,0.0,0.0,0.0,0,0.0,16,500000,1.0,2769.3125
exp3,25,14,0.006122448979591855,-0.12857142857142856,1.0,0.0,0.0,0.0,0,0.0,16,500000,1.0,2787.375
exp3,25,15,0.006122448979591855,-0.1163265306122449,1.0,0.0,0.0,0.0,0,0.0,16,500000,1.0,2805.8125
exp3,25,16,0.006122448979591855,-0.10408163265306122,1.0,0.0,0.0,0.0,0,0.0,16,500000,1.0,2934.9375
exp3,25,17,0.006122448979591855,-0.09183673469387754,1.0,0.0,0.0,0.0,0,0.0,16,500000,1.0,2935.5625
exp3,25,18,0.006122448979591855,-0.07959183673469389,1.0,0.0,0.0,0.0,0,0.0,16,500000,1.0,3008.625
exp3,25,19,0.006122448979591855,-0.0673469387755102,1.0,0.0,0.0,0.0,0,0.0,16,500000,1.0,3233.75
exp3,25,20,0.006122448979591855,-0.055102040816326525,1.0,0.0,0.0,0.0,0,0.0,16,500000,1.0,3246.0
exp3,25,21,0.006122448979591855,-0.04285714285714287,1.0,0.0,0.0,0.0,0,0.0,16,500000,1.0,3344.25
exp3,25,22,0.006122448979591855,-0.030612244897959162,1.0,0.0,0.0,0.0,0,0.0,16,500000,1.0,3398.125
exp3,25,23,0.006122448979591855,-0.01836734693877551,1.0,0.0,0.0,0.0,0,0.0,16,500000,1.0,3440.75
exp3,25,24,0.006122448979591855,-0.006122448979591855,1.0,0.0,0.0,0.0,0,0.0,16,500000,1.0,3442.5625
exp3,25,25,0.006122448979591855,0.006122448979591855,1.0,0.0,0.0,0.0,0,0.0,16,500000,1.0,3488.375
exp3,25,26,0.006122448979591855,0.01836734693877551,1.0,0.0,0.0,0.0,0,0.0,16,500000,1.0,3672.25
exp3,25,27,0.006122448979591855,0.030612244897959162,1.0,0.0,0.0,0.0,0,0.0,16,500000,1.0,3707.5
exp3,25,28,0.006122448979591855,0.04285714285714287,1.0,0.0,0.0,0.0,0,0.0,16,500000,1.0,3690.25
exp3,25,29,0.006122448979591855,0.055102040816326525,1.0,0.0,0.0,0.0,0,0.0,16,500000,1.0,3580.8125
exp3,25,30,0.006122448979591855,0.06734693877551018,1.0,0.0,0.0,0.0,0,0.0,16,500000,1.0,3573.3125
exp3,25,31,0.006122448979591855,0.07959183673469389,1.0,0.0,0.0,0.0,0,0.0,16,500000,1.0,3573.375
exp3,25,32,0.006122448979591855,0.09183673469387754,1.0,0.0,0.0,0.0,0,0.0,16,500000,1.0,3571.6875
exp3,25,33,0.006122448979591855,0.1040816326530612,1.0,0.0,0.0,0.0,0,0.0,16,500000,1.0,3814.625
exp3,25,34,0.006122448979591855,0.1163265306122449,1.0,0.0,0.0,0.0,0,0.0,16,500000,1.0,3824.9375
exp3,25,35,0.006122448979591855,0.12857142857142856,1.0,0.0,0.0,0.0,0,0.0,16,500000,1.0,4079.875
exp3,25,36,0.006122448979591855,0.1408163265306122,1.0,0.0,0.0,0.0,0,0.0,16,500000,1.0,4080.5625
exp3,25,37,0.006122448979591855,0.15306122448979592,1.0,0.0,0.0,0.0,0,0.0,16,500000,1.0,4221.0625
exp3,25,38,0.006122448979591855,0.16530612244897958,1.0,0.0,0.0,0.0,0,0.0,16,500000,1.0,4199.375
exp3,25,39,0.006122448979591855,0.17755102040816323,1.0,0.0,0.0,0.0,0,0.0,16,500000,1.0,4487.125
exp3,25,40,0.006122448979591855,0.18979591836734694,1.0,0.0,0.0,0.0,0,0.0,16,500000,1.0,4924.9375
exp3,25,41,0.006122448979591855,0.20204081632653065,1.0,0.0,0.0,0.0,0,0.0,16,500000,1.0,5132.0
exp3,25,42,0.006122448979591855,0.21428571428571425,1.0,0.0,0.0,0.0,0,0.0,16,500000,1.0,5284.75
exp3,25,43,0.006122448979591855,0.22653061224489796,1.0,0.0,0.0,0.0,0,0.0,16,500000,1.0,6397.5625
exp3,25,44,0.006122448979591855,0.23877551020408166,1.0,0.0,0.0,0.0,0,0.0,16,500000,1.0,6741.375
exp3,25,45,0.006122448979591855,0.25102040816326526,1.0,0.0,0.0,0.0,0,0.0,16,500000,1.0,6805.875
exp3,25,46,0.006122448979591855,0.26326530612244897,1.0,0.0,0.0,0.0,0,0.0,16,500000,1.0,7232.875
exp3,25,47,0.006122448979591855,0.2755102040816327,1.0,0.0,0.0,0.0,0,0.0,16,500000,1.0,7261.4375
exp3,25,48,0.006122448979591855,0.2877551020408163,1.0,0.0,0.0,0.0,0,0.0,16,500000,1.0,7452.3125
exp3,25,49,0.006122448979591855,0.3,1.0,0.0,0.0,0.0,0,0.0,16,500000,1.0,7530.875
exp3,26,0,0.01836734693877551,-0.3,1.0,0.0,0.0,0.0,0,0.0,16,500000,1.0,2648.5625
exp3,26,1,0.01836734693877551,-0.28775510204081634,1.0,0.0,0.0,0.0,0,0.0,16,500000,1.0,2621.5
exp3,26,2,0.01836734693877551,-0.2755102040816326,1.0,0.0,0.0,0.0,0,0.0,16,500000,1.0,2676.1875
exp3,26,3,0.01836734693877551,-0.26326530612244897,1.0,0.0,0.0,0.0,0,0.0,16,500000,1.0,2686.0625
exp3,26,4,0.01836734693877551,-0.2510204081632653,1.0,0.0,0.0,0.0,0,0.0,16,500000,1.0,2703.0
exp3,26,5,0.01836734693877551,-0.2387755102040816,1.0,0.0,0.0,0.0,0,0.0,16,500000,1.0,2726.25
exp3,26,6,0.01836734693877551,-0.22653061224489796,1.0,0.0,0.0,0.0,0,0.0,16,500000,1.0,2727.6875
exp3,26,7,0.01836734693877551,-0.21428571428571427,1.0,0.0,0.0,0.0,0,0.0,16,500000,1.0,2727.6875
exp3,26,8,0.01836734693877551,-0.2020408163265306,1.0,0.0,0.0,0.0,0,0.0,16,500000,1.0,2727.6875
exp3,26,9,0.01836734693877551,-0.18979591836734694,1.0,0.0,0.0,0.0,0,0.0,16,500000,1.0,2809.5625
exp3,26,10,0.01836734693877551,-0.17755102040816326,1.0,0.0,0.0,0.0,0,0.0,16,500000,1.0,2869.0625
exp3,26,11,0.01836734693877551,-0.16530612244897958,1.0,0.0,0.0,0.0,0,0.0,16,500000,1.0,2886.6875
exp3,26,12,0.01836734693877551,-0.15306122448979592,1.0,0.0,0.0,0.0,0,0.0,16,500000,1.0,2886.6875
exp3,26,13,0.01836734693877551,-0.14081632653061224,1.0,0.0,0.0,0.0,0,0.0,16,500000,1.0,2904.125
exp3,26,14,0.01836734693877551,-0.12857142857142856,1.0,0.0,0.0,0.0,0,0.0,16,500000,1.0,2906.9375
exp3,26,15,0.01836734693877551,-0.1163265306122449,1.0,0.0,0.0,0.0,0,0.0,16,500000,1.0,2922.375
exp3,26,16,0.01836734693877551,-0.10408163265306122,1.0,0.0,0.0,0.0,0,0.0,16,500000,1.0,3051.8125
exp3,26,17,0.01836734693877551,-0.09183673469387754,1.0,0.0,0.0,0.0,0,0.0,16,500000,1.0,3055.4375
exp3,26,18,0.01836734693877551,-0.07959183673469389,1.0,0.0,0.0,0.0,0,0.0,16,500000,1.0,3240.625
exp3,26,19,0.01836734693877551,-0.0673469387755102,1.0,0.0,0.0,0.0,0,0.0,16,500000,1.0,3236.0
exp3,26,20,0.01836734693877551,-0.055102040816326525,1.0,0.0,0.0,0.0,0,0.0,16,500000,1.0,3248.25
exp3,26,21,0.01836734693877551,-0.04285714285714287,1.0,0.0,0.0,0.0,0,0.0,16,500000,1.0,3357.8125
exp3,26,22,0.01836734693877551,-0.030612244897959162,1.0,0.0,0.0,0.0,0,0.0,16,500000,1.0,3410.3125
exp3,26,23,0.01836734693877551,-0.01836734693877551,1.0,0.0,0.0,0.0,0,0.0,16,500000,1.0,3451.125
exp3,26,24,0.01836734693877551,-0.006122448979591855,1.0,0.0,0.0,0.0,0,0.0,16,500000,1.0,3441.3125
exp3,26,25,0.01836734693877551,0.006122448979591855,1.0,0.0,0.0,0.0,0,0.0,16,500000,1.0,3487.875
exp3,26,26,0.01836734693877551,0.01836734693877551,1.0,0.0,0.0,0.0,0,0.0,16,500000,1.0,3671.75
exp3,26,27,0.01836734693877551,0.030612244897959162,1.0,0.0,0.0,0.0,0,0.0,16,500000,1.0,3699.9375
exp3,26,28,0.01836734693877551,0.04285714285714287,1.0,0.0,0.0,0.0,0,0.0,16,500000,1.0,3680.4375
exp3,26,29,0.01836734693877551,0.055102040816326525,1.0,0.0,0.0,0.0,0,0.0,16,500000,1.0,3570.875
exp3,26,30,0.01836734693877551,0.06734693877551018,1.0,0.0,0.0,0.0,0,0.0,16,500000,1.0,3577.8125
exp3,26,31,0.01836734693877551,0.07959183673469389,1.0,0.0,0.0,0.0,0,0.0,16,500000,1.0,3577.375
exp3,26,32,0.01836734693877551,0.09183673469387754,1.0,0.0,0.0,0.0,0,0.0,16,500000,1.0,3576.5
exp3,26,33,0.01836734693877551,0.1040816326530612,1.0,0.0,0.0,0.0,0,0.0,16,500000,1.0,3812.0
exp3,26,34,0.01836734693877551,0.1163265306122449,1.0,0.0,0.0,0.0,0,0.0,16,500000,1.0,3822.25
exp3,26,35,0.01836734693877551,0.12857142857142856,1.0,0.0,0.0,0.0,0,0.0,16,500000,1.0,4077.1875
exp3,26,36,0.01836734693877551,0.1408163265306122,1.0,0.0,0.0,0.0,0,0.0,16,500000,1.0,4077.75
exp3,26,37,0.01836734693877551,0.15306122448979592,1.0,0.0,0.0,0.0,0,0.0,16,500000,1.0,4206.625
exp3,26,38,0.01836734693877551,0.16530612244897958,1.0,0.0,0.0,0.0,0,0.0,16,500000,1.0,4196.6875
exp3,26,39,0.01836734693877551,0.17755102040816323,1.0,0.0,0.0,0.0,0,0.0,16,500000,1.0,4484.1875
exp3,26,40,0.01836734693877551,0.18979591836734694,1.0,0.0,0.0,0.0,0,0.0,16,500000,1.0,4802.8125
exp3,26,41,0.01836734693877551,0.20204081632653065,1.0,0.0,0.0,0.0,0,0.0,16,500000,1.0,5013.125
exp3,26,42,0.01836734693877551,0.21428571428571425,1.0,0.0,0.0,0.0,0,0.0,16,500000,1.0,5165.875
exp3,26,43,0.01836734693877551,0.22653061224489796,1.0,0.0,0.0,0.0,0,0.0,16,500000,1.0,6279.0
exp3,26,44,0.01836734693877551,0.23877551020408166,1.0,0.0,0.0,0.0,0,0.0,16,500000,1.0,6741.9375
exp3,26,45,0.01836734693877551,0.25102040816326526,1.0,0.0,0.0,0.0,0,0.0,16,500000,1.0,6814.5625
exp3,26,46,0.01836734693877551,0.26326530612244897,1.0,0.0,0.0,0.0,0,0.0,16,500000,1.0,7227.3125
exp3,26,47,0.01836734693877551,0.2755102040816327,1.0,0.0,0.0,0.0,0,0.0,16,500000,1.0,7258.75
exp3,26,48,0.01836734693877551,0.2877551020408163,1.0,0.0,0.0,0.0,0,0.0,16,500000,1.0,7587.375
exp3,26,49,0.01836734693877551,0.3,1.0,0.0,0.0,0.0,0,0.0,16,500000,1.0,8100.375
exp3,27,0,0.030612244897959162,-0.3,1.0,0.0,0.0,0.0,0,0.0,16,500000,1.0,2528.5625
exp3,27,1,0.030612244897959162,-0.28775510204081634,1.0,0.0,0.0,0.0,0,0.0,16,500000,1.0,2534.0
exp3,27,2,0.030612244897959162,-0.2755102040816326,1.0,0.0,0.0,0.0,0,0.0,16,500000,1.0,2639.0625
exp3,27,3,0.030612244897959162,-0.26326530612244897,1.0,0.0,0.0,0.0,0,0.0,16,500000,1.0,2649.8125
exp3,27,4,0.030612244897959162,-0.2510204081632653,1.0,0.0,0.0,0.0,0,0.0,16,500000,1.0,2676.5
exp3,27,5,0.030612244897959162,-0.2387755102040816,1.0,0.0,0.0,0.0,0,0.0,16,500000,1.0,2673.375
exp3,27,6,0.030612244897959162,-0.22653061224489796,1.0,0.0,0.0,0.0,0,0.0,16,500000,1.0,2672.625
exp3,27,7,0.030612244897959162,-0.21428571428571427,1.0,0.0,0.0,0.0,0,0.0,16,500000,1.0,2672.625
exp3,27,8,0.030612244897959162,-0.2020408163265306,1.0,0.0,0.0,0.0,0,0.0,16,500000,1.0,2672.625
exp3,27,9,0.030612244897959162,-0.18979591836734694,1.0,0.0,0.0,0.0,0,0.0,16,500000,1.0,2753.6875
exp3,27,10,0.030612244897959162,-0.17755102040816326,1.0,0.0,0.0,0.0,0,0.0,16,500000,1.0,2940.1875
exp3,27,11,0.030612244897959162,-0.16530612244897958,1.0,0.0,0.0,0.0,0,0.0,16,500000,1.0,2960.8125
exp3,27,12,0.030612244897959162,-0.15306122448979592,1.0,0.0,0.0,0.0,0,0.0,16,500000,1.0,2960.8125
exp3,27,13,0.030612244897959162,-0.14081632653061224,1.0,0.0,0.0,0.0,0,0.0,16,500000,1.0,2979.8125
exp3,27,14,0.030612244897959162,-0.12857142857142856,1.0,0.0,0.0,0.0,0,0.0,16,500000,1.0,2976.4375
exp3,27,15,0.030612244897959162,-0.1163265306122449,1.0,0.0,0.0,0.0,0,0.0,16,500000,1.0,2992.875
exp3,27,16,0.030612244897959162,-0.10408163265306122,1.0,0.0,0.0,0.0,0,0.0,16,500000,1.0,3127.25
exp3,27,17,0.030612244897959162,-0.09183673469387754,1.0,0.0,0.0,0.0,0,0.0,16,500000,1.0,3130.9375
exp3,27,18,0.030612244897959162,-0.07959183673469389,1.0,0.0,0.0,0.0,0,0.0,16,500000,1.0,3294.375
exp3,27,19,0.030612244897959162,-0.0673469387755102,1.0,0.0,0.0,0.0,0,0.0,16,500000,1.0,3295.625
exp3,27,20,0.030612244897959162,-0.055102040816326525,1.0,0.0,0.0,0.0,0,0.0,16,500000,1.0,3298.625
exp3,27,21,0.030612244897959162,-0.04285714285714287,1.0,0.0,0.0,0.0,0,0.0,16,500000,1.0,3407.0
exp3,27,22,0.030612244897959162,-0.030612244897959162,1.0,0.0,0.0,0.0,0,0.0,16,500000,1.0,3409.0
exp3,27,23,0.030612244897959162,-0.01836734693877551,1.0,0.0,0.0,0.0,0,0.0,16,500000,1.0,3449.75
exp3,27,24,0.030612244897959162,-0.006122448979591855,1.0,0.0,0.0,0.0,0,0.0,16,500000,1.0,3433.9375
exp3,27,25,0.030612244897959162,0.006122448979591855,1.0,0.0,0.0,0.0,0,0.0,16,500000,1.0,3480.75
exp3,27,26,0.030612244897959162,0.01836734693877551,1.0,0.0,0.0,0.0,0,0.0,16,500000,1.0,3652.0
exp3,27,27,0.030612244897959162,0.030612244897959162,1.0,0.0,0.0,0.0,0,0.0,16,500000,1.0,3680.1875
exp3,27,28,0.030612244897959162,0.04285714285714287,1.0,0.0,0.0,0.0,0,0.0,16,500000,1.0,3680.4375
exp3,27,29,0.030612244897959162,0.055102040816326525,1.0,0.0,0.0,0.0,0,0.0,16,500000,1.0,3571.1875
exp3,27,30,0.030612244897959162,0.06734693877551018,1.0,0.0,0.0,0.0,0,0.0,16,500000,1.0,3578.125
exp3,27,31,0.030612244897959162,0.07959183673469389,1.0,0.0,0.0,0.0,0,0.0,16,500000,1.0,3577.375
exp3,27,32,0.030612244897959162,0.09183673469387754,1.0,0.0,0.0,0.0,0,0.0,16,500000,1.0,3721.25
exp3,27,33,0.030612244897959162,0.1040816326530612,1.0,0.0,0.0,0.0,0,0.0,16,500000,1.0,3742.5
exp3,27,34,0.030612244897959162,0.1163265306122449,1.0,0.0,0.0,0.0,0,0.0,16,500000,1.0,3752.75
exp3,27,35,0.030612244897959162,0.12857142857142856,1.0,0.0,0.0,0.0,0,0.0,16,500000,1.0,4007.6875
exp3,27,36,0.030612244897959162,0.1408163265306122,1.0,0.0,0.0,0.0,0,0.0,16,500000,1.0,4009.0625
exp3,27,37,0.030612244897959162,0.15306122448979592,1.0,0.0,0.0,0.0,0,0.0,16,500000,1.0,4117.4375
exp3,27,38,0.030612244897959162,0.16530612244897958,1.0,0.0,0.0,0.0,0,0.0,16,500000,1.0,4201.6875
exp3,27,39,0.030612244897959162,0.17755102040816323,1.0,0.0,0.0,0.0,0,0.0,16,500000,1.0,4489.1875
exp3,27,40,0.030612244897959162,0.18979591836734694,1.0,0.0,0.0,0.0,0,0.0,16,500000,1.0,4813.5625
exp3,27,41,0.030612244897959162,0.20204081632653065,1.0,0.0,0.0,0.0,0,0.0,16,500000,1.0,4825.8125
exp3,27,42,0.030612244897959162,0.21428571428571425,1.0,0.0,0.0,0.0,0,0.0,16,500000,1.0,4978.625
exp3,27,43,0.030612244897959162,0.22653061224489796,1.0,0.0,0.0,0.0,0,0.0,16,500000,1.0,6041.5
exp3,27,44,0.030612244897959162,0.23877551020408166,1.0,0.0,0.0,0.0,0,0.0,16,500000,1.0,6502.5
exp3,27,45,0.030612244897959162,0.25102040816326526,1.0,0.0,0.0,0.0,0,0.0,16,500000,1.0,6905.25
exp3,27,46,0.030612244897959162,0.26326530612244897,1.0,0.0,0.0,0.0,0,0.0,16,500000,1.0,7024.75
exp3,27,47,0.030612244897959162,0.2755102040816327,1.0,0.0,0.0,0.0,0,0.0,16,500000,1.0,7054.0
exp3,27,48,0.030612244897959162,0.2877551020408163,1.0,0.0,0.0,0.0,0,0.0,16,500000,1.0,7509.375
exp3,27,49,0.030612244897959162,0.3,1.0,0.0,0.0,0.0,0,0.0,16,500000,1.0,8097.0
exp3,28,0,0.04285714285714287,-0.3,1.0,0.0,0.0,0.0,0,0.0,16,500000,1.0,2602.625
exp3,28,1,0.04285714285714287,-0.28775510204081634,1.0,0.0,0.0,0.0,0,0.0,16,500000,1.0,2602.625
exp3,28,2,0.04285714285714287,-0.2755102040816326,1.0,0.0,0.0,0.0,0,0.0,16,500000,1.0,2657.0625
exp3,28,3,0.04285714285714287,-0.26326530612244897,1.0,0.0,0.0,0.0,0,0.0,16,500000,1.0,2668.1875
exp3,28,4,0.04285714285714287,-0.2510204081632653,1.0,0.0,0.0,0.0,0,0.0,16,500000,1.0,2678.3125
exp3,28,5,0.04285714285714287,-0.2387755102040816,1.0,0.0,0.0,0.0,0,0.0,16,500000,1.0,2678.9375
exp3,28,6,0.04285714285714287,-0.22653061224489796,1.0,0.0,0.0,0.0,0,0.0,16,500000,1.0,2677.9375
exp3,28,7,0.04285714285714287,-0.21428571428571427,1.0,0.0,0.0,0.0,0,0.0,16,500000,1.0,2677.9375
exp3,28,8,0.04285714285714287,-0.2020408163265306,1.0,0.0,0.0,0.0,0,0.0,16,500000,1.0,2679.375
exp3,28,9,0.04285714285714287,-0.18979591836734694,1.0,0.0,0.0,0.0,0,0.0,16,500000,1.0,2775.25
exp3,28,10,0.04285714285714287,-0.17755102040816326,1.0,0.0,0.0,0.0,0,0.0,16,500000,1.0,2910.0
exp3,28,11,0.04285714285714287,-0.16530612244897958,1.0,0.0,0.0,0.0,0,0.0,16,500000,1.0,2909.0625
exp3,28,12,0.04285714285714287,-0.15306122448979592,1.0,0.0,0.0,0.0,0,0.0,16,500000,1.0,2907.0
exp3,28,13,0.04285714285714287,-0.14081632653061224,1.0,0.0,0.0,0.0,0,0.0,16,500000,1.0,2929.625
exp3,28,14,0.04285714285714287,-0.12857142857142856,1.0,0.0,0.0,0.0,0,0.0,16,500000,1.0,2943.75
exp3,28,15,0.04285714285714287,-0.1163265306122449,1.0,0.0,0.0,0.0,0,0.0,16,500000,1.0,2961.3125
exp3,28,16,0.04285714285714287,-0.10408163265306122,1.0,0.0,0.0,0.0,0,0.0,16,500000,1.0,3096.8125
exp3,28,17,0.04285714285714287,-0.09183673469387754,1.0,0.0,0.0,0.0,0,0.0,16,500000,1.0,3100.5
exp3,28,18,0.04285714285714287,-0.07959183673469389,1.0,0.0,0.0,0.0,0,0.0,16,500000,1.0,3263.625
exp3,28,19,0.04285714285714287,-0.0673469387755102,1.0,0.0,0.0,0.0,0,0.0,16,500000,1.0,3263.875
exp3,28,20,0.04285714285714287,-0.055102040816326525,1.0,0.0,0.0,0.0,0,0.0,16,500000,1.0,3247.625
exp3,28,21,0.04285714285714287,-0.04285714285714287,1.0,0.0,0.0,0.0,0,0.0,16,500000,1.0,3363.5
exp3,28,22,0.04285714285714287,-0.030612244897959162,1.0,0.0,0.0,0.0,0,0.0,16,500000,1.0,3364.5625
exp3,28,23,0.04285714285714287,-0.01836734693877551,1.0,0.0,0.0,0.0,0,0.0,16,500000,1.0,3457.8125
exp3,28,24,0.04285714285714287,-0.006122448979591855,1.0,0.0,0.0,0.0,0,0.0,16,500000,1.0,3434.5
exp3,28,25,0.04285714285714287,0.006122448979591855,1.0,0.0,0.0,0.0,0,0.0,16,500000,1.0,3481.3125
exp3,28,26,0.04285714285714287,0.01836734693877551,1.0,0.0,0.0,0.0,0,0.0,16,500000,1.0,3651.9375
exp3,28,27,0.04285714285714287,0.030612244897959162,1.0,0.0,0.0,0.0,0,0.0,16,500000,1.0,3680.125
exp3,28,28,0.04285714285714287,0.04285714285714287,1.0,0.0,0.0,0.0,0,0.0,16,500000,1.0,3679.875
exp3,28,29,0.04285714285714287,0.055102040816326525,1.0,0.0,0.0,0.0,0,0.0,16,500000,1.0,3573.6875
exp3,28,30,0.04285714285714287,0.06734693877551018,1.0,0.0,0.0,0.0,0,0.0,16,500000,1.0,3580.125
exp3,28,31,0.04285714285714287,0.07959183673469389,1.0,0.0,0.0,0.0,0,0.0,16,500000,1.0,3580.25
exp3,28,32,0.04285714285714287,0.09183673469387754,1.0,0.0,0.0,0.0,0,0.0,16,500000,1.0,3725.75
exp3,28,33,0.04285714285714287,0.1040816326530612,1.0,0.0,0.0,0.0,0,0.0,16,500000,1.0,3742.5
exp3,28,34,0.04285714285714287,0.1163265306122449,1.0,0.0,0.0,0.0,0,0.0,16,500000,1.0,3766.125
exp3,28,35,0.04285714285714287,0.12857142857142856,1.0,0.0,0.0,0.0,0,0.0,16,500000,1.0,4049.0
exp3,28,36,0.04285714285714287,0.1408163265306122,1.0,0.0,0.0,0.0,0,0.0,16,500000,1.0,4050.375
exp3,28,37,0.04285714285714287,0.15306122448979592,1.0,0.0,0.0,0.0,0,0.0,16,500000,1.0,4135.1875
exp3,28,38,0.04285714285714287,0.16530612244897958,1.0,0.0,0.0,0.0,0,0.0,16,500000,1.0,4219.4375
exp3,28,39,0.04285714285714287,0.17755102040816323,1.0,0.0,0.0,0.0,0,0.0,16,500000,1.0,4465.625
exp3,28,40,0.04285714285714287,0.18979591836734694,1.0,0.0,0.0,0.0,0,0.0,16,500000,1.0,5197.0625
exp3,28,41,0.04285714285714287,0.20204081632653065,1.0,0.0,0.0,0.0,0,0.0,16,500000,1.0,5197.25
exp3,28,42,0.04285714285714287,0.21428571428571425,1.0,0.0,0.0,0.0,0,0.0,16,500000,1.0,5387.0625
exp3,28,43,0.04285714285714287,0.22653061224489796,1.0,0.0,0.0,0.0,0,0.0,16,500000,1.0,6233.6875
exp3,28,44,0.04285714285714287,0.23877551020408166,1.0,0.0,0.0,0.0,0,0.0,16,500000,1.0,6512.5
exp3,28,45,0.04285714285714287,0.25102040816326526,1.0,0.0,0.0,0.0,0,0.0,16,500000,1.0,7036.5625
exp3,28,46,0.04285714285714287,0.26326530612244897,1.0,0.0,0.0,0.0,0,0.0,16,500000,1.0,6909.125
exp3,28,47,0.04285714285714287,0.2755102040816327,1.0,0.0,0.0,0.0,0,0.0,16,500000,1.0,6948.6875
exp3,28,48,0.04285714285714287,0.2877551020408163,1.0,0.0,0.0,0.0,0,0.0,16,500000,1.0,7335.6875
exp3,28,49,0.04285714285714287,0.3,1.0,0.0,0.0,0.0,0,0.0,16,500000,1.0,8031.375
exp3,29,0,0.055102040816326525,-0.3,1.0,0.0,0.0,0.0,0,0.0,16,500000,1.0,2734.75
exp3,29,1,0.055102040816326525,-0.28775510204081634,1.0,0.0,0.0,0.0,0,0.0,16,500000,1.0,2734.75
exp3,29,2,0.055102040816326525,-0.2755102040816326,1.0,0.0,0.0,0.0,0,0.0,16,500000,1.0,2764.1875
exp3,29,3,0.055102040816326525,-0.26326530612244897,1.0,0.0,0.0,0.0,0,0.0,16,500000,1.0,2750.5625
exp3,29,4,0.055102040816326525,-0.2510204081632653,1.0,0.0,0.0,0.0,0,0.0,16,500000,1.0,2756.9375
exp3,29,5,0.055102040816326525,-0.2387755102040816,1.0,0.0,0.0,0.0,0,0.0,16,500000,1.0,2757.5625
exp3,29,6,0.055102040816326525,-0.22653061224489796,1.0,0.0,0.0,0.0,0,0.0,16,500000,1.0,2757.0625
exp3,29,7,0.055102040816326525,-0.21428571428571427,1.0,0.0,0.0,0.0,0,0.0,16,500000,1.0,2757.0625
exp3,29,8,0.055102040816326525,-0.2020408163265306,1.0,0.0,0.0,0.0,0,0.0,16,500000,1.0,2764.5
exp3,29,9,0.055102040816326525,-0.18979591836734694,1.0,0.0,0.0,0.0,0,0.0,16,500000,1.0,2860.375
exp3,29,10,0.055102040816326525,-0.17755102040816326,1.0,0.0,0.0,0.0,0,0.0,16,500000,1.0,2989.8125
exp3,29,11,0.055102040816326525,-0.16530612244897958,1.0,0.0,0.0,0.0,0,0.0,16,500000,1.0,2990.4375
exp3,29,12,0.055102040816326525,-0.15306122448979592,1.0,0.0,0.0,0.0,0,0.0,16,500000,1.0,2988.375
exp3,29,13,0.055102040816326525,-0.14081632653061224,1.0,0.0,0.0,0.0,0,0.0,16,500000,1.0,3009.5
exp3,29,14,0.055102040816326525,-0.12857142857142856,1.0,0.0,0.0,0.0,0,0.0,16,500000,1.0,3029.625
exp3,29,15,0.055102040816326525,-0.1163265306122449,1.0,0.0,0.0,0.0,0,0.0,16,500000,1.0,3048.6875
exp3,29,16,0.055102040816326525,-0.10408163265306122,1.0,0.0,0.0,0.0,0,0.0,16,500000,1.0,3178.1875
exp3,29,17,0.055102040816326525,-0.09183673469387754,1.0,0.0,0.0,0.0,0,0.0,16,500000,1.0,3178.1875
exp3,29,18,0.055102040816326525,-0.07959183673469389,1.0,0.0,0.0,0.0,0,0.0,16,500000,1.0,3340.5625
exp3,29,19,0.055102040816326525,-0.0673469387755102,1.0,0.0,0.0,0.0,0,0.0,16,500000,1.0,3339.6875
exp3,29,20,0.055102040816326525,-0.055102040816326525,1.0,0.0,0.0,0.0,0,0.0,16,500000,1.0,3327.25
exp3,29,21,0.055102040816326525,-0.04285714285714287,1.0,0.0,0.0,0.0,0,0.0,16,500000,1.0,3441.5625
exp3,29,22,0.055102040816326525,-0.030612244897959162,1.0,0.0,0.0,0.0,0,0.0,16,500000,1.0,3443.375
exp3,29,23,0.055102040816326525,-0.01836734693877551,1.0,0.0,0.0,0.0,0,0.0,16,500000,1.0,3590.5
exp3,29,24,0.055102040816326525,-0.006122448979591855,1.0,0.0,0.0,0.0,0,0.0,16,500000,1.0,3627.8125
exp3,29,25,0.055102040816326525,0.006122448979591855,1.0,0.0,0.0,0.0,0,0.0,16,500000,1.0,3662.9375
exp3,29,26,0.055102040816326525,0.01836734693877551,1.0,0.0,0.0,0.0,0,0.0,16,500000,1.0,3858.3125
exp3,29,27,0.055102040816326525,0.030612244897959162,1.0,0.0,0.0,0.0,0,0.0,16,500000,1.0,3833.375
exp3,29,28,0.055102040816326525,0.04285714285714287,1.0,0.0,0.0,0.0,0,0.0,16,500000,1.0,3950.3125
exp3,29,29,0.055102040816326525,0.055102040816326525,1.0,0.0,0.0,0.0,0,0.0,16,500000,1.0,3855.5
exp3,29,30,0.055102040816326525,0.06734693877551018,1.0,0.0,0.0,0.0,0,0.0,16,500000,1.0,3862.5
exp3,29,31,0.055102040816326525,0.07959183673469389,1.0,0.0,0.0,0.0,0,0.0,16,500000,1.0,3990.3125
exp3,29,32,0.055102040816326525,0.09183673469387754,1.0,0.0,0.0,0.0,0,0.0,16,500000,1.0,4135.5
exp3,29,33,0.055102040816326525,0.1040816326530612,1.0,0.0,0.0,0.0,0,0.0,16,500000,1.0,4264.0
exp3,29,34,0.055102040816326525,0.1163265306122449,1.0,0.0,0.0,0.0,0,0.0,16,500000,1.0,4375.6875
exp3,29,35,0.055102040816326525,0.12857142857142856,1.0,0.0,0.0,0.0,0,0.0,16,500000,1.0,4565.1875
exp3,29,36,0.055102040816326525,0.1408163265306122,1.0,0.0,0.0,0.0,0,0.0,16,500000,1.0,4516.6875
exp3,29,37,0.055102040816326525,0.15306122448979592,1.0,0.0,0.0,0.0,0,0.0,16,500000,1.0,4628.8125
exp3,29,38,0.055102040816326525,0.16530612244897958,1.0,0.0,0.0,0.0,0,0.0,16,500000,1.0,4712.75
exp3,29,39,0.055102040816326525,0.17755102040816323,1.0,0.0,0.0,0.0,0,0.0,16,500000,1.0,4863.25
exp3,29,40,0.055102040816326525,0.18979591836734694,1.0,0.0,0.0,0.0,0,0.0,16,500000,1.0,5350.0
exp3,29,41,0.055102040816326525,0.20204081632653065,1.0,0.0,0.0,0.0,0,0.0,16,500000,1.0,5373.3125
exp3,29,42,0.055102040816326525,0.21428571428571425,1.0,0.0,0.0,0.0,0,0.0,16,500000,1.0,5431.125
exp3,29,43,0.055102040816326525,0.22653061224489796,1.0,0.0,0.0,0.0,0,0.0,16,500000,1.0,6184.625
exp3,29,44,0.055102040816326525,0.23877551020408166,1.0,0.0,0.0,0.0,0,0.0,16,500000,1.0,6566.6875
exp3,29,45,0.055102040816326525,0.25102040816326526,1.0,0.0,0.0,0.0,0,0.0,16,500000,1.0,7080.5
exp3,29,46,0.055102040816326525,0.26326530612244897,1.0,0.0,0.0,0.0,0,0.0,16,500000,1.0,7085.125
exp3,29,47,0.055102040816326525,0.2755102040816327,1.0,0.0,0.0,0.0,0,0.0,16,500000,1.0,7152.0
exp3,29,48,0.055102040816326525,0.2877551020408163,1.0,0.0,0.0,0.0,0,0.0,16,500000,1.0,7495.5
exp3,29,49,0.055102040816326525,0.3,1.0,0.0,0.0,0.0,0,0.0,16,500000,1.0,8063.875
exp3,30,0,0.06734693877551018,-0.3,1.0,0.0,0.0,0.0,0,0.0,16,500000,1.0,2738.25
exp3,30,1,0.06734693877551018,-0.28775510204081634,1.0,0.0,0.0,0.0,0,0.0,16,500000,1.0,2738.25
exp3,30,2,0.06734693877551018,-0.2755102040816326,1.0,0.0,0.0,0.0,0,0.0,16,500000,1.0,2795.875
exp3,30,3,0.06734693877551018,-0.26326530612244897,1.0,0.0,0.0,0.0,0,0.0,16,500000,1.0,2782.1875
exp3,30,4,0.06734693877551018,-0.2510204081632653,1.0,0.0,0.0,0.0,0,0.0,16,500000,1.0,2782.1875
exp3,30,5,0.06734693877551018,-0.2387755102040816,1.0,0.0,0.0,0.0,0,0.0,16,500000,1.0,2782.8125
exp3,30,6,0.06734693877551018,-0.22653061224489796,1.0,0.0,0.0,0.0,0,0.0,16,500000,1.0,2782.8125
exp3,30,7,0.06734693877551018,-0.21428571428571427,1.0,0.0,0.0,0.0,0,0.0,16,500000,1.0,2782.3125
exp3,30,8,0.06734693877551018,-0.2020408163265306,1.0,0.0,0.0,0.0,0,0.0,16,500000,1.0,2789.75
exp3,30,9,0.06734693877551018,-0.18979591836734694,1.0,0.0,0.0,0.0,0,0.0,16,500000,1.0,2885.875
exp3,30,10,0.06734693877551018,-0.17755102040816326,1.0,0.0,0.0,0.0,0,0.0,16,500000,1.0,3040.75
exp3,30,11,0.06734693877551018,-0.16530612244897958,1.0,0.0,0.0,0.0,0,0.0,16,500000,1.0,3042.25
exp3,30,12,0.06734693877551018,-0.15306122448979592,1.0,0.0,0.0,0.0,0,0.0,16,500000,1.0,3041.25
exp3,30,13,0.06734693877551018,-0.14081632653061224,1.0,0.0,0.0,0.0,0,0.0,16,500000,1.0,3063.1875
exp3,30,14,0.06734693877551018,-0.12857142857142856,1.0,0.0,0.0,0.0,0,0.0,16,500000,1.0,3083.3125
exp3,30,15,0.06734693877551018,-0.1163265306122449,1.0,0.0,0.0,0.0,0,0.0,16,500000,1.0,3100.125
exp3,30,16,0.06734693877551018,-0.10408163265306122,1.0,0.0,0.0,0.0,0,0.0,16,500000,1.0,3179.6875
exp3,30,17,0.06734693877551018,-0.09183673469387754,1.0,0.0,0.0,0.0,0,0.0,16,500000,1.0,3192.5
exp3,30,18,0.06734693877551018,-0.07959183673469389,1.0,0.0,0.0,0.0,0,0.0,16,500000,1.0,3354.875
exp3,30,19,0.06734693877551018,-0.0673469387755102,1.0,0.0,0.0,0.0,0,0.0,16,500000,1.0,3354.0
exp3,30,20,0.06734693877551018,-0.055102040816326525,1.0,0.0,0.0,0.0,0,0.0,16,500000,1.0,3336.0
exp3,30,21,0.06734693877551018,-0.04285714285714287,1.0,0.0,0.0,0.0,0,0.0,16,500000,1.0,3448.75
exp3,30,22,0.06734693877551018,-0.030612244897959162,1.0,0.0,0.0,0.0,0,0.0,16,500000,1.0,3448.875
exp3,30,23,0.06734693877551018,-0.01836734693877551,1.0,0.0,0.0,0.0,0,0.0,16,500000,1.0,3546.25
exp3,30,24,0.06734693877551018,-0.006122448979591855,1.0,0.0,0.0,0.0,0,0.0,16,500000,1.0,3582.6875
exp3,30,25,0.06734693877551018,0.006122448979591855,1.0,0.0,0.0,0.0,0,0.0,16,500000,1.0,3629.25
exp3,30,26,0.06734693877551018,0.01836734693877551,1.0,0.0,0.0,0.0,0,0.0,16,500000,1.0,3855.5
exp3,30,27,0.06734693877551018,0.030612244897959162,1.0,0.0,0.0,0.0,0,0.0,16,500000,1.0,3839.5
exp3,30,28,0.06734693877551018,0.04285714285714287,1.0,0.0,0.0,0.0,0,0.0,16,500000,1.0,3956.0625
exp3,30,29,0.06734693877551018,0.055102040816326525,1.0,0.0,0.0,0.0,0,0.0,16,500000,1.0,3864.875
exp3,30,30,0.06734693877551018,0.06734693877551018,1.0,0.0,0.0,0.0,0,0.0,16,500000,1.0,3871.875
exp3,30,31,0.06734693877551018,0.07959183673469389,1.0,0.0,0.0,0.0,0,0.0,16,500000,1.0,3970.5
exp3,30,32,0.06734693877551018,0.09183673469387754,1.0,0.0,0.0,0.0,0,0.0,16,500000,1.0,4110.75
exp3,30,33,0.06734693877551018,0.1040816326530612,1.0,0.0,0.0,0.0,0,0.0,16,500000,1.0,4186.4375
exp3,30,34,0.06734693877551018,0.1163265306122449,1.0,0.0,0.0,0.0,0,0.0,16,500000,1.0,4190.6875
exp3,30,35,0.06734693877551018,0.12857142857142856,1.0,0.0,0.0,0.0,0,0.0,16,500000,1.0,4503.5625
exp3,30,36,0.06734693877551018,0.1408163265306122,1.0,0.0,0.0,0.0,0,0.0,16,500000,1.0,4513.1875
exp3,30,37,0.06734693877551018,0.15306122448979592,1.0,0.0,0.0,0.0,0,0.0,16,500000,1.0,4566.125
exp3,30,38,0.06734693877551018,0.16530612244897958,1.0,0.0,0.0,0.0,0,0.0,16,500000,1.0,4656.5625
exp3,30,39,0.06734693877551018,0.17755102040816323,1.0,0.0,0.0,0.0,0,0.0,16,500000,1.0,4799.1875
exp3,30,40,0.06734693877551018,0.18979591836734694,1.0,0.0,0.0,0.0,0,0.0,16,500000,1.0,5534.75
exp3,30,41,0.06734693877551018,0.20204081632653065,1.0,0.0,0.0,0.0,0,0.0,16,500000,1.0,5443.0
exp3,30,42,0.06734693877551018,0.21428571428571425,1.0,0.0,0.0,0.0,0,0.0,16,500000,1.0,5484.9375
exp3,30,43,0.06734693877551018,0.22653061224489796,1.0,0.0,0.0,0.0,0,0.0,16,500000,1.0,6210.0625
exp3,30,44,0.06734693877551018,0.23877551020408166,1.0,0.0,0.0,0.0,0,0.0,16,500000,1.0,6624.0625
exp3,30,45,0.06734693877551018,0.25102040816326526,1.0,0.0,0.0,0.0,0,0.0,16,500000,1.0,6959.4375
exp3,30,46,0.06734693877551018,0.26326530612244897,1.0,0.0,0.0,0.0,0,0.0,16,500000,1.0,6890.5625
exp3,30,47,0.06734693877551018,0.2755102040816327,1.0,0.0,0.0,0.0,0,0.0,16,500000,1.0,6936.6875
exp3,30,48,0.06734693877551018,0.2877551020408163,1.0,0.0,0.0,0.0,0,0.0,16,500000,1.0,7364.1875
exp3,30,49,0.06734693877551018,0.3,1.0,0.0,0.0,0.0,0,0.0,16,500000,1.0,7995.5
exp3,31,0,0.07959183673469389,-0.3,1.0,0.0,0.0,0.0,0,0.0,16,500000,1.0,2738.25
exp3,31,1,0.07959183673469389,-0.28775510204081634,1.0,0.0,0.0,0.0,0,0.0,16,500000,1.0,2739.0625
exp3,31,2,0.07959183673469389,-0.2755102040816326,1.0,0.0,0.0,0.0,0,0.0,16,500000,1.0,2820.3125
exp3,31,3,0.07959183673469389,-0.26326530612244897,1.0,0.0,0.0,0.0,0,0.0,16,500000,1.0,2808.25
exp3,31,4,0.07959183673469389,-0.2510204081632653,1.0,0.0,0.0,0.0,0,0.0,16,500000,1.0,2810.875
exp3,31,5,0.07959183673469389,-0.2387755102040816,1.0,0.0,0.0,0.0,0,0.0,16,500000,1.0,2811.5
exp3,31,6,0.07959183673469389,-0.22653061224489796,1.0,0.0,0.0,0.0,0,0.0,16,500000,1.0,2817.5
exp3,31,7,0.07959183673469389,-0.21428571428571427,1.0,0.0,0.0,0.0,0,0.0,16,500000,1.0,2817.0
exp3,31,8,0.07959183673469389,-0.2020408163265306,1.0,0.0,0.0,0.0,0,0.0,16,500000,1.0,2817.0
exp3,31,9,0.07959183673469389,-0.18979591836734694,1.0,0.0,0.0,0.0,0,0.0,16,500000,1.0,2915.25
exp3,31,10,0.07959183673469389,-0.17755102040816326,1.0,0.0,0.0,0.0,0,0.0,16,500000,1.0,3049.9375
exp3,31,11,0.07959183673469389,-0.16530612244897958,1.0,0.0,0.0,0.0,0,0.0,16,500000,1.0,3050.25
exp3,31,12,0.07959183673469389,-0.15306122448979592,1.0,0.0,0.0,0.0,0,0.0,16,500000,1.0,3049.25
exp3,31,13,0.07959183673469389,-0.14081632653061224,1.0,0.0,0.0,0.0,0,0.0,16,500000,1.0,3071.25
exp3,31,14,0.07959183673469389,-0.12857142857142856,1.0,0.0,0.0,0.0,0,0.0,16,500000,1.0,3085.375
exp3,31,15,0.07959183673469389,-0.1163265306122449,1.0,0.0,0.0,0.0,0,0.0,16,500000,1.0,3102.1875
exp3,31,16,0.07959183673469389,-0.10408163265306122,1.0,0.0,0.0,0.0,0,0.0,16,500000,1.0,3181.75
exp3,31,17,0.07959183673469389,-0.09183673469387754,1.0,0.0,0.0,0.0,0,0.0,16,500000,1.0,3194.5625
exp3,31,18,0.07959183673469389,-0.07959183673469389,1.0,0.0,0.0,0.0,0,0.0,16,500000,1.0,3357.0
exp3,31,19,0.07959183673469389,-0.0673469387755102,1.0,0.0,0.0,0.0,0,0.0,16,500000,1.0,3356.0
exp3,31,20,0.07959183673469389,-0.055102040816326525,1.0,0.0,0.0,0.0,0,0.0,16,500000,1.0,3353.9375
exp3,31,21,0.07959183673469389,-0.04285714285714287,1.0,0.0,0.0,0.0,0,0.0,16,500000,1.0,3459.5625
exp3,31,22,0.07959183673469389,-0.030612244897959162,1.0,0.0,0.0,0.0,0,0.0,16,500000,1.0,3467.875
exp3,31,23,0.07959183673469389,-0.01836734693877551,1.0,0.0,0.0,0.0,0,0.0,16,500000,1.0,3564.4375
exp3,31,24,0.07959183673469389,-0.006122448979591855,1.0,0.0,0.0,0.0,0,0.0,16,500000,1.0,3614.75
exp3,31,25,0.07959183673469389,0.006122448979591855,1.0,0.0,0.0,0.0,0,0.0,16,500000,1.0,3651.9375
exp3,31,26,0.07959183673469389,0.01836734693877551,1.0,0.0,0.0,0.0,0,0.0,16,500000,1.0,3878.75
exp3,31,27,0.07959183673469389,0.030612244897959162,1.0,0.0,0.0,0.0,0,0.0,16,500000,1.0,3928.6875
exp3,31,28,0.07959183673469389,0.04285714285714287,1.0,0.0,0.0,0.0,0,0.0,16,500000,1.0,4029.5
exp3,31,29,0.07959183673469389,0.055102040816326525,1.0,0.0,0.0,0.0,0,0.0,16,500000,1.0,3937.75
exp3,31,30,0.07959183673469389,0.06734693877551018,1.0,0.0,0.0,0.0,0,0.0,16,500000,1.0,3938.375
exp3,31,31,0.07959183673469389,0.07959183673469389,1.0,0.0,0.0,0.0,0,0.0,16,500000,1.0,4133.875
exp3,31,32,0.07959183673469389,0.09183673469387754,1.0,0.0,0.0,0.0,0,0.0,16,500000,1.0,4274.0625
exp3,31,33,0.07959183673469389,0.1040816326530612,1.0,0.0,0.0,0.0,0,0.0,16,500000,1.0,4363.4375
exp3,31,34,0.07959183673469389,0.1163265306122449,1.0,0.0,0.0,0.0,0,0.0,16,500000,1.0,4368.0
exp3,31,35,0.07959183673469389,0.12857142857142856,1.0,0.0,0.0,0.0,0,0.0,16,500000,1.0,4680.875
exp3,31,36,0.07959183673469389,0.1408163265306122,1.0,0.0,0.0,0.0,0,0.0,16,500000,1.0,4677.3125
exp3,31,37,0.07959183673469389,0.15306122448979592,1.0,0.0,0.0,0.0,0,0.0,16,500000,1.0,4769.125
exp3,31,38,0.07959183673469389,0.16530612244897958,1.0,0.0,0.0,0.0,0,0.0,16,500000,1.0,4748.25
exp3,31,39,0.07959183673469389,0.17755102040816323,1.0,0.0,0.0,0.0,0,0.0,16,500000,1.0,4819.625
exp3,31,40,0.07959183673469389,0.18979591836734694,1.0,0.0,0.0,0.0,0,0.0,16,500000,1.0,5551.0625
exp3,31,41,0.07959183673469389,0.20204081632653065,1.0,0.0,0.0,0.0,0,0.0,16,500000,1.0,5438.875
exp3,31,42,0.07959183673469389,0.21428571428571425,1.0,0.0,0.0,0.0,0,0.0,16,500000,1.0,5481.625
exp3,31,43,0.07959183673469389,0.22653061224489796,1.0,0.0,0.0,0.0,0,0.0,16,500000,1.0,6012.5625
exp3,31,44,0.07959183673469389,0.23877551020408166,1.0,0.0,0.0,0.0,0,0.0,16,500000,1.0,6430.6875
exp3,31,45,0.07959183673469389,0.25102040816326526,1.0,0.0,0.0,0.0,0,0.0,16,500000,1.0,6769.5
exp3,31,46,0.07959183673469389,0.26326530612244897,1.0,0.0,0.0,0.0,0,0.0,16,500000,1.0,6891.0
exp3,31,47,0.07959183673469389,0.2755102040816327,1.0,0.0,0.0,0.0,0,0.0,16,500000,1.0,6941.9375
exp3,31,48,0.07959183673469389,0.2877551020408163,1.0,0.0,0.0,0.0,0,0.0,16,500000,1.0,7368.0625
exp3,31,49,0.07959183673469389,0.3,1.0,0.0,0.0,0.0,0,0.0,16,500000,1.0,7996.875
exp3,32,0,0.09183673469387754,-0.3,1.0,0.0,0.0,0.0,0,0.0,16,500000,1.0,2939.25
exp3,32,1,0.09183673469387754,-0.28775510204081634,1.0,0.0,0.0,0.0,0,0.0,16,500000,1.0,2940.0625
exp3,32,2,0.09183673469387754,-0.2755102040816326,1.0,0.0,0.0,0.0,0,0.0,16,500000,1.0,2939.25
exp3,32,3,0.09183673469387754,-0.26326530612244897,1.0,0.0,0.0,0.0,0,0.0,16,500000,1.0,2923.5
exp3,32,4,0.09183673469387754,-0.2510204081632653,1.0,0.0,0.0,0.0,0,0.0,16,500000,1.0,2924.0
exp3,32,5,0.09183673469387754,-0.2387755102040816,1.0,0.0,0.0,0.0,0,0.0,16,500000,1.0,2924.625
exp3,32,6,0.09183673469387754,-0.22653061224489796,1.0,0.0,0.0,0.0,0,0.0,16,500000,1.0,2930.625
exp3,32,7,0.09183673469387754,-0.21428571428571427,1.0,0.0,0.0,0.0,0,0.0,16,500000,1.0,2952.8125
exp3,32,8,0.09183673469387754,-0.2020408163265306,1.0,0.0,0.0,0.0,0,0.0,16,500000,1.0,2948.25
exp3,32,9,0.09183673469387754,-0.18979591836734694,1.0,0.0,0.0,0.0,0,0.0,16,500000,1.0,3046.5
exp3,32,10,0.09183673469387754,-0.17755102040816326,1.0,0.0,0.0,0.0,0,0.0,16,500000,1.0,3054.5625
exp3,32,11,0.09183673469387754,-0.16530612244897958,1.0,0.0,0.0,0.0,0,0.0,16,500000,1.0,3055.1875
exp3,32,12,0.09183673469387754,-0.15306122448979592,1.0,0.0,0.0,0.0,0,0.0,16,500000,1.0,3055.4375
exp3,32,13,0.09183673469387754,-0.14081632653061224,1.0,0.0,0.0,0.0,0,0.0,16,500000,1.0,3077.4375
exp3,32,14,0.09183673469387754,-0.12857142857142856,1.0,0.0,0.0,0.0,0,0.0,16,500000,1.0,3092.0625
exp3,32,15,0.09183673469387754,-0.1163265306122449,1.0,0.0,0.0,0.0,0,0.0,16,500000,1.0,3092.0625
exp3,32,16,0.09183673469387754,-0.10408163265306122,1.0,0.0,0.0,0.0,0,0.0,16,500000,1.0,3141.3125
exp3,32,17,0.09183673469387754,-0.09183673469387754,1.0,0.0,0.0,0.0,0,0.0,16,500000,1.0,3245.375
exp3,32,18,0.09183673469387754,-0.07959183673469389,1.0,0.0,0.0,0.0,0,0.0,16,500000,1.0,3424.5625
exp3,32,19,0.09183673469387754,-0.0673469387755102,1.0,0.0,0.0,0.0,0,0.0,16,500000,1.0,3458.0
exp3,32,20,0.09183673469387754,-0.055102040816326525,1.0,0.0,0.0,0.0,0,0.0,16,500000,1.0,3447.9375
exp3,32,21,0.09183673469387754,-0.04285714285714287,1.0,0.0,0.0,0.0,0,0.0,16,500000,1.0,3536.75
exp3,32,22,0.09183673469387754,-0.030612244897959162,1.0,0.0,0.0,0.0,0,0.0,16,500000,1.0,3631.8125
exp3,32,23,0.09183673469387754,-0.01836734693877551,1.0,0.0,0.0,0.0,0,0.0,16,500000,1.0,3692.9375
exp3,32,24,0.09183673469387754,-0.006122448979591855,1.0,0.0,0.0,0.0,0,0.0,16,500000,1.0,3745.0625
exp3,32,25,0.09183673469387754,0.006122448979591855,1.0,0.0,0.0,0.0,0,0.0,16,500000,1.0,3782.25
exp3,32,26,0.09183673469387754,0.01836734693877551,1.0,0.0,0.0,0.0,0,0.0,16,500000,1.0,3785.0
exp3,32,27,0.09183673469387754,0.030612244897959162,1.0,0.0,0.0,0.0,0,0.0,16,500000,1.0,3826.0
exp3,32,28,0.09183673469387754,0.04285714285714287,1.0,0.0,0.0,0.0,0,0.0,16,500000,1.0,3976.5625
exp3,32,29,0.09183673469387754,0.055102040816326525,1.0,0.0,0.0,0.0,0,0.0,16,500000,1.0,3940.3125
exp3,32,30,0.09183673469387754,0.06734693877551018,1.0,0.0,0.0,0.0,0,0.0,16,500000,1.0,3940.9375
exp3,32,31,0.09183673469387754,0.07959183673469389,1.0,0.0,0.0,0.0,0,0.0,16,500000,1.0,4133.875
exp3,32,32,0.09183673469387754,0.09183673469387754,1.0,0.0,0.0,0.0,0,0.0,16,500000,1.0,4293.0
exp3,32,33,0.09183673469387754,0.1040816326530612,1.0,0.0,0.0,0.0,0,0.0,16,500000,1.0,4381.25
exp3,32,34,0.09183673469387754,0.1163265306122449,1.0,0.0,0.0,0.0,0,0.0,16,500000,1.0,4385.8125
exp3,32,35,0.09183673469387754,0.12857142857142856,1.0,0.0,0.0,0.0,0,0.0,16,500000,1.0,4682.625
exp3,32,36,0.09183673469387754,0.1408163265306122,1.0,0.0,0.0,0.0,0,0.0,16,500000,1.0,4677.3125
exp3,32,37,0.09183673469387754,0.15306122448979592,1.0,0.0,0.0,0.0,0,0.0,16,500000,1.0,4767.4375
exp3,32,38,0.09183673469387754,0.16530612244897958,1.0,0.0,0.0,0.0,0,0.0,16,500000,1.0,4746.5625
exp3,32,39,0.09183673469387754,0.17755102040816323,1.0,0.0,0.0,0.0,0,0.0,16,500000,1.0,4818.1875
exp3,32,40,0.09183673469387754,0.18979591836734694,1.0,0.0,0.0,0.0,0,0.0,16,500000,1.0,5581.1875
exp3,32,41,0.09183673469387754,0.20204081632653065,1.0,0.0,0.0,0.0,0,0.0,16,500000,1.0,5635.25
exp3,32,42,0.09183673469387754,0.21428571428571425,1.0,0.0,0.0,0.0,0,0.0,16,500000,1.0,5679.75
exp3,32,43,0.09183673469387754,0.22653061224489796,1.0,0.0,0.0,0.0,0,0.0,16,500000,1.0,6179.4375
exp3,32,44,0.09183673469387754,0.23877551020408166,1.0,0.0,0.0,0.0,0,0.0,16,500000,1.0,6478.3125
exp3,32,45,0.09183673469387754,0.25102040816326526,1.0,0.0,0.0,0.0,0,0.0,16,500000,1.0,6848.9375
exp3,32,46,0.09183673469387754,0.26326530612244897,1.0,0.0,0.0,0.0,0,0.0,16,500000,1.0,6934.5
exp3,32,47,0.09183673469387754,0.2755102040816327,1.0,0.0,0.0,0.0,0,0.0,16,500000,1.0,7208.0625
exp3,32,48,0.09183673469387754,0.2877551020408163,1.0,0.0,0.0,0.0,0,0.0,16,500000,1.0,7625.625
exp3,32,49,0.09183673469387754,0.3,1.0,0.0,0.0,0.0,0,0.0,16,500000,1.0,8091.5625
exp3,33,0,0.1040816326530612,-0.3,1.0,0.0,0.0,0.0,0,0.0,16,500000,1.0,3065.0
exp3,33,1,0.1040816326530612,-0.28775510204081634,1.0,0.0,0.0,0.0,0,0.0,16,500000,1.0,3065.8125
exp3,33,2,0.1040816326530612,-0.2755102040816326,1.0,0.0,0.0,0.0,0,0.0,16,500000,1.0,3065.0625
exp3,33,3,0.1040816326530612,-0.26326530612244897,1.0,0.0,0.0,0.0,0,0.0,16,500000,1.0,3036.5
exp3,33,4,0.1040816326530612,-0.2510204081632653,1.0,0.0,0.0,0.0,0,0.0,16,500000,1.0,3039.25
exp3,33,5,0.1040816326530612,-0.2387755102040816,1.0,0.0,0.0,0.0,0,0.0,16,500000,1.0,3036.875
exp3,33,6,0.1040816326530612,-0.22653061224489796,1.0,0.0,0.0,0.0,0,0.0,16,500000,1.0,3036.875
exp3,33,7,0.1040816326530612,-0.21428571428571427,1.0,0.0,0.0,0.0,0,0.0,16,500000,1.0,3069.625
exp3,33,8,0.1040816326530612,-0.2020408163265306,1.0,0.0,0.0,0.0,0,0.0,16,500000,1.0,3069.625
exp3,33,9,0.1040816326530612,-0.18979591836734694,1.0,0.0,0.0,0.0,0,0.0,16,500000,1.0,3167.1875
exp3,33,10,0.1040816326530612,-0.17755102040816326,1.0,0.0,0.0,0.0,0,0.0,16,500000,1.0,3175.3125
exp3,33,11,0.1040816326530612,-0.16530612244897958,1.0,0.0,0.0,0.0,0,0.0,16,500000,1.0,3174.6875
exp3,33,12,0.1040816326530612,-0.15306122448979592,1.0,0.0,0.0,0.0,0,0.0,16,500000,1.0,3174.1875
exp3,33,13,0.1040816326530612,-0.14081632653061224,1.0,0.0,0.0,0.0,0,0.0,16,500000,1.0,3170.5625
exp3,33,14,0.1040816326530612,-0.12857142857142856,1.0,0.0,0.0,0.0,0,0.0,16,500000,1.0,3185.3125
exp3,33,15,0.1040816326530612,-0.1163265306122449,1.0,0.0,0.0,0.0,0,0.0,16,500000,1.0,3187.5625
exp3,33,16,0.1040816326530612,-0.10408163265306122,1.0,0.0,0.0,0.0,0,0.0,16,500000,1.0,3335.375
exp3,33,17,0.1040816326530612,-0.09183673469387754,1.0,0.0,0.0,0.0,0,0.0,16,500000,1.0,3435.5625
exp3,33,18,0.1040816326530612,-0.07959183673469389,1.0,0.0,0.0,0.0,0,0.0,16,500000,1.0,3435.625
exp3,33,19,0.1040816326530612,-0.0673469387755102,1.0,0.0,0.0,0.0,0,0.0,16,500000,1.0,3470.25
exp3,33,20,0.1040816326530612,-0.055102040816326525,1.0,0.0,0.0,0.0,0,0.0,16,500000,1.0,3497.3125
exp3,33,21,0.1040816326530612,-0.04285714285714287,1.0,0.0,0.0,0.0,0,0.0,16,500000,1.0,3587.5
exp3,33,22,0.1040816326530612,-0.030612244897959162,1.0,0.0,0.0,0.0,0,0.0,16,500000,1.0,3705.75
exp3,33,23,0.1040816326530612,-0.01836734693877551,1.0,0.0,0.0,0.0,0,0.0,16,500000,1.0,3768.4375
exp3,33,24,0.1040816326530612,-0.006122448979591855,1.0,0.0,0.0,0.0,0,0.0,16,500000,1.0,3832.125
exp3,33,25,0.1040816326530612,0.006122448979591855,1.0,0.0,0.0,0.0,0,0.0,16,500000,1.0,3868.75
exp3,33,26,0.1040816326530612,0.01836734693877551,1.0,0.0,0.0,0.0,0,0.0,16,500000,1.0,3944.5625
exp3,33,27,0.1040816326530612,0.030612244897959162,1.0,0.0,0.0,0.0,0,0.0,16,500000,1.0,3985.8125
exp3,33,28,0.1040816326530612,0.04285714285714287,1.0,0.0,0.0,0.0,0,0.0,16,500000,1.0,4133.75
exp3,33,29,0.1040816326530612,0.055102040816326525,1.0,0.0,0.0,0.0,0,0.0,16,500000,1.0,4097.5
exp3,33,30,0.1040816326530612,0.06734693877551018,1.0,0.0,0.0,0.0,0,0.0,16,500000,1.0,4098.6875
exp3,33,31,0.1040816326530612,0.07959183673469389,1.0,0.0,0.0,0.0,0,0.0,16,500000,1.0,4388.1875
exp3,33,32,0.1040816326530612,0.09183673469387754,1.0,0.0,0.0,0.0,0,0.0,16,500000,1.0,4708.375
exp3,33,33,0.1040816326530612,0.1040816326530612,1.0,0.0,0.0,0.0,0,0.0,16,500000,1.0,4832.1875
exp3,33,34,0.1040816326530612,0.1163265306122449,1.0,0.0,0.0,0.0,0,0.0,16,500000,1.0,4897.0
exp3,33,35,0.1040816326530612,0.12857142857142856,1.0,0.0,0.0,0.0,0,0.0,16,500000,1.0,5483.5
exp3,33,36,0.1040816326530612,0.1408163265306122,1.0,0.0,0.0,0.0,0,0.0,16,500000,1.0,5530.125
exp3,33,37,0.1040816326530612,0.15306122448979592,1.0,0.0,0.0,0.0,0,0.0,16,500000,1.0,5610.125
exp3,33,38,0.1040816326530612,0.16530612244897958,1.0,0.0,0.0,0.0,0,0.0,16,500000,1.0,5697.75
exp3,33,39,0.1040816326530612,0.17755102040816323,1.0,0.0,0.0,0.0,0,0.0,16,500000,1.0,5701.1875
exp3,33,40,0.1040816326530612,0.18979591836734694,1.0,0.0,0.0,0.0,0,0.0,16,500000,1.0,6534.4375
exp3,33,41,0.1040816326530612,0.20204081632653065,1.0,0.0,0.0,0.0,0,0.0,16,500000,1.0,6533.375
exp3,33,42,0.1040816326530612,0.21428571428571425,1.0,0.0,0.0,0.0,0,0.0,16,500000,1.0,6250.5625
exp3,33,43,0.1040816326530612,0.22653061224489796,1.0,0.0,0.0,0.0,0,0.0,16,500000,1.0,6242.0
exp3,33,44,0.1040816326530612,0.23877551020408166,1.0,0.0,0.0,0.0,0,0.0,16,500000,1.0,6750.375
exp3,33,45,0.1040816326530612,0.25102040816326526,1.0,0.0,0.0,0.0,0,0.0,16,500000,1.0,6979.25
exp3,33,46,0.1040816326530612,0.26326530612244897,1.0,0.0,0.0,0.0,0,0.0,16,500000,1.0,7465.8125
exp3,33,47,0.1040816326530612,0.2755102040816327,1.0,0.0,0.0,0.0,0,0.0,16,500000,1.0,7690.0625
exp3,33,48,0.1040816326530612,0.2877551020408163,1.0,0.0,0.0,0.0,0,0.0,16,500000,1.0,7944.1875
exp3,33,49,0.1040816326530612,0.3,1.0,0.0,0.0,0.0,0,0.0,16,500000,1.0,8535.4375
exp3,34,0,0.1163265306122449,-0.3,1.0,0.0,0.0,0.0,0,0.0,16,500000,1.0,3080.9375
exp3,34,1,0.1163265306122449,-0.28775510204081634,1.0,0.0,0.0,0.0,0,0.0,16,500000,1.0,3080.8125
exp3,34,2,0.1163265306122449,-0.2755102040816326,1.0,0.0,0.0,0.0,0,0.0,16,500000,1.0,3070.8125
exp3,34,3,0.1163265306122449,-0.26326530612244897,1.0,0.0,0.0,0.0,0,0.0,16,500000,1.0,3071.0
exp3,34,4,0.1163265306122449,-0.2510204081632653,1.0,0.0,0.0,0.0,0,0.0,16,500000,1.0,3073.8125
exp3,34,5,0.1163265306122449,-0.2387755102040816,1.0,0.0,0.0,0.0,0,0.0,16,500000,1.0,3078.25
exp3,34,6,0.1163265306122449,-0.22653061224489796,1.0,0.0,0.0,0.0,0,0.0,16,500000,1.0,3080.5625
exp3,34,7,0.1163265306122449,-0.21428571428571427,1.0,0.0,0.0,0.0,0,0.0,16,500000,1.0,3157.5625
exp3,34,8,0.1163265306122449,-0.2020408163265306,1.0,0.0,0.0,0.0,0,0.0,16,500000,1.0,3153.1875
exp3,34,9,0.1163265306122449,-0.18979591836734694,1.0,0.0,0.0,0.0,0,0.0,16,500000,1.0,3289.0
exp3,34,10,0.1163265306122449,-0.17755102040816326,1.0,0.0,0.0,0.0,0,0.0,16,500000,1.0,3299.1875
exp3,34,11,0.1163265306122449,-0.16530612244897958,1.0,0.0,0.0,0.0,0,0.0,16,500000,1.0,3320.0625
exp3,34,12,0.1163265306122449,-0.15306122448979592,1.0,0.0,0.0,0.0,0,0.0,16,500000,1.0,3320.0625
exp3,34,13,0.1163265306122449,-0.14081632653061224,1.0,0.0,0.0,0.0,0,0.0,16,500000,1.0,3320.0625
exp3,34,14,0.1163265306122449,-0.12857142857142856,1.0,0.0,0.0,0.0,0,0.0,16,500000,1.0,3334.3125
exp3,34,15,0.1163265306122449,-0.1163265306122449,1.0,0.0,0.0,0.0,0,0.0,16,500000,1.0,3335.25
exp3,34,16,0.1163265306122449,-0.10408163265306122,1.0,0.0,0.0,0.0,0,0.0,16,500000,1.0,3502.6875
exp3,34,17,0.1163265306122449,-0.09183673469387754,1.0,0.0,0.0,0.0,0,0.0,16,500000,1.0,3592.875
exp3,34,18,0.1163265306122449,-0.07959183673469389,1.0,0.0,0.0,0.0,0,0.0,16,500000,1.0,3594.3125
exp3,34,19,0.1163265306122449,-0.0673469387755102,1.0,0.0,0.0,0.0,0,0.0,16,500000,1.0,3630.3125
exp3,34,20,0.1163265306122449,-0.055102040816326525,1.0,0.0,0.0,0.0,0,0.0,16,500000,1.0,3620.75
exp3,34,21,0.1163265306122449,-0.04285714285714287,1.0,0.0,0.0,0.0,0,0.0,16,500000,1.0,3710.1875
exp3,34,22,0.1163265306122449,-0.030612244897959162,1.0,0.0,0.0,0.0,0,0.0,16,500000,1.0,3828.4375
exp3,34,23,0.1163265306122449,-0.01836734693877551,1.0,0.0,0.0,0.0,0,0.0,16,500000,1.0,3888.875
exp3,34,24,0.1163265306122449,-0.006122448979591855,1.0,0.0,0.0,0.0,0,0.0,16,500000,1.0,3952.5625
exp3,34,25,0.1163265306122449,0.006122448979591855,1.0,0.0,0.0,0.0,0,0.0,16,500000,1.0,3989.75
exp3,34,26,0.1163265306122449,0.01836734693877551,1.0,0.0,0.0,0.0,0,0.0,16,500000,1.0,4065.8125
exp3,34,27,0.1163265306122449,0.030612244897959162,1.0,0.0,0.0,0.0,0,0.0,16,500000,1.0,4209.1875
exp3,34,28,0.1163265306122449,0.04285714285714287,1.0,0.0,0.0,0.0,0,0.0,16,500000,1.0,4384.3125
exp3,34,29,0.1163265306122449,0.055102040816326525,1.0,0.0,0.0,0.0,0,0.0,16,500000,1.0,4348.4375
exp3,34,30,0.1163265306122449,0.06734693877551018,1.0,0.0,0.0,0.0,0,0.0,16,500000,1.0,4654.9375
exp3,34,31,0.1163265306122449,0.07959183673469389,1.0,0.0,0.0,0.0,0,0.0,16,500000,1.0,4842.25
exp3,34,32,0.1163265306122449,0.09183673469387754,1.0,0.0,0.0,0.0,0,0.0,16,500000,1.0,4957.6875
exp3,34,33,0.1163265306122449,0.1040816326530612,1.0,0.0,0.0,0.0,0,0.0,16,500000,1.0,4981.1875
exp3,34,34,0.1163265306122449,0.1163265306122449,1.0,0.0,0.0,0.0,0,0.0,16,500000,1.0,4984.375
exp3,34,35,0.1163265306122449,0.12857142857142856,1.0,0.0,0.0,0.0,0,0.0,16,500000,1.0,5752.9375
exp3,34,36,0.1163265306122449,0.1408163265306122,1.0,0.0,0.0,0.0,0,0.0,16,500000,1.0,5798.75
exp3,34,37,0.1163265306122449,0.15306122448979592,1.0,0.0,0.0,0.0,0,0.0,16,500000,1.0,5798.0
exp3,34,38,0.1163265306122449,0.16530612244897958,1.0,0.0,0.0,0.0,0,0.0,16,500000,1.0,5955.4375
exp3,34,39,0.1163265306122449,0.17755102040816323,1.0,0.0,0.0,0.0,0,0.0,16,500000,1.0,5960.25
exp3,34,40,0.1163265306122449,0.18979591836734694,1.0,0.0,0.0,0.0,0,0.0,16,500000,1.0,6875.5625
exp3,34,41,0.1163265306122449,0.20204081632653065,1.0,0.0,0.0,0.0,0,0.0,16,500000,1.0,6789.1875
exp3,34,42,0.1163265306122449,0.21428571428571425,1.0,0.0,0.0,0.0,0,0.0,16,500000,1.0,6589.9375
exp3,34,43,0.1163265306122449,0.22653061224489796,1.0,0.0,0.0,0.0,0,0.0,16,500000,1.0,6497.8125
exp3,34,44,0.1163265306122449,0.23877551020408166,1.0,0.0,0.0,0.0,0,0.0,16,500000,1.0,7019.8125
exp3,34,45,0.1163265306122449,0.25102040816326526,1.0,0.0,0.0,0.0,0,0.0,16,500000,1.0,7136.0625
exp3,34,46,0.1163265306122449,0.26326530612244897,1.0,0.0,0.0,0.0,0,0.0,16,500000,1.0,7524.875
exp3,34,47,0.1163265306122449,0.2755102040816327,1.0,0.0,0.0,0.0,0,0.0,16,500000,1.0,7588.875
exp3,34,48,0.1163265306122449,0.2877551020408163,1.0,0.0,0.0,0.0,0,0.0,16,500000,1.0,7833.5625
exp3,34,49,0.1163265306122449,0.3,1.0,0.0,0.0,0.0,0,0.0,16,500000,1.0,8471.75
exp3,35,0,0.12857142857142856,-0.3,1.0,0.0,0.0,0.0,0,0.0,16,500000,1.0,3164.6875
exp3,35,1,0.12857142857142856,-0.28775510204081634,1.0,0.0,0.0,0.0,0,0.0,16,500000,1.0,3175.0
exp3,35,2,0.12857142857142856,-0.2755102040816326,1.0,0.0,0.0,0.0,0,0.0,16,500000,1.0,3177.1875
exp3,35,3,0.12857142857142856,-0.26326530612244897,1.0,0.0,0.0,0.0,0,0.0,16,500000,1.0,3167.875
exp3,35,4,0.12857142857142856,-0.2510204081632653,1.0,0.0,0.0,0.0,0,0.0,16,500000,1.0,3178.4375
exp3,35,5,0.12857142857142856,-0.2387755102040816,1.0,0.0,0.0,0.0,0,0.0,16,500000,1.0,3177.9375
exp3,35,6,0.12857142857142856,-0.22653061224489796,1.0,0.0,0.0,0.0,0,0.0,16,500000,1.0,3187.1875
exp3,35,7,0.12857142857142856,-0.21428571428571427,1.0,0.0,0.0,0.0,0,0.0,16,500000,1.0,3269.5625
exp3,35,8,0.12857142857142856,-0.2020408163265306,1.0,0.0,0.0,0.0,0,0.0,16,500000,1.0,3269.5625
exp3,35,9,0.12857142857142856,-0.18979591836734694,1.0,0.0,0.0,0.0,0,0.0,16,500000,1.0,3407.1875
exp3,35,10,0.12857142857142856,-0.17755102040816326,1.0,0.0,0.0,0.0,0,0.0,16,500000,1.0,3416.0
exp3,35,11,0.12857142857142856,-0.16530612244897958,1.0,0.0,0.0,0.0,0,0.0,16,500000,1.0,3436.875
exp3,35,12,0.12857142857142856,-0.15306122448979592,1.0,0.0,0.0,0.0,0,0.0,16,500000,1.0,3436.9375
exp3,35,13,0.12857142857142856,-0.14081632653061224,1.0,0.0,0.0,0.0,0,0.0,16,500000,1.0,3436.9375
exp3,35,14,0.12857142857142856,-0.12857142857142856,1.0,0.0,0.0,0.0,0,0.0,16,500000,1.0,3445.625
exp3,35,15,0.12857142857142856,-0.1163265306122449,1.0,0.0,0.0,0.0,0,0.0,16,500000,1.0,3446.5625
exp3,35,16,0.12857142857142856,-0.10408163265306122,1.0,0.0,0.0,0.0,0,0.0,16,500000,1.0,3607.9375
exp3,35,17,0.12857142857142856,-0.09183673469387754,1.0,0.0,0.0,0.0,0,0.0,16,500000,1.0,3609.375
exp3,35,18,0.12857142857142856,-0.07959183673469389,1.0,0.0,0.0,0.0,0,0.0,16,500000,1.0,3609.4375
exp3,35,19,0.12857142857142856,-0.0673469387755102,1.0,0.0,0.0,0.0,0,0.0,16,500000,1.0,3641.875
exp3,35,20,0.12857142857142856,-0.055102040816326525,1.0,0.0,0.0,0.0,0,0.0,16,500000,1.0,3677.125
exp3,35,21,0.12857142857142856,-0.04285714285714287,1.0,0.0,0.0,0.0,0,0.0,16,500000,1.0,3766.1875
exp3,35,22,0.12857142857142856,-0.030612244897959162,1.0,0.0,0.0,0.0,0,0.0,16,500000,1.0,3883.125
exp3,35,23,0.12857142857142856,-0.01836734693877551,1.0,0.0,0.0,0.0,0,0.0,16,500000,1.0,3944.9375
exp3,35,24,0.12857142857142856,-0.006122448979591855,1.0,0.0,0.0,0.0,0,0.0,16,500000,1.0,3943.75
exp3,35,25,0.12857142857142856,0.006122448979591855,1.0,0.0,0.0,0.0,0,0.0,16,500000,1.0,3981.8125
exp3,35,26,0.12857142857142856,0.01836734693877551,1.0,0.0,0.0,0.0,0,0.0,16,500000,1.0,3982.0625
exp3,35,27,0.12857142857142856,0.030612244897959162,1.0,0.0,0.0,0.0,0,0.0,16,500000,1.0,4125.3125
exp3,35,28,0.12857142857142856,0.04285714285714287,1.0,0.0,0.0,0.0,0,0.0,16,500000,1.0,4250.9375
exp3,35,29,0.12857142857142856,0.055102040816326525,1.0,0.0,0.0,0.0,0,0.0,16,500000,1.0,4216.8125
exp3,35,30,0.12857142857142856,0.06734693877551018,1.0,0.0,0.0,0.0,0,0.0,16,500000,1.0,4528.9375
exp3,35,31,0.12857142857142856,0.07959183673469389,1.0,0.0,0.0,0.0,0,0.0,16,500000,1.0,4710.0625
exp3,35,32,0.12857142857142856,0.09183673469387754,1.0,0.0,0.0,0.0,0,0.0,16,500000,1.0,4783.5625
exp3,35,33,0.12857142857142856,0.1040816326530612,1.0,0.0,0.0,0.0,0,0.0,16,500000,1.0,4809.3125
exp3,35,34,0.12857142857142856,0.1163265306122449,1.0,0.0,0.0,0.0,0,0.0,16,500000,1.0,4882.8125
exp3,35,35,0.12857142857142856,0.12857142857142856,1.0,0.0,0.0,0.0,0,0.0,16,500000,1.0,5651.375
exp3,35,36,0.12857142857142856,0.1408163265306122,1.0,0.0,0.0,0.0,0,0.0,16,500000,1.0,5760.875
exp3,35,37,0.12857142857142856,0.15306122448979592,1.0,0.0,0.0,0.0,0,0.0,16,500000,1.0,5848.625
exp3,35,38,0.12857142857142856,0.16530612244897958,1.0,0.0,0.0,0.0,0,0.0,16,500000,1.0,5920.4375
exp3,35,39,0.12857142857142856,0.17755102040816323,1.0,0.0,0.0,0.0,0,0.0,16,500000,1.0,5925.25
exp3,35,40,0.12857142857142856,0.18979591836734694,1.0,0.0,0.0,0.0,0,0.0,16,500000,1.0,6885.5
exp3,35,41,0.12857142857142856,0.20204081632653065,1.0,0.0,0.0,0.0,0,0.0,16,500000,1.0,6796.4375
exp3,35,42,0.12857142857142856,0.21428571428571425,1.0,0.0,0.0,0.0,0,0.0,16,500000,1.0,6463.75
exp3,35,43,0.12857142857142856,0.22653061224489796,1.0,0.0,0.0,0.0,0,0.0,16,500000,1.0,6578.0
exp3,35,44,0.12857142857142856,0.23877551020408166,1.0,0.0,0.0,0.0,0,0.0,16,500000,1.0,7104.5625
exp3,35,45,0.12857142857142856,0.25102040816326526,1.0,0.0,0.0,0.0,0,0.0,16,500000,1.0,7224.875
exp3,35,46,0.12857142857142856,0.26326530612244897,1.0,0.0,0.0,0.0,0,0.0,16,500000,1.0,7742.0
exp3,35,47,0.12857142857142856,0.2755102040816327,1.0,0.0,0.0,0.0,0,0.0,16,500000,1.0,7719.0
exp3,35,48,0.12857142857142856,0.2877551020408163,1.0,0.0,0.0,0.0,0,0.0,16,500000,1.0,7729.6875
exp3,35,49,0.12857142857142856,0.3,1.0,0.0,0.0,0.0,0,0.0,16,500000,1.0,8473.875
exp3,36,0,0.1408163265306122,-0.3,1.0,0.0,0.0,0.0,0,0.0,16,500000,1.0,3216.5
exp3,36,1,0.1408163265306122,-0.28775510204081634,1.0,0.0,0.0,0.0,0,0.0,16,500000,1.0,3216.375
exp3,36,2,0.1408163265306122,-0.2755102040816326,1.0,0.0,0.0,0.0,0,0.0,16,500000,1.0,3229.0
exp3,36,3,0.1408163265306122,-0.26326530612244897,1.0,0.0,0.0,0.0,0,0.0,16,500000,1.0,3209.3125
exp3,36,4,0.1408163265306122,-0.2510204081632653,1.0,0.0,0.0,0.0,0,0.0,16,500000,1.0,3220.125
exp3,36,5,0.1408163265306122,-0.2387755102040816,1.0,0.0,0.0,0.0,0,0.0,16,500000,1.0,3185.25
exp3,36,6,0.1408163265306122,-0.22653061224489796,1.0,0.0,0.0,0.0,0,0.0,16,500000,1.0,3188.0
exp3,36,7,0.1408163265306122,-0.21428571428571427,1.0,0.0,0.0,0.0,0,0.0,16,500000,1.0,3408.0625
exp3,36,8,0.1408163265306122,-0.2020408163265306,1.0,0.0,0.0,0.0,0,0.0,16,500000,1.0,3408.0625
exp3,36,9,0.1408163265306122,-0.18979591836734694,1.0,0.0,0.0,0.0,0,0.0,16,500000,1.0,3414.5
exp3,36,10,0.1408163265306122,-0.17755102040816326,1.0,0.0,0.0,0.0,0,0.0,16,500000,1.0,3423.125
exp3,36,11,0.1408163265306122,-0.16530612244897958,1.0,0.0,0.0,0.0,0,0.0,16,500000,1.0,3447.25
exp3,36,12,0.1408163265306122,-0.15306122448979592,1.0,0.0,0.0,0.0,0,0.0,16,500000,1.0,3447.3125
exp3,36,13,0.1408163265306122,-0.14081632653061224,1.0,0.0,0.0,0.0,0,0.0,16,500000,1.0,3443.4375
exp3,36,14,0.1408163265306122,-0.12857142857142856,1.0,0.0,0.0,0.0,0,0.0,16,500000,1.0,3452.125
exp3,36,15,0.1408163265306122,-0.1163265306122449,1.0,0.0,0.0,0.0,0,0.0,16,500000,1.0,3453.0625
exp3,36,16,0.1408163265306122,-0.10408163265306122,1.0,0.0,0.0,0.0,0,0.0,16,500000,1.0,3609.25
exp3,36,17,0.1408163265306122,-0.09183673469387754,1.0,0.0,0.0,0.0,0,0.0,16,500000,1.0,3610.6875
exp3,36,18,0.1408163265306122,-0.07959183673469389,1.0,0.0,0.0,0.0,0,0.0,16,500000,1.0,3865.5625
exp3,36,19,0.1408163265306122,-0.0673469387755102,1.0,0.0,0.0,0.0,0,0.0,16,500000,1.0,3864.75
exp3,36,20,0.1408163265306122,-0.055102040816326525,1.0,0.0,0.0,0.0,0,0.0,16,500000,1.0,3900.0
exp3,36,21,0.1408163265306122,-0.04285714285714287,1.0,0.0,0.0,0.0,0,0.0,16,500000,1.0,3989.0
exp3,36,22,0.1408163265306122,-0.030612244897959162,1.0,0.0,0.0,0.0,0,0.0,16,500000,1.0,4104.875
exp3,36,23,0.1408163265306122,-0.01836734693877551,1.0,0.0,0.0,0.0,0,0.0,16,500000,1.0,4163.75
exp3,36,24,0.1408163265306122,-0.006122448979591855,1.0,0.0,0.0,0.0,0,0.0,16,500000,1.0,4163.875
exp3,36,25,0.1408163265306122,0.006122448979591855,1.0,0.0,0.0,0.0,0,0.0,16,500000,1.0,4220.8125
exp3,36,26,0.1408163265306122,0.01836734693877551,1.0,0.0,0.0,0.0,0,0.0,16,500000,1.0,4204.0625
exp3,36,27,0.1408163265306122,0.030612244897959162,1.0,0.0,0.0,0.0,0,0.0,16,500000,1.0,4348.5
exp3,36,28,0.1408163265306122,0.04285714285714287,1.0,0.0,0.0,0.0,0,0.0,16,500000,1.0,4349.1875
exp3,36,29,0.1408163265306122,0.055102040816326525,1.0,0.0,0.0,0.0,0,0.0,16,500000,1.0,4319.9375
exp3,36,30,0.1408163265306122,0.06734693877551018,1.0,0.0,0.0,0.0,0,0.0,16,500000,1.0,4411.5625
exp3,36,31,0.1408163265306122,0.07959183673469389,1.0,0.0,0.0,0.0,0,0.0,16,500000,1.0,4594.1875
exp3,36,32,0.1408163265306122,0.09183673469387754,1.0,0.0,0.0,0.0,0,0.0,16,500000,1.0,4672.5625
exp3,36,33,0.1408163265306122,0.1040816326530612,1.0,0.0,0.0,0.0,0,0.0,16,500000,1.0,4683.0625
exp3,36,34,0.1408163265306122,0.1163265306122449,1.0,0.0,0.0,0.0,0,0.0,16,500000,1.0,4872.6875
exp3,36,35,0.1408163265306122,0.12857142857142856,1.0,0.0,0.0,0.0,0,0.0,16,500000,1.0,5729.1875
exp3,36,36,0.1408163265306122,0.1408163265306122,1.0,0.0,0.0,0.0,0,0.0,16,500000,1.0,5747.5
exp3,36,37,0.1408163265306122,0.15306122448979592,1.0,0.0,0.0,0.0,0,0.0,16,500000,1.0,5834.75
exp3,36,38,0.1408163265306122,0.16530612244897958,1.0,0.0,0.0,0.0,0,0.0,16,500000,1.0,5929.9375
exp3,36,39,0.1408163265306122,0.17755102040816323,1.0,0.0,0.0,0.0,0,0.0,16,500000,1.0,5986.875
exp3,36,40,0.1408163265306122,0.18979591836734694,1.0,0.0,0.0,0.0,0,0.0,16,500000,1.0,6955.0
exp3,36,41,0.1408163265306122,0.20204081632653065,1.0,0.0,0.0,0.0,0,0.0,16,500000,1.0,6889.25
exp3,36,42,0.1408163265306122,0.21428571428571425,1.0,0.0,0.0,0.0,0,0.0,16,500000,1.0,6720.9375
exp3,36,43,0.1408163265306122,0.22653061224489796,1.0,0.0,0.0,0.0,0,0.0,16,500000,1.0,6587.75
exp3,36,44,0.1408163265306122,0.23877551020408166,1.0,0.0,0.0,0.0,0,0.0,16,500000,1.0,6991.1875
exp3,36,45,0.1408163265306122,0.25102040816326526,1.0,0.0,0.0,0.0,0,0.0,16,500000,1.0,7622.125
exp3,36,46,0.1408163265306122,0.26326530612244897,1.0,0.0,0.0,0.0,0,0.0,16,500000,1.0,8092.6875
exp3,36,47,0.1408163265306122,0.2755102040816327,1.0,0.0,0.0,0.0,0,0.0,16,500000,1.0,8005.9375
exp3,36,48,0.1408163265306122,0.2877551020408163,1.0,0.0,0.0,0.0,0,0.0,16,500000,1.0,7947.5625
exp3,36,49,0.1408163265306122,0.3,1.0,0.0,0.0,0.0,0,0.0,16,500000,1.0,8892.6875
exp3,37,0,0.15306122448979592,-0.3,1.0,0.0,0.0,0.0,0,0.0,16,500000,1.0,3216.6875
exp3,37,1,0.15306122448979592,-0.28775510204081634,1.0,0.0,0.0,0.0,0,0.0,16,500000,1.0,3206.125
exp3,37,2,0.15306122448979592,-0.2755102040816326,1.0,0.0,0.0,0.0,0,0.0,16,500000,1.0,3219.125
exp3,37,3,0.15306122448979592,-0.26326530612244897,1.0,0.0,0.0,0.0,0,0.0,16,500000,1.0,3209.625
exp3,37,4,0.15306122448979592,-0.2510204081632653,1.0,0.0,0.0,0.0,0,0.0,16,500000,1.0,3219.875
exp3,37,5,0.15306122448979592,-0.2387755102040816,1.0,0.0,0.0,0.0,0,0.0,16,500000,1.0,3185.0
exp3,37,6,0.15306122448979592,-0.22653061224489796,1.0,0.0,0.0,0.0,0,0.0,16,500000,1.0,3187.875
exp3,37,7,0.15306122448979592,-0.21428571428571427,1.0,0.0,0.0,0.0,0,0.0,16,500000,1.0,3426.875
exp3,37,8,0.15306122448979592,-0.2020408163265306,1.0,0.0,0.0,0.0,0,0.0,16,500000,1.0,3426.875
exp3,37,9,0.15306122448979592,-0.18979591836734694,1.0,0.0,0.0,0.0,0,0.0,16,500000,1.0,3653.9375
exp3,37,10,0.15306122448979592,-0.17755102040816326,1.0,0.0,0.0,0.0,0,0.0,16,500000,1.0,3662.5625
exp3,37,11,0.15306122448979592,-0.16530612244897958,1.0,0.0,0.0,0.0,0,0.0,16,500000,1.0,3678.5
exp3,37,12,0.15306122448979592,-0.15306122448979592,1.0,0.0,0.0,0.0,0,0.0,16,500000,1.0,3678.8125
exp3,37,13,0.15306122448979592,-0.14081632653061224,1.0,0.0,0.0,0.0,0,0.0,16,500000,1.0,3675.0625
exp3,37,14,0.15306122448979592,-0.12857142857142856,1.0,0.0,0.0,0.0,0,0.0,16,500000,1.0,3675.0625
exp3,37,15,0.15306122448979592,-0.1163265306122449,1.0,0.0,0.0,0.0,0,0.0,16,500000,1.0,3678.4375
exp3,37,16,0.15306122448979592,-0.10408163265306122,1.0,0.0,0.0,0.0,0,0.0,16,500000,1.0,3832.0625
exp3,37,17,0.15306122448979592,-0.09183673469387754,1.0,0.0,0.0,0.0,0,0.0,16,500000,1.0,3869.5
exp3,37,18,0.15306122448979592,-0.07959183673469389,1.0,0.0,0.0,0.0,0,0.0,16,500000,1.0,3903.875
exp3,37,19,0.15306122448979592,-0.0673469387755102,1.0,0.0,0.0,0.0,0,0.0,16,500000,1.0,3902.3125
exp3,37,20,0.15306122448979592,-0.055102040816326525,1.0,0.0,0.0,0.0,0,0.0,16,500000,1.0,3902.3125
exp3,37,21,0.15306122448979592,-0.04285714285714287,1.0,0.0,0.0,0.0,0,0.0,16,500000,1.0,3993.25
exp3,37,22,0.15306122448979592,-0.030612244897959162,1.0,0.0,0.0,0.0,0,0.0,16,500000,1.0,4109.4375
exp3,37,23,0.15306122448979592,-0.01836734693877551,1.0,0.0,0.0,0.0,0,0.0,16,500000,1.0,4167.25
exp3,37,24,0.15306122448979592,-0.006122448979591855,1.0,0.0,0.0,0.0,0,0.0,16,500000,1.0,4171.875
exp3,37,25,0.15306122448979592,0.006122448979591855,1.0,0.0,0.0,0.0,0,0.0,16,500000,1.0,4231.8125
exp3,37,26,0.15306122448979592,0.01836734693877551,1.0,0.0,0.0,0.0,0,0.0,16,500000,1.0,4256.375
exp3,37,27,0.15306122448979592,0.030612244897959162,1.0,0.0,0.0,0.0,0,0.0,16,500000,1.0,4393.5
exp3,37,28,0.15306122448979592,0.04285714285714287,1.0,0.0,0.0,0.0,0,0.0,16,500000,1.0,4395.625
exp3,37,29,0.15306122448979592,0.055102040816326525,1.0,0.0,0.0,0.0,0,0.0,16,500000,1.0,4364.25
exp3,37,30,0.15306122448979592,0.06734693877551018,1.0,0.0,0.0,0.0,0,0.0,16,500000,1.0,4637.9375
exp3,37,31,0.15306122448979592,0.07959183673469389,1.0,0.0,0.0,0.0,0,0.0,16,500000,1.0,4822.6875
exp3,37,32,0.15306122448979592,0.09183673469387754,1.0,0.0,0.0,0.0,0,0.0,16,500000,1.0,5010.8125
exp3,37,33,0.15306122448979592,0.1040816326530612,1.0,0.0,0.0,0.0,0,0.0,16,500000,1.0,5159.375
exp3,37,34,0.15306122448979592,0.1163265306122449,1.0,0.0,0.0,0.0,0,0.0,16,500000,1.0,5118.875
exp3,37,35,0.15306122448979592,0.12857142857142856,1.0,0.0,0.0,0.0,0,0.0,16,500000,1.0,5869.5
exp3,37,36,0.15306122448979592,0.1408163265306122,1.0,0.0,0.0,0.0,0,0.0,16,500000,1.0,5795.0625
exp3,37,37,0.15306122448979592,0.15306122448979592,1.0,0.0,0.0,0.0,0,0.0,16,500000,1.0,5853.9375
exp3,37,38,0.15306122448979592,0.16530612244897958,1.0,0.0,0.0,0.0,0,0.0,16,500000,1.0,5839.5625
exp3,37,39,0.15306122448979592,0.17755102040816323,1.0,0.0,0.0,0.0,0,0.0,16,500000,1.0,5896.5625
exp3,37,40,0.15306122448979592,0.18979591836734694,1.0,0.0,0.0,0.0,0,0.0,16,500000,1.0,6790.75
exp3,37,41,0.15306122448979592,0.20204081632653065,1.0,0.0,0.0,0.0,0,0.0,16,500000,1.0,6724.9375
exp3,37,42,0.15306122448979592,0.21428571428571425,1.0,0.0,0.0,0.0,0,0.0,16,500000,1.0,6774.3125
exp3,37,43,0.15306122448979592,0.22653061224489796,1.0,0.0,0.0,0.0,0,0.0,16,500000,1.0,6674.375
exp3,37,44,0.15306122448979592,0.23877551020408166,1.0,0.0,0.0,0.0,0,0.0,16,500000,1.0,7075.0625
exp3,37,45,0.15306122448979592,0.25102040816326526,1.0,0.0,0.0,0.0,0,0.0,16,500000,1.0,7655.125
exp3,37,46,0.15306122448979592,0.26326530612244897,1.0,0.0,0.0,0.0,0,0.0,16,500000,1.0,7955.375
exp3,37,47,0.15306122448979592,0.2755102040816327,1.0,0.0,0.0,0.0,0,0.0,16,500000,1.0,8013.0625
exp3,37,48,0.15306122448979592,0.2877551020408163,1.0,0.0,0.0,0.0,0,0.0,16,500000,1.0,8045.9375
exp3,37,49,0.15306122448979592,0.3,1.0,0.0,0.0,0.0,0,0.0,16,500000,1.0,8894.9375
exp3,38,0,0.16530612244897958,-0.3,1.0,0.0,0.0,0.0,0,0.0,16,500000,1.0,3156.0625
exp3,38,1,0.16530612244897958,-0.28775510204081634,1.0,0.0,0.0,0.0,0,0.0,16,500000,1.0,3225.4375
exp3,38,2,0.16530612244897958,-0.2755102040816326,1.0,0.0,0.0,0.0,0,0.0,16,500000,1.0,3226.9375
exp3,38,3,0.16530612244897958,-0.26326530612244897,1.0,0.0,0.0,0.0,0,0.0,16,500000,1.0,3220.5625
exp3,38,4,0.16530612244897958,-0.2510204081632653,1.0,0.0,0.0,0.0,0,0.0,16,500000,1.0,3231.3125
exp3,38,5,0.16530612244897958,-0.2387755102040816,1.0,0.0,0.0,0.0,0,0.0,16,500000,1.0,3196.125
exp3,38,6,0.16530612244897958,-0.22653061224489796,1.0,0.0,0.0,0.0,0,0.0,16,500000,1.0,3196.25
exp3,38,7,0.16530612244897958,-0.21428571428571427,1.0,0.0,0.0,0.0,0,0.0,16,500000,1.0,3435.1875
exp3,38,8,0.16530612244897958,-0.2020408163265306,1.0,0.0,0.0,0.0,0,0.0,16,500000,1.0,3433.875
exp3,38,9,0.16530612244897958,-0.18979591836734694,1.0,0.0,0.0,0.0,0,0.0,16,500000,1.0,3654.3125
exp3,38,10,0.16530612244897958,-0.17755102040816326,1.0,0.0,0.0,0.0,0,0.0,16,500000,1.0,3662.9375
exp3,38,11,0.16530612244897958,-0.16530612244897958,1.0,0.0,0.0,0.0,0,0.0,16,500000,1.0,3678.875
exp3,38,12,0.16530612244897958,-0.15306122448979592,1.0,0.0,0.0,0.0,0,0.0,16,500000,1.0,3678.875
exp3,38,13,0.16530612244897958,-0.14081632653061224,1.0,0.0,0.0,0.0,0,0.0,16,500000,1.0,3675.25
exp3,38,14,0.16530612244897958,-0.12857142857142856,1.0,0.0,0.0,0.0,0,0.0,16,500000,1.0,3675.25
exp3,38,15,0.16530612244897958,-0.1163265306122449,1.0,0.0,0.0,0.0,0,0.0,16,500000,1.0,3676.4375
exp3,38,16,0.16530612244897958,-0.10408163265306122,1.0,0.0,0.0,0.0,0,0.0,16,500000,1.0,3832.625
exp3,38,17,0.16530612244897958,-0.09183673469387754,1.0,0.0,0.0,0.0,0,0.0,16,500000,1.0,3874.4375
exp3,38,18,0.16530612244897958,-0.07959183673469389,1.0,0.0,0.0,0.0,0,0.0,16,500000,1.0,3908.5625
exp3,38,19,0.16530612244897958,-0.0673469387755102,1.0,0.0,0.0,0.0,0,0.0,16,500000,1.0,3908.3125
exp3,38,20,0.16530612244897958,-0.055102040816326525,1.0,0.0,0.0,0.0,0,0.0,16,500000,1.0,3908.3125
exp3,38,21,0.16530612244897958,-0.04285714285714287,1.0,0.0,0.0,0.0,0,0.0,16,500000,1.0,3997.3125
exp3,38,22,0.16530612244897958,-0.030612244897959162,1.0,0.0,0.0,0.0,0,0.0,16,500000,1.0,4113.5
exp3,38,23,0.16530612244897958,-0.01836734693877551,1.0,0.0,0.0,0.0,0,0.0,16,500000,1.0,4170.5625
exp3,38,24,0.16530612244897958,-0.006122448979591855,1.0,0.0,0.0,0.0,0,0.0,16,500000,1.0,4174.5
exp3,38,25,0.16530612244897958,0.006122448979591855,1.0,0.0,0.0,0.0,0,0.0,16,500000,1.0,4232.5
exp3,38,26,0.16530612244897958,0.01836734693877551,1.0,0.0,0.0,0.0,0,0.0,16,500000,1.0,4256.8125
exp3,38,27,0.16530612244897958,0.030612244897959162,1.0,0.0,0.0,0.0,0,0.0,16,500000,1.0,4396.3125
exp3,38,28,0.16530612244897958,0.04285714285714287,1.0,0.0,0.0,0.0,0,0.0,16,500000,1.0,4398.4375
exp3,38,29,0.16530612244897958,0.055102040816326525,1.0,0.0,0.0,0.0,0,0.0,16,500000,1.0,4512.8125
exp3,38,30,0.16530612244897958,0.06734693877551018,1.0,0.0,0.0,0.0,0,0.0,16,500000,1.0,4796.3125
exp3,38,31,0.16530612244897958,0.07959183673469389,1.0,0.0,0.0,0.0,0,0.0,16,500000,1.0,5179.6875
exp3,38,32,0.16530612244897958,0.09183673469387754,1.0,0.0,0.0,0.0,0,0.0,16,500000,1.0,5360.625
exp3,38,33,0.16530612244897958,0.1040816326530612,1.0,0.0,0.0,0.0,0,0.0,16,500000,1.0,5544.125
exp3,38,34,0.16530612244897958,0.1163265306122449,1.0,0.0,0.0,0.0,0,0.0,16,500000,1.0,5433.3125
exp3,38,35,0.16530612244897958,0.12857142857142856,1.0,0.0,0.0,0.0,0,0.0,16,500000,1.0,5800.8125
exp3,38,36,0.16530612244897958,0.1408163265306122,1.0,0.0,0.0,0.0,0,0.0,16,500000,1.0,5736.6875
exp3,38,37,0.16530612244897958,0.15306122448979592,1.0,0.0,0.0,0.0,0,0.0,16,500000,1.0,5795.75
exp3,38,38,0.16530612244897958,0.16530612244897958,1.0,0.0,0.0,0.0,0,0.0,16,500000,1.0,5648.0625
exp3,38,39,0.16530612244897958,0.17755102040816323,1.0,0.0,0.0,0.0,0,0.0,16,500000,1.0,5706.6875
exp3,38,40,0.16530612244897958,0.18979591836734694,1.0,0.0,0.0,0.0,0,0.0,16,500000,1.0,6559.75
exp3,38,41,0.16530612244897958,0.20204081632653065,1.0,0.0,0.0,0.0,0,0.0,16,500000,1.0,6478.125
exp3,38,42,0.16530612244897958,0.21428571428571425,1.0,0.0,0.0,0.0,0,0.0,16,500000,1.0,6831.375
exp3,38,43,0.16530612244897958,0.22653061224489796,1.0,0.0,0.0,0.0,0,0.0,16,500000,1.0,6651.5625
exp3,38,44,0.16530612244897958,0.23877551020408166,1.0,0.0,0.0,0.0,0,0.0,16,500000,1.0,7129.375
exp3,38,45,0.16530612244897958,0.25102040816326526,1.0,0.0,0.0,0.0,0,0.0,16,500000,1.0,7613.0625
exp3,38,46,0.16530612244897958,0.26326530612244897,1.0,0.0,0.0,0.0,0,0.0,16,500000,1.0,7911.6875
exp3,38,47,0.16530612244897958,0.2755102040816327,1.0,0.0,0.0,0.0,0,0.0,16,500000,1.0,7974.4375
exp3,38,48,0.16530612244897958,0.2877551020408163,1.0,0.0,0.0,0.0,0,0.0,16,500000,1.0,8040.875
exp3,38,49,0.16530612244897958,0.3,1.0,0.0,0.0,0.0,0,0.0,16,500000,1.0,8989.3125
exp3,39,0,0.17755102040816323,-0.3,1.0,0.0,0.0,0.0,0,0.0,16,500000,1.0,3153.8125
exp3,39,1,0.17755102040816323,-0.28775510204081634,1.0,0.0,0.0,0.0,0,0.0,16,500000,1.0,3227.5
exp3,39,2,0.17755102040816323,-0.2755102040816326,1.0,0.0,0.0,0.0,0,0.0,16,500000,1.0,3241.875
exp3,39,3,0.17755102040816323,-0.26326530612244897,1.0,0.0,0.0,0.0,0,0.0,16,500000,1.0,3245.4375
exp3,39,4,0.17755102040816323,-0.2510204081632653,1.0,0.0,0.0,0.0,0,0.0,16,500000,1.0,3460.875
exp3,39,5,0.17755102040816323,-0.2387755102040816,1.0,0.0,0.0,0.0,0,0.0,16,500000,1.0,3425.75
exp3,39,6,0.17755102040816323,-0.22653061224489796,1.0,0.0,0.0,0.0,0,0.0,16,500000,1.0,3425.0625
exp3,39,7,0.17755102040816323,-0.21428571428571427,1.0,0.0,0.0,0.0,0,0.0,16,500000,1.0,3445.3125
exp3,39,8,0.17755102040816323,-0.2020408163265306,1.0,0.0,0.0,0.0,0,0.0,16,500000,1.0,3444.75
exp3,39,9,0.17755102040816323,-0.18979591836734694,1.0,0.0,0.0,0.0,0,0.0,16,500000,1.0,3665.1875
exp3,39,10,0.17755102040816323,-0.17755102040816326,1.0,0.0,0.0,0.0,0,0.0,16,500000,1.0,3670.8125
exp3,39,11,0.17755102040816323,-0.16530612244897958,1.0,0.0,0.0,0.0,0,0.0,16,500000,1.0,3686.75
exp3,39,12,0.17755102040816323,-0.15306122448979592,1.0,0.0,0.0,0.0,0,0.0,16,500000,1.0,3686.75
exp3,39,13,0.17755102040816323,-0.14081632653061224,1.0,0.0,0.0,0.0,0,0.0,16,500000,1.0,3683.125
exp3,39,14,0.17755102040816323,-0.12857142857142856,1.0,0.0,0.0,0.0,0,0.0,16,500000,1.0,3683.125
exp3,39,15,0.17755102040816323,-0.1163265306122449,1.0,0.0,0.0,0.0,0,0.0,16,500000,1.0,3680.375
exp3,39,16,0.17755102040816323,-0.10408163265306122,1.0,0.0,0.0,0.0,0,0.0,16,500000,1.0,3884.125
exp3,39,17,0.17755102040816323,-0.09183673469387754,1.0,0.0,0.0,0.0,0,0.0,16,500000,1.0,3990.1875
exp3,39,18,0.17755102040816323,-0.07959183673469389,1.0,0.0,0.0,0.0,0,0.0,16,500000,1.0,4024.5625
exp3,39,19,0.17755102040816323,-0.0673469387755102,1.0,0.0,0.0,0.0,0,0.0,16,500000,1.0,4117.0625
exp3,39,20,0.17755102040816323,-0.055102040816326525,1.0,0.0,0.0,0.0,0,0.0,16,500000,1.0,4122.25
exp3,39,21,0.17755102040816323,-0.04285714285714287,1.0,0.0,0.0,0.0,0,0.0,16,500000,1.0,4211.25
exp3,39,22,0.17755102040816323,-0.030612244897959162,1.0,0.0,0.0,0.0,0,0.0,16,500000,1.0,4438.3125
exp3,39,23,0.17755102040816323,-0.01836734693877551,1.0,0.0,0.0,0.0,0,0.0,16,500000,1.0,4441.4375
exp3,39,24,0.17755102040816323,-0.006122448979591855,1.0,0.0,0.0,0.0,0,0.0,16,500000,1.0,4445.375
exp3,39,25,0.17755102040816323,0.006122448979591855,1.0,0.0,0.0,0.0,0,0.0,16,500000,1.0,4506.375
exp3,39,26,0.17755102040816323,0.01836734693877551,1.0,0.0,0.0,0.0,0,0.0,16,500000,1.0,4531.5
exp3,39,27,0.17755102040816323,0.030612244897959162,1.0,0.0,0.0,0.0,0,0.0,16,500000,1.0,4611.0
exp3,39,28,0.17755102040816323,0.04285714285714287,1.0,0.0,0.0,0.0,0,0.0,16,500000,1.0,4702.1875
exp3,39,29,0.17755102040816323,0.055102040816326525,1.0,0.0,0.0,0.0,0,0.0,16,500000,1.0,4804.8125
exp3,39,30,0.17755102040816323,0.06734693877551018,1.0,0.0,0.0,0.0,0,0.0,16,500000,1.0,5008.9375
exp3,39,31,0.17755102040816323,0.07959183673469389,1.0,0.0,0.0,0.0,0,0.0,16,500000,1.0,5298.0625
exp3,39,32,0.17755102040816323,0.09183673469387754,1.0,0.0,0.0,0.0,0,0.0,16,500000,1.0,5479.0
exp3,39,33,0.17755102040816323,0.1040816326530612,1.0,0.0,0.0,0.0,0,0.0,16,500000,1.0,5505.8125
exp3,39,34,0.17755102040816323,0.1163265306122449,1.0,0.0,0.0,0.0,0,0.0,16,500000,1.0,5504.5625
exp3,39,35,0.17755102040816323,0.12857142857142856,1.0,0.0,0.0,0.0,0,0.0,16,500000,1.0,5782.4375
exp3,39,36,0.17755102040816323,0.1408163265306122,1.0,0.0,0.0,0.0,0,0.0,16,500000,1.0,5949.4375
exp3,39,37,0.17755102040816323,0.15306122448979592,1.0,0.0,0.0,0.0,0,0.0,16,500000,1.0,5955.9375
exp3,39,38,0.17755102040816323,0.16530612244897958,1.0,0.0,0.0,0.0,0,0.0,16,500000,1.0,5834.125
exp3,39,39,0.17755102040816323,0.17755102040816323,1.0,0.0,0.0,0.0,0,0.0,16,500000,1.0,5834.1875
exp3,39,40,0.17755102040816323,0.18979591836734694,1.0,0.0,0.0,0.0,0,0.0,16,500000,1.0,6768.4375
exp3,39,41,0.17755102040816323,0.20204081632653065,1.0,0.0,0.0,0.0,0,0.0,16,500000,1.0,6642.3125
exp3,39,42,0.17755102040816323,0.21428571428571425,1.0,0.0,0.0,0.0,0,0.0,16,500000,1.0,6902.9375
exp3,39,43,0.17755102040816323,0.22653061224489796,1.0,0.0,0.0,0.0,0,0.0,16,500000,1.0,6809.875
exp3,39,44,0.17755102040816323,0.23877551020408166,1.0,0.0,0.0,0.0,0,0.0,16,500000,1.0,7407.5625
exp3,39,45,0.17755102040816323,0.25102040816326526,1.0,0.0,0.0,0.0,0,0.0,16,500000,1.0,7663.75
exp3,39,46,0.17755102040816323,0.26326530612244897,1.0,0.0,0.0,0.0,0,0.0,16,500000,1.0,7958.375
exp3,39,47,0.17755102040816323,0.2755102040816327,1.0,0.0,0.0,0.0,0,0.0,16,500000,1.0,8021.9375
exp3,39,48,0.17755102040816323,0.2877551020408163,1.0,0.0,0.0,0.0,0,0.0,16,500000,1.0,8233.0
exp3,39,49,0.17755102040816323,0.3,1.0,0.0,0.0,0.0,0,0.0,16,500000,1.0,9106.125
exp3,40,0,0.18979591836734694,-0.3,1.0,0.0,0.0,0.0,0,0.0,16,500000,1.0,3224.5
exp3,40,1,0.18979591836734694,-0.28775510204081634,1.0,0.0,0.0,0.0,0,0.0,16,500000,1.0,3298.1875
exp3,40,2,0.18979591836734694,-0.2755102040816326,1.0,0.0,0.0,0.0,0,0.0,16,500000,1.0,3296.8125
exp3,40,3,0.18979591836734694,-0.26326530612244897,1.0,0.0,0.0,0.0,0,0.0,16,500000,1.0,3301.0625
exp3,40,4,0.18979591836734694,-0.2510204081632653,1.0,0.0,0.0,0.0,0,0.0,16,500000,1.0,3512.9375
exp3,40,5,0.18979591836734694,-0.2387755102040816,1.0,0.0,0.0,0.0,0,0.0,16,500000,1.0,3477.875
exp3,40,6,0.18979591836734694,-0.22653061224489796,1.0,0.0,0.0,0.0,0,0.0,16,500000,1.0,3477.1875
exp3,40,7,0.18979591836734694,-0.21428571428571427,1.0,0.0,0.0,0.0,0,0.0,16,500000,1.0,3578.1875
exp3,40,8,0.18979591836734694,-0.2020408163265306,1.0,0.0,0.0,0.0,0,0.0,16,500000,1.0,3577.625
exp3,40,9,0.18979591836734694,-0.18979591836734694,1.0,0.0,0.0,0.0,0,0.0,16,500000,1.0,3715.875
exp3,40,10,0.18979591836734694,-0.17755102040816326,1.0,0.0,0.0,0.0,0,0.0,16,500000,1.0,3723.9375
exp3,40,11,0.18979591836734694,-0.16530612244897958,1.0,0.0,0.0,0.0,0,0.0,16,500000,1.0,3723.9375
exp3,40,12,0.18979591836734694,-0.15306122448979592,1.0,0.0,0.0,0.0,0,0.0,16,500000,1.0,3725.0
exp3,40,13,0.18979591836734694,-0.14081632653061224,1.0,0.0,0.0,0.0,0,0.0,16,500000,1.0,3725.25
exp3,40,14,0.18979591836734694,-0.12857142857142856,1.0,0.0,0.0,0.0,0,0.0,16,500000,1.0,3733.1875
exp3,40,15,0.18979591836734694,-0.1163265306122449,1.0,0.0,0.0,0.0,0,0.0,16,500000,1.0,3734.5625
exp3,40,16,0.18979591836734694,-0.10408163265306122,1.0,0.0,0.0,0.0,0,0.0,16,500000,1.0,3914.4375
exp3,40,17,0.18979591836734694,-0.09183673469387754,1.0,0.0,0.0,0.0,0,0.0,16,500000,1.0,4022.6875
exp3,40,18,0.18979591836734694,-0.07959183673469389,1.0,0.0,0.0,0.0,0,0.0,16,500000,1.0,4088.6875
exp3,40,19,0.18979591836734694,-0.0673469387755102,1.0,0.0,0.0,0.0,0,0.0,16,500000,1.0,4182.125
exp3,40,20,0.18979591836734694,-0.055102040816326525,1.0,0.0,0.0,0.0,0,0.0,16,500000,1.0,4186.0625
exp3,40,21,0.18979591836734694,-0.04285714285714287,1.0,0.0,0.0,0.0,0,0.0,16,500000,1.0,4275.5625
exp3,40,22,0.18979591836734694,-0.030612244897959162,1.0,0.0,0.0,0.0,0,0.0,16,500000,1.0,4501.625
exp3,40,23,0.18979591836734694,-0.01836734693877551,1.0,0.0,0.0,0.0,0,0.0,16,500000,1.0,4503.0
exp3,40,24,0.18979591836734694,-0.006122448979591855,1.0,0.0,0.0,0.0,0,0.0,16,500000,1.0,4503.0
exp3,40,25,0.18979591836734694,0.006122448979591855,1.0,0.0,0.0,0.0,0,0.0,16,500000,1.0,4563.0625
exp3,40,26,0.18979591836734694,0.01836734693877551,1.0,0.0,0.0,0.0,0,0.0,16,500000,1.0,4590.75
exp3,40,27,0.18979591836734694,0.030612244897959162,1.0,0.0,0.0,0.0,0,0.0,16,500000,1.0,4594.125
exp3,40,28,0.18979591836734694,0.04285714285714287,1.0,0.0,0.0,0.0,0,0.0,16,500000,1.0,4690.375
exp3,40,29,0.18979591836734694,0.055102040816326525,1.0,0.0,0.0,0.0,0,0.0,16,500000,1.0,4793.8125
exp3,40,30,0.18979591836734694,0.06734693877551018,1.0,0.0,0.0,0.0,0,0.0,16,500000,1.0,5122.3125
exp3,40,31,0.18979591836734694,0.07959183673469389,1.0,0.0,0.0,0.0,0,0.0,16,500000,1.0,5418.6875
exp3,40,32,0.18979591836734694,0.09183673469387754,1.0,0.0,0.0,0.0,0,0.0,16,500000,1.0,5620.875
exp3,40,33,0.18979591836734694,0.1040816326530612,1.0,0.0,0.0,0.0,0,0.0,16,500000,1.0,5647.6875
exp3,40,34,0.18979591836734694,0.1163265306122449,1.0,0.0,0.0,0.0,0,0.0,16,500000,1.0,5645.75
exp3,40,35,0.18979591836734694,0.12857142857142856,1.0,0.0,0.0,0.0,0,0.0,16,500000,1.0,5808.5625
exp3,40,36,0.18979591836734694,0.1408163265306122,1.0,0.0,0.0,0.0,0,0.0,16,500000,1.0,5992.625
exp3,40,37,0.18979591836734694,0.15306122448979592,1.0,0.0,0.0,0.0,0,0.0,16,500000,1.0,6010.0
exp3,40,38,0.18979591836734694,0.16530612244897958,1.0,0.0,0.0,0.0,0,0.0,16,500000,1.0,6062.3125
exp3,40,39,0.18979591836734694,0.17755102040816323,1.0,0.0,0.0,0.0,0,0.0,16,500000,1.0,6051.6875
exp3,40,40,0.18979591836734694,0.18979591836734694,1.0,0.0,0.0,0.0,0,0.0,16,500000,1.0,6830.875
exp3,40,41,0.18979591836734694,0.20204081632653065,1.0,0.0,0.0,0.0,0,0.0,16,500000,1.0,6749.75
exp3,40,42,0.18979591836734694,0.21428571428571425,1.0,0.0,0.0,0.0,0,0.0,16,500000,1.0,6814.5625
exp3,40,43,0.18979591836734694,0.22653061224489796,1.0,0.0,0.0,0.0,0,0.0,16,500000,1.0,6791.8125
exp3,40,44,0.18979591836734694,0.23877551020408166,1.0,0.0,0.0,0.0,0,0.0,16,500000,1.0,7391.4375
exp3,40,45,0.18979591836734694,0.25102040816326526,1.0,0.0,0.0,0.0,0,0.0,16,500000,1.0,7642.6875
exp3,40,46,0.18979591836734694,0.26326530612244897,1.0,0.0,0.0,0.0,0,0.0,16,500000,1.0,7975.0
exp3,40,47,0.18979591836734694,0.2755102040816327,1.0,0.0,0.0,0.0,0,0.0,16,500000,1.0,8031.625
exp3,40,48,0.18979591836734694,0.2877551020408163,1.0,0.0,0.0,0.0,0,0.0,16,500000,1.0,8245.0
exp3,40,49,0.18979591836734694,0.3,1.0,0.0,0.0,0.0,0,0.0,16,500000,1.0,8960.25
exp3,41,0,0.20204081632653065,-0.3,1.0,0.0,0.0,0.0,0,0.0,16,500000,1.0,3405.5
exp3,41,1,0.20204081632653065,-0.28775510204081634,1.0,0.0,0.0,0.0,0,0.0,16,500000,1.0,3481.0
exp3,41,2,0.20204081632653065,-0.2755102040816326,1.0,0.0,0.0,0.0,0,0.0,16,500000,1.0,3464.4375
exp3,41,3,0.20204081632653065,-0.26326530612244897,1.0,0.0,0.0,0.0,0,0.0,16,500000,1.0,3482.25
exp3,41,4,0.20204081632653065,-0.2510204081632653,1.0,0.0,0.0,0.0,0,0.0,16,500000,1.0,3514.6875
exp3,41,5,0.20204081632653065,-0.2387755102040816,1.0,0.0,0.0,0.0,0,0.0,16,500000,1.0,3715.0625
exp3,41,6,0.20204081632653065,-0.22653061224489796,1.0,0.0,0.0,0.0,0,0.0,16,500000,1.0,3714.0625
exp3,41,7,0.20204081632653065,-0.21428571428571427,1.0,0.0,0.0,0.0,0,0.0,16,500000,1.0,3598.0625
exp3,41,8,0.20204081632653065,-0.2020408163265306,1.0,0.0,0.0,0.0,0,0.0,16,500000,1.0,3598.0625
exp3,41,9,0.20204081632653065,-0.18979591836734694,1.0,0.0,0.0,0.0,0,0.0,16,500000,1.0,3738.5625
exp3,41,10,0.20204081632653065,-0.17755102040816326,1.0,0.0,0.0,0.0,0,0.0,16,500000,1.0,3742.0625
exp3,41,11,0.20204081632653065,-0.16530612244897958,1.0,0.0,0.0,0.0,0,0.0,16,500000,1.0,3742.6875
exp3,41,12,0.20204081632653065,-0.15306122448979592,1.0,0.0,0.0,0.0,0,0.0,16,500000,1.0,3748.0
exp3,41,13,0.20204081632653065,-0.14081632653061224,1.0,0.0,0.0,0.0,0,0.0,16,500000,1.0,3747.6875
exp3,41,14,0.20204081632653065,-0.12857142857142856,1.0,0.0,0.0,0.0,0,0.0,16,500000,1.0,3741.375
exp3,41,15,0.20204081632653065,-0.1163265306122449,1.0,0.0,0.0,0.0,0,0.0,16,500000,1.0,3744.25
exp3,41,16,0.20204081632653065,-0.10408163265306122,1.0,0.0,0.0,0.0,0,0.0,16,500000,1.0,3924.4375
exp3,41,17,0.20204081632653065,-0.09183673469387754,1.0,0.0,0.0,0.0,0,0.0,16,500000,1.0,4032.6875
exp3,41,18,0.20204081632653065,-0.07959183673469389,1.0,0.0,0.0,0.0,0,0.0,16,500000,1.0,4104.875
exp3,41,19,0.20204081632653065,-0.0673469387755102,1.0,0.0,0.0,0.0,0,0.0,16,500000,1.0,4197.875
exp3,41,20,0.20204081632653065,-0.055102040816326525,1.0,0.0,0.0,0.0,0,0.0,16,500000,1.0,4201.0625
exp3,41,21,0.20204081632653065,-0.04285714285714287,1.0,0.0,0.0,0.0,0,0.0,16,500000,1.0,4290.5
exp3,41,22,0.20204081632653065,-0.030612244897959162,1.0,0.0,0.0,0.0,0,0.0,16,500000,1.0,4512.625
exp3,41,23,0.20204081632653065,-0.01836734693877551,1.0,0.0,0.0,0.0,0,0.0,16,500000,1.0,4514.4375
exp3,41,24,0.20204081632653065,-0.006122448979591855,1.0,0.0,0.0,0.0,0,0.0,16,500000,1.0,4524.0
exp3,41,25,0.20204081632653065,0.006122448979591855,1.0,0.0,0.0,0.0,0,0.0,16,500000,1.0,4584.0625
exp3,41,26,0.20204081632653065,0.01836734693877551,1.0,0.0,0.0,0.0,0,0.0,16,500000,1.0,4622.25
exp3,41,27,0.20204081632653065,0.030612244897959162,1.0,0.0,0.0,0.0,0,0.0,16,500000,1.0,4625.5
exp3,41,28,0.20204081632653065,0.04285714285714287,1.0,0.0,0.0,0.0,0,0.0,16,500000,1.0,4721.9375
exp3,41,29,0.20204081632653065,0.055102040816326525,1.0,0.0,0.0,0.0,0,0.0,16,500000,1.0,4815.0
exp3,41,30,0.20204081632653065,0.06734693877551018,1.0,0.0,0.0,0.0,0,0.0,16,500000,1.0,5147.375
exp3,41,31,0.20204081632653065,0.07959183673469389,1.0,0.0,0.0,0.0,0,0.0,16,500000,1.0,5454.375
exp3,41,32,0.20204081632653065,0.09183673469387754,1.0,0.0,0.0,0.0,0,0.0,16,500000,1.0,5658.5
exp3,41,33,0.20204081632653065,0.1040816326530612,1.0,0.0,0.0,0.0,0,0.0,16,500000,1.0,5677.0625
exp3,41,34,0.20204081632653065,0.1163265306122449,1.0,0.0,0.0,0.0,0,0.0,16,500000,1.0,5679.875
exp3,41,35,0.20204081632653065,0.12857142857142856,1.0,0.0,0.0,0.0,0,0.0,16,500000,1.0,5843.9375
exp3,41,36,0.20204081632653065,0.1408163265306122,1.0,0.0,0.0,0.0,0,0.0,16,500000,1.0,6014.625
exp3,41,37,0.20204081632653065,0.15306122448979592,1.0,0.0,0.0,0.0,0,0.0,16,500000,1.0,6030.0625
exp3,41,38,0.20204081632653065,0.16530612244897958,1.0,0.0,0.0,0.0,0,0.0,16,500000,1.0,6075.3125
exp3,41,39,0.20204081632653065,0.17755102040816323,1.0,0.0,0.0,0.0,0,0.0,16,500000,1.0,6177.0625
exp3,41,40,0.20204081632653065,0.18979591836734694,1.0,0.0,0.0,0.0,0,0.0,16,500000,1.0,6890.4375
exp3,41,41,0.20204081632653065,0.20204081632653065,1.0,0.0,0.0,0.0,0,0.0,16,500000,1.0,6963.375
exp3,41,42,0.20204081632653065,0.21428571428571425,1.0,0.0,0.0,0.0,0,0.0,16,500000,1.0,7017.4375
exp3,41,43,0.20204081632653065,0.22653061224489796,1.0,0.0,0.0,0.0,0,0.0,16,500000,1.0,7109.0
exp3,41,44,0.20204081632653065,0.23877551020408166,1.0,0.0,0.0,0.0,0,0.0,16,500000,1.0,7589.0
exp3,41,45,0.20204081632653065,0.25102040816326526,1.0,0.0,0.0,0.0,0,0.0,16,500000,1.0,7791.25
exp3,41,46,0.20204081632653065,0.26326530612244897,1.0,0.0,0.0,0.0,0,0.0,16,500000,1.0,8182.3125
exp3,41,47,0.20204081632653065,0.2755102040816327,1.0,0.0,0.0,0.0,0,0.0,16,500000,1.0,8236.0
exp3,41,48,0.20204081632653065,0.2877551020408163,1.0,0.0,0.0,0.0,0,0.0,16,500000,1.0,8214.75
exp3,41,49,0.20204081632653065,0.3,1.0,0.0,0.0,0.0,0,0.0,16,500000,1.0,9045.9375
exp3,42,0,0.21428571428571425,-0.3,1.0,0.0,0.0,0.0,0,0.0,16,500000,1.0,3800.375
exp3,42,1,0.21428571428571425,-0.28775510204081634,1.0,0.0,0.0,0.0,0,0.0,16,500000,1.0,3858.875
exp3,42,2,0.21428571428571425,-0.2755102040816326,1.0,0.0,0.0,0.0,0,0.0,16,500000,1.0,3857.5
exp3,42,3,0.21428571428571425,-0.26326530612244897,1.0,0.0,0.0,0.0,0,0.0,16,500000,1.0,3857.5
exp3,42,4,0.21428571428571425,-0.2510204081632653,1.0,0.0,0.0,0.0,0,0.0,16,500000,1.0,3637.125
exp3,42,5,0.21428571428571425,-0.2387755102040816,1.0,0.0,0.0,0.0,0,0.0,16,500000,1.0,3829.0625
exp3,42,6,0.21428571428571425,-0.22653061224489796,1.0,0.0,0.0,0.0,0,0.0,16,500000,1.0,3829.0625
exp3,42,7,0.21428571428571425,-0.21428571428571427,1.0,0.0,0.0,0.0,0,0.0,16,500000,1.0,3836.0625
exp3,42,8,0.21428571428571425,-0.2020408163265306,1.0,0.0,0.0,0.0,0,0.0,16,500000,1.0,3835.5625
exp3,42,9,0.21428571428571425,-0.18979591836734694,1.0,0.0,0.0,0.0,0,0.0,16,500000,1.0,3835.625
exp3,42,10,0.21428571428571425,-0.17755102040816326,1.0,0.0,0.0,0.0,0,0.0,16,500000,1.0,3851.6875
exp3,42,11,0.21428571428571425,-0.16530612244897958,1.0,0.0,0.0,0.0,0,0.0,16,500000,1.0,3851.6875
exp3,42,12,0.21428571428571425,-0.15306122448979592,1.0,0.0,0.0,0.0,0,0.0,16,500000,1.0,3855.875
exp3,42,13,0.21428571428571425,-0.14081632653061224,1.0,0.0,0.0,0.0,0,0.0,16,500000,1.0,3859.3125
exp3,42,14,0.21428571428571425,-0.12857142857142856,1.0,0.0,0.0,0.0,0,0.0,16,500000,1.0,3954.6875
exp3,42,15,0.21428571428571425,-0.1163265306122449,1.0,0.0,0.0,0.0,0,0.0,16,500000,1.0,3902.8125
exp3,42,16,0.21428571428571425,-0.10408163265306122,1.0,0.0,0.0,0.0,0,0.0,16,500000,1.0,4085.5
exp3,42,17,0.21428571428571425,-0.09183673469387754,1.0,0.0,0.0,0.0,0,0.0,16,500000,1.0,4082.25
exp3,42,18,0.21428571428571425,-0.07959183673469389,1.0,0.0,0.0,0.0,0,0.0,16,500000,1.0,4148.6875
exp3,42,19,0.21428571428571425,-0.0673469387755102,1.0,0.0,0.0,0.0,0,0.0,16,500000,1.0,4227.6875
exp3,42,20,0.21428571428571425,-0.055102040816326525,1.0,0.0,0.0,0.0,0,0.0,16,500000,1.0,4230.875
exp3,42,21,0.21428571428571425,-0.04285714285714287,1.0,0.0,0.0,0.0,0,0.0,16,500000,1.0,4320.3125
exp3,42,22,0.21428571428571425,-0.030612244897959162,1.0,0.0,0.0,0.0,0,0.0,16,500000,1.0,4542.125
exp3,42,23,0.21428571428571425,-0.01836734693877551,1.0,0.0,0.0,0.0,0,0.0,16,500000,1.0,4568.25
exp3,42,24,0.21428571428571425,-0.006122448979591855,1.0,0.0,0.0,0.0,0,0.0,16,500000,1.0,4592.6875
exp3,42,25,0.21428571428571425,0.006122448979591855,1.0,0.0,0.0,0.0,0,0.0,16,500000,1.0,4652.8125
exp3,42,26,0.21428571428571425,0.01836734693877551,1.0,0.0,0.0,0.0,0,0.0,16,500000,1.0,4792.25
exp3,42,27,0.21428571428571425,0.030612244897959162,1.0,0.0,0.0,0.0,0,0.0,16,500000,1.0,4857.4375
exp3,42,28,0.21428571428571425,0.04285714285714287,1.0,0.0,0.0,0.0,0,0.0,16,500000,1.0,4895.4375
exp3,42,29,0.21428571428571425,0.055102040816326525,1.0,0.0,0.0,0.0,0,0.0,16,500000,1.0,4989.875
exp3,42,30,0.21428571428571425,0.06734693877551018,1.0,0.0,0.0,0.0,0,0.0,16,500000,1.0,5241.1875
exp3,42,31,0.21428571428571425,0.07959183673469389,1.0,0.0,0.0,0.0,0,0.0,16,500000,1.0,5495.6875
exp3,42,32,0.21428571428571425,0.09183673469387754,1.0,0.0,0.0,0.0,0,0.0,16,500000,1.0,5647.4375
exp3,42,33,0.21428571428571425,0.1040816326530612,1.0,0.0,0.0,0.0,0,0.0,16,500000,1.0,5912.375
exp3,42,34,0.21428571428571425,0.1163265306122449,1.0,0.0,0.0,0.0,0,0.0,16,500000,1.0,5911.8125
exp3,42,35,0.21428571428571425,0.12857142857142856,1.0,0.0,0.0,0.0,0,0.0,16,500000,1.0,6158.4375
exp3,42,36,0.21428571428571425,0.1408163265306122,1.0,0.0,0.0,0.0,0,0.0,16,500000,1.0,6348.125
exp3,42,37,0.21428571428571425,0.15306122448979592,1.0,0.0,0.0,0.0,0,0.0,16,500000,1.0,6368.8125
exp3,42,38,0.21428571428571425,0.16530612244897958,1.0,0.0,0.0,0.0,0,0.0,16,500000,1.0,6402.75
exp3,42,39,0.21428571428571425,0.17755102040816323,1.0,0.0,0.0,0.0,0,0.0,16,500000,1.0,6504.5625
exp3,42,40,0.21428571428571425,0.18979591836734694,1.0,0.0,0.0,0.0,0,0.0,16,500000,1.0,7013.25
exp3,42,41,0.21428571428571425,0.20204081632653065,1.0,0.0,0.0,0.0,0,0.0,16,500000,1.0,7113.625
exp3,42,42,0.21428571428571425,0.21428571428571425,1.0,0.0,0.0,0.0,0,0.0,16,500000,1.0,7295.25
exp3,42,43,0.21428571428571425,0.22653061224489796,1.0,0.0,0.0,0.0,0,0.0,16,500000,1.0,7464.875
exp3,42,44,0.21428571428571425,0.23877551020408166,1.0,0.0,0.0,0.0,0,0.0,16,500000,1.0,7700.0625
exp3,42,45,0.21428571428571425,0.25102040816326526,1.0,0.0,0.0,0.0,0,0.0,16,500000,1.0,7577.1875
exp3,42,46,0.21428571428571425,0.26326530612244897,1.0,0.0,0.0,0.0,0,0.0,16,500000,1.0,7994.0
exp3,42,47,0.21428571428571425,0.2755102040816327,1.0,0.0,0.0,0.0,0,0.0,16,500000,1.0,8217.5
exp3,42,48,0.21428571428571425,0.2877551020408163,1.0,0.0,0.0,0.0,0,0.0,16,500000,1.0,8741.6875
exp3,42,49,0.21428571428571425,0.3,1.0,0.0,0.0,0.0,0,0.0,16,500000,1.0,9556.0
exp3,43,0,0.22653061224489796,-0.3,1.0,0.0,0.0,0.0,0,0.0,16,500000,1.0,3830.625
exp3,43,1,0.22653061224489796,-0.28775510204081634,1.0,0.0,0.0,0.0,0,0.0,16,500000,1.0,3867.375
exp3,43,2,0.22653061224489796,-0.2755102040816326,1.0,0.0,0.0,0.0,0,0.0,16,500000,1.0,3870.0625
exp3,43,3,0.22653061224489796,-0.26326530612244897,1.0,0.0,0.0,0.0,0,0.0,16,500000,1.0,3869.1875
exp3,43,4,0.22653061224489796,-0.2510204081632653,1.0,0.0,0.0,0.0,0,0.0,16,500000,1.0,3869.1875
exp3,43,5,0.22653061224489796,-0.2387755102040816,1.0,0.0,0.0,0.0,0,0.0,16,500000,1.0,3852.25
exp3,43,6,0.22653061224489796,-0.22653061224489796,1.0,0.0,0.0,0.0,0,0.0,16,500000,1.0,3851.1875
exp3,43,7,0.22653061224489796,-0.21428571428571427,1.0,0.0,0.0,0.0,0,0.0,16,500000,1.0,3892.875
exp3,43,8,0.22653061224489796,-0.2020408163265306,1.0,0.0,0.0,0.0,0,0.0,16,500000,1.0,3894.0625
exp3,43,9,0.22653061224489796,-0.18979591836734694,1.0,0.0,0.0,0.0,0,0.0,16,500000,1.0,3893.125
exp3,43,10,0.22653061224489796,-0.17755102040816326,1.0,0.0,0.0,0.0,0,0.0,16,500000,1.0,3896.625
exp3,43,11,0.22653061224489796,-0.16530612244897958,1.0,0.0,0.0,0.0,0,0.0,16,500000,1.0,3897.4375
exp3,43,12,0.22653061224489796,-0.15306122448979592,1.0,0.0,0.0,0.0,0,0.0,16,500000,1.0,3897.6875
exp3,43,13,0.22653061224489796,-0.14081632653061224,1.0,0.0,0.0,0.0,0,0.0,16,500000,1.0,3923.6875
exp3,43,14,0.22653061224489796,-0.12857142857142856,1.0,0.0,0.0,0.0,0,0.0,16,500000,1.0,4013.25
exp3,43,15,0.22653061224489796,-0.1163265306122449,1.0,0.0,0.0,0.0,0,0.0,16,500000,1.0,4046.5625
exp3,43,16,0.22653061224489796,-0.10408163265306122,1.0,0.0,0.0,0.0,0,0.0,16,500000,1.0,4181.0
exp3,43,17,0.22653061224489796,-0.09183673469387754,1.0,0.0,0.0,0.0,0,0.0,16,500000,1.0,4281.375
exp3,43,18,0.22653061224489796,-0.07959183673469389,1.0,0.0,0.0,0.0,0,0.0,16,500000,1.0,4313.125
exp3,43,19,0.22653061224489796,-0.0673469387755102,1.0,0.0,0.0,0.0,0,0.0,16,500000,1.0,4525.5
exp3,43,20,0.22653061224489796,-0.055102040816326525,1.0,0.0,0.0,0.0,0,0.0,16,500000,1.0,4525.5
exp3,43,21,0.22653061224489796,-0.04285714285714287,1.0,0.0,0.0,0.0,0,0.0,16,500000,1.0,4503.25
exp3,43,22,0.22653061224489796,-0.030612244897959162,1.0,0.0,0.0,0.0,0,0.0,16,500000,1.0,4656.375
exp3,43,23,0.22653061224489796,-0.01836734693877551,1.0,0.0,0.0,0.0,0,0.0,16,500000,1.0,4739.0
exp3,43,24,0.22653061224489796,-0.006122448979591855,1.0,0.0,0.0,0.0,0,0.0,16,500000,1.0,4765.5
exp3,43,25,0.22653061224489796,0.006122448979591855,1.0,0.0,0.0,0.0,0,0.0,16,500000,1.0,4746.5
exp3,43,26,0.22653061224489796,0.01836734693877551,1.0,0.0,0.0,0.0,0,0.0,16,500000,1.0,4883.25
exp3,43,27,0.22653061224489796,0.030612244897959162,1.0,0.0,0.0,0.0,0,0.0,16,500000,1.0,4883.25
exp3,43,28,0.22653061224489796,0.04285714285714287,1.0,0.0,0.0,0.0,0,0.0,16,500000,1.0,4928.6875
exp3,43,29,0.22653061224489796,0.055102040816326525,1.0,0.0,0.0,0.0,0,0.0,16,500000,1.0,5023.125
exp3,43,30,0.22653061224489796,0.06734693877551018,1.0,0.0,0.0,0.0,0,0.0,16,500000,1.0,5332.6875
exp3,43,31,0.22653061224489796,0.07959183673469389,1.0,0.0,0.0,0.0,0,0.0,16,500000,1.0,5629.875
exp3,43,32,0.22653061224489796,0.09183673469387754,1.0,0.0,0.0,0.0,0,0.0,16,500000,1.0,5670.375
exp3,43,33,0.22653061224489796,0.1040816326530612,1.0,0.0,0.0,0.0,0,0.0,16,500000,1.0,5956.0
exp3,43,34,0.22653061224489796,0.1163265306122449,1.0,0.0,0.0,0.0,0,0.0,16,500000,1.0,5955.125
exp3,43,35,0.22653061224489796,0.12857142857142856,1.0,0.0,0.0,0.0,0,0.0,16,500000,1.0,6201.125
exp3,43,36,0.22653061224489796,0.1408163265306122,1.0,0.0,0.0,0.0,0,0.0,16,500000,1.0,6406.5
exp3,43,37,0.22653061224489796,0.15306122448979592,1.0,0.0,0.0,0.0,0,0.0,16,500000,1.0,6370.6875
exp3,43,38,0.22653061224489796,0.16530612244897958,1.0,0.0,0.0,0.0,0,0.0,16,500000,1.0,6405.3125
exp3,43,39,0.22653061224489796,0.17755102040816323,1.0,0.0,0.0,0.0,0,0.0,16,500000,1.0,6516.125
exp3,43,40,0.22653061224489796,0.18979591836734694,1.0,0.0,0.0,0.0,0,0.0,16,500000,1.0,7108.6875
exp3,43,41,0.22653061224489796,0.20204081632653065,1.0,0.0,0.0,0.0,0,0.0,16,500000,1.0,7037.0625
exp3,43,42,0.22653061224489796,0.21428571428571425,1.0,0.0,0.0,0.0,0,0.0,16,500000,1.0,7370.75
exp3,43,43,0.22653061224489796,0.22653061224489796,1.0,0.0,0.0,0.0,0,0.0,16,500000,1.0,7373.125
exp3,43,44,0.22653061224489796,0.23877551020408166,1.0,0.0,0.0,0.0,0,0.0,16,500000,1.0,7613.5
exp3,43,45,0.22653061224489796,0.25102040816326526,1.0,0.0,0.0,0.0,0,0.0,16,500000,1.0,7610.8125
exp3,43,46,0.22653061224489796,0.26326530612244897,1.0,0.0,0.0,0.0,0,0.0,16,500000,1.0,7957.75
exp3,43,47,0.22653061224489796,0.2755102040816327,1.0,0.0,0.0,0.0,0,0.0,16,500000,1.0,8197.4375
exp3,43,48,0.22653061224489796,0.2877551020408163,1.0,0.0,0.0,0.0,0,0.0,16,500000,1.0,8752.625
exp3,43,49,0.22653061224489796,0.3,1.0,0.0,0.0,0.0,0,0.0,16,500000,1.0,9603.0
exp3,44,0,0.23877551020408166,-0.3,1.0,0.0,0.0,0.0,0,0.0,16,500000,1.0,3775.0625
exp3,44,1,0.23877551020408166,-0.28775510204081634,1.0,0.0,0.0,0.0,0,0.0,16,500000,1.0,3899.1875
exp3,44,2,0.23877551020408166,-0.2755102040816326,1.0,0.0,0.0,0.0,0,0.0,16,500000,1.0,3901.0625
exp3,44,3,0.23877551020408166,-0.26326530612244897,1.0,0.0,0.0,0.0,0,0.0,16,500000,1.0,3900.1875
exp3,44,4,0.23877551020408166,-0.2510204081632653,1.0,0.0,0.0,0.0,0,0.0,16,500000,1.0,3915.125
exp3,44,5,0.23877551020408166,-0.2387755102040816,1.0,0.0,0.0,0.0,0,0.0,16,500000,1.0,3925.875
exp3,44,6,0.23877551020408166,-0.22653061224489796,1.0,0.0,0.0,0.0,0,0.0,16,500000,1.0,3923.3125
exp3,44,7,0.23877551020408166,-0.21428571428571427,1.0,0.0,0.0,0.0,0,0.0,16,500000,1.0,3961.4375
exp3,44,8,0.23877551020408166,-0.2020408163265306,1.0,0.0,0.0,0.0,0,0.0,16,500000,1.0,3961.5
exp3,44,9,0.23877551020408166,-0.18979591836734694,1.0,0.0,0.0,0.0,0,0.0,16,500000,1.0,3967.5625
exp3,44,10,0.23877551020408166,-0.17755102040816326,1.0,0.0,0.0,0.0,0,0.0,16,500000,1.0,3971.0625
exp3,44,11,0.23877551020408166,-0.16530612244897958,1.0,0.0,0.0,0.0,0,0.0,16,500000,1.0,3974.4375
exp3,44,12,0.23877551020408166,-0.15306122448979592,1.0,0.0,0.0,0.0,0,0.0,16,500000,1.0,3981.3125
exp3,44,13,0.23877551020408166,-0.14081632653061224,1.0,0.0,0.0,0.0,0,0.0,16,500000,1.0,4006.875
exp3,44,14,0.23877551020408166,-0.12857142857142856,1.0,0.0,0.0,0.0,0,0.0,16,500000,1.0,4094.875
exp3,44,15,0.23877551020408166,-0.1163265306122449,1.0,0.0,0.0,0.0,0,0.0,16,500000,1.0,4095.0625
exp3,44,16,0.23877551020408166,-0.10408163265306122,1.0,0.0,0.0,0.0,0,0.0,16,500000,1.0,4223.5625
exp3,44,17,0.23877551020408166,-0.09183673469387754,1.0,0.0,0.0,0.0,0,0.0,16,500000,1.0,4323.4375
exp3,44,18,0.23877551020408166,-0.07959183673469389,1.0,0.0,0.0,0.0,0,0.0,16,500000,1.0,4350.0
exp3,44,19,0.23877551020408166,-0.0673469387755102,1.0,0.0,0.0,0.0,0,0.0,16,500000,1.0,4565.5
exp3,44,20,0.23877551020408166,-0.055102040816326525,1.0,0.0,0.0,0.0,0,0.0,16,500000,1.0,4565.5
exp3,44,21,0.23877551020408166,-0.04285714285714287,1.0,0.0,0.0,0.0,0,0.0,16,500000,1.0,4544.0
exp3,44,22,0.23877551020408166,-0.030612244897959162,1.0,0.0,0.0,0.0,0,0.0,16,500000,1.0,4695.8125
exp3,44,23,0.23877551020408166,-0.01836734693877551,1.0,0.0,0.0,0.0,0,0.0,16,500000,1.0,4777.6875
exp3,44,24,0.23877551020408166,-0.006122448979591855,1.0,0.0,0.0,0.0,0,0.0,16,500000,1.0,4808.0
exp3,44,25,0.23877551020408166,0.006122448979591855,1.0,0.0,0.0,0.0,0,0.0,16,500000,1.0,4788.4375
exp3,44,26,0.23877551020408166,0.01836734693877551,1.0,0.0,0.0,0.0,0,0.0,16,500000,1.0,4928.125
exp3,44,27,0.23877551020408166,0.030612244897959162,1.0,0.0,0.0,0.0,0,0.0,16,500000,1.0,4928.125
exp3,44,28,0.23877551020408166,0.04285714285714287,1.0,0.0,0.0,0.0,0,0.0,16,500000,1.0,4945.6875
exp3,44,29,0.23877551020408166,0.055102040816326525,1.0,0.0,0.0,0.0,0,0.0,16,500000,1.0,5041.0625
exp3,44,30,0.23877551020408166,0.06734693877551018,1.0,0.0,0.0,0.0,0,0.0,16,500000,1.0,5459.4375
exp3,44,31,0.23877551020408166,0.07959183673469389,1.0,0.0,0.0,0.0,0,0.0,16,500000,1.0,5645.375
exp3,44,32,0.23877551020408166,0.09183673469387754,1.0,0.0,0.0,0.0,0,0.0,16,500000,1.0,5686.9375
exp3,44,33,0.23877551020408166,0.1040816326530612,1.0,0.0,0.0,0.0,0,0.0,16,500000,1.0,5973.0625
exp3,44,34,0.23877551020408166,0.1163265306122449,1.0,0.0,0.0,0.0,0,0.0,16,500000,1.0,5973.4375
exp3,44,35,0.23877551020408166,0.12857142857142856,1.0,0.0,0.0,0.0,0,0.0,16,500000,1.0,6598.8125
exp3,44,36,0.23877551020408166,0.1408163265306122,1.0,0.0,0.0,0.0,0,0.0,16,500000,1.0,6608.25
exp3,44,37,0.23877551020408166,0.15306122448979592,1.0,0.0,0.0,0.0,0,0.0,16,500000,1.0,6607.625
exp3,44,38,0.23877551020408166,0.16530612244897958,1.0,0.0,0.0,0.0,0,0.0,16,500000,1.0,6600.1875
exp3,44,39,0.23877551020408166,0.17755102040816323,1.0,0.0,0.0,0.0,0,0.0,16,500000,1.0,6754.125
exp3,44,40,0.23877551020408166,0.18979591836734694,1.0,0.0,0.0,0.0,0,0.0,16,500000,1.0,7256.5625
exp3,44,41,0.23877551020408166,0.20204081632653065,1.0,0.0,0.0,0.0,0,0.0,16,500000,1.0,7306.375
exp3,44,42,0.23877551020408166,0.21428571428571425,1.0,0.0,0.0,0.0,0,0.0,16,500000,1.0,7456.0
exp3,44,43,0.23877551020408166,0.22653061224489796,1.0,0.0,0.0,0.0,0,0.0,16,500000,1.0,7572.625
exp3,44,44,0.23877551020408166,0.23877551020408166,1.0,0.0,0.0,0.0,0,0.0,16,500000,1.0,7767.0
exp3,44,45,0.23877551020408166,0.25102040816326526,1.0,0.0,0.0,0.0,0,0.0,16,500000,1.0,7713.9375
exp3,44,46,0.23877551020408166,0.26326530612244897,1.0,0.0,0.0,0.0,0,0.0,16,500000,1.0,7968.1875
exp3,44,47,0.23877551020408166,0.2755102040816327,1.0,0.0,0.0,0.0,0,0.0,16,500000,1.0,8201.625
exp3,44,48,0.23877551020408166,0.2877551020408163,1.0,0.0,0.0,0.0,0,0.0,16,500000,1.0,8692.6875
exp3,44,49,0.23877551020408166,0.3,1.0,0.0,0.0,0.0,0,0.0,16,500000,1.0,9858.75
exp3,45,0,0.25102040816326526,-0.3,1.0,0.0,0.0,0.0,0,0.0,16,500000,1.0,3810.4375
exp3,45,1,0.25102040816326526,-0.28775510204081634,1.0,0.0,0.0,0.0,0,0.0,16,500000,1.0,3928.0
exp3,45,2,0.25102040816326526,-0.2755102040816326,1.0,0.0,0.0,0.0,0,0.0,16,500000,1.0,3927.6875
exp3,45,3,0.25102040816326526,-0.26326530612244897,1.0,0.0,0.0,0.0,0,0.0,16,500000,1.0,3926.8125
exp3,45,4,0.25102040816326526,-0.2510204081632653,1.0,0.0,0.0,0.0,0,0.0,16,500000,1.0,3937.3125
exp3,45,5,0.25102040816326526,-0.2387755102040816,1.0,0.0,0.0,0.0,0,0.0,16,500000,1.0,3985.625
exp3,45,6,0.25102040816326526,-0.22653061224489796,1.0,0.0,0.0,0.0,0,0.0,16,500000,1.0,3988.8125
exp3,45,7,0.25102040816326526,-0.21428571428571427,1.0,0.0,0.0,0.0,0,0.0,16,500000,1.0,3999.3125
exp3,45,8,0.25102040816326526,-0.2020408163265306,1.0,0.0,0.0,0.0,0,0.0,16,500000,1.0,4015.625
exp3,45,9,0.25102040816326526,-0.18979591836734694,1.0,0.0,0.0,0.0,0,0.0,16,500000,1.0,4022.9375
exp3,45,10,0.25102040816326526,-0.17755102040816326,1.0,0.0,0.0,0.0,0,0.0,16,500000,1.0,4027.6875
exp3,45,11,0.25102040816326526,-0.16530612244897958,1.0,0.0,0.0,0.0,0,0.0,16,500000,1.0,4046.4375
exp3,45,12,0.25102040816326526,-0.15306122448979592,1.0,0.0,0.0,0.0,0,0.0,16,500000,1.0,4092.6875
exp3,45,13,0.25102040816326526,-0.14081632653061224,1.0,0.0,0.0,0.0,0,0.0,16,500000,1.0,4077.75
exp3,45,14,0.25102040816326526,-0.12857142857142856,1.0,0.0,0.0,0.0,0,0.0,16,500000,1.0,4165.75
exp3,45,15,0.25102040816326526,-0.1163265306122449,1.0,0.0,0.0,0.0,0,0.0,16,500000,1.0,4166.75
exp3,45,16,0.25102040816326526,-0.10408163265306122,1.0,0.0,0.0,0.0,0,0.0,16,500000,1.0,4276.125
exp3,45,17,0.25102040816326526,-0.09183673469387754,1.0,0.0,0.0,0.0,0,0.0,16,500000,1.0,4383.6875
exp3,45,18,0.25102040816326526,-0.07959183673469389,1.0,0.0,0.0,0.0,0,0.0,16,500000,1.0,4400.0625
exp3,45,19,0.25102040816326526,-0.0673469387755102,1.0,0.0,0.0,0.0,0,0.0,16,500000,1.0,4639.0625
exp3,45,20,0.25102040816326526,-0.055102040816326525,1.0,0.0,0.0,0.0,0,0.0,16,500000,1.0,4634.9375
exp3,45,21,0.25102040816326526,-0.04285714285714287,1.0,0.0,0.0,0.0,0,0.0,16,500000,1.0,4629.75
exp3,45,22,0.25102040816326526,-0.030612244897959162,1.0,0.0,0.0,0.0,0,0.0,16,500000,1.0,4788.8125
exp3,45,23,0.25102040816326526,-0.01836734693877551,1.0,0.0,0.0,0.0,0,0.0,16,500000,1.0,4864.875
exp3,45,24,0.25102040816326526,-0.006122448979591855,1.0,0.0,0.0,0.0,0,0.0,16,500000,1.0,4863.625
exp3,45,25,0.25102040816326526,0.006122448979591855,1.0,0.0,0.0,0.0,0,0.0,16,500000,1.0,4914.125
exp3,45,26,0.25102040816326526,0.01836734693877551,1.0,0.0,0.0,0.0,0,0.0,16,500000,1.0,4996.1875
exp3,45,27,0.25102040816326526,0.030612244897959162,1.0,0.0,0.0,0.0,0,0.0,16,500000,1.0,4984.0625
exp3,45,28,0.25102040816326526,0.04285714285714287,1.0,0.0,0.0,0.0,0,0.0,16,500000,1.0,5005.6875
exp3,45,29,0.25102040816326526,0.055102040816326525,1.0,0.0,0.0,0.0,0,0.0,16,500000,1.0,5096.1875
exp3,45,30,0.25102040816326526,0.06734693877551018,1.0,0.0,0.0,0.0,0,0.0,16,500000,1.0,5508.0
exp3,45,31,0.25102040816326526,0.07959183673469389,1.0,0.0,0.0,0.0,0,0.0,16,500000,1.0,5773.125
exp3,45,32,0.25102040816326526,0.09183673469387754,1.0,0.0,0.0,0.0,0,0.0,16,500000,1.0,5817.0625
exp3,45,33,0.25102040816326526,0.1040816326530612,1.0,0.0,0.0,0.0,0,0.0,16,500000,1.0,6086.625
exp3,45,34,0.25102040816326526,0.1163265306122449,1.0,0.0,0.0,0.0,0,0.0,16,500000,1.0,6089.9375
exp3,45,35,0.25102040816326526,0.12857142857142856,1.0,0.0,0.0,0.0,0,0.0,16,500000,1.0,6647.6875
exp3,45,36,0.25102040816326526,0.1408163265306122,1.0,0.0,0.0,0.0,0,0.0,16,500000,1.0,6658.375
exp3,45,37,0.25102040816326526,0.15306122448979592,1.0,0.0,0.0,0.0,0,0.0,16,500000,1.0,6701.0625
exp3,45,38,0.25102040816326526,0.16530612244897958,1.0,0.0,0.0,0.0,0,0.0,16,500000,1.0,6705.8125
exp3,45,39,0.25102040816326526,0.17755102040816323,1.0,0.0,0.0,0.0,0,0.0,16,500000,1.0,6844.0
exp3,45,40,0.25102040816326526,0.18979591836734694,1.0,0.0,0.0,0.0,0,0.0,16,500000,1.0,7350.8125
exp3,45,41,0.25102040816326526,0.20204081632653065,1.0,0.0,0.0,0.0,0,0.0,16,500000,1.0,7638.9375
exp3,45,42,0.25102040816326526,0.21428571428571425,1.0,0.0,0.0,0.0,0,0.0,16,500000,1.0,7662.125
exp3,45,43,0.25102040816326526,0.22653061224489796,1.0,0.0,0.0,0.0,0,0.0,16,500000,1.0,7771.5625
exp3,45,44,0.25102040816326526,0.23877551020408166,1.0,0.0,0.0,0.0,0,0.0,16,500000,1.0,7935.0625
exp3,45,45,0.25102040816326526,0.25102040816326526,1.0,0.0,0.0,0.0,0,0.0,16,500000,1.0,7700.875
exp3,45,46,0.25102040816326526,0.26326530612244897,1.0,0.0,0.0,0.0,0,0.0,16,500000,1.0,8020.4375
exp3,45,47,0.25102040816326526,0.2755102040816327,1.0,0.0,0.0,0.0,0,0.0,16,500000,1.0,8431.8125
exp3,45,48,0.25102040816326526,0.2877551020408163,1.0,0.0,0.0,0.0,0,0.0,16,500000,1.0,8881.8125
exp3,45,49,0.25102040816326526,0.3,1.0,0.0,0.0,0.0,0,0.0,16,500000,1.0,9769.3125
exp3,46,0,0.26326530612244897,-0.3,1.0,0.0,0.0,0.0,0,0.0,16,500000,1.0,3984.0
exp3,46,1,0.26326530612244897,-0.28775510204081634,1.0,0.0,0.0,0.0,0,0.0,16,500000,1.0,4070.1875
exp3,46,2,0.26326530612244897,-0.2755102040816326,1.0,0.0,0.0,0.0,0,0.0,16,500000,1.0,4266.1875
exp3,46,3,0.26326530612244897,-0.26326530612244897,1.0,0.0,0.0,0.0,0,0.0,16,500000,1.0,5352.5625
exp3,46,4,0.26326530612244897,-0.2510204081632653,1.0,0.0,0.0,0.0,0,0.0,16,500000,1.0,5325.9375
exp3,46,5,0.26326530612244897,-0.2387755102040816,1.0,0.0,0.0,0.0,0,0.0,16,500000,1.0,5382.0625
exp3,46,6,0.26326530612244897,-0.22653061224489796,1.0,0.0,0.0,0.0,0,0.0,16,500000,1.0,5385.25
exp3,46,7,0.26326530612244897,-0.21428571428571427,1.0,0.0,0.0,0.0,0,0.0,16,500000,1.0,5383.0625
exp3,46,8,0.26326530612244897,-0.2020408163265306,1.0,0.0,0.0,0.0,0,0.0,16,500000,1.0,5507.875
exp3,46,9,0.26326530612244897,-0.18979591836734694,1.0,0.0,0.0,0.0,0,0.0,16,500000,1.0,5518.6875
exp3,46,10,0.26326530612244897,-0.17755102040816326,1.0,0.0,0.0,0.0,0,0.0,16,500000,1.0,5522.1875
exp3,46,11,0.26326530612244897,-0.16530612244897958,1.0,0.0,0.0,0.0,0,0.0,16,500000,1.0,5536.6875
exp3,46,12,0.26326530612244897,-0.15306122448979592,1.0,0.0,0.0,0.0,0,0.0,16,500000,1.0,5582.6875
exp3,46,13,0.26326530612244897,-0.14081632653061224,1.0,0.0,0.0,0.0,0,0.0,16,500000,1.0,5585.0625
exp3,46,14,0.26326530612244897,-0.12857142857142856,1.0,0.0,0.0,0.0,0,0.0,16,500000,1.0,5586.125
exp3,46,15,0.26326530612244897,-0.1163265306122449,1.0,0.0,0.0,0.0,0,0.0,16,500000,1.0,5824.8125
exp3,46,16,0.26326530612244897,-0.10408163265306122,1.0,0.0,0.0,0.0,0,0.0,16,500000,1.0,5936.625
exp3,46,17,0.26326530612244897,-0.09183673469387754,1.0,0.0,0.0,0.0,0,0.0,16,500000,1.0,6040.875
exp3,46,18,0.26326530612244897,-0.07959183673469389,1.0,0.0,0.0,0.0,0,0.0,16,500000,1.0,6047.0625
exp3,46,19,0.26326530612244897,-0.0673469387755102,1.0,0.0,0.0,0.0,0,0.0,16,500000,1.0,6264.1875
exp3,46,20,0.26326530612244897,-0.055102040816326525,1.0,0.0,0.0,0.0,0,0.0,16,500000,1.0,6263.0625
exp3,46,21,0.26326530612244897,-0.04285714285714287,1.0,0.0,0.0,0.0,0,0.0,16,500000,1.0,6262.3125
exp3,46,22,0.26326530612244897,-0.030612244897959162,1.0,0.0,0.0,0.0,0,0.0,16,500000,1.0,6264.875
exp3,46,23,0.26326530612244897,-0.01836734693877551,1.0,0.0,0.0,0.0,0,0.0,16,500000,1.0,6381.8125
exp3,46,24,0.26326530612244897,-0.006122448979591855,1.0,0.0,0.0,0.0,0,0.0,16,500000,1.0,6382.0625
exp3,46,25,0.26326530612244897,0.006122448979591855,1.0,0.0,0.0,0.0,0,0.0,16,500000,1.0,6430.8125
exp3,46,26,0.26326530612244897,0.01836734693877551,1.0,0.0,0.0,0.0,0,0.0,16,500000,1.0,6534.75
exp3,46,27,0.26326530612244897,0.030612244897959162,1.0,0.0,0.0,0.0,0,0.0,16,500000,1.0,6534.75
exp3,46,28,0.26326530612244897,0.04285714285714287,1.0,0.0,0.0,0.0,0,0.0,16,500000,1.0,6538.4375
exp3,46,29,0.26326530612244897,0.055102040816326525,1.0,0.0,0.0,0.0,0,0.0,16,500000,1.0,6628.625
exp3,46,30,0.26326530612244897,0.06734693877551018,1.0,0.0,0.0,0.0,0,0.0,16,500000,1.0,6836.4375
exp3,46,31,0.26326530612244897,0.07959183673469389,1.0,0.0,0.0,0.0,0,0.0,16,500000,1.0,7101.875
exp3,46,32,0.26326530612244897,0.09183673469387754,1.0,0.0,0.0,0.0,0,0.0,16,500000,1.0,7110.0
exp3,46,33,0.26326530612244897,0.1040816326530612,1.0,0.0,0.0,0.0,0,0.0,16,500000,1.0,7362.5625
exp3,46,34,0.26326530612244897,0.1163265306122449,1.0,0.0,0.0,0.0,0,0.0,16,500000,1.0,7369.5625
exp3,46,35,0.26326530612244897,0.12857142857142856,1.0,0.0,0.0,0.0,0,0.0,16,500000,1.0,7910.75
exp3,46,36,0.26326530612244897,0.1408163265306122,1.0,0.0,0.0,0.0,0,0.0,16,500000,1.0,7920.1875
exp3,46,37,0.26326530612244897,0.15306122448979592,1.0,0.0,0.0,0.0,0,0.0,16,500000,1.0,8050.25
exp3,46,38,0.26326530612244897,0.16530612244897958,1.0,0.0,0.0,0.0,0,0.0,16,500000,1.0,8058.4375
exp3,46,39,0.26326530612244897,0.17755102040816323,1.0,0.0,0.0,0.0,0,0.0,16,500000,1.0,8058.4375
exp3,46,40,0.26326530612244897,0.18979591836734694,1.0,0.0,0.0,0.0,0,0.0,16,500000,1.0,8695.875
exp3,46,41,0.26326530612244897,0.20204081632653065,1.0,0.0,0.0,0.0,0,0.0,16,500000,1.0,8947.5625
exp3,46,42,0.26326530612244897,0.21428571428571425,1.0,0.0,0.0,0.0,0,0.0,16,500000,1.0,9028.625
exp3,46,43,0.26326530612244897,0.22653061224489796,1.0,0.0,0.0,0.0,0,0.0,16,500000,1.0,9219.625
exp3,46,44,0.26326530612244897,0.23877551020408166,1.0,0.0,0.0,0.0,0,0.0,16,500000,1.0,9439.4375
exp3,46,45,0.26326530612244897,0.25102040816326526,1.0,0.0,0.0,0.0,0,0.0,16,500000,1.0,9317.9375
exp3,46,46,0.26326530612244897,0.26326530612244897,1.0,0.0,0.0,0.0,0,0.0,16,500000,1.0,11798.25
exp3,46,47,0.26326530612244897,0.2755102040816327,1.0,0.0,0.0,0.0,0,0.0,16,500000,1.0,12108.25
exp3,46,48,0.26326530612244897,0.2877551020408163,1.0,0.0,0.0,0.0,0,0.0,16,500000,1.0,12250.125
exp3,46,49,0.26326530612244897,0.3,1.0,0.0,0.0,0.0,0,0.0,16,500000,1.0,14892.0625
exp3,47,0,0.2755102040816327,-0.3,1.0,0.0,0.0,0.0,0,0.0,16,500000,1.0,4265.1875
exp3,47,1,0.2755102040816327,-0.28775510204081634,1.0,0.0,0.0,0.0,0,0.0,16,500000,1.0,4184.0
exp3,47,2,0.2755102040816327,-0.2755102040816326,1.0,0.0,0.0,0.0,0,0.0,16,500000,1.0,4481.25
exp3,47,3,0.2755102040816327,-0.26326530612244897,1.0,0.0,0.0,0.0,0,0.0,16,500000,1.0,5566.75
exp3,47,4,0.2755102040816327,-0.2510204081632653,1.0,0.0,0.0,0.0,0,0.0,16,500000,1.0,5595.3125
exp3,47,5,0.2755102040816327,-0.2387755102040816,1.0,0.0,0.0,0.0,0,0.0,16,500000,1.0,5632.375
exp3,47,6,0.2755102040816327,-0.22653061224489796,1.0,0.0,0.0,0.0,0,0.0,16,500000,1.0,5632.0
exp3,47,7,0.2755102040816327,-0.21428571428571427,1.0,0.0,0.0,0.0,0,0.0,16,500000,1.0,5642.4375
exp3,47,8,0.2755102040816327,-0.2020408163265306,1.0,0.0,0.0,0.0,0,0.0,16,500000,1.0,5658.5
exp3,47,9,0.2755102040816327,-0.18979591836734694,1.0,0.0,0.0,0.0,0,0.0,16,500000,1.0,5669.75
exp3,47,10,0.2755102040816327,-0.17755102040816326,1.0,0.0,0.0,0.0,0,0.0,16,500000,1.0,5672.9375
exp3,47,11,0.2755102040816327,-0.16530612244897958,1.0,0.0,0.0,0.0,0,0.0,16,500000,1.0,5688.9375
exp3,47,12,0.2755102040816327,-0.15306122448979592,1.0,0.0,0.0,0.0,0,0.0,16,500000,1.0,5734.9375
exp3,47,13,0.2755102040816327,-0.14081632653061224,1.0,0.0,0.0,0.0,0,0.0,16,500000,1.0,5719.25
exp3,47,14,0.2755102040816327,-0.12857142857142856,1.0,0.0,0.0,0.0,0,0.0,16,500000,1.0,5719.25
exp3,47,15,0.2755102040816327,-0.1163265306122449,1.0,0.0,0.0,0.0,0,0.0,16,500000,1.0,5960.4375
exp3,47,16,0.2755102040816327,-0.10408163265306122,1.0,0.0,0.0,0.0,0,0.0,16,500000,1.0,6007.375
exp3,47,17,0.2755102040816327,-0.09183673469387754,1.0,0.0,0.0,0.0,0,0.0,16,500000,1.0,6297.0625
exp3,47,18,0.2755102040816327,-0.07959183673469389,1.0,0.0,0.0,0.0,0,0.0,16,500000,1.0,6297.0625
exp3,47,19,0.2755102040816327,-0.0673469387755102,1.0,0.0,0.0,0.0,0,0.0,16,500000,1.0,6521.9375
exp3,47,20,0.2755102040816327,-0.055102040816326525,1.0,0.0,0.0,0.0,0,0.0,16,500000,1.0,6625.0
exp3,47,21,0.2755102040816327,-0.04285714285714287,1.0,0.0,0.0,0.0,0,0.0,16,500000,1.0,6625.125
exp3,47,22,0.2755102040816327,-0.030612244897959162,1.0,0.0,0.0,0.0,0,0.0,16,500000,1.0,6719.625
exp3,47,23,0.2755102040816327,-0.01836734693877551,1.0,0.0,0.0,0.0,0,0.0,16,500000,1.0,6719.625
exp3,47,24,0.2755102040816327,-0.006122448979591855,1.0,0.0,0.0,0.0,0,0.0,16,500000,1.0,6802.75
exp3,47,25,0.2755102040816327,0.006122448979591855,1.0,0.0,0.0,0.0,0,0.0,16,500000,1.0,6941.75
exp3,47,26,0.2755102040816327,0.01836734693877551,1.0,0.0,0.0,0.0,0,0.0,16,500000,1.0,6942.6875
exp3,47,27,0.2755102040816327,0.030612244897959162,1.0,0.0,0.0,0.0,0,0.0,16,500000,1.0,7012.1875
exp3,47,28,0.2755102040816327,0.04285714285714287,1.0,0.0,0.0,0.0,0,0.0,16,500000,1.0,7010.1875
exp3,47,29,0.2755102040816327,0.055102040816326525,1.0,0.0,0.0,0.0,0,0.0,16,500000,1.0,7057.6875
exp3,47,30,0.2755102040816327,0.06734693877551018,1.0,0.0,0.0,0.0,0,0.0,16,500000,1.0,7275.4375
exp3,47,31,0.2755102040816327,0.07959183673469389,1.0,0.0,0.0,0.0,0,0.0,16,500000,1.0,7541.625
exp3,47,32,0.2755102040816327,0.09183673469387754,1.0,0.0,0.0,0.0,0,0.0,16,500000,1.0,7741.4375
exp3,47,33,0.2755102040816327,0.1040816326530612,1.0,0.0,0.0,0.0,0,0.0,16,500000,1.0,7744.875
exp3,47,34,0.2755102040816327,0.1163265306122449,1.0,0.0,0.0,0.0,0,0.0,16,500000,1.0,7714.8125
exp3,47,35,0.2755102040816327,0.12857142857142856,1.0,0.0,0.0,0.0,0,0.0,16,500000,1.0,8244.875
exp3,47,36,0.2755102040816327,0.1408163265306122,1.0,0.0,0.0,0.0,0,0.0,16,500000,1.0,8244.125
exp3,47,37,0.2755102040816327,0.15306122448979592,1.0,0.0,0.0,0.0,0,0.0,16,500000,1.0,8286.9375
exp3,47,38,0.2755102040816327,0.16530612244897958,1.0,0.0,0.0,0.0,0,0.0,16,500000,1.0,8407.25
exp3,47,39,0.2755102040816327,0.17755102040816323,1.0,0.0,0.0,0.0,0,0.0,16,500000,1.0,8406.8125
exp3,47,40,0.2755102040816327,0.18979591836734694,1.0,0.0,0.0,0.0,0,0.0,16,500000,1.0,8654.125
exp3,47,41,0.2755102040816327,0.20204081632653065,1.0,0.0,0.0,0.0,0,0.0,16,500000,1.0,9137.0625
exp3,47,42,0.2755102040816327,0.21428571428571425,1.0,0.0,0.0,0.0,0,0.0,16,500000,1.0,9190.875
exp3,47,43,0.2755102040816327,0.22653061224489796,1.0,0.0,0.0,0.0,0,0.0,16,500000,1.0,9619.25
exp3,47,44,0.2755102040816327,0.23877551020408166,1.0,0.0,0.0,0.0,0,0.0,16,500000,1.0,9808.0625
exp3,47,45,0.2755102040816327,0.25102040816326526,1.0,0.0,0.0,0.0,0,0.0,16,500000,1.0,9845.75
exp3,47,46,0.2755102040816327,0.26326530612244897,1.0,0.0,0.0,0.0,0,0.0,16,500000,1.0,12004.9375
exp3,47,47,0.2755102040816327,0.2755102040816327,1.0,0.0,0.0,0.0,0,0.0,16,500000,1.0,12125.8125
exp3,47,48,0.2755102040816327,0.2877551020408163,1.0,0.0,0.0,0.0,0,0.0,16,500000,1.0,13964.3125
exp3,47,49,0.2755102040816327,0.3,1.0,0.0,0.0,0.0,0,0.0,16,500000,1.0,14154.4375
exp3,48,0,0.2877551020408163,-0.3,1.0,0.0,0.0,0.0,0,0.0,16,500000,1.0,4391.0
exp3,48,1,0.2877551020408163,-0.28775510204081634,1.0,0.0,0.0,0.0,0,0.0,16,500000,1.0,4509.3125
exp3,48,2,0.2877551020408163,-0.2755102040816326,1.0,0.0,0.0,0.0,0,0.0,16,500000,1.0,4710.375
exp3,48,3,0.2877551020408163,-0.26326530612244897,1.0,0.0,0.0,0.0,0,0.0,16,500000,1.0,5797.0625
exp3,48,4,0.2877551020408163,-0.2510204081632653,1.0,0.0,0.0,0.0,0,0.0,16,500000,1.0,5784.875
exp3,48,5,0.2877551020408163,-0.2387755102040816,1.0,0.0,0.0,0.0,0,0.0,16,500000,1.0,5742.5625
exp3,48,6,0.2877551020408163,-0.22653061224489796,1.0,0.0,0.0,0.0,0,0.0,16,500000,1.0,5749.625
exp3,48,7,0.2877551020408163,-0.21428571428571427,1.0,0.0,0.0,0.0,0,0.0,16,500000,1.0,5809.5625
exp3,48,8,0.2877551020408163,-0.2020408163265306,1.0,0.0,0.0,0.0,0,0.0,16,500000,1.0,5772.0
exp3,48,9,0.2877551020408163,-0.18979591836734694,1.0,0.0,0.0,0.0,0,0.0,16,500000,1.0,5834.5625
exp3,48,10,0.2877551020408163,-0.17755102040816326,1.0,0.0,0.0,0.0,0,0.0,16,500000,1.0,5830.625
exp3,48,11,0.2877551020408163,-0.16530612244897958,1.0,0.0,0.0,0.0,0,0.0,16,500000,1.0,5812.4375
exp3,48,12,0.2877551020408163,-0.15306122448979592,1.0,0.0,0.0,0.0,0,0.0,16,500000,1.0,5961.5
exp3,48,13,0.2877551020408163,-0.14081632653061224,1.0,0.0,0.0,0.0,0,0.0,16,500000,1.0,5979.5
exp3,48,14,0.2877551020408163,-0.12857142857142856,1.0,0.0,0.0,0.0,0,0.0,16,500000,1.0,5979.5
exp3,48,15,0.2877551020408163,-0.1163265306122449,1.0,0.0,0.0,0.0,0,0.0,16,500000,1.0,6217.3125
exp3,48,16,0.2877551020408163,-0.10408163265306122,1.0,0.0,0.0,0.0,0,0.0,16,500000,1.0,6417.4375
exp3,48,17,0.2877551020408163,-0.09183673469387754,1.0,0.0,0.0,0.0,0,0.0,16,500000,1.0,6524.75
exp3,48,18,0.2877551020408163,-0.07959183673469389,1.0,0.0,0.0,0.0,0,0.0,16,500000,1.0,6505.625
exp3,48,19,0.2877551020408163,-0.0673469387755102,1.0,0.0,0.0,0.0,0,0.0,16,500000,1.0,6740.25
exp3,48,20,0.2877551020408163,-0.055102040816326525,1.0,0.0,0.0,0.0,0,0.0,16,500000,1.0,6811.25
exp3,48,21,0.2877551020408163,-0.04285714285714287,1.0,0.0,0.0,0.0,0,0.0,16,500000,1.0,7772.6875
exp3,48,22,0.2877551020408163,-0.030612244897959162,1.0,0.0,0.0,0.0,0,0.0,16,500000,1.0,7856.0
exp3,48,23,0.2877551020408163,-0.01836734693877551,1.0,0.0,0.0,0.0,0,0.0,16,500000,1.0,7856.0
exp3,48,24,0.2877551020408163,-0.006122448979591855,1.0,0.0,0.0,0.0,0,0.0,16,500000,1.0,7969.0625
exp3,48,25,0.2877551020408163,0.006122448979591855,1.0,0.0,0.0,0.0,0,0.0,16,500000,1.0,8076.125
exp3,48,26,0.2877551020408163,0.01836734693877551,1.0,0.0,0.0,0.0,0,0.0,16,500000,1.0,8076.125
exp3,48,27,0.2877551020408163,0.030612244897959162,1.0,0.0,0.0,0.0,0,0.0,16,500000,1.0,8332.0
exp3,48,28,0.2877551020408163,0.04285714285714287,1.0,0.0,0.0,0.0,0,0.0,16,500000,1.0,8348.0
exp3,48,29,0.2877551020408163,0.055102040816326525,1.0,0.0,0.0,0.0,0,0.0,16,500000,1.0,8624.0625
exp3,48,30,0.2877551020408163,0.06734693877551018,1.0,0.0,0.0,0.0,0,0.0,16,500000,1.0,8665.5
exp3,48,31,0.2877551020408163,0.07959183673469389,1.0,0.0,0.0,0.0,0,0.0,16,500000,1.0,9093.6875
exp3,48,32,0.2877551020408163,0.09183673469387754,1.0,0.0,0.0,0.0,0,0.0,16,500000,1.0,9295.3125
exp3,48,33,0.2877551020408163,0.1040816326530612,1.0,0.0,0.0,0.0,0,0.0,16,500000,1.0,9338.125
exp3,48,34,0.2877551020408163,0.1163265306122449,1.0,0.0,0.0,0.0,0,0.0,16,500000,1.0,9220.9375
exp3,48,35,0.2877551020408163,0.12857142857142856,1.0,0.0,0.0,0.0,0,0.0,16,500000,1.0,9494.125
exp3,48,36,0.2877551020408163,0.1408163265306122,1.0,0.0,0.0,0.0,0,0.0,16,500000,1.0,9493.375
exp3,48,37,0.2877551020408163,0.15306122448979592,1.0,0.0,0.0,0.0,0,0.0,16,500000,1.0,9506.125
exp3,48,38,0.2877551020408163,0.16530612244897958,1.0,0.0,0.0,0.0,0,0.0,16,500000,1.0,9618.875
exp3,48,39,0.2877551020408163,0.17755102040816323,1.0,0.0,0.0,0.0,0,0.0,16,500000,1.0,9651.4375
exp3,48,40,0.2877551020408163,0.18979591836734694,1.0,0.0,0.0,0.0,0,0.0,16,500000,1.0,10018.5
exp3,48,41,0.2877551020408163,0.20204081632653065,1.0,0.0,0.0,0.0,0,0.0,16,500000,1.0,10491.9375
exp3,48,42,0.2877551020408163,0.21428571428571425,1.0,0.0,0.0,0.0,0,0.0,16,500000,1.0,10527.5625
exp3,48,43,0.2877551020408163,0.22653061224489796,1.0,0.0,0.0,0.0,0,0.0,16,500000,1.0,11425.625
exp3,48,44,0.2877551020408163,0.23877551020408166,1.0,0.0,0.0,0.0,0,0.0,16,500000,1.0,11805.875
exp3,48,45,0.2877551020408163,0.25102040816326526,1.0,0.0,0.0,0.0,0,0.0,16,500000,1.0,10504.1875
exp3,48,46,0.2877551020408163,0.26326530612244897,1.0,0.0,0.0,0.0,0,0.0,16,500000,1.0,10716.25
exp3,48,47,0.2877551020408163,0.2755102040816327,1.0,0.0,0.0,0.0,0,0.0,16,500000,1.0,10738.875
exp3,48,48,0.2877551020408163,0.2877551020408163,1.0,0.0,0.0,0.0,0,0.0,16,500000,1.0,12761.0
exp3,48,49,0.2877551020408163,0.3,1.0,0.0,0.0,0.0,0,0.0,16,500000,1.0,13721.9375
exp3,49,0,0.3,-0.3,1.0,0.0,0.0,0.0,0,0.0,16,500000,1.0,4608.9375
exp3,49,1,0.3,-0.28775510204081634,1.0,0.0,0.0,0.0,0,0.0,16,500000,1.0,4664.75
exp3,49,2,0.3,-0.2755102040816326,1.0,0.0,0.0,0.0,0,0.0,16,500000,1.0,4899.625
exp3,49,3,0.3,-0.26326530612244897,1.0,0.0,0.0,0.0,0,0.0,16,500000,1.0,5966.3125
exp3,49,4,0.3,-0.2510204081632653,1.0,0.0,0.0,0.0,0,0.0,16,500000,1.0,5938.5625
exp3,49,5,0.3,-0.2387755102040816,1.0,0.0,0.0,0.0,0,0.0,16,500000,1.0,6079.875
exp3,49,6,0.3,-0.22653061224489796,1.0,0.0,0.0,0.0,0,0.0,16,500000,1.0,6142.75
exp3,49,7,0.3,-0.21428571428571427,1.0,0.0,0.0,0.0,0,0.0,16,500000,1.0,6163.1875
exp3,49,8,0.3,-0.2020408163265306,1.0,0.0,0.0,0.0,0,0.0,16,500000,1.0,6085.75
exp3,49,9,0.3,-0.18979591836734694,1.0,0.0,0.0,0.0,0,0.0,16,500000,1.0,6252.8125
exp3,49,10,0.3,-0.17755102040816326,1.0,0.0,0.0,0.0,0,0.0,16,500000,1.0,6253.4375
exp3,49,11,0.3,-0.16530612244897958,1.0,0.0,0.0,0.0,0,0.0,16,500000,1.0,6265.0625
exp3,49,12,0.3,-0.15306122448979592,1.0,0.0,0.0,0.0,0,0.0,16,500000,1.0,6265.375
exp3,49,13,0.3,-0.14081632653061224,1.0,0.0,0.0,0.0,0,0.0,16,500000,1.0,6313.0625
exp3,49,14,0.3,-0.12857142857142856,1.0,0.0,0.0,0.0,0,0.0,16,500000,1.0,6349.3125
exp3,49,15,0.3,-0.1163265306122449,1.0,0.0,0.0,0.0,0,0.0,16,500000,1.0,6587.0
exp3,49,16,0.3,-0.10408163265306122,1.0,0.0,0.0,0.0,0,0.0,16,500000,1.0,7148.8125
exp3,49,17,0.3,-0.09183673469387754,1.0,0.0,0.0,0.0,0,0.0,16,500000,1.0,7230.875
exp3,49,18,0.3,-0.07959183673469389,1.0,0.0,0.0,0.0,0,0.0,16,500000,1.0,7239.375
exp3,49,19,0.3,-0.0673469387755102,1.0,0.0,0.0,0.0,0,0.0,16,500000,1.0,7332.4375
exp3,49,20,0.3,-0.055102040816326525,1.0,0.0,0.0,0.0,0,0.0,16,500000,1.0,7296.875
exp3,49,21,0.3,-0.04285714285714287,1.0,0.0,0.0,0.0,0,0.0,16,500000,1.0,7296.875
exp3,49,22,0.3,-0.030612244897959162,1.0,0.0,0.0,0.0,0,0.0,16,500000,1.0,7307.9375
exp3,49,23,0.3,-0.01836734693877551,1.0,0.0,0.0,0.0,0,0.0,16,500000,1.0,7306.5
exp3,49,24,0.3,-0.006122448979591855,1.0,0.0,0.0,0.0,0,0.0,16,500000,1.0,7306.875
exp3,49,25,0.3,0.006122448979591855,1.0,0.0,0.0,0.0,0,0.0,16,500000,1.0,7440.5
exp3,49,26,0.3,0.01836734693877551,1.0,0.0,0.0,0.0,0,0.0,16,500000,1.0,7460.9375
exp3,49,27,0.3,0.030612244897959162,1.0,0.0,0.0,0.0,0,0.0,16,500000,1.0,7723.25
exp3,49,28,0.3,0.04285714285714287,1.0,0.0,0.0,0.0,0,0.0,16,500000,1.0,7725.0
exp3,49,29,0.3,0.055102040816326525,1.0,0.0,0.0,0.0,0,0.0,16,500000,1.0,8597.1875
exp3,49,30,0.3,0.06734693877551018,1.0,0.0,0.0,0.0,0,0.0,16,500000,1.0,8810.125
exp3,49,31,0.3,0.07959183673469389,1.0,0.0,0.0,0.0,0,0.0,16,500000,1.0,8809.75
exp3,49,32,0.3,0.09183673469387754,1.0,0.0,0.0,0.0,0,0.0,16,500000,1.0,8891.75
exp3,49,33,0.3,0.1040816326530612,1.0,0.0,0.0,0.0,0,0.0,16,500000,1.0,8948.4375
exp3,49,34,0.3,0.1163265306122449,1.0,0.0,0.0,0.0,0,0.0,16,500000,1.0,9040.3125
exp3,49,35,0.3,0.12857142857142856,1.0,0.0,0.0,0.0,0,0.0,16,500000,1.0,9081.1875
exp3,49,36,0.3,0.1408163265306122,1.0,0.0,0.0,0.0,0,0.0,16,500000,1.0,9228.125
exp3,49,37,0.3,0.15306122448979592,1.0,0.0,0.0,0.0,0,0.0,16,500000,1.0,9253.1875
exp3,49,38,0.3,0.16530612244897958,1.0,0.0,0.0,0.0,0,0.0,16,500000,1.0,9348.0625
exp3,49,39,0.3,0.17755102040816323,1.0,0.0,0.0,0.0,0,0.0,16,500000,1.0,9447.0
exp3,49,40,0.3,0.18979591836734694,1.0,0.0,0.0,0.0,0,0.0,16,500000,1.0,9632.375
exp3,49,41,0.3,0.20204081632653065,1.0,0.0,0.0,0.0,0,0.0,16,500000,1.0,9854.75
exp3,49,42,0.3,0.21428571428571425,1.0,0.0,0.0,0.0,0,0.0,16,500000,1.0,10041.5
exp3,49,43,0.3,0.22653061224489796,1.0,0.0,0.0,0.0,0,0.0,16,500000,1.0,10610.4375
exp3,49,44,0.3,0.23877551020408166,1.0,0.0,0.0,0.0,0,0.0,16,500000,1.0,10986.5
exp3,49,45,0.3,0.25102040816326526,1.0,0.0,0.0,0.0,0,0.0,16,500000,1.0,11548.8125
exp3,49,46,0.3,0.26326530612244897,1.0,0.0,0.0,0.0,0,0.0,16,500000,1.0,11471.9375
exp3,49,47,0.3,0.2755102040816327,1.0,0.0,0.0,0.0,0,0.0,16,500000,1.0,11407.4375
exp3,49,48,0.3,0.2877551020408163,1.0,0.0,0.0,0.0,0,0.0,16,500000,1.0,12169.0
exp3,49,49,0.3,0.3,1.0,0.0,0.0,0.0,0,0.0,16,500000,1.0,13048.375
