policy,grid_i,grid_j,stage_k,fraction_estimated_contrast_positive,median_estimated_contrast,fraction_discrepancy_nonnegative,median_global_contrast,median_discrepancy
epsilon_greedy,0,0,1,1.0,1.0000390007380793,0.625,0.99997,5.40007380789298e-05
epsilon_greedy,0,0,2,0.78125,0.25001200021001846,0.5625,0.25001625000000005,2.5029699501910585e-07
epsilon_greedy,0,1,1,1.0,1.0000270011640875,0.53125,0.999967,4.800116408754107e-05
epsilon_greedy,0,1,2,0.75,0.2500097501935201,0.5,0.250035,-2.4973598133914976e-07
epsilon_greedy,0,2,1,1.0,1.0000270011640875,0.53125,0.999967,4.800116408754107e-05
epsilon_greedy,0,2,2,0.75,0.2500097501935202,0.5,0.250035,-2.4973598133914976e-07
epsilon_greedy,0,3,1,1.0,1.0000270011640875,0.53125,0.999967,4.800116408754107e-05
epsilon_greedy,0,3,2,0.75,0.2500097501935202,0.5,0.250035,-2.4973598133914976e-07
epsilon_greedy,0,4,1,1.0,1.0000270011640875,0.53125,0.999967,4.800116408754107e-05
epsilon_greedy,0,4,2,0.75,0.2500097501935201,0.5,0.250035,-2.4973598133914976e-07
epsilon_greedy,0,5,1,1.0,1.0000270011640875,0.53125,0.999967,4.800116408754107e-05
epsilon_greedy,0,5,2,0.75,0.2500097501935201,0.5,0.250035,-2.4973598133914976e-07
epsilon_greedy,0,6,1,1.0,1.0000270011640875,0.53125,0.999967,4.800116408754107e-05
epsilon_greedy,0,6,2,0.75,0.2500097501935201,0.5,0.250035,-2.4973598133914976e-07
epsilon_greedy,0,7,1,1.0,1.0000270011640875,0.53125,0.999967,4.800116408754107e-05
epsilon_greedy,0,7,2,0.75,0.2500097501935201,0.5,0.250035,-2.4973598133914976e-07
epsilon_greedy,0,8,1,1.0,1.0000270011640875,0.53125,0.999967,4.800116408754107e-05
epsilon_greedy,0,8,2,0.75,0.2500097501935201,0.5,0.250035,-2.4973598133914976e-07
epsilon_greedy,0,9,1,1.0,1.0000270011640875,0.53125,0.999967,4.800116408754107e-05
epsilon_greedy,0,9,2,0.75,0.2500097501935201,0.5,0.250035,-2.4973598133914976e-07
epsilon_greedy,0,10,1,1.0,1.0000270011640875,0.53125,0.999967,4.800116408754107e-05
epsilon_greedy,0,10,2,0.75,0.2500097501935201,0.5,0.250035,-2.4973598133914976e-07
epsilon_greedy,0,11,1,1.0,1.0000270011640875,0.53125,0.999967,4.800116408754107e-05
epsilon_greedy,0,11,2,0.75,0.2500097501935202,0.5,0.250035,-2.4973598133914976e-07
epsilon_greedy,0,12,1,1.0,1.0000270011640875,0.53125,0.999967,4.800116408754107e-05
epsilon_greedy,0,12,2,0.75,0.2500097501935202,0.5,0.250035,-2.4973598133914976e-07
epsilon_greedy,0,13,1,1.0,1.0000270011640875,0.53125,0.999967,4.800116408754107e-05
epsilon_greedy,0,13,2,0.75,0.2500097501935201,0.5,0.250035,-2.4973598133914976e-07
epsilon_greedy,0,14,1,1.0,1.0000270011640875,0.53125,0.999967,4.800116408754107e-05
epsilon_greedy,0,14,2,0.75,0.2500097501935201,0.5,0.250035,-2.4973598133914976e-07
epsilon_greedy,0,15,1,1.0,1.0000270011640875,0.53125,0.999967,4.800116408754107e-05
epsilon_greedy,0,15,2,0.75,0.2500097501935201,0.5,0.250035,-2.4973598133914976e-07
epsilon_greedy,0,16,1,1.0,1.0000270011640875,0.53125,0.999967,4.800116408754107e-05
epsilon_greedy,0,16,2,0.75,0.2500097501935201,0.5,0.250035,-2.4973598133914976e-07
epsilon_greedy,0,17,1,1.0,1.0000270011640875,0.53125,0.999967,4.800116408754107e-05
epsilon_greedy,0,17,2,0.75,0.2500097501935201,0.5,0.250035,-2.4973598133914976e-07
epsilon_greedy,0,18,1,1.0,1.0000270011640875,0.53125,0.999967,4.800116408754107e-05
epsilon_greedy,0,18,2,0.75,0.2500097501935201,0.5,0.250035,-2.4973598133914976e-07
epsilon_greedy,0,19,1,1.0,1.0000270011640875,0.53125,0.999967,4.800116408754107e-05
epsilon_greedy,0,19,2,0.75,0.2500097501935201,0.5,0.250035,-2.4973598133914976e-07
epsilon_greedy,0,20,1,1.0,1.0000270011640875,0.53125,0.999967,4.800116408754107e-05
epsilon_greedy,0,20,2,0.75,0.2500097501935202,0.5,0.250035,-2.4973598133914976e-07
epsilon_greedy,0,21,1,1.0,1.0000270011640875,0.53125,0.999967,4.800116408754107e-05
epsilon_greedy,0,21,2,0.75,0.2500097501935202,0.5,0.250035,-2.4973598133914976e-07
epsilon_greedy,0,22,1,1.0,1.0000270011640875,0.53125,0.999967,4.800116408754107e-05
epsilon_greedy,0,22,2,0.75,0.2500097501935201,0.5,0.250035,-2.4973598133914976e-07
epsilon_greedy,0,23,1,1.0,1.0000270011640875,0.53125,0.999967,4.800116408754107e-05
epsilon_greedy,0,23,2,0.75,0.2500097501935201,0.5,0.250035,-2.4973598133914976e-07
epsilon_greedy,0,24,1,1.0,1.0000270011640875,0.53125,0.999967,4.800116408754107e-05
epsilon_greedy,0,24,2,0.75,0.2500097501935201,0.5,0.250035,-2.4973598133914976e-07
epsilon_greedy,0,25,1,1.0,1.0000270011640875,0.53125,0.999967,4.800116408754107e-05
epsilon_greedy,0,25,2,0.75,0.2500097501935201,0.5,0.250035,-2.4973598133914976e-07
epsilon_greedy,0,26,1,1.0,1.0000270011640875,0.53125,0.999967,4.800116408754107e-05
epsilon_greedy,0,26,2,0.75,0.2500097501935201,0.5,0.250035,-2.4973598133914976e-07
epsilon_greedy,0,27,1,1.0,1.0000270011640875,0.53125,0.999967,4.800116408754107e-05
epsilon_greedy,0,27,2,0.75,0.2500097501935201,0.5,0.250035,-2.4973598133914976e-07
epsilon_greedy,0,28,1,1.0,1.0000270011640875,0.53125,0.999967,4.800116408754107e-05
epsilon_greedy,0,28,2,0.75,0.2500097501935201,0.5,0.250035,-2.4973598133914976e-07
epsilon_greedy,0,29,1,1.0,1.0000270011640875,0.53125,0.999967,4.800116408754107e-05
epsilon_greedy,0,29,2,0.75,0.2500097501935201,0.5,0.250035,-2.4973598133914976e-07
epsilon_greedy,0,30,1,1.0,1.0000270011640875,0.53125,0.999967,4.800116408754107e-05
epsilon_greedy,0,30,2,0.75,0.2500097501935201,0.5,0.250035,-2.4973598133914976e-07
epsilon_greedy,0,31,1,1.0,1.0000270011640875,0.53125,0.999967,4.800116408754107e-05
epsilon_greedy,0,31,2,0.75,0.2500097501935201,0.5,0.250035,-2.4973598133914976e-07
epsilon_greedy,0,32,1,1.0,1.0000270011640875,0.53125,0.999967,4.800116408754107e-05
epsilon_greedy,0,32,2,0.75,0.2500097501935201,0.5,0.250035,-2.4973598133914976e-07
epsilon_greedy,0,33,1,1.0,1.0000270011640875,0.53125,0.999967,4.800116408754107e-05
epsilon_greedy,0,33,2,0.75,0.2500097501935201,0.5,0.250035,-2.4973598133914976e-07
epsilon_greedy,0,34,1,1.0,1.0000270011640875,0.53125,0.999967,4.800116408754107e-05
epsilon_greedy,0,34,2,0.75,0.2500097501935201,0.5,0.250035,-2.4973598133914976e-07
epsilon_greedy,0,35,1,1.0,1.0000270011640875,0.53125,0.999967,4.800116408754107e-05
epsilon_greedy,0,35,2,0.75,0.2500097501935201,0.5,0.250035,-2.4973598133914976e-07
epsilon_greedy,0,36,1,1.0,1.0000270011640875,0.53125,0.999967,4.800116408754107e-05
epsilon_greedy,0,36,2,0.75,0.2500097501935201,0.5,0.250035,-2.4973598133914976e-07
epsilon_greedy,0,37,1,1.0,1.0000270011640875,0.53125,0.999967,4.800116408754107e-05
epsilon_greedy,0,37,2,0.75,0.2500097501935201,0.5,0.250035,-2.4973598133914976e-07
epsilon_greedy,0,38,1,1.0,1.0000270011640875,0.53125,0.999967,4.800116408754107e-05
epsilon_greedy,0,38,2,0.75,0.2500097501935201,0.5,0.250035,-2.4973598133914976e-07
epsilon_greedy,0,39,1,1.0,1.0000270011640875,0.53125,0.999967,4.800116408754107e-05
epsilon_greedy,0,39,2,0.75,0.2500097501935201,0.5,0.250035,-2.4973598133914976e-07
epsilon_greedy,0,40,1,1.0,1.0000270011640875,0.53125,0.999967,4.800116408754107e-05
epsilon_greedy,0,40,2,0.75,0.2500097501935201,0.5,0.250035,-2.4973598133914976e-07
epsilon_greedy,0,41,1,1.0,1.0000270011640875,0.53125,0.999967,4.800116408754107e-05
epsilon_greedy,0,41,2,0.75,0.2500097501935201,0.5,0.250035,-2.4973598133914976e-07
epsilon_greedy,0,42,1,1.0,1.0000270011640875,0.53125,0.999967,4.800116408754107e-05
epsilon_greedy,0,42,2,0.75,0.2500097501935201,0.5,0.250035,-2.4973598133914976e-07
epsilon_greedy,0,43,1,1.0,1.0000270011640875,0.53125,0.999967,4.800116408754107e-05
epsilon_greedy,0,43,2,0.75,0.2500097501935201,0.5,0.250035,-2.4973598133914976e-07
epsilon_greedy,0,44,1,1.0,1.0000270011640875,0.53125,0.999967,4.800116408754107e-05
epsilon_greedy,0,44,2,0.75,0.2500097501935201,0.5,0.250035,-2.4973598133914976e-07
epsilon_greedy,0,45,1,1.0,1.0000270011640875,0.53125,0.999967,4.800116408754107e-05
epsilon_greedy,0,45,2,0.75,0.2500097501935201,0.5,0.250035,-2.4973598133914976e-07
epsilon_greedy,0,46,1,1.0,1.0000270011640875,0.53125,0.999967,4.800116408754107e-05
epsilon_greedy,0,46,2,0.75,0.2500097501935201,0.5,0.250035,-2.4973598133914976e-07
epsilon_greedy,0,47,1,1.0,1.0000270011640875,0.53125,0.999967,4.800116408754107e-05
epsilon_greedy,0,47,2,0.75,0.2500097501935201,0.5,0.250035,-2.4973598133914976e-07
epsilon_greedy,0,48,1,1.0,1.0000270011640875,0.53125,0.999967,4.800116408754107e-05
epsilon_greedy,0,48,2,0.75,0.2500097501935201,0.5,0.250035,-2.4973598133914976e-07
epsilon_greedy,0,49,1,1.0,1.0000390007740805,0.59375,0.999967,5.4000774080353864e-05
epsilon_greedy,0,49,2,0.75,0.2500105001995274,0.46875,0.2500184999999999,-4.997794716965487e-07
epsilon_greedy,1,0,1,1.0,1.0000390007380793,0.59375,0.999967,5.40007380789298e-05
epsilon_greedy,1,0,2,0.78125,0.2500135002700101,0.53125,0.25001675,2.655121678074579e-10
epsilon_greedy,1,1,1,1.0,0.9942423251770526,0.5,0.999964,-0.005712674822947461
epsilon_greedy,1,1,2,0.75,0.2500105002100276,0.46875,0.250035,-4.997899724079602e-07
epsilon_greedy,1,2,1,1.0,0.9942423251770526,0.5,0.999964,-0.005712674822947461
epsilon_greedy,1,2,2,0.75,0.25001050021002763,0.46875,0.250035,-4.99789972352449e-07
epsilon_greedy,1,3,1,1.0,0.9942423251770526,0.5,0.999964,-0.005712674822947461
epsilon_greedy,1,3,2,0.75,0.25001050021002763,0.46875,0.250035,-4.99789972352449e-07
epsilon_greedy,1,4,1,1.0,0.9942423251770526,0.5,0.999964,-0.005712674822947461
epsilon_greedy,1,4,2,0.75,0.2500105002100276,0.46875,0.250035,-4.997899724079602e-07
epsilon_greedy,1,5,1,1.0,0.9942423251770526,0.5,0.999964,-0.005712674822947461
epsilon_greedy,1,5,2,0.75,0.2500105002100276,0.46875,0.250035,-4.997899724079602e-07
epsilon_greedy,1,6,1,1.0,0.9942423251770526,0.5,0.999964,-0.005712674822947461
epsilon_greedy,1,6,2,0.75,0.2500105002100276,0.46875,0.250035,-4.997899724079602e-07
epsilon_greedy,1,7,1,1.0,0.9942423251770526,0.5,0.999964,-0.005712674822947461
epsilon_greedy,1,7,2,0.75,0.2500105002100276,0.46875,0.250035,-4.997899724079602e-07
epsilon_greedy,1,8,1,1.0,0.9942423251770526,0.5,0.999964,-0.005712674822947461
epsilon_greedy,1,8,2,0.75,0.2500105002100276,0.46875,0.250035,-4.997899724079602e-07
epsilon_greedy,1,9,1,1.0,0.9942423251770526,0.5,0.999964,-0.005712674822947461
epsilon_greedy,1,9,2,0.75,0.2500105002100276,0.46875,0.250035,-4.997899724079602e-07
epsilon_greedy,1,10,1,1.0,0.9942423251770526,0.5,0.999964,-0.005712674822947461
epsilon_greedy,1,10,2,0.75,0.2500105002100276,0.46875,0.250035,-4.997899724079602e-07
epsilon_greedy,1,11,1,1.0,0.9942423251770526,0.5,0.999964,-0.005712674822947461
epsilon_greedy,1,11,2,0.75,0.25001050021002763,0.46875,0.250035,-4.99789972352449e-07
epsilon_greedy,1,12,1,1.0,0.9942423251770526,0.5,0.999964,-0.005712674822947461
epsilon_greedy,1,12,2,0.75,0.25001050021002763,0.46875,0.250035,-4.99789972352449e-07
epsilon_greedy,1,13,1,1.0,0.9942423251770526,0.5,0.999964,-0.005712674822947461
epsilon_greedy,1,13,2,0.75,0.2500105002100276,0.46875,0.250035,-4.997899724079602e-07
epsilon_greedy,1,14,1,1.0,0.9942423251770526,0.5,0.999964,-0.005712674822947461
epsilon_greedy,1,14,2,0.75,0.2500105002100276,0.46875,0.250035,-4.997899724079602e-07
epsilon_greedy,1,15,1,1.0,0.9942423251770526,0.5,0.999964,-0.005712674822947461
epsilon_greedy,1,15,2,0.75,0.2500105002100276,0.46875,0.250035,-4.997899724079602e-07
epsilon_greedy,1,16,1,1.0,0.9942423251770526,0.5,0.999964,-0.005712674822947461
epsilon_greedy,1,16,2,0.75,0.2500105002100276,0.46875,0.250035,-4.997899724079602e-07
epsilon_greedy,1,17,1,1.0,0.9942423251770526,0.5,0.999964,-0.005712674822947461
epsilon_greedy,1,17,2,0.75,0.2500105002100276,0.46875,0.250035,-4.997899724079602e-07
epsilon_greedy,1,18,1,1.0,0.9942423251770526,0.5,0.999964,-0.005712674822947461
epsilon_greedy,1,18,2,0.75,0.2500105002100276,0.46875,0.250035,-4.997899724079602e-07
epsilon_greedy,1,19,1,1.0,0.9942423251770526,0.5,0.999964,-0.005712674822947461
epsilon_greedy,1,19,2,0.75,0.2500105002100276,0.46875,0.250035,-4.997899724079602e-07
epsilon_greedy,1,20,1,1.0,0.9942423251770526,0.5,0.999964,-0.005712674822947461
epsilon_greedy,1,20,2,0.75,0.25001050021002763,0.46875,0.250035,-4.99789972352449e-07
epsilon_greedy,1,21,1,1.0,0.9942423251770526,0.5,0.999964,-0.005712674822947461
epsilon_greedy,1,21,2,0.75,0.25001050021002763,0.46875,0.250035,-4.99789972352449e-07
epsilon_greedy,1,22,1,1.0,0.9942423251770526,0.5,0.999964,-0.005712674822947461
epsilon_greedy,1,22,2,0.75,0.2500105002100276,0.46875,0.250035,-4.997899724079602e-07
epsilon_greedy,1,23,1,1.0,0.9942423251770526,0.5,0.999964,-0.005712674822947461
epsilon_greedy,1,23,2,0.75,0.2500105002100276,0.46875,0.250035,-4.997899724079602e-07
epsilon_greedy,1,24,1,1.0,0.9942423251770526,0.5,0.999964,-0.005712674822947461
epsilon_greedy,1,24,2,0.75,0.2500105002100276,0.46875,0.250035,-4.997899724079602e-07
epsilon_greedy,1,25,1,1.0,0.9942423251770526,0.5,0.999964,-0.005712674822947461
epsilon_greedy,1,25,2,0.75,0.2500105002100276,0.46875,0.250035,-4.997899724079602e-07
epsilon_greedy,1,26,1,1.0,0.9942423251770526,0.5,0.999964,-0.005712674822947461
epsilon_greedy,1,26,2,0.75,0.2500105002100276,0.46875,0.250035,-4.997899724079602e-07
epsilon_greedy,1,27,1,1.0,0.9942423251770526,0.5,0.999964,-0.005712674822947461
epsilon_greedy,1,27,2,0.75,0.2500105002100276,0.46875,0.250035,-4.997899724079602e-07
epsilon_greedy,1,28,1,1.0,0.9942423251770526,0.5,0.999964,-0.005712674822947461
epsilon_greedy,1,28,2,0.75,0.2500105002100276,0.46875,0.250035,-4.997899724079602e-07
epsilon_greedy,1,29,1,1.0,0.9942423251770526,0.5,0.999964,-0.005712674822947461
epsilon_greedy,1,29,2,0.75,0.2500105002100276,0.46875,0.250035,-4.997899724079602e-07
epsilon_greedy,1,30,1,1.0,0.9942423251770526,0.5,0.999964,-0.005712674822947461
epsilon_greedy,1,30,2,0.75,0.2500105002100276,0.46875,0.250035,-4.997899724079602e-07
epsilon_greedy,1,31,1,1.0,0.9942423251770526,0.5,0.999964,-0.005712674822947461
epsilon_greedy,1,31,2,0.75,0.2500105002100276,0.46875,0.250035,-4.997899724079602e-07
epsilon_greedy,1,32,1,1.0,0.9942423251770526,0.5,0.999964,-0.005712674822947461
epsilon_greedy,1,32,2,0.75,0.2500105002100276,0.46875,0.250035,-4.997899724079602e-07
epsilon_greedy,1,33,1,1.0,0.9942423251770526,0.5,0.999964,-0.005712674822947461
epsilon_greedy,1,33,2,0.75,0.2500105002100276,0.46875,0.250035,-4.997899724079602e-07
epsilon_greedy,1,34,1,1.0,0.9942423251770526,0.5,0.999964,-0.005712674822947461
epsilon_greedy,1,34,2,0.75,0.2500105002100276,0.46875,0.250035,-4.997899724079602e-07
epsilon_greedy,1,35,1,1.0,0.9942423251770526,0.5,0.999964,-0.005712674822947461
epsilon_greedy,1,35,2,0.75,0.2500105002100276,0.46875,0.250035,-4.997899724079602e-07
epsilon_greedy,1,36,1,1.0,0.9942423251770526,0.5,0.999964,-0.005712674822947461
epsilon_greedy,1,36,2,0.75,0.2500105002100276,0.46875,0.250035,-4.997899724079602e-07
epsilon_greedy,1,37,1,1.0,0.9942423251770526,0.5,0.999964,-0.005712674822947461
epsilon_greedy,1,37,2,0.75,0.2500105002100276,0.46875,0.250035,-4.997899724079602e-07
epsilon_greedy,1,38,1,1.0,0.9942423251770526,0.5,0.999964,-0.005712674822947461
epsilon_greedy,1,38,2,0.75,0.2500105002100276,0.46875,0.250035,-4.997899724079602e-07
epsilon_greedy,1,39,1,1.0,0.9942423251770526,0.5,0.999964,-0.005712674822947461
epsilon_greedy,1,39,2,0.75,0.2500105002100276,0.46875,0.250035,-4.997899724079602e-07
epsilon_greedy,1,40,1,1.0,0.9942423251770526,0.5,0.999964,-0.005712674822947461
epsilon_greedy,1,40,2,0.75,0.2500105002100276,0.46875,0.250035,-4.997899724079602e-07
epsilon_greedy,1,41,1,1.0,0.9942423251770526,0.5,0.999964,-0.005712674822947461
epsilon_greedy,1,41,2,0.75,0.2500105002100276,0.46875,0.250035,-4.997899724079602e-07
epsilon_greedy,1,42,1,1.0,0.9942423251770526,0.5,0.999964,-0.005712674822947461
epsilon_greedy,1,42,2,0.75,0.2500105002100276,0.46875,0.250035,-4.997899724079602e-07
epsilon_greedy,1,43,1,1.0,0.9942423251770526,0.5,0.999964,-0.005712674822947461
epsilon_greedy,1,43,2,0.75,0.2500105002100276,0.46875,0.250035,-4.997899724079602e-07
epsilon_greedy,1,44,1,1.0,0.9942423251770526,0.5,0.999964,-0.005712674822947461
epsilon_greedy,1,44,2,0.75,0.2500105002100276,0.46875,0.250035,-4.997899724079602e-07
epsilon_greedy,1,45,1,1.0,0.9942423251770526,0.5,0.999964,-0.005712674822947461
epsilon_greedy,1,45,2,0.75,0.2500105002100276,0.46875,0.250035,-4.997899724079602e-07
epsilon_greedy,1,46,1,1.0,0.9942423251770526,0.5,0.999964,-0.005712674822947461
epsilon_greedy,1,46,2,0.75,0.2500105002100276,0.46875,0.250035,-4.997899724079602e-07
epsilon_greedy,1,47,1,1.0,0.9942423251770526,0.5,0.999964,-0.005712674822947461
epsilon_greedy,1,47,2,0.75,0.2500105002100276,0.46875,0.250035,-4.997899724079602e-07
epsilon_greedy,1,48,1,1.0,0.9942423251770526,0.5,0.999964,-0.005712674822947461
epsilon_greedy,1,48,2,0.75,0.2500105002100276,0.46875,0.250035,-4.997899724079602e-07
epsilon_greedy,1,49,1,1.0,1.0000390007740805,0.5625,0.999964,5.4000774080353864e-05
epsilon_greedy,1,49,2,0.75,0.2500105002205283,0.4375,0.2500255,-4.998004725642602e-07
epsilon_greedy,2,0,1,1.0,1.0000390007380793,0.59375,0.999967,5.40007380789298e-05
epsilon_greedy,2,0,2,0.78125,0.2500135002700101,0.53125,0.25001675,2.655121678074579e-10
epsilon_greedy,2,1,1,1.0,0.9942423251770526,0.5,0.999964,-0.005712674822947461
epsilon_greedy,2,1,2,0.75,0.2500105002100276,0.46875,0.250035,-4.997899724079602e-07
epsilon_greedy,2,2,1,1.0,0.9942423251770526,0.5,0.999964,-0.005712674822947461
epsilon_greedy,2,2,2,0.75,0.25001050021002763,0.46875,0.250035,-4.99789972352449e-07
epsilon_greedy,2,3,1,1.0,0.9942423251770526,0.5,0.999964,-0.005712674822947461
epsilon_greedy,2,3,2,0.75,0.25001050021002763,0.46875,0.250035,-4.99789972352449e-07
epsilon_greedy,2,4,1,1.0,0.9942423251770526,0.5,0.999964,-0.005712674822947461
epsilon_greedy,2,4,2,0.75,0.2500105002100276,0.46875,0.250035,-4.997899724079602e-07
epsilon_greedy,2,5,1,1.0,0.9942423251770526,0.5,0.999964,-0.005712674822947461
epsilon_greedy,2,5,2,0.75,0.2500105002100276,0.46875,0.250035,-4.997899724079602e-07
epsilon_greedy,2,6,1,1.0,0.9942423251770526,0.5,0.999964,-0.005712674822947461
epsilon_greedy,2,6,2,0.75,0.2500105002100276,0.46875,0.250035,-4.997899724079602e-07
epsilon_greedy,2,7,1,1.0,0.9942423251770526,0.5,0.999964,-0.005712674822947461
epsilon_greedy,2,7,2,0.75,0.2500105002100276,0.46875,0.250035,-4.997899724079602e-07
epsilon_greedy,2,8,1,1.0,0.9942423251770526,0.5,0.999964,-0.005712674822947461
epsilon_greedy,2,8,2,0.75,0.2500105002100276,0.46875,0.250035,-4.997899724079602e-07
epsilon_greedy,2,9,1,1.0,0.9942423251770526,0.5,0.999964,-0.005712674822947461
epsilon_greedy,2,9,2,0.75,0.2500105002100276,0.46875,0.250035,-4.997899724079602e-07
epsilon_greedy,2,10,1,1.0,0.9942423251770526,0.5,0.999964,-0.005712674822947461
epsilon_greedy,2,10,2,0.75,0.2500105002100276,0.46875,0.250035,-4.997899724079602e-07
epsilon_greedy,2,11,1,1.0,0.9942423251770526,0.5,0.999964,-0.005712674822947461
epsilon_greedy,2,11,2,0.75,0.25001050021002763,0.46875,0.250035,-4.99789972352449e-07
epsilon_greedy,2,12,1,1.0,0.9942423251770526,0.5,0.999964,-0.005712674822947461
epsilon_greedy,2,12,2,0.75,0.25001050021002763,0.46875,0.250035,-4.99789972352449e-07
epsilon_greedy,2,13,1,1.0,0.9942423251770526,0.5,0.999964,-0.005712674822947461
epsilon_greedy,2,13,2,0.75,0.2500105002100276,0.46875,0.250035,-4.997899724079602e-07
epsilon_greedy,2,14,1,1.0,0.9942423251770526,0.5,0.999964,-0.005712674822947461
epsilon_greedy,2,14,2,0.75,0.2500105002100276,0.46875,0.250035,-4.997899724079602e-07
epsilon_greedy,2,15,1,1.0,0.9942423251770526,0.5,0.999964,-0.005712674822947461
epsilon_greedy,2,15,2,0.75,0.2500105002100276,0.46875,0.250035,-4.997899724079602e-07
epsilon_greedy,2,16,1,1.0,0.9942423251770526,0.5,0.999964,-0.005712674822947461
epsilon_greedy,2,16,2,0.75,0.2500105002100276,0.46875,0.250035,-4.997899724079602e-07
epsilon_greedy,2,17,1,1.0,0.9942423251770526,0.5,0.999964,-0.005712674822947461
epsilon_greedy,2,17,2,0.75,0.2500105002100276,0.46875,0.250035,-4.997899724079602e-07
epsilon_greedy,2,18,1,1.0,0.9942423251770526,0.5,0.999964,-0.005712674822947461
epsilon_greedy,2,18,2,0.75,0.2500105002100276,0.46875,0.250035,-4.997899724079602e-07
epsilon_greedy,2,19,1,1.0,0.9942423251770526,0.5,0.999964,-0.005712674822947461
epsilon_greedy,2,19,2,0.75,0.2500105002100276,0.46875,0.250035,-4.997899724079602e-07
epsilon_greedy,2,20,1,1.0,0.9942423251770526,0.5,0.999964,-0.005712674822947461
epsilon_greedy,2,20,2,0.75,0.25001050021002763,0.46875,0.250035,-4.99789972352449e-07
epsilon_greedy,2,21,1,1.0,0.9942423251770526,0.5,0.999964,-0.005712674822947461
epsilon_greedy,2,21,2,0.75,0.25001050021002763,0.46875,0.250035,-4.99789972352449e-07
epsilon_greedy,2,22,1,1.0,0.9942423251770526,0.5,0.999964,-0.005712674822947461
epsilon_greedy,2,22,2,0.75,0.2500105002100276,0.46875,0.250035,-4.997899724079602e-07
epsilon_greedy,2,23,1,1.0,0.9942423251770526,0.5,0.999964,-0.005712674822947461
epsilon_greedy,2,23,2,0.75,0.2500105002100276,0.46875,0.250035,-4.997899724079602e-07
epsilon_greedy,2,24,1,1.0,0.9942423251770526,0.5,0.999964,-0.005712674822947461
epsilon_greedy,2,24,2,0.75,0.2500105002100276,0.46875,0.250035,-4.997899724079602e-07
epsilon_greedy,2,25,1,1.0,0.9942423251770526,0.5,0.999964,-0.005712674822947461
epsilon_greedy,2,25,2,0.75,0.2500105002100276,0.46875,0.250035,-4.997899724079602e-07
epsilon_greedy,2,26,1,1.0,0.9942423251770526,0.5,0.999964,-0.005712674822947461
epsilon_greedy,2,26,2,0.75,0.2500105002100276,0.46875,0.250035,-4.997899724079602e-07
epsilon_greedy,2,27,1,1.0,0.9942423251770526,0.5,0.999964,-0.005712674822947461
epsilon_greedy,2,27,2,0.75,0.2500105002100276,0.46875,0.250035,-4.997899724079602e-07
epsilon_greedy,2,28,1,1.0,0.9942423251770526,0.5,0.999964,-0.005712674822947461
epsilon_greedy,2,28,2,0.75,0.2500105002100276,0.46875,0.250035,-4.997899724079602e-07
epsilon_greedy,2,29,1,1.0,0.9942423251770526,0.5,0.999964,-0.005712674822947461
epsilon_greedy,2,29,2,0.75,0.2500105002100276,0.46875,0.250035,-4.997899724079602e-07
epsilon_greedy,2,30,1,1.0,0.9942423251770526,0.5,0.999964,-0.005712674822947461
epsilon_greedy,2,30,2,0.75,0.2500105002100276,0.46875,0.250035,-4.997899724079602e-07
epsilon_greedy,2,31,1,1.0,0.9942423251770526,0.5,0.999964,-0.005712674822947461
epsilon_greedy,2,31,2,0.75,0.2500105002100276,0.46875,0.250035,-4.997899724079602e-07
epsilon_greedy,2,32,1,1.0,0.9942423251770526,0.5,0.999964,-0.005712674822947461
epsilon_greedy,2,32,2,0.75,0.2500105002100276,0.46875,0.250035,-4.997899724079602e-07
epsilon_greedy,2,33,1,1.0,0.9942423251770526,0.5,0.999964,-0.005712674822947461
epsilon_greedy,2,33,2,0.75,0.2500105002100276,0.46875,0.250035,-4.997899724079602e-07
epsilon_greedy,2,34,1,1.0,0.9942423251770526,0.5,0.999964,-0.005712674822947461
epsilon_greedy,2,34,2,0.75,0.2500105002100276,0.46875,0.250035,-4.997899724079602e-07
epsilon_greedy,2,35,1,1.0,0.9942423251770526,0.5,0.999964,-0.005712674822947461
epsilon_greedy,2,35,2,0.75,0.2500105002100276,0.46875,0.250035,-4.997899724079602e-07
epsilon_greedy,2,36,1,1.0,0.9942423251770526,0.5,0.999964,-0.005712674822947461
epsilon_greedy,2,36,2,0.75,0.2500105002100276,0.46875,0.250035,-4.997899724079602e-07
epsilon_greedy,2,37,1,1.0,0.9942423251770526,0.5,0.999964,-0.005712674822947461
epsilon_greedy,2,37,2,0.75,0.2500105002100276,0.46875,0.250035,-4.997899724079602e-07
epsilon_greedy,2,38,1,1.0,0.9942423251770526,0.5,0.999964,-0.005712674822947461
epsilon_greedy,2,38,2,0.75,0.2500105002100276,0.46875,0.250035,-4.997899724079602e-07
epsilon_greedy,2,39,1,1.0,0.9942423251770526,0.5,0.999964,-0.005712674822947461
epsilon_greedy,2,39,2,0.75,0.2500105002100276,0.46875,0.250035,-4.997899724079602e-07
epsilon_greedy,2,40,1,1.0,0.9942423251770526,0.5,0.999964,-0.005712674822947461
epsilon_greedy,2,40,2,0.75,0.2500105002100276,0.46875,0.250035,-4.997899724079602e-07
epsilon_greedy,2,41,1,1.0,0.9942423251770526,0.5,0.999964,-0.005712674822947461
epsilon_greedy,2,41,2,0.75,0.2500105002100276,0.46875,0.250035,-4.997899724079602e-07
epsilon_greedy,2,42,1,1.0,0.9942423251770526,0.5,0.999964,-0.005712674822947461
epsilon_greedy,2,42,2,0.75,0.2500105002100276,0.46875,0.250035,-4.997899724079602e-07
epsilon_greedy,2,43,1,1.0,0.9942423251770526,0.5,0.999964,-0.005712674822947461
epsilon_greedy,2,43,2,0.75,0.2500105002100276,0.46875,0.250035,-4.997899724079602e-07
epsilon_greedy,2,44,1,1.0,0.9942423251770526,0.5,0.999964,-0.005712674822947461
epsilon_greedy,2,44,2,0.75,0.2500105002100276,0.46875,0.250035,-4.997899724079602e-07
epsilon_greedy,2,45,1,1.0,0.9942423251770526,0.5,0.999964,-0.005712674822947461
epsilon_greedy,2,45,2,0.75,0.2500105002100276,0.46875,0.250035,-4.997899724079602e-07
epsilon_greedy,2,46,1,1.0,0.9942423251770526,0.5,0.999964,-0.005712674822947461
epsilon_greedy,2,46,2,0.75,0.2500105002100276,0.46875,0.250035,-4.997899724079602e-07
epsilon_greedy,2,47,1,1.0,0.9942423251770526,0.5,0.999964,-0.005712674822947461
epsilon_greedy,2,47,2,0.75,0.2500105002100276,0.46875,0.250035,-4.997899724079602e-07
epsilon_greedy,2,48,1,1.0,0.9942423251770526,0.5,0.999964,-0.005712674822947461
epsilon_greedy,2,48,2,0.75,0.2500105002100276,0.46875,0.250035,-4.997899724079602e-07
epsilon_greedy,2,49,1,1.0,1.0000390007740805,0.5625,0.999964,5.4000774080353864e-05
epsilon_greedy,2,49,2,0.75,0.2500105002205283,0.4375,0.2500255,-4.998004725642602e-07
epsilon_greedy,3,0,1,1.0,1.0000390007380793,0.59375,0.999967,5.40007380789298e-05
epsilon_greedy,3,0,2,0.78125,0.2500135002700101,0.53125,0.25001675,2.655121678074579e-10
epsilon_greedy,3,1,1,1.0,0.9942423251770526,0.5,0.999964,-0.005712674822947461
epsilon_greedy,3,1,2,0.75,0.2500105002100276,0.46875,0.250035,-4.997899724079602e-07
epsilon_greedy,3,2,1,1.0,0.9942423251770526,0.5,0.999964,-0.005712674822947461
epsilon_greedy,3,2,2,0.75,0.25001050021002763,0.46875,0.250035,-4.99789972352449e-07
epsilon_greedy,3,3,1,1.0,0.9942423251770526,0.5,0.999964,-0.005712674822947461
epsilon_greedy,3,3,2,0.75,0.25001050021002763,0.46875,0.250035,-4.99789972352449e-07
epsilon_greedy,3,4,1,1.0,0.9942423251770526,0.5,0.999964,-0.005712674822947461
epsilon_greedy,3,4,2,0.75,0.2500105002100276,0.46875,0.250035,-4.997899724079602e-07
epsilon_greedy,3,5,1,1.0,0.9942423251770526,0.5,0.999964,-0.005712674822947461
epsilon_greedy,3,5,2,0.75,0.2500105002100276,0.46875,0.250035,-4.997899724079602e-07
epsilon_greedy,3,6,1,1.0,0.9942423251770526,0.5,0.999964,-0.005712674822947461
epsilon_greedy,3,6,2,0.75,0.2500105002100276,0.46875,0.250035,-4.997899724079602e-07
epsilon_greedy,3,7,1,1.0,0.9942423251770526,0.5,0.999964,-0.005712674822947461
epsilon_greedy,3,7,2,0.75,0.2500105002100276,0.46875,0.250035,-4.997899724079602e-07
epsilon_greedy,3,8,1,1.0,0.9942423251770526,0.5,0.999964,-0.005712674822947461
epsilon_greedy,3,8,2,0.75,0.2500105002100276,0.46875,0.250035,-4.997899724079602e-07
epsilon_greedy,3,9,1,1.0,0.9942423251770526,0.5,0.999964,-0.005712674822947461
epsilon_greedy,3,9,2,0.75,0.2500105002100276,0.46875,0.250035,-4.997899724079602e-07
epsilon_greedy,3,10,1,1.0,0.9942423251770526,0.5,0.999964,-0.005712674822947461
epsilon_greedy,3,10,2,0.75,0.2500105002100276,0.46875,0.250035,-4.997899724079602e-07
epsilon_greedy,3,11,1,1.0,0.9942423251770526,0.5,0.999964,-0.005712674822947461
epsilon_greedy,3,11,2,0.75,0.25001050021002763,0.46875,0.250035,-4.99789972352449e-07
epsilon_greedy,3,12,1,1.0,0.9942423251770526,0.5,0.999964,-0.005712674822947461
epsilon_greedy,3,12,2,0.75,0.25001050021002763,0.46875,0.250035,-4.99789972352449e-07
epsilon_greedy,3,13,1,1.0,0.9942423251770526,0.5,0.999964,-0.005712674822947461
epsilon_greedy,3,13,2,0.75,0.2500105002100276,0.46875,0.250035,-4.997899724079602e-07
epsilon_greedy,3,14,1,1.0,0.9942423251770526,0.5,0.999964,-0.005712674822947461
epsilon_greedy,3,14,2,0.75,0.2500105002100276,0.46875,0.250035,-4.997899724079602e-07
epsilon_greedy,3,15,1,1.0,0.9942423251770526,0.5,0.999964,-0.005712674822947461
epsilon_greedy,3,15,2,0.75,0.2500105002100276,0.46875,0.250035,-4.997899724079602e-07
epsilon_greedy,3,16,1,1.0,0.9942423251770526,0.5,0.999964,-0.005712674822947461
epsilon_greedy,3,16,2,0.75,0.2500105002100276,0.46875,0.250035,-4.997899724079602e-07
epsilon_greedy,3,17,1,1.0,0.9942423251770526,0.5,0.999964,-0.005712674822947461
epsilon_greedy,3,17,2,0.75,0.2500105002100276,0.46875,0.250035,-4.997899724079602e-07
epsilon_greedy,3,18,1,1.0,0.9942423251770526,0.5,0.999964,-0.005712674822947461
epsilon_greedy,3,18,2,0.75,0.2500105002100276,0.46875,0.250035,-4.997899724079602e-07
epsilon_greedy,3,19,1,1.0,0.9942423251770526,0.5,0.999964,-0.005712674822947461
epsilon_greedy,3,19,2,0.75,0.2500105002100276,0.46875,0.250035,-4.997899724079602e-07
epsilon_greedy,3,20,1,1.0,0.9942423251770526,0.5,0.999964,-0.005712674822947461
epsilon_greedy,3,20,2,0.75,0.25001050021002763,0.46875,0.250035,-4.99789972352449e-07
epsilon_greedy,3,21,1,1.0,0.9942423251770526,0.5,0.999964,-0.005712674822947461
epsilon_greedy,3,21,2,0.75,0.25001050021002763,0.46875,0.250035,-4.99789972352449e-07
epsilon_greedy,3,22,1,1.0,0.9942423251770526,0.5,0.999964,-0.005712674822947461
epsilon_greedy,3,22,2,0.75,0.2500105002100276,0.46875,0.250035,-4.997899724079602e-07
epsilon_greedy,3,23,1,1.0,0.9942423251770526,0.5,0.999964,-0.005712674822947461
epsilon_greedy,3,23,2,0.75,0.2500105002100276,0.46875,0.250035,-4.997899724079602e-07
epsilon_greedy,3,24,1,1.0,0.9942423251770526,0.5,0.999964,-0.005712674822947461
epsilon_greedy,3,24,2,0.75,0.2500105002100276,0.46875,0.250035,-4.997899724079602e-07
epsilon_greedy,3,25,1,1.0,0.9942423251770526,0.5,0.999964,-0.005712674822947461
epsilon_greedy,3,25,2,0.75,0.2500105002100276,0.46875,0.250035,-4.997899724079602e-07
epsilon_greedy,3,26,1,1.0,0.9942423251770526,0.5,0.999964,-0.005712674822947461
epsilon_greedy,3,26,2,0.75,0.2500105002100276,0.46875,0.250035,-4.997899724079602e-07
epsilon_greedy,3,27,1,1.0,0.9942423251770526,0.5,0.999964,-0.005712674822947461
epsilon_greedy,3,27,2,0.75,0.2500105002100276,0.46875,0.250035,-4.997899724079602e-07
epsilon_greedy,3,28,1,1.0,0.9942423251770526,0.5,0.999964,-0.005712674822947461
epsilon_greedy,3,28,2,0.75,0.2500105002100276,0.46875,0.250035,-4.997899724079602e-07
epsilon_greedy,3,29,1,1.0,0.9942423251770526,0.5,0.999964,-0.005712674822947461
epsilon_greedy,3,29,2,0.75,0.2500105002100276,0.46875,0.250035,-4.997899724079602e-07
epsilon_greedy,3,30,1,1.0,0.9942423251770526,0.5,0.999964,-0.005712674822947461
epsilon_greedy,3,30,2,0.75,0.2500105002100276,0.46875,0.250035,-4.997899724079602e-07
epsilon_greedy,3,31,1,1.0,0.9942423251770526,0.5,0.999964,-0.005712674822947461
epsilon_greedy,3,31,2,0.75,0.2500105002100276,0.46875,0.250035,-4.997899724079602e-07
epsilon_greedy,3,32,1,1.0,0.9942423251770526,0.5,0.999964,-0.005712674822947461
epsilon_greedy,3,32,2,0.75,0.2500105002100276,0.46875,0.250035,-4.997899724079602e-07
epsilon_greedy,3,33,1,1.0,0.9942423251770526,0.5,0.999964,-0.005712674822947461
epsilon_greedy,3,33,2,0.75,0.2500105002100276,0.46875,0.250035,-4.997899724079602e-07
epsilon_greedy,3,34,1,1.0,0.9942423251770526,0.5,0.999964,-0.005712674822947461
epsilon_greedy,3,34,2,0.75,0.2500105002100276,0.46875,0.250035,-4.997899724079602e-07
epsilon_greedy,3,35,1,1.0,0.9942423251770526,0.5,0.999964,-0.005712674822947461
epsilon_greedy,3,35,2,0.75,0.2500105002100276,0.46875,0.250035,-4.997899724079602e-07
epsilon_greedy,3,36,1,1.0,0.9942423251770526,0.5,0.999964,-0.005712674822947461
epsilon_greedy,3,36,2,0.75,0.2500105002100276,0.46875,0.250035,-4.997899724079602e-07
epsilon_greedy,3,37,1,1.0,0.9942423251770526,0.5,0.999964,-0.005712674822947461
epsilon_greedy,3,37,2,0.75,0.2500105002100276,0.46875,0.250035,-4.997899724079602e-07
epsilon_greedy,3,38,1,1.0,0.9942423251770526,0.5,0.999964,-0.005712674822947461
epsilon_greedy,3,38,2,0.75,0.2500105002100276,0.46875,0.250035,-4.997899724079602e-07
epsilon_greedy,3,39,1,1.0,0.9942423251770526,0.5,0.999964,-0.005712674822947461
epsilon_greedy,3,39,2,0.75,0.2500105002100276,0.46875,0.250035,-4.997899724079602e-07
epsilon_greedy,3,40,1,1.0,0.9942423251770526,0.5,0.999964,-0.005712674822947461
epsilon_greedy,3,40,2,0.75,0.2500105002100276,0.46875,0.250035,-4.997899724079602e-07
epsilon_greedy,3,41,1,1.0,0.9942423251770526,0.5,0.999964,-0.005712674822947461
epsilon_greedy,3,41,2,0.75,0.2500105002100276,0.46875,0.250035,-4.997899724079602e-07
epsilon_greedy,3,42,1,1.0,0.9942423251770526,0.5,0.999964,-0.005712674822947461
epsilon_greedy,3,42,2,0.75,0.2500105002100276,0.46875,0.250035,-4.997899724079602e-07
epsilon_greedy,3,43,1,1.0,0.9942423251770526,0.5,0.999964,-0.005712674822947461
epsilon_greedy,3,43,2,0.75,0.2500105002100276,0.46875,0.250035,-4.997899724079602e-07
epsilon_greedy,3,44,1,1.0,0.9942423251770526,0.5,0.999964,-0.005712674822947461
epsilon_greedy,3,44,2,0.75,0.2500105002100276,0.46875,0.250035,-4.997899724079602e-07
epsilon_greedy,3,45,1,1.0,0.9942423251770526,0.5,0.999964,-0.005712674822947461
epsilon_greedy,3,45,2,0.75,0.2500105002100276,0.46875,0.250035,-4.997899724079602e-07
epsilon_greedy,3,46,1,1.0,0.9942423251770526,0.5,0.999964,-0.005712674822947461
epsilon_greedy,3,46,2,0.75,0.2500105002100276,0.46875,0.250035,-4.997899724079602e-07
epsilon_greedy,3,47,1,1.0,0.9942423251770526,0.5,0.999964,-0.005712674822947461
epsilon_greedy,3,47,2,0.75,0.2500105002100276,0.46875,0.250035,-4.997899724079602e-07
epsilon_greedy,3,48,1,1.0,0.9942423251770526,0.5,0.999964,-0.005712674822947461
epsilon_greedy,3,48,2,0.75,0.2500105002100276,0.46875,0.250035,-4.997899724079602e-07
epsilon_greedy,3,49,1,1.0,1.0000390007740805,0.5625,0.999964,5.4000774080353864e-05
epsilon_greedy,3,49,2,0.75,0.2500105002205283,0.4375,0.2500255,-4.998004725642602e-07
epsilon_greedy,4,0,1,1.0,1.0000390007380793,0.59375,0.999967,5.40007380789298e-05
epsilon_greedy,4,0,2,0.78125,0.2500135002700101,0.53125,0.25001675,2.655121678074579e-10
epsilon_greedy,4,1,1,1.0,0.9942423251770526,0.5,0.999964,-0.005712674822947461
epsilon_greedy,4,1,2,0.75,0.2500105002100276,0.46875,0.250035,-4.997899724079602e-07
epsilon_greedy,4,2,1,1.0,0.9942423251770526,0.5,0.999964,-0.005712674822947461
epsilon_greedy,4,2,2,0.75,0.25001050021002763,0.46875,0.250035,-4.99789972352449e-07
epsilon_greedy,4,3,1,1.0,0.9942423251770526,0.5,0.999964,-0.005712674822947461
epsilon_greedy,4,3,2,0.75,0.25001050021002763,0.46875,0.250035,-4.99789972352449e-07
epsilon_greedy,4,4,1,1.0,0.9942423251770526,0.5,0.999964,-0.005712674822947461
epsilon_greedy,4,4,2,0.75,0.2500105002100276,0.46875,0.250035,-4.997899724079602e-07
epsilon_greedy,4,5,1,1.0,0.9942423251770526,0.5,0.999964,-0.005712674822947461
epsilon_greedy,4,5,2,0.75,0.2500105002100276,0.46875,0.250035,-4.997899724079602e-07
epsilon_greedy,4,6,1,1.0,0.9942423251770526,0.5,0.999964,-0.005712674822947461
epsilon_greedy,4,6,2,0.75,0.2500105002100276,0.46875,0.250035,-4.997899724079602e-07
epsilon_greedy,4,7,1,1.0,0.9942423251770526,0.5,0.999964,-0.005712674822947461
epsilon_greedy,4,7,2,0.75,0.2500105002100276,0.46875,0.250035,-4.997899724079602e-07
epsilon_greedy,4,8,1,1.0,0.9942423251770526,0.5,0.999964,-0.005712674822947461
epsilon_greedy,4,8,2,0.75,0.2500105002100276,0.46875,0.250035,-4.997899724079602e-07
epsilon_greedy,4,9,1,1.0,0.9942423251770526,0.5,0.999964,-0.005712674822947461
epsilon_greedy,4,9,2,0.75,0.2500105002100276,0.46875,0.250035,-4.997899724079602e-07
epsilon_greedy,4,10,1,1.0,0.9942423251770526,0.5,0.999964,-0.005712674822947461
epsilon_greedy,4,10,2,0.75,0.2500105002100276,0.46875,0.250035,-4.997899724079602e-07
epsilon_greedy,4,11,1,1.0,0.9942423251770526,0.5,0.999964,-0.005712674822947461
epsilon_greedy,4,11,2,0.75,0.25001050021002763,0.46875,0.250035,-4.99789972352449e-07
epsilon_greedy,4,12,1,1.0,0.9942423251770526,0.5,0.999964,-0.005712674822947461
epsilon_greedy,4,12,2,0.75,0.25001050021002763,0.46875,0.250035,-4.99789972352449e-07
epsilon_greedy,4,13,1,1.0,0.9942423251770526,0.5,0.999964,-0.005712674822947461
epsilon_greedy,4,13,2,0.75,0.2500105002100276,0.46875,0.250035,-4.997899724079602e-07
epsilon_greedy,4,14,1,1.0,0.9942423251770526,0.5,0.999964,-0.005712674822947461
epsilon_greedy,4,14,2,0.75,0.2500105002100276,0.46875,0.250035,-4.997899724079602e-07
epsilon_greedy,4,15,1,1.0,0.9942423251770526,0.5,0.999964,-0.005712674822947461
epsilon_greedy,4,15,2,0.75,0.2500105002100276,0.46875,0.250035,-4.997899724079602e-07
epsilon_greedy,4,16,1,1.0,0.9942423251770526,0.5,0.999964,-0.005712674822947461
epsilon_greedy,4,16,2,0.75,0.2500105002100276,0.46875,0.250035,-4.997899724079602e-07
epsilon_greedy,4,17,1,1.0,0.9942423251770526,0.5,0.999964,-0.005712674822947461
epsilon_greedy,4,17,2,0.75,0.2500105002100276,0.46875,0.250035,-4.997899724079602e-07
epsilon_greedy,4,18,1,1.0,0.9942423251770526,0.5,0.999964,-0.005712674822947461
epsilon_greedy,4,18,2,0.75,0.2500105002100276,0.46875,0.250035,-4.997899724079602e-07
epsilon_greedy,4,19,1,1.0,0.9942423251770526,0.5,0.999964,-0.005712674822947461
epsilon_greedy,4,19,2,0.75,0.2500105002100276,0.46875,0.250035,-4.997899724079602e-07
epsilon_greedy,4,20,1,1.0,0.9942423251770526,0.5,0.999964,-0.005712674822947461
epsilon_greedy,4,20,2,0.75,0.25001050021002763,0.46875,0.250035,-4.99789972352449e-07
epsilon_greedy,4,21,1,1.0,0.9942423251770526,0.5,0.999964,-0.005712674822947461
epsilon_greedy,4,21,2,0.75,0.25001050021002763,0.46875,0.250035,-4.99789972352449e-07
epsilon_greedy,4,22,1,1.0,0.9942423251770526,0.5,0.999964,-0.005712674822947461
epsilon_greedy,4,22,2,0.75,0.2500105002100276,0.46875,0.250035,-4.997899724079602e-07
epsilon_greedy,4,23,1,1.0,0.9942423251770526,0.5,0.999964,-0.005712674822947461
epsilon_greedy,4,23,2,0.75,0.2500105002100276,0.46875,0.250035,-4.997899724079602e-07
epsilon_greedy,4,24,1,1.0,0.9942423251770526,0.5,0.999964,-0.005712674822947461
epsilon_greedy,4,24,2,0.75,0.2500105002100276,0.46875,0.250035,-4.997899724079602e-07
epsilon_greedy,4,25,1,1.0,0.9942423251770526,0.5,0.999964,-0.005712674822947461
epsilon_greedy,4,25,2,0.75,0.2500105002100276,0.46875,0.250035,-4.997899724079602e-07
epsilon_greedy,4,26,1,1.0,0.9942423251770526,0.5,0.999964,-0.005712674822947461
epsilon_greedy,4,26,2,0.75,0.2500105002100276,0.46875,0.250035,-4.997899724079602e-07
epsilon_greedy,4,27,1,1.0,0.9942423251770526,0.5,0.999964,-0.005712674822947461
epsilon_greedy,4,27,2,0.75,0.2500105002100276,0.46875,0.250035,-4.997899724079602e-07
epsilon_greedy,4,28,1,1.0,0.9942423251770526,0.5,0.999964,-0.005712674822947461
epsilon_greedy,4,28,2,0.75,0.2500105002100276,0.46875,0.250035,-4.997899724079602e-07
epsilon_greedy,4,29,1,1.0,0.9942423251770526,0.5,0.999964,-0.005712674822947461
epsilon_greedy,4,29,2,0.75,0.2500105002100276,0.46875,0.250035,-4.997899724079602e-07
epsilon_greedy,4,30,1,1.0,0.9942423251770526,0.5,0.999964,-0.005712674822947461
epsilon_greedy,4,30,2,0.75,0.2500105002100276,0.46875,0.250035,-4.997899724079602e-07
epsilon_greedy,4,31,1,1.0,0.9942423251770526,0.5,0.999964,-0.005712674822947461
epsilon_greedy,4,31,2,0.75,0.2500105002100276,0.46875,0.250035,-4.997899724079602e-07
epsilon_greedy,4,32,1,1.0,0.9942423251770526,0.5,0.999964,-0.005712674822947461
epsilon_greedy,4,32,2,0.75,0.2500105002100276,0.46875,0.250035,-4.997899724079602e-07
epsilon_greedy,4,33,1,1.0,0.9942423251770526,0.5,0.999964,-0.005712674822947461
epsilon_greedy,4,33,2,0.75,0.2500105002100276,0.46875,0.250035,-4.997899724079602e-07
epsilon_greedy,4,34,1,1.0,0.9942423251770526,0.5,0.999964,-0.005712674822947461
epsilon_greedy,4,34,2,0.75,0.2500105002100276,0.46875,0.250035,-4.997899724079602e-07
epsilon_greedy,4,35,1,1.0,0.9942423251770526,0.5,0.999964,-0.005712674822947461
epsilon_greedy,4,35,2,0.75,0.2500105002100276,0.46875,0.250035,-4.997899724079602e-07
epsilon_greedy,4,36,1,1.0,0.9942423251770526,0.5,0.999964,-0.005712674822947461
epsilon_greedy,4,36,2,0.75,0.2500105002100276,0.46875,0.250035,-4.997899724079602e-07
epsilon_greedy,4,37,1,1.0,0.9942423251770526,0.5,0.999964,-0.005712674822947461
epsilon_greedy,4,37,2,0.75,0.2500105002100276,0.46875,0.250035,-4.997899724079602e-07
epsilon_greedy,4,38,1,1.0,0.9942423251770526,0.5,0.999964,-0.005712674822947461
epsilon_greedy,4,38,2,0.75,0.2500105002100276,0.46875,0.250035,-4.997899724079602e-07
epsilon_greedy,4,39,1,1.0,0.9942423251770526,0.5,0.999964,-0.005712674822947461
epsilon_greedy,4,39,2,0.75,0.2500105002100276,0.46875,0.250035,-4.997899724079602e-07
epsilon_greedy,4,40,1,1.0,0.9942423251770526,0.5,0.999964,-0.005712674822947461
epsilon_greedy,4,40,2,0.75,0.2500105002100276,0.46875,0.250035,-4.997899724079602e-07
epsilon_greedy,4,41,1,1.0,0.9942423251770526,0.5,0.999964,-0.005712674822947461
epsilon_greedy,4,41,2,0.75,0.2500105002100276,0.46875,0.250035,-4.997899724079602e-07
epsilon_greedy,4,42,1,1.0,0.9942423251770526,0.5,0.999964,-0.005712674822947461
epsilon_greedy,4,42,2,0.75,0.2500105002100276,0.46875,0.250035,-4.997899724079602e-07
epsilon_greedy,4,43,1,1.0,0.9942423251770526,0.5,0.999964,-0.005712674822947461
epsilon_greedy,4,43,2,0.75,0.2500105002100276,0.46875,0.250035,-4.997899724079602e-07
epsilon_greedy,4,44,1,1.0,0.9942423251770526,0.5,0.999964,-0.005712674822947461
epsilon_greedy,4,44,2,0.75,0.2500105002100276,0.46875,0.250035,-4.997899724079602e-07
epsilon_greedy,4,45,1,1.0,0.9942423251770526,0.5,0.999964,-0.005712674822947461
epsilon_greedy,4,45,2,0.75,0.2500105002100276,0.46875,0.250035,-4.997899724079602e-07
epsilon_greedy,4,46,1,1.0,0.9942423251770526,0.5,0.999964,-0.005712674822947461
epsilon_greedy,4,46,2,0.75,0.2500105002100276,0.46875,0.250035,-4.997899724079602e-07
epsilon_greedy,4,47,1,1.0,0.9942423251770526,0.5,0.999964,-0.005712674822947461
epsilon_greedy,4,47,2,0.75,0.2500105002100276,0.46875,0.250035,-4.997899724079602e-07
epsilon_greedy,4,48,1,1.0,0.9942423251770526,0.5,0.999964,-0.005712674822947461
epsilon_greedy,4,48,2,0.75,0.2500105002100276,0.46875,0.250035,-4.997899724079602e-07
epsilon_greedy,4,49,1,1.0,1.0000390007740805,0.5625,0.999964,5.4000774080353864e-05
epsilon_greedy,4,49,2,0.75,0.2500105002205283,0.4375,0.2500255,-4.998004725642602e-07
epsilon_greedy,5,0,1,1.0,1.0000390007380793,0.59375,0.999967,5.40007380789298e-05
epsilon_greedy,5,0,2,0.78125,0.2500135002700101,0.53125,0.25001675,2.655121678074579e-10
epsilon_greedy,5,1,1,1.0,0.9942423251770526,0.5,0.999964,-0.005712674822947461
epsilon_greedy,5,1,2,0.75,0.2500105002100276,0.46875,0.250035,-4.997899724079602e-07
epsilon_greedy,5,2,1,1.0,0.9942423251770526,0.5,0.999964,-0.005712674822947461
epsilon_greedy,5,2,2,0.75,0.25001050021002763,0.46875,0.250035,-4.99789972352449e-07
epsilon_greedy,5,3,1,1.0,0.9942423251770526,0.5,0.999964,-0.005712674822947461
epsilon_greedy,5,3,2,0.75,0.25001050021002763,0.46875,0.250035,-4.99789972352449e-07
epsilon_greedy,5,4,1,1.0,0.9942423251770526,0.5,0.999964,-0.005712674822947461
epsilon_greedy,5,4,2,0.75,0.2500105002100276,0.46875,0.250035,-4.997899724079602e-07
epsilon_greedy,5,5,1,1.0,0.9942423251770526,0.5,0.999964,-0.005712674822947461
epsilon_greedy,5,5,2,0.75,0.2500105002100276,0.46875,0.250035,-4.997899724079602e-07
epsilon_greedy,5,6,1,1.0,0.9942423251770526,0.5,0.999964,-0.005712674822947461
epsilon_greedy,5,6,2,0.75,0.2500105002100276,0.46875,0.250035,-4.997899724079602e-07
epsilon_greedy,5,7,1,1.0,0.9942423251770526,0.5,0.999964,-0.005712674822947461
epsilon_greedy,5,7,2,0.75,0.2500105002100276,0.46875,0.250035,-4.997899724079602e-07
epsilon_greedy,5,8,1,1.0,0.9942423251770526,0.5,0.999964,-0.005712674822947461
epsilon_greedy,5,8,2,0.75,0.2500105002100276,0.46875,0.250035,-4.997899724079602e-07
epsilon_greedy,5,9,1,1.0,0.9942423251770526,0.5,0.999964,-0.005712674822947461
epsilon_greedy,5,9,2,0.75,0.2500105002100276,0.46875,0.250035,-4.997899724079602e-07
epsilon_greedy,5,10,1,1.0,0.9942423251770526,0.5,0.999964,-0.005712674822947461
epsilon_greedy,5,10,2,0.75,0.2500105002100276,0.46875,0.250035,-4.997899724079602e-07
epsilon_greedy,5,11,1,1.0,0.9942423251770526,0.5,0.999964,-0.005712674822947461
epsilon_greedy,5,11,2,0.75,0.25001050021002763,0.46875,0.250035,-4.99789972352449e-07
epsilon_greedy,5,12,1,1.0,0.9942423251770526,0.5,0.999964,-0.005712674822947461
epsilon_greedy,5,12,2,0.75,0.25001050021002763,0.46875,0.250035,-4.99789972352449e-07
epsilon_greedy,5,13,1,1.0,0.9942423251770526,0.5,0.999964,-0.005712674822947461
epsilon_greedy,5,13,2,0.75,0.2500105002100276,0.46875,0.250035,-4.997899724079602e-07
epsilon_greedy,5,14,1,1.0,0.9942423251770526,0.5,0.999964,-0.005712674822947461
epsilon_greedy,5,14,2,0.75,0.2500105002100276,0.46875,0.250035,-4.997899724079602e-07
epsilon_greedy,5,15,1,1.0,0.9942423251770526,0.5,0.999964,-0.005712674822947461
epsilon_greedy,5,15,2,0.75,0.2500105002100276,0.46875,0.250035,-4.997899724079602e-07
epsilon_greedy,5,16,1,1.0,0.9942423251770526,0.5,0.999964,-0.005712674822947461
epsilon_greedy,5,16,2,0.75,0.2500105002100276,0.46875,0.250035,-4.997899724079602e-07
epsilon_greedy,5,17,1,1.0,0.9942423251770526,0.5,0.999964,-0.005712674822947461
epsilon_greedy,5,17,2,0.75,0.2500105002100276,0.46875,0.250035,-4.997899724079602e-07
epsilon_greedy,5,18,1,1.0,0.9942423251770526,0.5,0.999964,-0.005712674822947461
epsilon_greedy,5,18,2,0.75,0.2500105002100276,0.46875,0.250035,-4.997899724079602e-07
epsilon_greedy,5,19,1,1.0,0.9942423251770526,0.5,0.999964,-0.005712674822947461
epsilon_greedy,5,19,2,0.75,0.2500105002100276,0.46875,0.250035,-4.997899724079602e-07
epsilon_greedy,5,20,1,1.0,0.9942423251770526,0.5,0.999964,-0.005712674822947461
epsilon_greedy,5,20,2,0.75,0.25001050021002763,0.46875,0.250035,-4.99789972352449e-07
epsilon_greedy,5,21,1,1.0,0.9942423251770526,0.5,0.999964,-0.005712674822947461
epsilon_greedy,5,21,2,0.75,0.25001050021002763,0.46875,0.250035,-4.99789972352449e-07
epsilon_greedy,5,22,1,1.0,0.9942423251770526,0.5,0.999964,-0.005712674822947461
epsilon_greedy,5,22,2,0.75,0.2500105002100276,0.46875,0.250035,-4.997899724079602e-07
epsilon_greedy,5,23,1,1.0,0.9942423251770526,0.5,0.999964,-0.005712674822947461
epsilon_greedy,5,23,2,0.75,0.2500105002100276,0.46875,0.250035,-4.997899724079602e-07
epsilon_greedy,5,24,1,1.0,0.9942423251770526,0.5,0.999964,-0.005712674822947461
epsilon_greedy,5,24,2,0.75,0.2500105002100276,0.46875,0.250035,-4.997899724079602e-07
epsilon_greedy,5,25,1,1.0,0.9942423251770526,0.5,0.999964,-0.005712674822947461
epsilon_greedy,5,25,2,0.75,0.2500105002100276,0.46875,0.250035,-4.997899724079602e-07
epsilon_greedy,5,26,1,1.0,0.9942423251770526,0.5,0.999964,-0.005712674822947461
epsilon_greedy,5,26,2,0.75,0.2500105002100276,0.46875,0.250035,-4.997899724079602e-07
epsilon_greedy,5,27,1,1.0,0.9942423251770526,0.5,0.999964,-0.005712674822947461
epsilon_greedy,5,27,2,0.75,0.2500105002100276,0.46875,0.250035,-4.997899724079602e-07
epsilon_greedy,5,28,1,1.0,0.9942423251770526,0.5,0.999964,-0.005712674822947461
epsilon_greedy,5,28,2,0.75,0.2500105002100276,0.46875,0.250035,-4.997899724079602e-07
epsilon_greedy,5,29,1,1.0,0.9942423251770526,0.5,0.999964,-0.005712674822947461
epsilon_greedy,5,29,2,0.75,0.2500105002100276,0.46875,0.250035,-4.997899724079602e-07
epsilon_greedy,5,30,1,1.0,0.9942423251770526,0.5,0.999964,-0.005712674822947461
epsilon_greedy,5,30,2,0.75,0.2500105002100276,0.46875,0.250035,-4.997899724079602e-07
epsilon_greedy,5,31,1,1.0,0.9942423251770526,0.5,0.999964,-0.005712674822947461
epsilon_greedy,5,31,2,0.75,0.2500105002100276,0.46875,0.250035,-4.997899724079602e-07
epsilon_greedy,5,32,1,1.0,0.9942423251770526,0.5,0.999964,-0.005712674822947461
epsilon_greedy,5,32,2,0.75,0.2500105002100276,0.46875,0.250035,-4.997899724079602e-07
epsilon_greedy,5,33,1,1.0,0.9942423251770526,0.5,0.999964,-0.005712674822947461
epsilon_greedy,5,33,2,0.75,0.2500105002100276,0.46875,0.250035,-4.997899724079602e-07
epsilon_greedy,5,34,1,1.0,0.9942423251770526,0.5,0.999964,-0.005712674822947461
epsilon_greedy,5,34,2,0.75,0.2500105002100276,0.46875,0.250035,-4.997899724079602e-07
epsilon_greedy,5,35,1,1.0,0.9942423251770526,0.5,0.999964,-0.005712674822947461
epsilon_greedy,5,35,2,0.75,0.2500105002100276,0.46875,0.250035,-4.997899724079602e-07
epsilon_greedy,5,36,1,1.0,0.9942423251770526,0.5,0.999964,-0.005712674822947461
epsilon_greedy,5,36,2,0.75,0.2500105002100276,0.46875,0.250035,-4.997899724079602e-07
epsilon_greedy,5,37,1,1.0,0.9942423251770526,0.5,0.999964,-0.005712674822947461
epsilon_greedy,5,37,2,0.75,0.2500105002100276,0.46875,0.250035,-4.997899724079602e-07
epsilon_greedy,5,38,1,1.0,0.9942423251770526,0.5,0.999964,-0.005712674822947461
epsilon_greedy,5,38,2,0.75,0.2500105002100276,0.46875,0.250035,-4.997899724079602e-07
epsilon_greedy,5,39,1,1.0,0.9942423251770526,0.5,0.999964,-0.005712674822947461
epsilon_greedy,5,39,2,0.75,0.2500105002100276,0.46875,0.250035,-4.997899724079602e-07
epsilon_greedy,5,40,1,1.0,0.9942423251770526,0.5,0.999964,-0.005712674822947461
epsilon_greedy,5,40,2,0.75,0.2500105002100276,0.46875,0.250035,-4.997899724079602e-07
epsilon_greedy,5,41,1,1.0,0.9942423251770526,0.5,0.999964,-0.005712674822947461
epsilon_greedy,5,41,2,0.75,0.2500105002100276,0.46875,0.250035,-4.997899724079602e-07
epsilon_greedy,5,42,1,1.0,0.9942423251770526,0.5,0.999964,-0.005712674822947461
epsilon_greedy,5,42,2,0.75,0.2500105002100276,0.46875,0.250035,-4.997899724079602e-07
epsilon_greedy,5,43,1,1.0,0.9942423251770526,0.5,0.999964,-0.005712674822947461
epsilon_greedy,5,43,2,0.75,0.2500105002100276,0.46875,0.250035,-4.997899724079602e-07
epsilon_greedy,5,44,1,1.0,0.9942423251770526,0.5,0.999964,-0.005712674822947461
epsilon_greedy,5,44,2,0.75,0.2500105002100276,0.46875,0.250035,-4.997899724079602e-07
epsilon_greedy,5,45,1,1.0,0.9942423251770526,0.5,0.999964,-0.005712674822947461
epsilon_greedy,5,45,2,0.75,0.2500105002100276,0.46875,0.250035,-4.997899724079602e-07
epsilon_greedy,5,46,1,1.0,0.9942423251770526,0.5,0.999964,-0.005712674822947461
epsilon_greedy,5,46,2,0.75,0.2500105002100276,0.46875,0.250035,-4.997899724079602e-07
epsilon_greedy,5,47,1,1.0,0.9942423251770526,0.5,0.999964,-0.005712674822947461
epsilon_greedy,5,47,2,0.75,0.2500105002100276,0.46875,0.250035,-4.997899724079602e-07
epsilon_greedy,5,48,1,1.0,0.9942423251770526,0.5,0.999964,-0.005712674822947461
epsilon_greedy,5,48,2,0.75,0.2500105002100276,0.46875,0.250035,-4.997899724079602e-07
epsilon_greedy,5,49,1,1.0,1.0000390007740805,0.5625,0.999964,5.4000774080353864e-05
epsilon_greedy,5,49,2,0.75,0.2500105002205283,0.4375,0.2500255,-4.998004725642602e-07
epsilon_greedy,6,0,1,1.0,1.0000390007380793,0.59375,0.999967,5.40007380789298e-05
epsilon_greedy,6,0,2,0.78125,0.2500135002700101,0.53125,0.25001675,2.655121678074579e-10
epsilon_greedy,6,1,1,1.0,0.9942423251770526,0.5,0.999964,-0.005712674822947461
epsilon_greedy,6,1,2,0.75,0.2500105002100276,0.46875,0.250035,-4.997899724079602e-07
epsilon_greedy,6,2,1,1.0,0.9942423251770526,0.5,0.999964,-0.005712674822947461
epsilon_greedy,6,2,2,0.75,0.25001050021002763,0.46875,0.250035,-4.99789972352449e-07
epsilon_greedy,6,3,1,1.0,0.9942423251770526,0.5,0.999964,-0.005712674822947461
epsilon_greedy,6,3,2,0.75,0.25001050021002763,0.46875,0.250035,-4.99789972352449e-07
epsilon_greedy,6,4,1,1.0,0.9942423251770526,0.5,0.999964,-0.005712674822947461
epsilon_greedy,6,4,2,0.75,0.2500105002100276,0.46875,0.250035,-4.997899724079602e-07
epsilon_greedy,6,5,1,1.0,0.9942423251770526,0.5,0.999964,-0.005712674822947461
epsilon_greedy,6,5,2,0.75,0.2500105002100276,0.46875,0.250035,-4.997899724079602e-07
epsilon_greedy,6,6,1,1.0,0.9942423251770526,0.5,0.999964,-0.005712674822947461
epsilon_greedy,6,6,2,0.75,0.2500105002100276,0.46875,0.250035,-4.997899724079602e-07
epsilon_greedy,6,7,1,1.0,0.9942423251770526,0.5,0.999964,-0.005712674822947461
epsilon_greedy,6,7,2,0.75,0.2500105002100276,0.46875,0.250035,-4.997899724079602e-07
epsilon_greedy,6,8,1,1.0,0.9942423251770526,0.5,0.999964,-0.005712674822947461
epsilon_greedy,6,8,2,0.75,0.2500105002100276,0.46875,0.250035,-4.997899724079602e-07
epsilon_greedy,6,9,1,1.0,0.9942423251770526,0.5,0.999964,-0.005712674822947461
epsilon_greedy,6,9,2,0.75,0.2500105002100276,0.46875,0.250035,-4.997899724079602e-07
epsilon_greedy,6,10,1,1.0,0.9942423251770526,0.5,0.999964,-0.005712674822947461
epsilon_greedy,6,10,2,0.75,0.2500105002100276,0.46875,0.250035,-4.997899724079602e-07
epsilon_greedy,6,11,1,1.0,0.9942423251770526,0.5,0.999964,-0.005712674822947461
epsilon_greedy,6,11,2,0.75,0.25001050021002763,0.46875,0.250035,-4.99789972352449e-07
epsilon_greedy,6,12,1,1.0,0.9942423251770526,0.5,0.999964,-0.005712674822947461
epsilon_greedy,6,12,2,0.75,0.25001050021002763,0.46875,0.250035,-4.99789972352449e-07
epsilon_greedy,6,13,1,1.0,0.9942423251770526,0.5,0.999964,-0.005712674822947461
epsilon_greedy,6,13,2,0.75,0.2500105002100276,0.46875,0.250035,-4.997899724079602e-07
epsilon_greedy,6,14,1,1.0,0.9942423251770526,0.5,0.999964,-0.005712674822947461
epsilon_greedy,6,14,2,0.75,0.2500105002100276,0.46875,0.250035,-4.997899724079602e-07
epsilon_greedy,6,15,1,1.0,0.9942423251770526,0.5,0.999964,-0.005712674822947461
epsilon_greedy,6,15,2,0.75,0.2500105002100276,0.46875,0.250035,-4.997899724079602e-07
epsilon_greedy,6,16,1,1.0,0.9942423251770526,0.5,0.999964,-0.005712674822947461
epsilon_greedy,6,16,2,0.75,0.2500105002100276,0.46875,0.250035,-4.997899724079602e-07
epsilon_greedy,6,17,1,1.0,0.9942423251770526,0.5,0.999964,-0.005712674822947461
epsilon_greedy,6,17,2,0.75,0.2500105002100276,0.46875,0.250035,-4.997899724079602e-07
epsilon_greedy,6,18,1,1.0,0.9942423251770526,0.5,0.999964,-0.005712674822947461
epsilon_greedy,6,18,2,0.75,0.2500105002100276,0.46875,0.250035,-4.997899724079602e-07
epsilon_greedy,6,19,1,1.0,0.9942423251770526,0.5,0.999964,-0.005712674822947461
epsilon_greedy,6,19,2,0.75,0.2500105002100276,0.46875,0.250035,-4.997899724079602e-07
epsilon_greedy,6,20,1,1.0,0.9942423251770526,0.5,0.999964,-0.005712674822947461
epsilon_greedy,6,20,2,0.75,0.25001050021002763,0.46875,0.250035,-4.99789972352449e-07
epsilon_greedy,6,21,1,1.0,0.9942423251770526,0.5,0.999964,-0.005712674822947461
epsilon_greedy,6,21,2,0.75,0.25001050021002763,0.46875,0.250035,-4.99789972352449e-07
epsilon_greedy,6,22,1,1.0,0.9942423251770526,0.5,0.999964,-0.005712674822947461
epsilon_greedy,6,22,2,0.75,0.2500105002100276,0.46875,0.250035,-4.997899724079602e-07
epsilon_greedy,6,23,1,1.0,0.9942423251770526,0.5,0.999964,-0.005712674822947461
epsilon_greedy,6,23,2,0.75,0.2500105002100276,0.46875,0.250035,-4.997899724079602e-07
epsilon_greedy,6,24,1,1.0,0.9942423251770526,0.5,0.999964,-0.005712674822947461
epsilon_greedy,6,24,2,0.75,0.2500105002100276,0.46875,0.250035,-4.997899724079602e-07
epsilon_greedy,6,25,1,1.0,0.9942423251770526,0.5,0.999964,-0.005712674822947461
epsilon_greedy,6,25,2,0.75,0.2500105002100276,0.46875,0.250035,-4.997899724079602e-07
epsilon_greedy,6,26,1,1.0,0.9942423251770526,0.5,0.999964,-0.005712674822947461
epsilon_greedy,6,26,2,0.75,0.2500105002100276,0.46875,0.250035,-4.997899724079602e-07
epsilon_greedy,6,27,1,1.0,0.9942423251770526,0.5,0.999964,-0.005712674822947461
epsilon_greedy,6,27,2,0.75,0.2500105002100276,0.46875,0.250035,-4.997899724079602e-07
epsilon_greedy,6,28,1,1.0,0.9942423251770526,0.5,0.999964,-0.005712674822947461
epsilon_greedy,6,28,2,0.75,0.2500105002100276,0.46875,0.250035,-4.997899724079602e-07
epsilon_greedy,6,29,1,1.0,0.9942423251770526,0.5,0.999964,-0.005712674822947461
epsilon_greedy,6,29,2,0.75,0.2500105002100276,0.46875,0.250035,-4.997899724079602e-07
epsilon_greedy,6,30,1,1.0,0.9942423251770526,0.5,0.999964,-0.005712674822947461
epsilon_greedy,6,30,2,0.75,0.2500105002100276,0.46875,0.250035,-4.997899724079602e-07
epsilon_greedy,6,31,1,1.0,0.9942423251770526,0.5,0.999964,-0.005712674822947461
epsilon_greedy,6,31,2,0.75,0.2500105002100276,0.46875,0.250035,-4.997899724079602e-07
epsilon_greedy,6,32,1,1.0,0.9942423251770526,0.5,0.999964,-0.005712674822947461
epsilon_greedy,6,32,2,0.75,0.2500105002100276,0.46875,0.250035,-4.997899724079602e-07
epsilon_greedy,6,33,1,1.0,0.9942423251770526,0.5,0.999964,-0.005712674822947461
epsilon_greedy,6,33,2,0.75,0.2500105002100276,0.46875,0.250035,-4.997899724079602e-07
epsilon_greedy,6,34,1,1.0,0.9942423251770526,0.5,0.999964,-0.005712674822947461
epsilon_greedy,6,34,2,0.75,0.2500105002100276,0.46875,0.250035,-4.997899724079602e-07
epsilon_greedy,6,35,1,1.0,0.9942423251770526,0.5,0.999964,-0.005712674822947461
epsilon_greedy,6,35,2,0.75,0.2500105002100276,0.46875,0.250035,-4.997899724079602e-07
epsilon_greedy,6,36,1,1.0,0.9942423251770526,0.5,0.999964,-0.005712674822947461
epsilon_greedy,6,36,2,0.75,0.2500105002100276,0.46875,0.250035,-4.997899724079602e-07
epsilon_greedy,6,37,1,1.0,0.9942423251770526,0.5,0.999964,-0.005712674822947461
epsilon_greedy,6,37,2,0.75,0.2500105002100276,0.46875,0.250035,-4.997899724079602e-07
epsilon_greedy,6,38,1,1.0,0.9942423251770526,0.5,0.999964,-0.005712674822947461
epsilon_greedy,6,38,2,0.75,0.2500105002100276,0.46875,0.250035,-4.997899724079602e-07
epsilon_greedy,6,39,1,1.0,0.9942423251770526,0.5,0.999964,-0.005712674822947461
epsilon_greedy,6,39,2,0.75,0.2500105002100276,0.46875,0.250035,-4.997899724079602e-07
epsilon_greedy,6,40,1,1.0,0.9942423251770526,0.5,0.999964,-0.005712674822947461
epsilon_greedy,6,40,2,0.75,0.2500105002100276,0.46875,0.250035,-4.997899724079602e-07
epsilon_greedy,6,41,1,1.0,0.9942423251770526,0.5,0.999964,-0.005712674822947461
epsilon_greedy,6,41,2,0.75,0.2500105002100276,0.46875,0.250035,-4.997899724079602e-07
epsilon_greedy,6,42,1,1.0,0.9942423251770526,0.5,0.999964,-0.005712674822947461
epsilon_greedy,6,42,2,0.75,0.2500105002100276,0.46875,0.250035,-4.997899724079602e-07
epsilon_greedy,6,43,1,1.0,0.9942423251770526,0.5,0.999964,-0.005712674822947461
epsilon_greedy,6,43,2,0.75,0.2500105002100276,0.46875,0.250035,-4.997899724079602e-07
epsilon_greedy,6,44,1,1.0,0.9942423251770526,0.5,0.999964,-0.005712674822947461
epsilon_greedy,6,44,2,0.75,0.2500105002100276,0.46875,0.250035,-4.997899724079602e-07
epsilon_greedy,6,45,1,1.0,0.9942423251770526,0.5,0.999964,-0.005712674822947461
epsilon_greedy,6,45,2,0.75,0.2500105002100276,0.46875,0.250035,-4.997899724079602e-07
epsilon_greedy,6,46,1,1.0,0.9942423251770526,0.5,0.999964,-0.005712674822947461
epsilon_greedy,6,46,2,0.75,0.2500105002100276,0.46875,0.250035,-4.997899724079602e-07
epsilon_greedy,6,47,1,1.0,0.9942423251770526,0.5,0.999964,-0.005712674822947461
epsilon_greedy,6,47,2,0.75,0.2500105002100276,0.46875,0.250035,-4.997899724079602e-07
epsilon_greedy,6,48,1,1.0,0.9942423251770526,0.5,0.999964,-0.005712674822947461
epsilon_greedy,6,48,2,0.75,0.2500105002100276,0.46875,0.250035,-4.997899724079602e-07
epsilon_greedy,6,49,1,1.0,1.0000390007740805,0.5625,0.999964,5.4000774080353864e-05
epsilon_greedy,6,49,2,0.75,0.2500105002205283,0.4375,0.2500255,-4.998004725642602e-07
epsilon_greedy,7,0,1,1.0,1.0000390007380793,0.59375,0.999967,5.40007380789298e-05
epsilon_greedy,7,0,2,0.78125,0.2500135002700101,0.53125,0.25001675,2.655121678074579e-10
epsilon_greedy,7,1,1,1.0,0.9942423251770526,0.5,0.999964,-0.005712674822947461
epsilon_greedy,7,1,2,0.75,0.2500105002100276,0.46875,0.250035,-4.997899724079602e-07
epsilon_greedy,7,2,1,1.0,0.9942423251770526,0.5,0.999964,-0.005712674822947461
epsilon_greedy,7,2,2,0.75,0.25001050021002763,0.46875,0.250035,-4.99789972352449e-07
epsilon_greedy,7,3,1,1.0,0.9942423251770526,0.5,0.999964,-0.005712674822947461
epsilon_greedy,7,3,2,0.75,0.25001050021002763,0.46875,0.250035,-4.99789972352449e-07
epsilon_greedy,7,4,1,1.0,0.9942423251770526,0.5,0.999964,-0.005712674822947461
epsilon_greedy,7,4,2,0.75,0.2500105002100276,0.46875,0.250035,-4.997899724079602e-07
epsilon_greedy,7,5,1,1.0,0.9942423251770526,0.5,0.999964,-0.005712674822947461
epsilon_greedy,7,5,2,0.75,0.2500105002100276,0.46875,0.250035,-4.997899724079602e-07
epsilon_greedy,7,6,1,1.0,0.9942423251770526,0.5,0.999964,-0.005712674822947461
epsilon_greedy,7,6,2,0.75,0.2500105002100276,0.46875,0.250035,-4.997899724079602e-07
epsilon_greedy,7,7,1,1.0,0.9942423251770526,0.5,0.999964,-0.005712674822947461
epsilon_greedy,7,7,2,0.75,0.2500105002100276,0.46875,0.250035,-4.997899724079602e-07
epsilon_greedy,7,8,1,1.0,0.9942423251770526,0.5,0.999964,-0.005712674822947461
epsilon_greedy,7,8,2,0.75,0.2500105002100276,0.46875,0.250035,-4.997899724079602e-07
epsilon_greedy,7,9,1,1.0,0.9942423251770526,0.5,0.999964,-0.005712674822947461
epsilon_greedy,7,9,2,0.75,0.2500105002100276,0.46875,0.250035,-4.997899724079602e-07
epsilon_greedy,7,10,1,1.0,0.9942423251770526,0.5,0.999964,-0.005712674822947461
epsilon_greedy,7,10,2,0.75,0.2500105002100276,0.46875,0.250035,-4.997899724079602e-07
epsilon_greedy,7,11,1,1.0,0.9942423251770526,0.5,0.999964,-0.005712674822947461
epsilon_greedy,7,11,2,0.75,0.25001050021002763,0.46875,0.250035,-4.99789972352449e-07
epsilon_greedy,7,12,1,1.0,0.9942423251770526,0.5,0.999964,-0.005712674822947461
epsilon_greedy,7,12,2,0.75,0.25001050021002763,0.46875,0.250035,-4.99789972352449e-07
epsilon_greedy,7,13,1,1.0,0.9942423251770526,0.5,0.999964,-0.005712674822947461
epsilon_greedy,7,13,2,0.75,0.2500105002100276,0.46875,0.250035,-4.997899724079602e-07
epsilon_greedy,7,14,1,1.0,0.9942423251770526,0.5,0.999964,-0.005712674822947461
epsilon_greedy,7,14,2,0.75,0.2500105002100276,0.46875,0.250035,-4.997899724079602e-07
epsilon_greedy,7,15,1,1.0,0.9942423251770526,0.5,0.999964,-0.005712674822947461
epsilon_greedy,7,15,2,0.75,0.2500105002100276,0.46875,0.250035,-4.997899724079602e-07
epsilon_greedy,7,16,1,1.0,0.9942423251770526,0.5,0.999964,-0.005712674822947461
epsilon_greedy,7,16,2,0.75,0.2500105002100276,0.46875,0.250035,-4.997899724079602e-07
epsilon_greedy,7,17,1,1.0,0.9942423251770526,0.5,0.999964,-0.005712674822947461
epsilon_greedy,7,17,2,0.75,0.2500105002100276,0.46875,0.250035,-4.997899724079602e-07
epsilon_greedy,7,18,1,1.0,0.9942423251770526,0.5,0.999964,-0.005712674822947461
epsilon_greedy,7,18,2,0.75,0.2500105002100276,0.46875,0.250035,-4.997899724079602e-07
epsilon_greedy,7,19,1,1.0,0.9942423251770526,0.5,0.999964,-0.005712674822947461
epsilon_greedy,7,19,2,0.75,0.2500105002100276,0.46875,0.250035,-4.997899724079602e-07
epsilon_greedy,7,20,1,1.0,0.9942423251770526,0.5,0.999964,-0.005712674822947461
epsilon_greedy,7,20,2,0.75,0.25001050021002763,0.46875,0.250035,-4.99789972352449e-07
epsilon_greedy,7,21,1,1.0,0.9942423251770526,0.5,0.999964,-0.005712674822947461
epsilon_greedy,7,21,2,0.75,0.25001050021002763,0.46875,0.250035,-4.99789972352449e-07
epsilon_greedy,7,22,1,1.0,0.9942423251770526,0.5,0.999964,-0.005712674822947461
epsilon_greedy,7,22,2,0.75,0.2500105002100276,0.46875,0.250035,-4.997899724079602e-07
epsilon_greedy,7,23,1,1.0,0.9942423251770526,0.5,0.999964,-0.005712674822947461
epsilon_greedy,7,23,2,0.75,0.2500105002100276,0.46875,0.250035,-4.997899724079602e-07
epsilon_greedy,7,24,1,1.0,0.9942423251770526,0.5,0.999964,-0.005712674822947461
epsilon_greedy,7,24,2,0.75,0.2500105002100276,0.46875,0.250035,-4.997899724079602e-07
epsilon_greedy,7,25,1,1.0,0.9942423251770526,0.5,0.999964,-0.005712674822947461
epsilon_greedy,7,25,2,0.75,0.2500105002100276,0.46875,0.250035,-4.997899724079602e-07
epsilon_greedy,7,26,1,1.0,0.9942423251770526,0.5,0.999964,-0.005712674822947461
epsilon_greedy,7,26,2,0.75,0.2500105002100276,0.46875,0.250035,-4.997899724079602e-07
epsilon_greedy,7,27,1,1.0,0.9942423251770526,0.5,0.999964,-0.005712674822947461
epsilon_greedy,7,27,2,0.75,0.2500105002100276,0.46875,0.250035,-4.997899724079602e-07
epsilon_greedy,7,28,1,1.0,0.9942423251770526,0.5,0.999964,-0.005712674822947461
epsilon_greedy,7,28,2,0.75,0.2500105002100276,0.46875,0.250035,-4.997899724079602e-07
epsilon_greedy,7,29,1,1.0,0.9942423251770526,0.5,0.999964,-0.005712674822947461
epsilon_greedy,7,29,2,0.75,0.2500105002100276,0.46875,0.250035,-4.997899724079602e-07
epsilon_greedy,7,30,1,1.0,0.9942423251770526,0.5,0.999964,-0.005712674822947461
epsilon_greedy,7,30,2,0.75,0.2500105002100276,0.46875,0.250035,-4.997899724079602e-07
epsilon_greedy,7,31,1,1.0,0.9942423251770526,0.5,0.999964,-0.005712674822947461
epsilon_greedy,7,31,2,0.75,0.2500105002100276,0.46875,0.250035,-4.997899724079602e-07
epsilon_greedy,7,32,1,1.0,0.9942423251770526,0.5,0.999964,-0.005712674822947461
epsilon_greedy,7,32,2,0.75,0.2500105002100276,0.46875,0.250035,-4.997899724079602e-07
epsilon_greedy,7,33,1,1.0,0.9942423251770526,0.5,0.999964,-0.005712674822947461
epsilon_greedy,7,33,2,0.75,0.2500105002100276,0.46875,0.250035,-4.997899724079602e-07
epsilon_greedy,7,34,1,1.0,0.9942423251770526,0.5,0.999964,-0.005712674822947461
epsilon_greedy,7,34,2,0.75,0.2500105002100276,0.46875,0.250035,-4.997899724079602e-07
epsilon_greedy,7,35,1,1.0,0.9942423251770526,0.5,0.999964,-0.005712674822947461
epsilon_greedy,7,35,2,0.75,0.2500105002100276,0.46875,0.250035,-4.997899724079602e-07
epsilon_greedy,7,36,1,1.0,0.9942423251770526,0.5,0.999964,-0.005712674822947461
epsilon_greedy,7,36,2,0.75,0.2500105002100276,0.46875,0.250035,-4.997899724079602e-07
epsilon_greedy,7,37,1,1.0,0.9942423251770526,0.5,0.999964,-0.005712674822947461
epsilon_greedy,7,37,2,0.75,0.2500105002100276,0.46875,0.250035,-4.997899724079602e-07
epsilon_greedy,7,38,1,1.0,0.9942423251770526,0.5,0.999964,-0.005712674822947461
epsilon_greedy,7,38,2,0.75,0.2500105002100276,0.46875,0.250035,-4.997899724079602e-07
epsilon_greedy,7,39,1,1.0,0.9942423251770526,0.5,0.999964,-0.005712674822947461
epsilon_greedy,7,39,2,0.75,0.2500105002100276,0.46875,0.250035,-4.997899724079602e-07
epsilon_greedy,7,40,1,1.0,0.9942423251770526,0.5,0.999964,-0.005712674822947461
epsilon_greedy,7,40,2,0.75,0.2500105002100276,0.46875,0.250035,-4.997899724079602e-07
epsilon_greedy,7,41,1,1.0,0.9942423251770526,0.5,0.999964,-0.005712674822947461
epsilon_greedy,7,41,2,0.75,0.2500105002100276,0.46875,0.250035,-4.997899724079602e-07
epsilon_greedy,7,42,1,1.0,0.9942423251770526,0.5,0.999964,-0.005712674822947461
epsilon_greedy,7,42,2,0.75,0.2500105002100276,0.46875,0.250035,-4.997899724079602e-07
epsilon_greedy,7,43,1,1.0,0.9942423251770526,0.5,0.999964,-0.005712674822947461
epsilon_greedy,7,43,2,0.75,0.2500105002100276,0.46875,0.250035,-4.997899724079602e-07
epsilon_greedy,7,44,1,1.0,0.9942423251770526,0.5,0.999964,-0.005712674822947461
epsilon_greedy,7,44,2,0.75,0.2500105002100276,0.46875,0.250035,-4.997899724079602e-07
epsilon_greedy,7,45,1,1.0,0.9942423251770526,0.5,0.999964,-0.005712674822947461
epsilon_greedy,7,45,2,0.75,0.2500105002100276,0.46875,0.250035,-4.997899724079602e-07
epsilon_greedy,7,46,1,1.0,0.9942423251770526,0.5,0.999964,-0.005712674822947461
epsilon_greedy,7,46,2,0.75,0.2500105002100276,0.46875,0.250035,-4.997899724079602e-07
epsilon_greedy,7,47,1,1.0,0.9942423251770526,0.5,0.999964,-0.005712674822947461
epsilon_greedy,7,47,2,0.75,0.2500105002100276,0.46875,0.250035,-4.997899724079602e-07
epsilon_greedy,7,48,1,1.0,0.9942423251770526,0.5,0.999964,-0.005712674822947461
epsilon_greedy,7,48,2,0.75,0.2500105002100276,0.46875,0.250035,-4.997899724079602e-07
epsilon_greedy,7,49,1,1.0,1.0000390007740805,0.5625,0.999964,5.4000774080353864e-05
epsilon_greedy,7,49,2,0.75,0.2500105002205283,0.4375,0.2500255,-4.998004725642602e-07
epsilon_greedy,8,0,1,1.0,1.0000390007380793,0.59375,0.999967,5.40007380789298e-05
epsilon_greedy,8,0,2,0.78125,0.2500135002700101,0.53125,0.25001675,2.655121678074579e-10
epsilon_greedy,8,1,1,1.0,0.9942423251770526,0.5,0.999964,-0.005712674822947461
epsilon_greedy,8,1,2,0.75,0.2500105002100276,0.46875,0.250035,-4.997899724079602e-07
epsilon_greedy,8,2,1,1.0,0.9942423251770526,0.5,0.999964,-0.005712674822947461
epsilon_greedy,8,2,2,0.75,0.25001050021002763,0.46875,0.250035,-4.99789972352449e-07
epsilon_greedy,8,3,1,1.0,0.9942423251770526,0.5,0.999964,-0.005712674822947461
epsilon_greedy,8,3,2,0.75,0.25001050021002763,0.46875,0.250035,-4.99789972352449e-07
epsilon_greedy,8,4,1,1.0,0.9942423251770526,0.5,0.999964,-0.005712674822947461
epsilon_greedy,8,4,2,0.75,0.2500105002100276,0.46875,0.250035,-4.997899724079602e-07
epsilon_greedy,8,5,1,1.0,0.9942423251770526,0.5,0.999964,-0.005712674822947461
epsilon_greedy,8,5,2,0.75,0.2500105002100276,0.46875,0.250035,-4.997899724079602e-07
epsilon_greedy,8,6,1,1.0,0.9942423251770526,0.5,0.999964,-0.005712674822947461
epsilon_greedy,8,6,2,0.75,0.2500105002100276,0.46875,0.250035,-4.997899724079602e-07
epsilon_greedy,8,7,1,1.0,0.9942423251770526,0.5,0.999964,-0.005712674822947461
epsilon_greedy,8,7,2,0.75,0.2500105002100276,0.46875,0.250035,-4.997899724079602e-07
epsilon_greedy,8,8,1,1.0,0.9942423251770526,0.5,0.999964,-0.005712674822947461
epsilon_greedy,8,8,2,0.75,0.2500105002100276,0.46875,0.250035,-4.997899724079602e-07
epsilon_greedy,8,9,1,1.0,0.9942423251770526,0.5,0.999964,-0.005712674822947461
epsilon_greedy,8,9,2,0.75,0.2500105002100276,0.46875,0.250035,-4.997899724079602e-07
epsilon_greedy,8,10,1,1.0,0.9942423251770526,0.5,0.999964,-0.005712674822947461
epsilon_greedy,8,10,2,0.75,0.2500105002100276,0.46875,0.250035,-4.997899724079602e-07
epsilon_greedy,8,11,1,1.0,0.9942423251770526,0.5,0.999964,-0.005712674822947461
epsilon_greedy,8,11,2,0.75,0.25001050021002763,0.46875,0.250035,-4.99789972352449e-07
epsilon_greedy,8,12,1,1.0,0.9942423251770526,0.5,0.999964,-0.005712674822947461
epsilon_greedy,8,12,2,0.75,0.25001050021002763,0.46875,0.250035,-4.99789972352449e-07
epsilon_greedy,8,13,1,1.0,0.9942423251770526,0.5,0.999964,-0.005712674822947461
epsilon_greedy,8,13,2,0.75,0.2500105002100276,0.46875,0.250035,-4.997899724079602e-07
epsilon_greedy,8,14,1,1.0,0.9942423251770526,0.5,0.999964,-0.005712674822947461
epsilon_greedy,8,14,2,0.75,0.2500105002100276,0.46875,0.250035,-4.997899724079602e-07
epsilon_greedy,8,15,1,1.0,0.9942423251770526,0.5,0.999964,-0.005712674822947461
epsilon_greedy,8,15,2,0.75,0.2500105002100276,0.46875,0.250035,-4.997899724079602e-07
epsilon_greedy,8,16,1,1.0,0.9942423251770526,0.5,0.999964,-0.005712674822947461
epsilon_greedy,8,16,2,0.75,0.2500105002100276,0.46875,0.250035,-4.997899724079602e-07
epsilon_greedy,8,17,1,1.0,0.9942423251770526,0.5,0.999964,-0.005712674822947461
epsilon_greedy,8,17,2,0.75,0.2500105002100276,0.46875,0.250035,-4.997899724079602e-07
epsilon_greedy,8,18,1,1.0,0.9942423251770526,0.5,0.999964,-0.005712674822947461
epsilon_greedy,8,18,2,0.75,0.2500105002100276,0.46875,0.250035,-4.997899724079602e-07
epsilon_greedy,8,19,1,1.0,0.9942423251770526,0.5,0.999964,-0.005712674822947461
epsilon_greedy,8,19,2,0.75,0.2500105002100276,0.46875,0.250035,-4.997899724079602e-07
epsilon_greedy,8,20,1,1.0,0.9942423251770526,0.5,0.999964,-0.005712674822947461
epsilon_greedy,8,20,2,0.75,0.25001050021002763,0.46875,0.250035,-4.99789972352449e-07
epsilon_greedy,8,21,1,1.0,0.9942423251770526,0.5,0.999964,-0.005712674822947461
epsilon_greedy,8,21,2,0.75,0.25001050021002763,0.46875,0.250035,-4.99789972352449e-07
epsilon_greedy,8,22,1,1.0,0.9942423251770526,0.5,0.999964,-0.005712674822947461
epsilon_greedy,8,22,2,0.75,0.2500105002100276,0.46875,0.250035,-4.997899724079602e-07
epsilon_greedy,8,23,1,1.0,0.9942423251770526,0.5,0.999964,-0.005712674822947461
epsilon_greedy,8,23,2,0.75,0.2500105002100276,0.46875,0.250035,-4.997899724079602e-07
epsilon_greedy,8,24,1,1.0,0.9942423251770526,0.5,0.999964,-0.005712674822947461
epsilon_greedy,8,24,2,0.75,0.2500105002100276,0.46875,0.250035,-4.997899724079602e-07
epsilon_greedy,8,25,1,1.0,0.9942423251770526,0.5,0.999964,-0.005712674822947461
epsilon_greedy,8,25,2,0.75,0.2500105002100276,0.46875,0.250035,-4.997899724079602e-07
epsilon_greedy,8,26,1,1.0,0.9942423251770526,0.5,0.999964,-0.005712674822947461
epsilon_greedy,8,26,2,0.75,0.2500105002100276,0.46875,0.250035,-4.997899724079602e-07
epsilon_greedy,8,27,1,1.0,0.9942423251770526,0.5,0.999964,-0.005712674822947461
epsilon_greedy,8,27,2,0.75,0.2500105002100276,0.46875,0.250035,-4.997899724079602e-07
epsilon_greedy,8,28,1,1.0,0.9942423251770526,0.5,0.999964,-0.005712674822947461
epsilon_greedy,8,28,2,0.75,0.2500105002100276,0.46875,0.250035,-4.997899724079602e-07
epsilon_greedy,8,29,1,1.0,0.9942423251770526,0.5,0.999964,-0.005712674822947461
epsilon_greedy,8,29,2,0.75,0.2500105002100276,0.46875,0.250035,-4.997899724079602e-07
epsilon_greedy,8,30,1,1.0,0.9942423251770526,0.5,0.999964,-0.005712674822947461
epsilon_greedy,8,30,2,0.75,0.2500105002100276,0.46875,0.250035,-4.997899724079602e-07
epsilon_greedy,8,31,1,1.0,0.9942423251770526,0.5,0.999964,-0.005712674822947461
epsilon_greedy,8,31,2,0.75,0.2500105002100276,0.46875,0.250035,-4.997899724079602e-07
epsilon_greedy,8,32,1,1.0,0.9942423251770526,0.5,0.999964,-0.005712674822947461
epsilon_greedy,8,32,2,0.75,0.2500105002100276,0.46875,0.250035,-4.997899724079602e-07
epsilon_greedy,8,33,1,1.0,0.9942423251770526,0.5,0.999964,-0.005712674822947461
epsilon_greedy,8,33,2,0.75,0.2500105002100276,0.46875,0.250035,-4.997899724079602e-07
epsilon_greedy,8,34,1,1.0,0.9942423251770526,0.5,0.999964,-0.005712674822947461
epsilon_greedy,8,34,2,0.75,0.2500105002100276,0.46875,0.250035,-4.997899724079602e-07
epsilon_greedy,8,35,1,1.0,0.9942423251770526,0.5,0.999964,-0.005712674822947461
epsilon_greedy,8,35,2,0.75,0.2500105002100276,0.46875,0.250035,-4.997899724079602e-07
epsilon_greedy,8,36,1,1.0,0.9942423251770526,0.5,0.999964,-0.005712674822947461
epsilon_greedy,8,36,2,0.75,0.2500105002100276,0.46875,0.250035,-4.997899724079602e-07
epsilon_greedy,8,37,1,1.0,0.9942423251770526,0.5,0.999964,-0.005712674822947461
epsilon_greedy,8,37,2,0.75,0.2500105002100276,0.46875,0.250035,-4.997899724079602e-07
epsilon_greedy,8,38,1,1.0,0.9942423251770526,0.5,0.999964,-0.005712674822947461
epsilon_greedy,8,38,2,0.75,0.2500105002100276,0.46875,0.250035,-4.997899724079602e-07
epsilon_greedy,8,39,1,1.0,0.9942423251770526,0.5,0.999964,-0.005712674822947461
epsilon_greedy,8,39,2,0.75,0.2500105002100276,0.46875,0.250035,-4.997899724079602e-07
epsilon_greedy,8,40,1,1.0,0.9942423251770526,0.5,0.999964,-0.005712674822947461
epsilon_greedy,8,40,2,0.75,0.2500105002100276,0.46875,0.250035,-4.997899724079602e-07
epsilon_greedy,8,41,1,1.0,0.9942423251770526,0.5,0.999964,-0.005712674822947461
epsilon_greedy,8,41,2,0.75,0.2500105002100276,0.46875,0.250035,-4.997899724079602e-07
epsilon_greedy,8,42,1,1.0,0.9942423251770526,0.5,0.999964,-0.005712674822947461
epsilon_greedy,8,42,2,0.75,0.2500105002100276,0.46875,0.250035,-4.997899724079602e-07
epsilon_greedy,8,43,1,1.0,0.9942423251770526,0.5,0.999964,-0.005712674822947461
epsilon_greedy,8,43,2,0.75,0.2500105002100276,0.46875,0.250035,-4.997899724079602e-07
epsilon_greedy,8,44,1,1.0,0.9942423251770526,0.5,0.999964,-0.005712674822947461
epsilon_greedy,8,44,2,0.75,0.2500105002100276,0.46875,0.250035,-4.997899724079602e-07
epsilon_greedy,8,45,1,1.0,0.9942423251770526,0.5,0.999964,-0.005712674822947461
epsilon_greedy,8,45,2,0.75,0.2500105002100276,0.46875,0.250035,-4.997899724079602e-07
epsilon_greedy,8,46,1,1.0,0.9942423251770526,0.5,0.999964,-0.005712674822947461
epsilon_greedy,8,46,2,0.75,0.2500105002100276,0.46875,0.250035,-4.997899724079602e-07
epsilon_greedy,8,47,1,1.0,0.9942423251770526,0.5,0.999964,-0.005712674822947461
epsilon_greedy,8,47,2,0.75,0.2500105002100276,0.46875,0.250035,-4.997899724079602e-07
epsilon_greedy,8,48,1,1.0,0.9942423251770526,0.5,0.999964,-0.005712674822947461
epsilon_greedy,8,48,2,0.75,0.2500105002100276,0.46875,0.250035,-4.997899724079602e-07
epsilon_greedy,8,49,1,1.0,1.0000390007740805,0.5625,0.999964,5.4000774080353864e-05
epsilon_greedy,8,49,2,0.75,0.2500105002205283,0.4375,0.2500255,-4.998004725642602e-07
epsilon_greedy,9,0,1,1.0,1.0000390007380793,0.59375,0.999967,5.40007380789298e-05
epsilon_greedy,9,0,2,0.78125,0.2500135002700101,0.53125,0.25001675,2.655121678074579e-10
epsilon_greedy,9,1,1,1.0,0.9942423251770526,0.5,0.999964,-0.005712674822947461
epsilon_greedy,9,1,2,0.75,0.2500105002100276,0.46875,0.250035,-4.997899724079602e-07
epsilon_greedy,9,2,1,1.0,0.9942423251770526,0.5,0.999964,-0.005712674822947461
epsilon_greedy,9,2,2,0.75,0.25001050021002763,0.46875,0.250035,-4.99789972352449e-07
epsilon_greedy,9,3,1,1.0,0.9942423251770526,0.5,0.999964,-0.005712674822947461
epsilon_greedy,9,3,2,0.75,0.25001050021002763,0.46875,0.250035,-4.99789972352449e-07
epsilon_greedy,9,4,1,1.0,0.9942423251770526,0.5,0.999964,-0.005712674822947461
epsilon_greedy,9,4,2,0.75,0.2500105002100276,0.46875,0.250035,-4.997899724079602e-07
epsilon_greedy,9,5,1,1.0,0.9942423251770526,0.5,0.999964,-0.005712674822947461
epsilon_greedy,9,5,2,0.75,0.2500105002100276,0.46875,0.250035,-4.997899724079602e-07
epsilon_greedy,9,6,1,1.0,0.9942423251770526,0.5,0.999964,-0.005712674822947461
epsilon_greedy,9,6,2,0.75,0.2500105002100276,0.46875,0.250035,-4.997899724079602e-07
epsilon_greedy,9,7,1,1.0,0.9942423251770526,0.5,0.999964,-0.005712674822947461
epsilon_greedy,9,7,2,0.75,0.2500105002100276,0.46875,0.250035,-4.997899724079602e-07
epsilon_greedy,9,8,1,1.0,0.9942423251770526,0.5,0.999964,-0.005712674822947461
epsilon_greedy,9,8,2,0.75,0.2500105002100276,0.46875,0.250035,-4.997899724079602e-07
epsilon_greedy,9,9,1,1.0,0.9942423251770526,0.5,0.999964,-0.005712674822947461
epsilon_greedy,9,9,2,0.75,0.2500105002100276,0.46875,0.250035,-4.997899724079602e-07
epsilon_greedy,9,10,1,1.0,0.9942423251770526,0.5,0.999964,-0.005712674822947461
epsilon_greedy,9,10,2,0.75,0.2500105002100276,0.46875,0.250035,-4.997899724079602e-07
epsilon_greedy,9,11,1,1.0,0.9942423251770526,0.5,0.999964,-0.005712674822947461
epsilon_greedy,9,11,2,0.75,0.25001050021002763,0.46875,0.250035,-4.99789972352449e-07
epsilon_greedy,9,12,1,1.0,0.9942423251770526,0.5,0.999964,-0.005712674822947461
epsilon_greedy,9,12,2,0.75,0.25001050021002763,0.46875,0.250035,-4.99789972352449e-07
epsilon_greedy,9,13,1,1.0,0.9942423251770526,0.5,0.999964,-0.005712674822947461
epsilon_greedy,9,13,2,0.75,0.2500105002100276,0.46875,0.250035,-4.997899724079602e-07
epsilon_greedy,9,14,1,1.0,0.9942423251770526,0.5,0.999964,-0.005712674822947461
epsilon_greedy,9,14,2,0.75,0.2500105002100276,0.46875,0.250035,-4.997899724079602e-07
epsilon_greedy,9,15,1,1.0,0.9942423251770526,0.5,0.999964,-0.005712674822947461
epsilon_greedy,9,15,2,0.75,0.2500105002100276,0.46875,0.250035,-4.997899724079602e-07
epsilon_greedy,9,16,1,1.0,0.9942423251770526,0.5,0.999964,-0.005712674822947461
epsilon_greedy,9,16,2,0.75,0.2500105002100276,0.46875,0.250035,-4.997899724079602e-07
epsilon_greedy,9,17,1,1.0,0.9942423251770526,0.5,0.999964,-0.005712674822947461
epsilon_greedy,9,17,2,0.75,0.2500105002100276,0.46875,0.250035,-4.997899724079602e-07
epsilon_greedy,9,18,1,1.0,0.9942423251770526,0.5,0.999964,-0.005712674822947461
epsilon_greedy,9,18,2,0.75,0.2500105002100276,0.46875,0.250035,-4.997899724079602e-07
epsilon_greedy,9,19,1,1.0,0.9942423251770526,0.5,0.999964,-0.005712674822947461
epsilon_greedy,9,19,2,0.75,0.2500105002100276,0.46875,0.250035,-4.997899724079602e-07
epsilon_greedy,9,20,1,1.0,0.9942423251770526,0.5,0.999964,-0.005712674822947461
epsilon_greedy,9,20,2,0.75,0.25001050021002763,0.46875,0.250035,-4.99789972352449e-07
epsilon_greedy,9,21,1,1.0,0.9942423251770526,0.5,0.999964,-0.005712674822947461
epsilon_greedy,9,21,2,0.75,0.25001050021002763,0.46875,0.250035,-4.99789972352449e-07
epsilon_greedy,9,22,1,1.0,0.9942423251770526,0.5,0.999964,-0.005712674822947461
epsilon_greedy,9,22,2,0.75,0.2500105002100276,0.46875,0.250035,-4.997899724079602e-07
epsilon_greedy,9,23,1,1.0,0.9942423251770526,0.5,0.999964,-0.005712674822947461
epsilon_greedy,9,23,2,0.75,0.2500105002100276,0.46875,0.250035,-4.997899724079602e-07
epsilon_greedy,9,24,1,1.0,0.9942423251770526,0.5,0.999964,-0.005712674822947461
epsilon_greedy,9,24,2,0.75,0.2500105002100276,0.46875,0.250035,-4.997899724079602e-07
epsilon_greedy,9,25,1,1.0,0.9942423251770526,0.5,0.999964,-0.005712674822947461
epsilon_greedy,9,25,2,0.75,0.2500105002100276,0.46875,0.250035,-4.997899724079602e-07
epsilon_greedy,9,26,1,1.0,0.9942423251770526,0.5,0.999964,-0.005712674822947461
epsilon_greedy,9,26,2,0.75,0.2500105002100276,0.46875,0.250035,-4.997899724079602e-07
epsilon_greedy,9,27,1,1.0,0.9942423251770526,0.5,0.999964,-0.005712674822947461
epsilon_greedy,9,27,2,0.75,0.2500105002100276,0.46875,0.250035,-4.997899724079602e-07
epsilon_greedy,9,28,1,1.0,0.9942423251770526,0.5,0.999964,-0.005712674822947461
epsilon_greedy,9,28,2,0.75,0.2500105002100276,0.46875,0.250035,-4.997899724079602e-07
epsilon_greedy,9,29,1,1.0,0.9942423251770526,0.5,0.999964,-0.005712674822947461
epsilon_greedy,9,29,2,0.75,0.2500105002100276,0.46875,0.250035,-4.997899724079602e-07
epsilon_greedy,9,30,1,1.0,0.9942423251770526,0.5,0.999964,-0.005712674822947461
epsilon_greedy,9,30,2,0.75,0.2500105002100276,0.46875,0.250035,-4.997899724079602e-07
epsilon_greedy,9,31,1,1.0,0.9942423251770526,0.5,0.999964,-0.005712674822947461
epsilon_greedy,9,31,2,0.75,0.2500105002100276,0.46875,0.250035,-4.997899724079602e-07
epsilon_greedy,9,32,1,1.0,0.9942423251770526,0.5,0.999964,-0.005712674822947461
epsilon_greedy,9,32,2,0.75,0.2500105002100276,0.46875,0.250035,-4.997899724079602e-07
epsilon_greedy,9,33,1,1.0,0.9942423251770526,0.5,0.999964,-0.005712674822947461
epsilon_greedy,9,33,2,0.75,0.2500105002100276,0.46875,0.250035,-4.997899724079602e-07
epsilon_greedy,9,34,1,1.0,0.9942423251770526,0.5,0.999964,-0.005712674822947461
epsilon_greedy,9,34,2,0.75,0.2500105002100276,0.46875,0.250035,-4.997899724079602e-07
epsilon_greedy,9,35,1,1.0,0.9942423251770526,0.5,0.999964,-0.005712674822947461
epsilon_greedy,9,35,2,0.75,0.2500105002100276,0.46875,0.250035,-4.997899724079602e-07
epsilon_greedy,9,36,1,1.0,0.9942423251770526,0.5,0.999964,-0.005712674822947461
epsilon_greedy,9,36,2,0.75,0.2500105002100276,0.46875,0.250035,-4.997899724079602e-07
epsilon_greedy,9,37,1,1.0,0.9942423251770526,0.5,0.999964,-0.005712674822947461
epsilon_greedy,9,37,2,0.75,0.2500105002100276,0.46875,0.250035,-4.997899724079602e-07
epsilon_greedy,9,38,1,1.0,0.9942423251770526,0.5,0.999964,-0.005712674822947461
epsilon_greedy,9,38,2,0.75,0.2500105002100276,0.46875,0.250035,-4.997899724079602e-07
epsilon_greedy,9,39,1,1.0,0.9942423251770526,0.5,0.999964,-0.005712674822947461
epsilon_greedy,9,39,2,0.75,0.2500105002100276,0.46875,0.250035,-4.997899724079602e-07
epsilon_greedy,9,40,1,1.0,0.9942423251770526,0.5,0.999964,-0.005712674822947461
epsilon_greedy,9,40,2,0.75,0.2500105002100276,0.46875,0.250035,-4.997899724079602e-07
epsilon_greedy,9,41,1,1.0,0.9942423251770526,0.5,0.999964,-0.005712674822947461
epsilon_greedy,9,41,2,0.75,0.2500105002100276,0.46875,0.250035,-4.997899724079602e-07
epsilon_greedy,9,42,1,1.0,0.9942423251770526,0.5,0.999964,-0.005712674822947461
epsilon_greedy,9,42,2,0.75,0.2500105002100276,0.46875,0.250035,-4.997899724079602e-07
epsilon_greedy,9,43,1,1.0,0.9942423251770526,0.5,0.999964,-0.005712674822947461
epsilon_greedy,9,43,2,0.75,0.2500105002100276,0.46875,0.250035,-4.997899724079602e-07
epsilon_greedy,9,44,1,1.0,0.9942423251770526,0.5,0.999964,-0.005712674822947461
epsilon_greedy,9,44,2,0.75,0.2500105002100276,0.46875,0.250035,-4.997899724079602e-07
epsilon_greedy,9,45,1,1.0,0.9942423251770526,0.5,0.999964,-0.005712674822947461
epsilon_greedy,9,45,2,0.75,0.2500105002100276,0.46875,0.250035,-4.997899724079602e-07
epsilon_greedy,9,46,1,1.0,0.9942423251770526,0.5,0.999964,-0.005712674822947461
epsilon_greedy,9,46,2,0.75,0.2500105002100276,0.46875,0.250035,-4.997899724079602e-07
epsilon_greedy,9,47,1,1.0,0.9942423251770526,0.5,0.999964,-0.005712674822947461
epsilon_greedy,9,47,2,0.75,0.2500105002100276,0.46875,0.250035,-4.997899724079602e-07
epsilon_greedy,9,48,1,1.0,0.9942423251770526,0.5,0.999964,-0.005712674822947461
epsilon_greedy,9,48,2,0.75,0.2500105002100276,0.46875,0.250035,-4.997899724079602e-07
epsilon_greedy,9,49,1,1.0,1.0000390007740805,0.5625,0.999964,5.4000774080353864e-05
epsilon_greedy,9,49,2,0.75,0.2500105002205283,0.4375,0.2500255,-4.998004725642602e-07
epsilon_greedy,10,0,1,1.0,1.0000390007380793,0.59375,0.999967,5.40007380789298e-05
epsilon_greedy,10,0,2,0.78125,0.2500135002700101,0.53125,0.25001675,2.655121678074579e-10
epsilon_greedy,10,1,1,1.0,0.9942423251770526,0.5,0.999964,-0.005712674822947461
epsilon_greedy,10,1,2,0.75,0.2500105002100276,0.46875,0.250035,-4.997899724079602e-07
epsilon_greedy,10,2,1,1.0,0.9942423251770526,0.5,0.999964,-0.005712674822947461
epsilon_greedy,10,2,2,0.75,0.25001050021002763,0.46875,0.250035,-4.99789972352449e-07
epsilon_greedy,10,3,1,1.0,0.9942423251770526,0.5,0.999964,-0.005712674822947461
epsilon_greedy,10,3,2,0.75,0.25001050021002763,0.46875,0.250035,-4.99789972352449e-07
epsilon_greedy,10,4,1,1.0,0.9942423251770526,0.5,0.999964,-0.005712674822947461
epsilon_greedy,10,4,2,0.75,0.2500105002100276,0.46875,0.250035,-4.997899724079602e-07
epsilon_greedy,10,5,1,1.0,0.9942423251770526,0.5,0.999964,-0.005712674822947461
epsilon_greedy,10,5,2,0.75,0.2500105002100276,0.46875,0.250035,-4.997899724079602e-07
epsilon_greedy,10,6,1,1.0,0.9942423251770526,0.5,0.999964,-0.005712674822947461
epsilon_greedy,10,6,2,0.75,0.2500105002100276,0.46875,0.250035,-4.997899724079602e-07
epsilon_greedy,10,7,1,1.0,0.9942423251770526,0.5,0.999964,-0.005712674822947461
epsilon_greedy,10,7,2,0.75,0.2500105002100276,0.46875,0.250035,-4.997899724079602e-07
epsilon_greedy,10,8,1,1.0,0.9942423251770526,0.5,0.999964,-0.005712674822947461
epsilon_greedy,10,8,2,0.75,0.2500105002100276,0.46875,0.250035,-4.997899724079602e-07
epsilon_greedy,10,9,1,1.0,0.9942423251770526,0.5,0.999964,-0.005712674822947461
epsilon_greedy,10,9,2,0.75,0.2500105002100276,0.46875,0.250035,-4.997899724079602e-07
epsilon_greedy,10,10,1,1.0,0.9942423251770526,0.5,0.999964,-0.005712674822947461
epsilon_greedy,10,10,2,0.75,0.2500105002100276,0.46875,0.250035,-4.997899724079602e-07
epsilon_greedy,10,11,1,1.0,0.9942423251770526,0.5,0.999964,-0.005712674822947461
epsilon_greedy,10,11,2,0.75,0.25001050021002763,0.46875,0.250035,-4.99789972352449e-07
epsilon_greedy,10,12,1,1.0,0.9942423251770526,0.5,0.999964,-0.005712674822947461
epsilon_greedy,10,12,2,0.75,0.25001050021002763,0.46875,0.250035,-4.99789972352449e-07
epsilon_greedy,10,13,1,1.0,0.9942423251770526,0.5,0.999964,-0.005712674822947461
epsilon_greedy,10,13,2,0.75,0.2500105002100276,0.46875,0.250035,-4.997899724079602e-07
epsilon_greedy,10,14,1,1.0,0.9942423251770526,0.5,0.999964,-0.005712674822947461
epsilon_greedy,10,14,2,0.75,0.2500105002100276,0.46875,0.250035,-4.997899724079602e-07
epsilon_greedy,10,15,1,1.0,0.9942423251770526,0.5,0.999964,-0.005712674822947461
epsilon_greedy,10,15,2,0.75,0.2500105002100276,0.46875,0.250035,-4.997899724079602e-07
epsilon_greedy,10,16,1,1.0,0.9942423251770526,0.5,0.999964,-0.005712674822947461
epsilon_greedy,10,16,2,0.75,0.2500105002100276,0.46875,0.250035,-4.997899724079602e-07
epsilon_greedy,10,17,1,1.0,0.9942423251770526,0.5,0.999964,-0.005712674822947461
epsilon_greedy,10,17,2,0.75,0.2500105002100276,0.46875,0.250035,-4.997899724079602e-07
epsilon_greedy,10,18,1,1.0,0.9942423251770526,0.5,0.999964,-0.005712674822947461
epsilon_greedy,10,18,2,0.75,0.2500105002100276,0.46875,0.250035,-4.997899724079602e-07
epsilon_greedy,10,19,1,1.0,0.9942423251770526,0.5,0.999964,-0.005712674822947461
epsilon_greedy,10,19,2,0.75,0.2500105002100276,0.46875,0.250035,-4.997899724079602e-07
epsilon_greedy,10,20,1,1.0,0.9942423251770526,0.5,0.999964,-0.005712674822947461
epsilon_greedy,10,20,2,0.75,0.25001050021002763,0.46875,0.250035,-4.99789972352449e-07
epsilon_greedy,10,21,1,1.0,0.9942423251770526,0.5,0.999964,-0.005712674822947461
epsilon_greedy,10,21,2,0.75,0.25001050021002763,0.46875,0.250035,-4.99789972352449e-07
epsilon_greedy,10,22,1,1.0,0.9942423251770526,0.5,0.999964,-0.005712674822947461
epsilon_greedy,10,22,2,0.75,0.2500105002100276,0.46875,0.250035,-4.997899724079602e-07
epsilon_greedy,10,23,1,1.0,0.9942423251770526,0.5,0.999964,-0.005712674822947461
epsilon_greedy,10,23,2,0.75,0.2500105002100276,0.46875,0.250035,-4.997899724079602e-07
epsilon_greedy,10,24,1,1.0,0.9942423251770526,0.5,0.999964,-0.005712674822947461
epsilon_greedy,10,24,2,0.75,0.2500105002100276,0.46875,0.250035,-4.997899724079602e-07
epsilon_greedy,10,25,1,1.0,0.9942423251770526,0.5,0.999964,-0.005712674822947461
epsilon_greedy,10,25,2,0.75,0.2500105002100276,0.46875,0.250035,-4.997899724079602e-07
epsilon_greedy,10,26,1,1.0,0.9942423251770526,0.5,0.999964,-0.005712674822947461
epsilon_greedy,10,26,2,0.75,0.2500105002100276,0.46875,0.250035,-4.997899724079602e-07
epsilon_greedy,10,27,1,1.0,0.9942423251770526,0.5,0.999964,-0.005712674822947461
epsilon_greedy,10,27,2,0.75,0.2500105002100276,0.46875,0.250035,-4.997899724079602e-07
epsilon_greedy,10,28,1,1.0,0.9942423251770526,0.5,0.999964,-0.005712674822947461
epsilon_greedy,10,28,2,0.75,0.2500105002100276,0.46875,0.250035,-4.997899724079602e-07
epsilon_greedy,10,29,1,1.0,0.9942423251770526,0.5,0.999964,-0.005712674822947461
epsilon_greedy,10,29,2,0.75,0.2500105002100276,0.46875,0.250035,-4.997899724079602e-07
epsilon_greedy,10,30,1,1.0,0.9942423251770526,0.5,0.999964,-0.005712674822947461
epsilon_greedy,10,30,2,0.75,0.2500105002100276,0.46875,0.250035,-4.997899724079602e-07
epsilon_greedy,10,31,1,1.0,0.9942423251770526,0.5,0.999964,-0.005712674822947461
epsilon_greedy,10,31,2,0.75,0.2500105002100276,0.46875,0.250035,-4.997899724079602e-07
epsilon_greedy,10,32,1,1.0,0.9942423251770526,0.5,0.999964,-0.005712674822947461
epsilon_greedy,10,32,2,0.75,0.2500105002100276,0.46875,0.250035,-4.997899724079602e-07
epsilon_greedy,10,33,1,1.0,0.9942423251770526,0.5,0.999964,-0.005712674822947461
epsilon_greedy,10,33,2,0.75,0.2500105002100276,0.46875,0.250035,-4.997899724079602e-07
epsilon_greedy,10,34,1,1.0,0.9942423251770526,0.5,0.999964,-0.005712674822947461
epsilon_greedy,10,34,2,0.75,0.2500105002100276,0.46875,0.250035,-4.997899724079602e-07
epsilon_greedy,10,35,1,1.0,0.9942423251770526,0.5,0.999964,-0.005712674822947461
epsilon_greedy,10,35,2,0.75,0.2500105002100276,0.46875,0.250035,-4.997899724079602e-07
epsilon_greedy,10,36,1,1.0,0.9942423251770526,0.5,0.999964,-0.005712674822947461
epsilon_greedy,10,36,2,0.75,0.2500105002100276,0.46875,0.250035,-4.997899724079602e-07
epsilon_greedy,10,37,1,1.0,0.9942423251770526,0.5,0.999964,-0.005712674822947461
epsilon_greedy,10,37,2,0.75,0.2500105002100276,0.46875,0.250035,-4.997899724079602e-07
epsilon_greedy,10,38,1,1.0,0.9942423251770526,0.5,0.999964,-0.005712674822947461
epsilon_greedy,10,38,2,0.75,0.2500105002100276,0.46875,0.250035,-4.997899724079602e-07
epsilon_greedy,10,39,1,1.0,0.9942423251770526,0.5,0.999964,-0.005712674822947461
epsilon_greedy,10,39,2,0.75,0.2500105002100276,0.46875,0.250035,-4.997899724079602e-07
epsilon_greedy,10,40,1,1.0,0.9942423251770526,0.5,0.999964,-0.005712674822947461
epsilon_greedy,10,40,2,0.75,0.2500105002100276,0.46875,0.250035,-4.997899724079602e-07
epsilon_greedy,10,41,1,1.0,0.9942423251770526,0.5,0.999964,-0.005712674822947461
epsilon_greedy,10,41,2,0.75,0.2500105002100276,0.46875,0.250035,-4.997899724079602e-07
epsilon_greedy,10,42,1,1.0,0.9942423251770526,0.5,0.999964,-0.005712674822947461
epsilon_greedy,10,42,2,0.75,0.2500105002100276,0.46875,0.250035,-4.997899724079602e-07
epsilon_greedy,10,43,1,1.0,0.9942423251770526,0.5,0.999964,-0.005712674822947461
epsilon_greedy,10,43,2,0.75,0.2500105002100276,0.46875,0.250035,-4.997899724079602e-07
epsilon_greedy,10,44,1,1.0,0.9942423251770526,0.5,0.999964,-0.005712674822947461
epsilon_greedy,10,44,2,0.75,0.2500105002100276,0.46875,0.250035,-4.997899724079602e-07
epsilon_greedy,10,45,1,1.0,0.9942423251770526,0.5,0.999964,-0.005712674822947461
epsilon_greedy,10,45,2,0.75,0.2500105002100276,0.46875,0.250035,-4.997899724079602e-07
epsilon_greedy,10,46,1,1.0,0.9942423251770526,0.5,0.999964,-0.005712674822947461
epsilon_greedy,10,46,2,0.75,0.2500105002100276,0.46875,0.250035,-4.997899724079602e-07
epsilon_greedy,10,47,1,1.0,0.9942423251770526,0.5,0.999964,-0.005712674822947461
epsilon_greedy,10,47,2,0.75,0.2500105002100276,0.46875,0.250035,-4.997899724079602e-07
epsilon_greedy,10,48,1,1.0,0.9942423251770526,0.5,0.999964,-0.005712674822947461
epsilon_greedy,10,48,2,0.75,0.2500105002100276,0.46875,0.250035,-4.997899724079602e-07
epsilon_greedy,10,49,1,1.0,1.0000390007740805,0.5625,0.999964,5.4000774080353864e-05
epsilon_greedy,10,49,2,0.75,0.2500105002205283,0.4375,0.2500255,-4.998004725642602e-07
epsilon_greedy,11,0,1,1.0,1.0000390007380793,0.59375,0.999967,5.40007380789298e-05
epsilon_greedy,11,0,2,0.78125,0.2500135002700101,0.53125,0.25001675,2.655121678074579e-10
epsilon_greedy,11,1,1,1.0,0.9942423251770526,0.5,0.999964,-0.005712674822947461
epsilon_greedy,11,1,2,0.75,0.2500105002100276,0.46875,0.250035,-4.997899724079602e-07
epsilon_greedy,11,2,1,1.0,0.9942423251770526,0.5,0.999964,-0.005712674822947461
epsilon_greedy,11,2,2,0.75,0.25001050021002763,0.46875,0.250035,-4.99789972352449e-07
epsilon_greedy,11,3,1,1.0,0.9942423251770526,0.5,0.999964,-0.005712674822947461
epsilon_greedy,11,3,2,0.75,0.25001050021002763,0.46875,0.250035,-4.99789972352449e-07
epsilon_greedy,11,4,1,1.0,0.9942423251770526,0.5,0.999964,-0.005712674822947461
epsilon_greedy,11,4,2,0.75,0.2500105002100276,0.46875,0.250035,-4.997899724079602e-07
epsilon_greedy,11,5,1,1.0,0.9942423251770526,0.5,0.999964,-0.005712674822947461
epsilon_greedy,11,5,2,0.75,0.2500105002100276,0.46875,0.250035,-4.997899724079602e-07
epsilon_greedy,11,6,1,1.0,0.9942423251770526,0.5,0.999964,-0.005712674822947461
epsilon_greedy,11,6,2,0.75,0.2500105002100276,0.46875,0.250035,-4.997899724079602e-07
epsilon_greedy,11,7,1,1.0,0.9942423251770526,0.5,0.999964,-0.005712674822947461
epsilon_greedy,11,7,2,0.75,0.2500105002100276,0.46875,0.250035,-4.997899724079602e-07
epsilon_greedy,11,8,1,1.0,0.9942423251770526,0.5,0.999964,-0.005712674822947461
epsilon_greedy,11,8,2,0.75,0.2500105002100276,0.46875,0.250035,-4.997899724079602e-07
epsilon_greedy,11,9,1,1.0,0.9942423251770526,0.5,0.999964,-0.005712674822947461
epsilon_greedy,11,9,2,0.75,0.2500105002100276,0.46875,0.250035,-4.997899724079602e-07
epsilon_greedy,11,10,1,1.0,0.9942423251770526,0.5,0.999964,-0.005712674822947461
epsilon_greedy,11,10,2,0.75,0.2500105002100276,0.46875,0.250035,-4.997899724079602e-07
epsilon_greedy,11,11,1,1.0,0.9942423251770526,0.5,0.999964,-0.005712674822947461
epsilon_greedy,11,11,2,0.75,0.25001050021002763,0.46875,0.250035,-4.99789972352449e-07
epsilon_greedy,11,12,1,1.0,0.9942423251770526,0.5,0.999964,-0.005712674822947461
epsilon_greedy,11,12,2,0.75,0.25001050021002763,0.46875,0.250035,-4.99789972352449e-07
epsilon_greedy,11,13,1,1.0,0.9942423251770526,0.5,0.999964,-0.005712674822947461
epsilon_greedy,11,13,2,0.75,0.2500105002100276,0.46875,0.250035,-4.997899724079602e-07
epsilon_greedy,11,14,1,1.0,0.9942423251770526,0.5,0.999964,-0.005712674822947461
epsilon_greedy,11,14,2,0.75,0.2500105002100276,0.46875,0.250035,-4.997899724079602e-07
epsilon_greedy,11,15,1,1.0,0.9942423251770526,0.5,0.999964,-0.005712674822947461
epsilon_greedy,11,15,2,0.75,0.2500105002100276,0.46875,0.250035,-4.997899724079602e-07
epsilon_greedy,11,16,1,1.0,0.9942423251770526,0.5,0.999964,-0.005712674822947461
epsilon_greedy,11,16,2,0.75,0.2500105002100276,0.46875,0.250035,-4.997899724079602e-07
epsilon_greedy,11,17,1,1.0,0.9942423251770526,0.5,0.999964,-0.005712674822947461
epsilon_greedy,11,17,2,0.75,0.2500105002100276,0.46875,0.250035,-4.997899724079602e-07
epsilon_greedy,11,18,1,1.0,0.9942423251770526,0.5,0.999964,-0.005712674822947461
epsilon_greedy,11,18,2,0.75,0.2500105002100276,0.46875,0.250035,-4.997899724079602e-07
epsilon_greedy,11,19,1,1.0,0.9942423251770526,0.5,0.999964,-0.005712674822947461
epsilon_greedy,11,19,2,0.75,0.2500105002100276,0.46875,0.250035,-4.997899724079602e-07
epsilon_greedy,11,20,1,1.0,0.9942423251770526,0.5,0.999964,-0.005712674822947461
epsilon_greedy,11,20,2,0.75,0.25001050021002763,0.46875,0.250035,-4.99789972352449e-07
epsilon_greedy,11,21,1,1.0,0.9942423251770526,0.5,0.999964,-0.005712674822947461
epsilon_greedy,11,21,2,0.75,0.25001050021002763,0.46875,0.250035,-4.99789972352449e-07
epsilon_greedy,11,22,1,1.0,0.9942423251770526,0.5,0.999964,-0.005712674822947461
epsilon_greedy,11,22,2,0.75,0.2500105002100276,0.46875,0.250035,-4.997899724079602e-07
epsilon_greedy,11,23,1,1.0,0.9942423251770526,0.5,0.999964,-0.005712674822947461
epsilon_greedy,11,23,2,0.75,0.2500105002100276,0.46875,0.250035,-4.997899724079602e-07
epsilon_greedy,11,24,1,1.0,0.9942423251770526,0.5,0.999964,-0.005712674822947461
epsilon_greedy,11,24,2,0.75,0.2500105002100276,0.46875,0.250035,-4.997899724079602e-07
epsilon_greedy,11,25,1,1.0,0.9942423251770526,0.5,0.999964,-0.005712674822947461
epsilon_greedy,11,25,2,0.75,0.2500105002100276,0.46875,0.250035,-4.997899724079602e-07
epsilon_greedy,11,26,1,1.0,0.9942423251770526,0.5,0.999964,-0.005712674822947461
epsilon_greedy,11,26,2,0.75,0.2500105002100276,0.46875,0.250035,-4.997899724079602e-07
epsilon_greedy,11,27,1,1.0,0.9942423251770526,0.5,0.999964,-0.005712674822947461
epsilon_greedy,11,27,2,0.75,0.2500105002100276,0.46875,0.250035,-4.997899724079602e-07
epsilon_greedy,11,28,1,1.0,0.9942423251770526,0.5,0.999964,-0.005712674822947461
epsilon_greedy,11,28,2,0.75,0.2500105002100276,0.46875,0.250035,-4.997899724079602e-07
epsilon_greedy,11,29,1,1.0,0.9942423251770526,0.5,0.999964,-0.005712674822947461
epsilon_greedy,11,29,2,0.75,0.2500105002100276,0.46875,0.250035,-4.997899724079602e-07
epsilon_greedy,11,30,1,1.0,0.9942423251770526,0.5,0.999964,-0.005712674822947461
epsilon_greedy,11,30,2,0.75,0.2500105002100276,0.46875,0.250035,-4.997899724079602e-07
epsilon_greedy,11,31,1,1.0,0.9942423251770526,0.5,0.999964,-0.005712674822947461
epsilon_greedy,11,31,2,0.75,0.2500105002100276,0.46875,0.250035,-4.997899724079602e-07
epsilon_greedy,11,32,1,1.0,0.9942423251770526,0.5,0.999964,-0.005712674822947461
epsilon_greedy,11,32,2,0.75,0.2500105002100276,0.46875,0.250035,-4.997899724079602e-07
epsilon_greedy,11,33,1,1.0,0.9942423251770526,0.5,0.999964,-0.005712674822947461
epsilon_greedy,11,33,2,0.75,0.2500105002100276,0.46875,0.250035,-4.997899724079602e-07
epsilon_greedy,11,34,1,1.0,0.9942423251770526,0.5,0.999964,-0.005712674822947461
epsilon_greedy,11,34,2,0.75,0.2500105002100276,0.46875,0.250035,-4.997899724079602e-07
epsilon_greedy,11,35,1,1.0,0.9942423251770526,0.5,0.999964,-0.005712674822947461
epsilon_greedy,11,35,2,0.75,0.2500105002100276,0.46875,0.250035,-4.997899724079602e-07
epsilon_greedy,11,36,1,1.0,0.9942423251770526,0.5,0.999964,-0.005712674822947461
epsilon_greedy,11,36,2,0.75,0.2500105002100276,0.46875,0.250035,-4.997899724079602e-07
epsilon_greedy,11,37,1,1.0,0.9942423251770526,0.5,0.999964,-0.005712674822947461
epsilon_greedy,11,37,2,0.75,0.2500105002100276,0.46875,0.250035,-4.997899724079602e-07
epsilon_greedy,11,38,1,1.0,0.9942423251770526,0.5,0.999964,-0.005712674822947461
epsilon_greedy,11,38,2,0.75,0.2500105002100276,0.46875,0.250035,-4.997899724079602e-07
epsilon_greedy,11,39,1,1.0,0.9942423251770526,0.5,0.999964,-0.005712674822947461
epsilon_greedy,11,39,2,0.75,0.2500105002100276,0.46875,0.250035,-4.997899724079602e-07
epsilon_greedy,11,40,1,1.0,0.9942423251770526,0.5,0.999964,-0.005712674822947461
epsilon_greedy,11,40,2,0.75,0.2500105002100276,0.46875,0.250035,-4.997899724079602e-07
epsilon_greedy,11,41,1,1.0,0.9942423251770526,0.5,0.999964,-0.005712674822947461
epsilon_greedy,11,41,2,0.75,0.2500105002100276,0.46875,0.250035,-4.997899724079602e-07
epsilon_greedy,11,42,1,1.0,0.9942423251770526,0.5,0.999964,-0.005712674822947461
epsilon_greedy,11,42,2,0.75,0.2500105002100276,0.46875,0.250035,-4.997899724079602e-07
epsilon_greedy,11,43,1,1.0,0.9942423251770526,0.5,0.999964,-0.005712674822947461
epsilon_greedy,11,43,2,0.75,0.2500105002100276,0.46875,0.250035,-4.997899724079602e-07
epsilon_greedy,11,44,1,1.0,0.9942423251770526,0.5,0.999964,-0.005712674822947461
epsilon_greedy,11,44,2,0.75,0.2500105002100276,0.46875,0.250035,-4.997899724079602e-07
epsilon_greedy,11,45,1,1.0,0.9942423251770526,0.5,0.999964,-0.005712674822947461
epsilon_greedy,11,45,2,0.75,0.2500105002100276,0.46875,0.250035,-4.997899724079602e-07
epsilon_greedy,11,46,1,1.0,0.9942423251770526,0.5,0.999964,-0.005712674822947461
epsilon_greedy,11,46,2,0.75,0.2500105002100276,0.46875,0.250035,-4.997899724079602e-07
epsilon_greedy,11,47,1,1.0,0.9942423251770526,0.5,0.999964,-0.005712674822947461
epsilon_greedy,11,47,2,0.75,0.2500105002100276,0.46875,0.250035,-4.997899724079602e-07
epsilon_greedy,11,48,1,1.0,0.9942423251770526,0.5,0.999964,-0.005712674822947461
epsilon_greedy,11,48,2,0.75,0.2500105002100276,0.46875,0.250035,-4.997899724079602e-07
epsilon_greedy,11,49,1,1.0,1.0000390007740805,0.5625,0.999964,5.4000774080353864e-05
epsilon_greedy,11,49,2,0.75,0.2500105002205283,0.4375,0.2500255,-4.998004725642602e-07
epsilon_greedy,12,0,1,1.0,1.0000390007380793,0.59375,0.999967,5.40007380789298e-05
epsilon_greedy,12,0,2,0.78125,0.2500135002700101,0.53125,0.25001675,2.655121678074579e-10
epsilon_greedy,12,1,1,1.0,0.9942423251770526,0.5,0.999964,-0.005712674822947461
epsilon_greedy,12,1,2,0.75,0.2500105002100276,0.46875,0.250035,-4.997899724079602e-07
epsilon_greedy,12,2,1,1.0,0.9942423251770526,0.5,0.999964,-0.005712674822947461
epsilon_greedy,12,2,2,0.75,0.25001050021002763,0.46875,0.250035,-4.99789972352449e-07
epsilon_greedy,12,3,1,1.0,0.9942423251770526,0.5,0.999964,-0.005712674822947461
epsilon_greedy,12,3,2,0.75,0.25001050021002763,0.46875,0.250035,-4.99789972352449e-07
epsilon_greedy,12,4,1,1.0,0.9942423251770526,0.5,0.999964,-0.005712674822947461
epsilon_greedy,12,4,2,0.75,0.2500105002100276,0.46875,0.250035,-4.997899724079602e-07
epsilon_greedy,12,5,1,1.0,0.9942423251770526,0.5,0.999964,-0.005712674822947461
epsilon_greedy,12,5,2,0.75,0.2500105002100276,0.46875,0.250035,-4.997899724079602e-07
epsilon_greedy,12,6,1,1.0,0.9942423251770526,0.5,0.999964,-0.005712674822947461
epsilon_greedy,12,6,2,0.75,0.2500105002100276,0.46875,0.250035,-4.997899724079602e-07
epsilon_greedy,12,7,1,1.0,0.9942423251770526,0.5,0.999964,-0.005712674822947461
epsilon_greedy,12,7,2,0.75,0.2500105002100276,0.46875,0.250035,-4.997899724079602e-07
epsilon_greedy,12,8,1,1.0,0.9942423251770526,0.5,0.999964,-0.005712674822947461
epsilon_greedy,12,8,2,0.75,0.2500105002100276,0.46875,0.250035,-4.997899724079602e-07
epsilon_greedy,12,9,1,1.0,0.9942423251770526,0.5,0.999964,-0.005712674822947461
epsilon_greedy,12,9,2,0.75,0.2500105002100276,0.46875,0.250035,-4.997899724079602e-07
epsilon_greedy,12,10,1,1.0,0.9942423251770526,0.5,0.999964,-0.005712674822947461
epsilon_greedy,12,10,2,0.75,0.2500105002100276,0.46875,0.250035,-4.997899724079602e-07
epsilon_greedy,12,11,1,1.0,0.9942423251770526,0.5,0.999964,-0.005712674822947461
epsilon_greedy,12,11,2,0.75,0.25001050021002763,0.46875,0.250035,-4.99789972352449e-07
epsilon_greedy,12,12,1,1.0,0.9942423251770526,0.5,0.999964,-0.005712674822947461
epsilon_greedy,12,12,2,0.75,0.25001050021002763,0.46875,0.250035,-4.99789972352449e-07
epsilon_greedy,12,13,1,1.0,0.9942423251770526,0.5,0.999964,-0.005712674822947461
epsilon_greedy,12,13,2,0.75,0.2500105002100276,0.46875,0.250035,-4.997899724079602e-07
epsilon_greedy,12,14,1,1.0,0.9942423251770526,0.5,0.999964,-0.005712674822947461
epsilon_greedy,12,14,2,0.75,0.2500105002100276,0.46875,0.250035,-4.997899724079602e-07
epsilon_greedy,12,15,1,1.0,0.9942423251770526,0.5,0.999964,-0.005712674822947461
epsilon_greedy,12,15,2,0.75,0.2500105002100276,0.46875,0.250035,-4.997899724079602e-07
epsilon_greedy,12,16,1,1.0,0.9942423251770526,0.5,0.999964,-0.005712674822947461
epsilon_greedy,12,16,2,0.75,0.2500105002100276,0.46875,0.250035,-4.997899724079602e-07
epsilon_greedy,12,17,1,1.0,0.9942423251770526,0.5,0.999964,-0.005712674822947461
epsilon_greedy,12,17,2,0.75,0.2500105002100276,0.46875,0.250035,-4.997899724079602e-07
epsilon_greedy,12,18,1,1.0,0.9942423251770526,0.5,0.999964,-0.005712674822947461
epsilon_greedy,12,18,2,0.75,0.2500105002100276,0.46875,0.250035,-4.997899724079602e-07
epsilon_greedy,12,19,1,1.0,0.9942423251770526,0.5,0.999964,-0.005712674822947461
epsilon_greedy,12,19,2,0.75,0.2500105002100276,0.46875,0.250035,-4.997899724079602e-07
epsilon_greedy,12,20,1,1.0,0.9942423251770526,0.5,0.999964,-0.005712674822947461
epsilon_greedy,12,20,2,0.75,0.25001050021002763,0.46875,0.250035,-4.99789972352449e-07
epsilon_greedy,12,21,1,1.0,0.9942423251770526,0.5,0.999964,-0.005712674822947461
epsilon_greedy,12,21,2,0.75,0.25001050021002763,0.46875,0.250035,-4.99789972352449e-07
epsilon_greedy,12,22,1,1.0,0.9942423251770526,0.5,0.999964,-0.005712674822947461
epsilon_greedy,12,22,2,0.75,0.2500105002100276,0.46875,0.250035,-4.997899724079602e-07
epsilon_greedy,12,23,1,1.0,0.9942423251770526,0.5,0.999964,-0.005712674822947461
epsilon_greedy,12,23,2,0.75,0.2500105002100276,0.46875,0.250035,-4.997899724079602e-07
epsilon_greedy,12,24,1,1.0,0.9942423251770526,0.5,0.999964,-0.005712674822947461
epsilon_greedy,12,24,2,0.75,0.2500105002100276,0.46875,0.250035,-4.997899724079602e-07
epsilon_greedy,12,25,1,1.0,0.9942423251770526,0.5,0.999964,-0.005712674822947461
epsilon_greedy,12,25,2,0.75,0.2500105002100276,0.46875,0.250035,-4.997899724079602e-07
epsilon_greedy,12,26,1,1.0,0.9942423251770526,0.5,0.999964,-0.005712674822947461
epsilon_greedy,12,26,2,0.75,0.2500105002100276,0.46875,0.250035,-4.997899724079602e-07
epsilon_greedy,12,27,1,1.0,0.9942423251770526,0.5,0.999964,-0.005712674822947461
epsilon_greedy,12,27,2,0.75,0.2500105002100276,0.46875,0.250035,-4.997899724079602e-07
epsilon_greedy,12,28,1,1.0,0.9942423251770526,0.5,0.999964,-0.005712674822947461
epsilon_greedy,12,28,2,0.75,0.2500105002100276,0.46875,0.250035,-4.997899724079602e-07
epsilon_greedy,12,29,1,1.0,0.9942423251770526,0.5,0.999964,-0.005712674822947461
epsilon_greedy,12,29,2,0.75,0.2500105002100276,0.46875,0.250035,-4.997899724079602e-07
epsilon_greedy,12,30,1,1.0,0.9942423251770526,0.5,0.999964,-0.005712674822947461
epsilon_greedy,12,30,2,0.75,0.2500105002100276,0.46875,0.250035,-4.997899724079602e-07
epsilon_greedy,12,31,1,1.0,0.9942423251770526,0.5,0.999964,-0.005712674822947461
epsilon_greedy,12,31,2,0.75,0.2500105002100276,0.46875,0.250035,-4.997899724079602e-07
epsilon_greedy,12,32,1,1.0,0.9942423251770526,0.5,0.999964,-0.005712674822947461
epsilon_greedy,12,32,2,0.75,0.2500105002100276,0.46875,0.250035,-4.997899724079602e-07
epsilon_greedy,12,33,1,1.0,0.9942423251770526,0.5,0.999964,-0.005712674822947461
epsilon_greedy,12,33,2,0.75,0.2500105002100276,0.46875,0.250035,-4.997899724079602e-07
epsilon_greedy,12,34,1,1.0,0.9942423251770526,0.5,0.999964,-0.005712674822947461
epsilon_greedy,12,34,2,0.75,0.2500105002100276,0.46875,0.250035,-4.997899724079602e-07
epsilon_greedy,12,35,1,1.0,0.9942423251770526,0.5,0.999964,-0.005712674822947461
epsilon_greedy,12,35,2,0.75,0.2500105002100276,0.46875,0.250035,-4.997899724079602e-07
epsilon_greedy,12,36,1,1.0,0.9942423251770526,0.5,0.999964,-0.005712674822947461
epsilon_greedy,12,36,2,0.75,0.2500105002100276,0.46875,0.250035,-4.997899724079602e-07
epsilon_greedy,12,37,1,1.0,0.9942423251770526,0.5,0.999964,-0.005712674822947461
epsilon_greedy,12,37,2,0.75,0.2500105002100276,0.46875,0.250035,-4.997899724079602e-07
epsilon_greedy,12,38,1,1.0,0.9942423251770526,0.5,0.999964,-0.005712674822947461
epsilon_greedy,12,38,2,0.75,0.2500105002100276,0.46875,0.250035,-4.997899724079602e-07
epsilon_greedy,12,39,1,1.0,0.9942423251770526,0.5,0.999964,-0.005712674822947461
epsilon_greedy,12,39,2,0.75,0.2500105002100276,0.46875,0.250035,-4.997899724079602e-07
epsilon_greedy,12,40,1,1.0,0.9942423251770526,0.5,0.999964,-0.005712674822947461
epsilon_greedy,12,40,2,0.75,0.2500105002100276,0.46875,0.250035,-4.997899724079602e-07
epsilon_greedy,12,41,1,1.0,0.9942423251770526,0.5,0.999964,-0.005712674822947461
epsilon_greedy,12,41,2,0.75,0.2500105002100276,0.46875,0.250035,-4.997899724079602e-07
epsilon_greedy,12,42,1,1.0,0.9942423251770526,0.5,0.999964,-0.005712674822947461
epsilon_greedy,12,42,2,0.75,0.2500105002100276,0.46875,0.250035,-4.997899724079602e-07
epsilon_greedy,12,43,1,1.0,0.9942423251770526,0.5,0.999964,-0.005712674822947461
epsilon_greedy,12,43,2,0.75,0.2500105002100276,0.46875,0.250035,-4.997899724079602e-07
epsilon_greedy,12,44,1,1.0,0.9942423251770526,0.5,0.999964,-0.005712674822947461
epsilon_greedy,12,44,2,0.75,0.2500105002100276,0.46875,0.250035,-4.997899724079602e-07
epsilon_greedy,12,45,1,1.0,0.9942423251770526,0.5,0.999964,-0.005712674822947461
epsilon_greedy,12,45,2,0.75,0.2500105002100276,0.46875,0.250035,-4.997899724079602e-07
epsilon_greedy,12,46,1,1.0,0.9942423251770526,0.5,0.999964,-0.005712674822947461
epsilon_greedy,12,46,2,0.75,0.2500105002100276,0.46875,0.250035,-4.997899724079602e-07
epsilon_greedy,12,47,1,1.0,0.9942423251770526,0.5,0.999964,-0.005712674822947461
epsilon_greedy,12,47,2,0.75,0.2500105002100276,0.46875,0.250035,-4.997899724079602e-07
epsilon_greedy,12,48,1,1.0,0.9942423251770526,0.5,0.999964,-0.005712674822947461
epsilon_greedy,12,48,2,0.75,0.2500105002100276,0.46875,0.250035,-4.997899724079602e-07
epsilon_greedy,12,49,1,1.0,1.0000390007740805,0.5625,0.999964,5.4000774080353864e-05
epsilon_greedy,12,49,2,0.75,0.2500105002205283,0.4375,0.2500255,-4.998004725642602e-07
epsilon_greedy,13,0,1,1.0,1.0000390007380793,0.59375,0.999967,5.40007380789298e-05
epsilon_greedy,13,0,2,0.78125,0.2500135002700101,0.53125,0.25001675,2.655121678074579e-10
epsilon_greedy,13,1,1,1.0,0.9942423251770526,0.5,0.999964,-0.005712674822947461
epsilon_greedy,13,1,2,0.75,0.2500105002100276,0.46875,0.250035,-4.997899724079602e-07
epsilon_greedy,13,2,1,1.0,0.9942423251770526,0.5,0.999964,-0.005712674822947461
epsilon_greedy,13,2,2,0.75,0.25001050021002763,0.46875,0.250035,-4.99789972352449e-07
epsilon_greedy,13,3,1,1.0,0.9942423251770526,0.5,0.999964,-0.005712674822947461
epsilon_greedy,13,3,2,0.75,0.25001050021002763,0.46875,0.250035,-4.99789972352449e-07
epsilon_greedy,13,4,1,1.0,0.9942423251770526,0.5,0.999964,-0.005712674822947461
epsilon_greedy,13,4,2,0.75,0.2500105002100276,0.46875,0.250035,-4.997899724079602e-07
epsilon_greedy,13,5,1,1.0,0.9942423251770526,0.5,0.999964,-0.005712674822947461
epsilon_greedy,13,5,2,0.75,0.2500105002100276,0.46875,0.250035,-4.997899724079602e-07
epsilon_greedy,13,6,1,1.0,0.9942423251770526,0.5,0.999964,-0.005712674822947461
epsilon_greedy,13,6,2,0.75,0.2500105002100276,0.46875,0.250035,-4.997899724079602e-07
epsilon_greedy,13,7,1,1.0,0.9942423251770526,0.5,0.999964,-0.005712674822947461
epsilon_greedy,13,7,2,0.75,0.2500105002100276,0.46875,0.250035,-4.997899724079602e-07
epsilon_greedy,13,8,1,1.0,0.9942423251770526,0.5,0.999964,-0.005712674822947461
epsilon_greedy,13,8,2,0.75,0.2500105002100276,0.46875,0.250035,-4.997899724079602e-07
epsilon_greedy,13,9,1,1.0,0.9942423251770526,0.5,0.999964,-0.005712674822947461
epsilon_greedy,13,9,2,0.75,0.2500105002100276,0.46875,0.250035,-4.997899724079602e-07
epsilon_greedy,13,10,1,1.0,0.9942423251770526,0.5,0.999964,-0.005712674822947461
epsilon_greedy,13,10,2,0.75,0.2500105002100276,0.46875,0.250035,-4.997899724079602e-07
epsilon_greedy,13,11,1,1.0,0.9942423251770526,0.5,0.999964,-0.005712674822947461
epsilon_greedy,13,11,2,0.75,0.25001050021002763,0.46875,0.250035,-4.99789972352449e-07
epsilon_greedy,13,12,1,1.0,0.9942423251770526,0.5,0.999964,-0.005712674822947461
epsilon_greedy,13,12,2,0.75,0.25001050021002763,0.46875,0.250035,-4.99789972352449e-07
epsilon_greedy,13,13,1,1.0,0.9942423251770526,0.5,0.999964,-0.005712674822947461
epsilon_greedy,13,13,2,0.75,0.2500105002100276,0.46875,0.250035,-4.997899724079602e-07
epsilon_greedy,13,14,1,1.0,0.9942423251770526,0.5,0.999964,-0.005712674822947461
epsilon_greedy,13,14,2,0.75,0.2500105002100276,0.46875,0.250035,-4.997899724079602e-07
epsilon_greedy,13,15,1,1.0,0.9942423251770526,0.5,0.999964,-0.005712674822947461
epsilon_greedy,13,15,2,0.75,0.2500105002100276,0.46875,0.250035,-4.997899724079602e-07
epsilon_greedy,13,16,1,1.0,0.9942423251770526,0.5,0.999964,-0.005712674822947461
epsilon_greedy,13,16,2,0.75,0.2500105002100276,0.46875,0.250035,-4.997899724079602e-07
epsilon_greedy,13,17,1,1.0,0.9942423251770526,0.5,0.999964,-0.005712674822947461
epsilon_greedy,13,17,2,0.75,0.2500105002100276,0.46875,0.250035,-4.997899724079602e-07
epsilon_greedy,13,18,1,1.0,0.9942423251770526,0.5,0.999964,-0.005712674822947461
epsilon_greedy,13,18,2,0.75,0.2500105002100276,0.46875,0.250035,-4.997899724079602e-07
epsilon_greedy,13,19,1,1.0,0.9942423251770526,0.5,0.999964,-0.005712674822947461
epsilon_greedy,13,19,2,0.75,0.2500105002100276,0.46875,0.250035,-4.997899724079602e-07
epsilon_greedy,13,20,1,1.0,0.9942423251770526,0.5,0.999964,-0.005712674822947461
epsilon_greedy,13,20,2,0.75,0.25001050021002763,0.46875,0.250035,-4.99789972352449e-07
epsilon_greedy,13,21,1,1.0,0.9942423251770526,0.5,0.999964,-0.005712674822947461
epsilon_greedy,13,21,2,0.75,0.25001050021002763,0.46875,0.250035,-4.99789972352449e-07
epsilon_greedy,13,22,1,1.0,0.9942423251770526,0.5,0.999964,-0.005712674822947461
epsilon_greedy,13,22,2,0.75,0.2500105002100276,0.46875,0.250035,-4.997899724079602e-07
epsilon_greedy,13,23,1,1.0,0.9942423251770526,0.5,0.999964,-0.005712674822947461
epsilon_greedy,13,23,2,0.75,0.2500105002100276,0.46875,0.250035,-4.997899724079602e-07
epsilon_greedy,13,24,1,1.0,0.9942423251770526,0.5,0.999964,-0.005712674822947461
epsilon_greedy,13,24,2,0.75,0.2500105002100276,0.46875,0.250035,-4.997899724079602e-07
epsilon_greedy,13,25,1,1.0,0.9942423251770526,0.5,0.999964,-0.005712674822947461
epsilon_greedy,13,25,2,0.75,0.2500105002100276,0.46875,0.250035,-4.997899724079602e-07
epsilon_greedy,13,26,1,1.0,0.9942423251770526,0.5,0.999964,-0.005712674822947461
epsilon_greedy,13,26,2,0.75,0.2500105002100276,0.46875,0.250035,-4.997899724079602e-07
epsilon_greedy,13,27,1,1.0,0.9942423251770526,0.5,0.999964,-0.005712674822947461
epsilon_greedy,13,27,2,0.75,0.2500105002100276,0.46875,0.250035,-4.997899724079602e-07
epsilon_greedy,13,28,1,1.0,0.9942423251770526,0.5,0.999964,-0.005712674822947461
epsilon_greedy,13,28,2,0.75,0.2500105002100276,0.46875,0.250035,-4.997899724079602e-07
epsilon_greedy,13,29,1,1.0,0.9942423251770526,0.5,0.999964,-0.005712674822947461
epsilon_greedy,13,29,2,0.75,0.2500105002100276,0.46875,0.250035,-4.997899724079602e-07
epsilon_greedy,13,30,1,1.0,0.9942423251770526,0.5,0.999964,-0.005712674822947461
epsilon_greedy,13,30,2,0.75,0.2500105002100276,0.46875,0.250035,-4.997899724079602e-07
epsilon_greedy,13,31,1,1.0,0.9942423251770526,0.5,0.999964,-0.005712674822947461
epsilon_greedy,13,31,2,0.75,0.2500105002100276,0.46875,0.250035,-4.997899724079602e-07
epsilon_greedy,13,32,1,1.0,0.9942423251770526,0.5,0.999964,-0.005712674822947461
epsilon_greedy,13,32,2,0.75,0.2500105002100276,0.46875,0.250035,-4.997899724079602e-07
epsilon_greedy,13,33,1,1.0,0.9942423251770526,0.5,0.999964,-0.005712674822947461
epsilon_greedy,13,33,2,0.75,0.2500105002100276,0.46875,0.250035,-4.997899724079602e-07
epsilon_greedy,13,34,1,1.0,0.9942423251770526,0.5,0.999964,-0.005712674822947461
epsilon_greedy,13,34,2,0.75,0.2500105002100276,0.46875,0.250035,-4.997899724079602e-07
epsilon_greedy,13,35,1,1.0,0.9942423251770526,0.5,0.999964,-0.005712674822947461
epsilon_greedy,13,35,2,0.75,0.2500105002100276,0.46875,0.250035,-4.997899724079602e-07
epsilon_greedy,13,36,1,1.0,0.9942423251770526,0.5,0.999964,-0.005712674822947461
epsilon_greedy,13,36,2,0.75,0.2500105002100276,0.46875,0.250035,-4.997899724079602e-07
epsilon_greedy,13,37,1,1.0,0.9942423251770526,0.5,0.999964,-0.005712674822947461
epsilon_greedy,13,37,2,0.75,0.2500105002100276,0.46875,0.250035,-4.997899724079602e-07
epsilon_greedy,13,38,1,1.0,0.9942423251770526,0.5,0.999964,-0.005712674822947461
epsilon_greedy,13,38,2,0.75,0.2500105002100276,0.46875,0.250035,-4.997899724079602e-07
epsilon_greedy,13,39,1,1.0,0.9942423251770526,0.5,0.999964,-0.005712674822947461
epsilon_greedy,13,39,2,0.75,0.2500105002100276,0.46875,0.250035,-4.997899724079602e-07
epsilon_greedy,13,40,1,1.0,0.9942423251770526,0.5,0.999964,-0.005712674822947461
epsilon_greedy,13,40,2,0.75,0.2500105002100276,0.46875,0.250035,-4.997899724079602e-07
epsilon_greedy,13,41,1,1.0,0.9942423251770526,0.5,0.999964,-0.005712674822947461
epsilon_greedy,13,41,2,0.75,0.2500105002100276,0.46875,0.250035,-4.997899724079602e-07
epsilon_greedy,13,42,1,1.0,0.9942423251770526,0.5,0.999964,-0.005712674822947461
epsilon_greedy,13,42,2,0.75,0.2500105002100276,0.46875,0.250035,-4.997899724079602e-07
epsilon_greedy,13,43,1,1.0,0.9942423251770526,0.5,0.999964,-0.005712674822947461
epsilon_greedy,13,43,2,0.75,0.2500105002100276,0.46875,0.250035,-4.997899724079602e-07
epsilon_greedy,13,44,1,1.0,0.9942423251770526,0.5,0.999964,-0.005712674822947461
epsilon_greedy,13,44,2,0.75,0.2500105002100276,0.46875,0.250035,-4.997899724079602e-07
epsilon_greedy,13,45,1,1.0,0.9942423251770526,0.5,0.999964,-0.005712674822947461
epsilon_greedy,13,45,2,0.75,0.2500105002100276,0.46875,0.250035,-4.997899724079602e-07
epsilon_greedy,13,46,1,1.0,0.9942423251770526,0.5,0.999964,-0.005712674822947461
epsilon_greedy,13,46,2,0.75,0.2500105002100276,0.46875,0.250035,-4.997899724079602e-07
epsilon_greedy,13,47,1,1.0,0.9942423251770526,0.5,0.999964,-0.005712674822947461
epsilon_greedy,13,47,2,0.75,0.2500105002100276,0.46875,0.250035,-4.997899724079602e-07
epsilon_greedy,13,48,1,1.0,0.9942423251770526,0.5,0.999964,-0.005712674822947461
epsilon_greedy,13,48,2,0.75,0.2500105002100276,0.46875,0.250035,-4.997899724079602e-07
epsilon_greedy,13,49,1,1.0,1.0000390007740805,0.5625,0.999964,5.4000774080353864e-05
epsilon_greedy,13,49,2,0.75,0.2500105002205283,0.4375,0.2500255,-4.998004725642602e-07
epsilon_greedy,14,0,1,1.0,1.0000390007380793,0.59375,0.999967,5.40007380789298e-05
epsilon_greedy,14,0,2,0.78125,0.2500135002700101,0.53125,0.25001675,2.655121678074579e-10
epsilon_greedy,14,1,1,1.0,0.9942423251770526,0.5,0.999964,-0.005712674822947461
epsilon_greedy,14,1,2,0.75,0.2500105002100276,0.46875,0.250035,-4.997899724079602e-07
epsilon_greedy,14,2,1,1.0,0.9942423251770526,0.5,0.999964,-0.005712674822947461
epsilon_greedy,14,2,2,0.75,0.25001050021002763,0.46875,0.250035,-4.99789972352449e-07
epsilon_greedy,14,3,1,1.0,0.9942423251770526,0.5,0.999964,-0.005712674822947461
epsilon_greedy,14,3,2,0.75,0.25001050021002763,0.46875,0.250035,-4.99789972352449e-07
epsilon_greedy,14,4,1,1.0,0.9942423251770526,0.5,0.999964,-0.005712674822947461
epsilon_greedy,14,4,2,0.75,0.2500105002100276,0.46875,0.250035,-4.997899724079602e-07
epsilon_greedy,14,5,1,1.0,0.9942423251770526,0.5,0.999964,-0.005712674822947461
epsilon_greedy,14,5,2,0.75,0.2500105002100276,0.46875,0.250035,-4.997899724079602e-07
epsilon_greedy,14,6,1,1.0,0.9942423251770526,0.5,0.999964,-0.005712674822947461
epsilon_greedy,14,6,2,0.75,0.2500105002100276,0.46875,0.250035,-4.997899724079602e-07
epsilon_greedy,14,7,1,1.0,0.9942423251770526,0.5,0.999964,-0.005712674822947461
epsilon_greedy,14,7,2,0.75,0.2500105002100276,0.46875,0.250035,-4.997899724079602e-07
epsilon_greedy,14,8,1,1.0,0.9942423251770526,0.5,0.999964,-0.005712674822947461
epsilon_greedy,14,8,2,0.75,0.2500105002100276,0.46875,0.250035,-4.997899724079602e-07
epsilon_greedy,14,9,1,1.0,0.9942423251770526,0.5,0.999964,-0.005712674822947461
epsilon_greedy,14,9,2,0.75,0.2500105002100276,0.46875,0.250035,-4.997899724079602e-07
epsilon_greedy,14,10,1,1.0,0.9942423251770526,0.5,0.999964,-0.005712674822947461
epsilon_greedy,14,10,2,0.75,0.2500105002100276,0.46875,0.250035,-4.997899724079602e-07
epsilon_greedy,14,11,1,1.0,0.9942423251770526,0.5,0.999964,-0.005712674822947461
epsilon_greedy,14,11,2,0.75,0.25001050021002763,0.46875,0.250035,-4.99789972352449e-07
epsilon_greedy,14,12,1,1.0,0.9942423251770526,0.5,0.999964,-0.005712674822947461
epsilon_greedy,14,12,2,0.75,0.25001050021002763,0.46875,0.250035,-4.99789972352449e-07
epsilon_greedy,14,13,1,1.0,0.9942423251770526,0.5,0.999964,-0.005712674822947461
epsilon_greedy,14,13,2,0.75,0.2500105002100276,0.46875,0.250035,-4.997899724079602e-07
epsilon_greedy,14,14,1,1.0,0.9942423251770526,0.5,0.999964,-0.005712674822947461
epsilon_greedy,14,14,2,0.75,0.2500105002100276,0.46875,0.250035,-4.997899724079602e-07
epsilon_greedy,14,15,1,1.0,0.9942423251770526,0.5,0.999964,-0.005712674822947461
epsilon_greedy,14,15,2,0.75,0.2500105002100276,0.46875,0.250035,-4.997899724079602e-07
epsilon_greedy,14,16,1,1.0,0.9942423251770526,0.5,0.999964,-0.005712674822947461
epsilon_greedy,14,16,2,0.75,0.2500105002100276,0.46875,0.250035,-4.997899724079602e-07
epsilon_greedy,14,17,1,1.0,0.9942423251770526,0.5,0.999964,-0.005712674822947461
epsilon_greedy,14,17,2,0.75,0.2500105002100276,0.46875,0.250035,-4.997899724079602e-07
epsilon_greedy,14,18,1,1.0,0.9942423251770526,0.5,0.999964,-0.005712674822947461
epsilon_greedy,14,18,2,0.75,0.2500105002100276,0.46875,0.250035,-4.997899724079602e-07
epsilon_greedy,14,19,1,1.0,0.9942423251770526,0.5,0.999964,-0.005712674822947461
epsilon_greedy,14,19,2,0.75,0.2500105002100276,0.46875,0.250035,-4.997899724079602e-07
epsilon_greedy,14,20,1,1.0,0.9942423251770526,0.5,0.999964,-0.005712674822947461
epsilon_greedy,14,20,2,0.75,0.25001050021002763,0.46875,0.250035,-4.99789972352449e-07
epsilon_greedy,14,21,1,1.0,0.9942423251770526,0.5,0.999964,-0.005712674822947461
epsilon_greedy,14,21,2,0.75,0.25001050021002763,0.46875,0.250035,-4.99789972352449e-07
epsilon_greedy,14,22,1,1.0,0.9942423251770526,0.5,0.999964,-0.005712674822947461
epsilon_greedy,14,22,2,0.75,0.2500105002100276,0.46875,0.250035,-4.997899724079602e-07
epsilon_greedy,14,23,1,1.0,0.9942423251770526,0.5,0.999964,-0.005712674822947461
epsilon_greedy,14,23,2,0.75,0.2500105002100276,0.46875,0.250035,-4.997899724079602e-07
epsilon_greedy,14,24,1,1.0,0.9942423251770526,0.5,0.999964,-0.005712674822947461
epsilon_greedy,14,24,2,0.75,0.2500105002100276,0.46875,0.250035,-4.997899724079602e-07
epsilon_greedy,14,25,1,1.0,0.9942423251770526,0.5,0.999964,-0.005712674822947461
epsilon_greedy,14,25,2,0.75,0.2500105002100276,0.46875,0.250035,-4.997899724079602e-07
epsilon_greedy,14,26,1,1.0,0.9942423251770526,0.5,0.999964,-0.005712674822947461
epsilon_greedy,14,26,2,0.75,0.2500105002100276,0.46875,0.250035,-4.997899724079602e-07
epsilon_greedy,14,27,1,1.0,0.9942423251770526,0.5,0.999964,-0.005712674822947461
epsilon_greedy,14,27,2,0.75,0.2500105002100276,0.46875,0.250035,-4.997899724079602e-07
epsilon_greedy,14,28,1,1.0,0.9942423251770526,0.5,0.999964,-0.005712674822947461
epsilon_greedy,14,28,2,0.75,0.2500105002100276,0.46875,0.250035,-4.997899724079602e-07
epsilon_greedy,14,29,1,1.0,0.9942423251770526,0.5,0.999964,-0.005712674822947461
epsilon_greedy,14,29,2,0.75,0.2500105002100276,0.46875,0.250035,-4.997899724079602e-07
epsilon_greedy,14,30,1,1.0,0.9942423251770526,0.5,0.999964,-0.005712674822947461
epsilon_greedy,14,30,2,0.75,0.2500105002100276,0.46875,0.250035,-4.997899724079602e-07
epsilon_greedy,14,31,1,1.0,0.9942423251770526,0.5,0.999964,-0.005712674822947461
epsilon_greedy,14,31,2,0.75,0.2500105002100276,0.46875,0.250035,-4.997899724079602e-07
epsilon_greedy,14,32,1,1.0,0.9942423251770526,0.5,0.999964,-0.005712674822947461
epsilon_greedy,14,32,2,0.75,0.2500105002100276,0.46875,0.250035,-4.997899724079602e-07
epsilon_greedy,14,33,1,1.0,0.9942423251770526,0.5,0.999964,-0.005712674822947461
epsilon_greedy,14,33,2,0.75,0.2500105002100276,0.46875,0.250035,-4.997899724079602e-07
epsilon_greedy,14,34,1,1.0,0.9942423251770526,0.5,0.999964,-0.005712674822947461
epsilon_greedy,14,34,2,0.75,0.2500105002100276,0.46875,0.250035,-4.997899724079602e-07
epsilon_greedy,14,35,1,1.0,0.9942423251770526,0.5,0.999964,-0.005712674822947461
epsilon_greedy,14,35,2,0.75,0.2500105002100276,0.46875,0.250035,-4.997899724079602e-07
epsilon_greedy,14,36,1,1.0,0.9942423251770526,0.5,0.999964,-0.005712674822947461
epsilon_greedy,14,36,2,0.75,0.2500105002100276,0.46875,0.250035,-4.997899724079602e-07
epsilon_greedy,14,37,1,1.0,0.9942423251770526,0.5,0.999964,-0.005712674822947461
epsilon_greedy,14,37,2,0.75,0.2500105002100276,0.46875,0.250035,-4.997899724079602e-07
epsilon_greedy,14,38,1,1.0,0.9942423251770526,0.5,0.999964,-0.005712674822947461
epsilon_greedy,14,38,2,0.75,0.2500105002100276,0.46875,0.250035,-4.997899724079602e-07
epsilon_greedy,14,39,1,1.0,0.9942423251770526,0.5,0.999964,-0.005712674822947461
epsilon_greedy,14,39,2,0.75,0.2500105002100276,0.46875,0.250035,-4.997899724079602e-07
epsilon_greedy,14,40,1,1.0,0.9942423251770526,0.5,0.999964,-0.005712674822947461
epsilon_greedy,14,40,2,0.75,0.2500105002100276,0.46875,0.250035,-4.997899724079602e-07
epsilon_greedy,14,41,1,1.0,0.9942423251770526,0.5,0.999964,-0.005712674822947461
epsilon_greedy,14,41,2,0.75,0.2500105002100276,0.46875,0.250035,-4.997899724079602e-07
epsilon_greedy,14,42,1,1.0,0.9942423251770526,0.5,0.999964,-0.005712674822947461
epsilon_greedy,14,42,2,0.75,0.2500105002100276,0.46875,0.250035,-4.997899724079602e-07
epsilon_greedy,14,43,1,1.0,0.9942423251770526,0.5,0.999964,-0.005712674822947461
epsilon_greedy,14,43,2,0.75,0.2500105002100276,0.46875,0.250035,-4.997899724079602e-07
epsilon_greedy,14,44,1,1.0,0.9942423251770526,0.5,0.999964,-0.005712674822947461
epsilon_greedy,14,44,2,0.75,0.2500105002100276,0.46875,0.250035,-4.997899724079602e-07
epsilon_greedy,14,45,1,1.0,0.9942423251770526,0.5,0.999964,-0.005712674822947461
epsilon_greedy,14,45,2,0.75,0.2500105002100276,0.46875,0.250035,-4.997899724079602e-07
epsilon_greedy,14,46,1,1.0,0.9942423251770526,0.5,0.999964,-0.005712674822947461
epsilon_greedy,14,46,2,0.75,0.2500105002100276,0.46875,0.250035,-4.997899724079602e-07
epsilon_greedy,14,47,1,1.0,0.9942423251770526,0.5,0.999964,-0.005712674822947461
epsilon_greedy,14,47,2,0.75,0.2500105002100276,0.46875,0.250035,-4.997899724079602e-07
epsilon_greedy,14,48,1,1.0,0.9942423251770526,0.5,0.999964,-0.005712674822947461
epsilon_greedy,14,48,2,0.75,0.2500105002100276,0.46875,0.250035,-4.997899724079602e-07
epsilon_greedy,14,49,1,1.0,1.0000390007740805,0.5625,0.999964,5.4000774080353864e-05
epsilon_greedy,14,49,2,0.75,0.2500105002205283,0.4375,0.2500255,-4.998004725642602e-07
epsilon_greedy,15,0,1,1.0,1.0000390007380793,0.59375,0.999967,5.40007380789298e-05
epsilon_greedy,15,0,2,0.78125,0.2500135002700101,0.53125,0.25001675,2.655121678074579e-10
epsilon_greedy,15,1,1,1.0,0.9942423251770526,0.5,0.999964,-0.005712674822947461
epsilon_greedy,15,1,2,0.75,0.2500105002100276,0.46875,0.250035,-4.997899724079602e-07
epsilon_greedy,15,2,1,1.0,0.9942423251770526,0.5,0.999964,-0.005712674822947461
epsilon_greedy,15,2,2,0.75,0.25001050021002763,0.46875,0.250035,-4.99789972352449e-07
epsilon_greedy,15,3,1,1.0,0.9942423251770526,0.5,0.999964,-0.005712674822947461
epsilon_greedy,15,3,2,0.75,0.25001050021002763,0.46875,0.250035,-4.99789972352449e-07
epsilon_greedy,15,4,1,1.0,0.9942423251770526,0.5,0.999964,-0.005712674822947461
epsilon_greedy,15,4,2,0.75,0.2500105002100276,0.46875,0.250035,-4.997899724079602e-07
epsilon_greedy,15,5,1,1.0,0.9942423251770526,0.5,0.999964,-0.005712674822947461
epsilon_greedy,15,5,2,0.75,0.2500105002100276,0.46875,0.250035,-4.997899724079602e-07
epsilon_greedy,15,6,1,1.0,0.9942423251770526,0.5,0.999964,-0.005712674822947461
epsilon_greedy,15,6,2,0.75,0.2500105002100276,0.46875,0.250035,-4.997899724079602e-07
epsilon_greedy,15,7,1,1.0,0.9942423251770526,0.5,0.999964,-0.005712674822947461
epsilon_greedy,15,7,2,0.75,0.2500105002100276,0.46875,0.250035,-4.997899724079602e-07
epsilon_greedy,15,8,1,1.0,0.9942423251770526,0.5,0.999964,-0.005712674822947461
epsilon_greedy,15,8,2,0.75,0.2500105002100276,0.46875,0.250035,-4.997899724079602e-07
epsilon_greedy,15,9,1,1.0,0.9942423251770526,0.5,0.999964,-0.005712674822947461
epsilon_greedy,15,9,2,0.75,0.2500105002100276,0.46875,0.250035,-4.997899724079602e-07
epsilon_greedy,15,10,1,1.0,0.9942423251770526,0.5,0.999964,-0.005712674822947461
epsilon_greedy,15,10,2,0.75,0.2500105002100276,0.46875,0.250035,-4.997899724079602e-07
epsilon_greedy,15,11,1,1.0,0.9942423251770526,0.5,0.999964,-0.005712674822947461
epsilon_greedy,15,11,2,0.75,0.25001050021002763,0.46875,0.250035,-4.99789972352449e-07
epsilon_greedy,15,12,1,1.0,0.9942423251770526,0.5,0.999964,-0.005712674822947461
epsilon_greedy,15,12,2,0.75,0.25001050021002763,0.46875,0.250035,-4.99789972352449e-07
epsilon_greedy,15,13,1,1.0,0.9942423251770526,0.5,0.999964,-0.005712674822947461
epsilon_greedy,15,13,2,0.75,0.2500105002100276,0.46875,0.250035,-4.997899724079602e-07
epsilon_greedy,15,14,1,1.0,0.9942423251770526,0.5,0.999964,-0.005712674822947461
epsilon_greedy,15,14,2,0.75,0.2500105002100276,0.46875,0.250035,-4.997899724079602e-07
epsilon_greedy,15,15,1,1.0,0.9942423251770526,0.5,0.999964,-0.005712674822947461
epsilon_greedy,15,15,2,0.75,0.2500105002100276,0.46875,0.250035,-4.997899724079602e-07
epsilon_greedy,15,16,1,1.0,0.9942423251770526,0.5,0.999964,-0.005712674822947461
epsilon_greedy,15,16,2,0.75,0.2500105002100276,0.46875,0.250035,-4.997899724079602e-07
epsilon_greedy,15,17,1,1.0,0.9942423251770526,0.5,0.999964,-0.005712674822947461
epsilon_greedy,15,17,2,0.75,0.2500105002100276,0.46875,0.250035,-4.997899724079602e-07
epsilon_greedy,15,18,1,1.0,0.9942423251770526,0.5,0.999964,-0.005712674822947461
epsilon_greedy,15,18,2,0.75,0.2500105002100276,0.46875,0.250035,-4.997899724079602e-07
epsilon_greedy,15,19,1,1.0,0.9942423251770526,0.5,0.999964,-0.005712674822947461
epsilon_greedy,15,19,2,0.75,0.2500105002100276,0.46875,0.250035,-4.997899724079602e-07
epsilon_greedy,15,20,1,1.0,0.9942423251770526,0.5,0.999964,-0.005712674822947461
epsilon_greedy,15,20,2,0.75,0.25001050021002763,0.46875,0.250035,-4.99789972352449e-07
epsilon_greedy,15,21,1,1.0,0.9942423251770526,0.5,0.999964,-0.005712674822947461
epsilon_greedy,15,21,2,0.75,0.25001050021002763,0.46875,0.250035,-4.99789972352449e-07
epsilon_greedy,15,22,1,1.0,0.9942423251770526,0.5,0.999964,-0.005712674822947461
epsilon_greedy,15,22,2,0.75,0.2500105002100276,0.46875,0.250035,-4.997899724079602e-07
epsilon_greedy,15,23,1,1.0,0.9942423251770526,0.5,0.999964,-0.005712674822947461
epsilon_greedy,15,23,2,0.75,0.2500105002100276,0.46875,0.250035,-4.997899724079602e-07
epsilon_greedy,15,24,1,1.0,0.9942423251770526,0.5,0.999964,-0.005712674822947461
epsilon_greedy,15,24,2,0.75,0.2500105002100276,0.46875,0.250035,-4.997899724079602e-07
epsilon_greedy,15,25,1,1.0,0.9942423251770526,0.5,0.999964,-0.005712674822947461
epsilon_greedy,15,25,2,0.75,0.2500105002100276,0.46875,0.250035,-4.997899724079602e-07
epsilon_greedy,15,26,1,1.0,0.9942423251770526,0.5,0.999964,-0.005712674822947461
epsilon_greedy,15,26,2,0.75,0.2500105002100276,0.46875,0.250035,-4.997899724079602e-07
epsilon_greedy,15,27,1,1.0,0.9942423251770526,0.5,0.999964,-0.005712674822947461
epsilon_greedy,15,27,2,0.75,0.2500105002100276,0.46875,0.250035,-4.997899724079602e-07
epsilon_greedy,15,28,1,1.0,0.9942423251770526,0.5,0.999964,-0.005712674822947461
epsilon_greedy,15,28,2,0.75,0.2500105002100276,0.46875,0.250035,-4.997899724079602e-07
epsilon_greedy,15,29,1,1.0,0.9942423251770526,0.5,0.999964,-0.005712674822947461
epsilon_greedy,15,29,2,0.75,0.2500105002100276,0.46875,0.250035,-4.997899724079602e-07
epsilon_greedy,15,30,1,1.0,0.9942423251770526,0.5,0.999964,-0.005712674822947461
epsilon_greedy,15,30,2,0.75,0.2500105002100276,0.46875,0.250035,-4.997899724079602e-07
epsilon_greedy,15,31,1,1.0,0.9942423251770526,0.5,0.999964,-0.005712674822947461
epsilon_greedy,15,31,2,0.75,0.2500105002100276,0.46875,0.250035,-4.997899724079602e-07
epsilon_greedy,15,32,1,1.0,0.9942423251770526,0.5,0.999964,-0.005712674822947461
epsilon_greedy,15,32,2,0.75,0.2500105002100276,0.46875,0.250035,-4.997899724079602e-07
epsilon_greedy,15,33,1,1.0,0.9942423251770526,0.5,0.999964,-0.005712674822947461
epsilon_greedy,15,33,2,0.75,0.2500105002100276,0.46875,0.250035,-4.997899724079602e-07
epsilon_greedy,15,34,1,1.0,0.9942423251770526,0.5,0.999964,-0.005712674822947461
epsilon_greedy,15,34,2,0.75,0.2500105002100276,0.46875,0.250035,-4.997899724079602e-07
epsilon_greedy,15,35,1,1.0,0.9942423251770526,0.5,0.999964,-0.005712674822947461
epsilon_greedy,15,35,2,0.75,0.2500105002100276,0.46875,0.250035,-4.997899724079602e-07
epsilon_greedy,15,36,1,1.0,0.9942423251770526,0.5,0.999964,-0.005712674822947461
epsilon_greedy,15,36,2,0.75,0.2500105002100276,0.46875,0.250035,-4.997899724079602e-07
epsilon_greedy,15,37,1,1.0,0.9942423251770526,0.5,0.999964,-0.005712674822947461
epsilon_greedy,15,37,2,0.75,0.2500105002100276,0.46875,0.250035,-4.997899724079602e-07
epsilon_greedy,15,38,1,1.0,0.9942423251770526,0.5,0.999964,-0.005712674822947461
epsilon_greedy,15,38,2,0.75,0.2500105002100276,0.46875,0.250035,-4.997899724079602e-07
epsilon_greedy,15,39,1,1.0,0.9942423251770526,0.5,0.999964,-0.005712674822947461
epsilon_greedy,15,39,2,0.75,0.2500105002100276,0.46875,0.250035,-4.997899724079602e-07
epsilon_greedy,15,40,1,1.0,0.9942423251770526,0.5,0.999964,-0.005712674822947461
epsilon_greedy,15,40,2,0.75,0.2500105002100276,0.46875,0.250035,-4.997899724079602e-07
epsilon_greedy,15,41,1,1.0,0.9942423251770526,0.5,0.999964,-0.005712674822947461
epsilon_greedy,15,41,2,0.75,0.2500105002100276,0.46875,0.250035,-4.997899724079602e-07
epsilon_greedy,15,42,1,1.0,0.9942423251770526,0.5,0.999964,-0.005712674822947461
epsilon_greedy,15,42,2,0.75,0.2500105002100276,0.46875,0.250035,-4.997899724079602e-07
epsilon_greedy,15,43,1,1.0,0.9942423251770526,0.5,0.999964,-0.005712674822947461
epsilon_greedy,15,43,2,0.75,0.2500105002100276,0.46875,0.250035,-4.997899724079602e-07
epsilon_greedy,15,44,1,1.0,0.9942423251770526,0.5,0.999964,-0.005712674822947461
epsilon_greedy,15,44,2,0.75,0.2500105002100276,0.46875,0.250035,-4.997899724079602e-07
epsilon_greedy,15,45,1,1.0,0.9942423251770526,0.5,0.999964,-0.005712674822947461
epsilon_greedy,15,45,2,0.75,0.2500105002100276,0.46875,0.250035,-4.997899724079602e-07
epsilon_greedy,15,46,1,1.0,0.9942423251770526,0.5,0.999964,-0.005712674822947461
epsilon_greedy,15,46,2,0.75,0.2500105002100276,0.46875,0.250035,-4.997899724079602e-07
epsilon_greedy,15,47,1,1.0,0.9942423251770526,0.5,0.999964,-0.005712674822947461
epsilon_greedy,15,47,2,0.75,0.2500105002100276,0.46875,0.250035,-4.997899724079602e-07
epsilon_greedy,15,48,1,1.0,0.9942423251770526,0.5,0.999964,-0.005712674822947461
epsilon_greedy,15,48,2,0.75,0.2500105002100276,0.46875,0.250035,-4.997899724079602e-07
epsilon_greedy,15,49,1,1.0,1.0000390007740805,0.5625,0.999964,5.4000774080353864e-05
epsilon_greedy,15,49,2,0.75,0.2500105002205283,0.4375,0.2500255,-4.998004725642602e-07
epsilon_greedy,16,0,1,1.0,1.0000390007380793,0.59375,0.999967,5.40007380789298e-05
epsilon_greedy,16,0,2,0.78125,0.2500135002700101,0.53125,0.25001675,2.655121678074579e-10
epsilon_greedy,16,1,1,1.0,0.9942423251770526,0.5,0.999964,-0.005712674822947461
epsilon_greedy,16,1,2,0.75,0.2500105002100276,0.46875,0.250035,-4.997899724079602e-07
epsilon_greedy,16,2,1,1.0,0.9942423251770526,0.5,0.999964,-0.005712674822947461
epsilon_greedy,16,2,2,0.75,0.25001050021002763,0.46875,0.250035,-4.99789972352449e-07
epsilon_greedy,16,3,1,1.0,0.9942423251770526,0.5,0.999964,-0.005712674822947461
epsilon_greedy,16,3,2,0.75,0.25001050021002763,0.46875,0.250035,-4.99789972352449e-07
epsilon_greedy,16,4,1,1.0,0.9942423251770526,0.5,0.999964,-0.005712674822947461
epsilon_greedy,16,4,2,0.75,0.2500105002100276,0.46875,0.250035,-4.997899724079602e-07
epsilon_greedy,16,5,1,1.0,0.9942423251770526,0.5,0.999964,-0.005712674822947461
epsilon_greedy,16,5,2,0.75,0.2500105002100276,0.46875,0.250035,-4.997899724079602e-07
epsilon_greedy,16,6,1,1.0,0.9942423251770526,0.5,0.999964,-0.005712674822947461
epsilon_greedy,16,6,2,0.75,0.2500105002100276,0.46875,0.250035,-4.997899724079602e-07
epsilon_greedy,16,7,1,1.0,0.9942423251770526,0.5,0.999964,-0.005712674822947461
epsilon_greedy,16,7,2,0.75,0.2500105002100276,0.46875,0.250035,-4.997899724079602e-07
epsilon_greedy,16,8,1,1.0,0.9942423251770526,0.5,0.999964,-0.005712674822947461
epsilon_greedy,16,8,2,0.75,0.2500105002100276,0.46875,0.250035,-4.997899724079602e-07
epsilon_greedy,16,9,1,1.0,0.9942423251770526,0.5,0.999964,-0.005712674822947461
epsilon_greedy,16,9,2,0.75,0.2500105002100276,0.46875,0.250035,-4.997899724079602e-07
epsilon_greedy,16,10,1,1.0,0.9942423251770526,0.5,0.999964,-0.005712674822947461
epsilon_greedy,16,10,2,0.75,0.2500105002100276,0.46875,0.250035,-4.997899724079602e-07
epsilon_greedy,16,11,1,1.0,0.9942423251770526,0.5,0.999964,-0.005712674822947461
epsilon_greedy,16,11,2,0.75,0.25001050021002763,0.46875,0.250035,-4.99789972352449e-07
epsilon_greedy,16,12,1,1.0,0.9942423251770526,0.5,0.999964,-0.005712674822947461
epsilon_greedy,16,12,2,0.75,0.25001050021002763,0.46875,0.250035,-4.99789972352449e-07
epsilon_greedy,16,13,1,1.0,0.9942423251770526,0.5,0.999964,-0.005712674822947461
epsilon_greedy,16,13,2,0.75,0.2500105002100276,0.46875,0.250035,-4.997899724079602e-07
epsilon_greedy,16,14,1,1.0,0.9942423251770526,0.5,0.999964,-0.005712674822947461
epsilon_greedy,16,14,2,0.75,0.2500105002100276,0.46875,0.250035,-4.997899724079602e-07
epsilon_greedy,16,15,1,1.0,0.9942423251770526,0.5,0.999964,-0.005712674822947461
epsilon_greedy,16,15,2,0.75,0.2500105002100276,0.46875,0.250035,-4.997899724079602e-07
epsilon_greedy,16,16,1,1.0,0.9942423251770526,0.5,0.999964,-0.005712674822947461
epsilon_greedy,16,16,2,0.75,0.2500105002100276,0.46875,0.250035,-4.997899724079602e-07
epsilon_greedy,16,17,1,1.0,0.9942423251770526,0.5,0.999964,-0.005712674822947461
epsilon_greedy,16,17,2,0.75,0.2500105002100276,0.46875,0.250035,-4.997899724079602e-07
epsilon_greedy,16,18,1,1.0,0.9942423251770526,0.5,0.999964,-0.005712674822947461
epsilon_greedy,16,18,2,0.75,0.2500105002100276,0.46875,0.250035,-4.997899724079602e-07
epsilon_greedy,16,19,1,1.0,0.9942423251770526,0.5,0.999964,-0.005712674822947461
epsilon_greedy,16,19,2,0.75,0.2500105002100276,0.46875,0.250035,-4.997899724079602e-07
epsilon_greedy,16,20,1,1.0,0.9942423251770526,0.5,0.999964,-0.005712674822947461
epsilon_greedy,16,20,2,0.75,0.25001050021002763,0.46875,0.250035,-4.99789972352449e-07
epsilon_greedy,16,21,1,1.0,0.9942423251770526,0.5,0.999964,-0.005712674822947461
epsilon_greedy,16,21,2,0.75,0.25001050021002763,0.46875,0.250035,-4.99789972352449e-07
epsilon_greedy,16,22,1,1.0,0.9942423251770526,0.5,0.999964,-0.005712674822947461
epsilon_greedy,16,22,2,0.75,0.2500105002100276,0.46875,0.250035,-4.997899724079602e-07
epsilon_greedy,16,23,1,1.0,0.9942423251770526,0.5,0.999964,-0.005712674822947461
epsilon_greedy,16,23,2,0.75,0.2500105002100276,0.46875,0.250035,-4.997899724079602e-07
epsilon_greedy,16,24,1,1.0,0.9942423251770526,0.5,0.999964,-0.005712674822947461
epsilon_greedy,16,24,2,0.75,0.2500105002100276,0.46875,0.250035,-4.997899724079602e-07
epsilon_greedy,16,25,1,1.0,0.9942423251770526,0.5,0.999964,-0.005712674822947461
epsilon_greedy,16,25,2,0.75,0.2500105002100276,0.46875,0.250035,-4.997899724079602e-07
epsilon_greedy,16,26,1,1.0,0.9942423251770526,0.5,0.999964,-0.005712674822947461
epsilon_greedy,16,26,2,0.75,0.2500105002100276,0.46875,0.250035,-4.997899724079602e-07
epsilon_greedy,16,27,1,1.0,0.9942423251770526,0.5,0.999964,-0.005712674822947461
epsilon_greedy,16,27,2,0.75,0.2500105002100276,0.46875,0.250035,-4.997899724079602e-07
epsilon_greedy,16,28,1,1.0,0.9942423251770526,0.5,0.999964,-0.005712674822947461
epsilon_greedy,16,28,2,0.75,0.2500105002100276,0.46875,0.250035,-4.997899724079602e-07
epsilon_greedy,16,29,1,1.0,0.9942423251770526,0.5,0.999964,-0.005712674822947461
epsilon_greedy,16,29,2,0.75,0.2500105002100276,0.46875,0.250035,-4.997899724079602e-07
epsilon_greedy,16,30,1,1.0,0.9942423251770526,0.5,0.999964,-0.005712674822947461
epsilon_greedy,16,30,2,0.75,0.2500105002100276,0.46875,0.250035,-4.997899724079602e-07
epsilon_greedy,16,31,1,1.0,0.9942423251770526,0.5,0.999964,-0.005712674822947461
epsilon_greedy,16,31,2,0.75,0.2500105002100276,0.46875,0.250035,-4.997899724079602e-07
epsilon_greedy,16,32,1,1.0,0.9942423251770526,0.5,0.999964,-0.005712674822947461
epsilon_greedy,16,32,2,0.75,0.2500105002100276,0.46875,0.250035,-4.997899724079602e-07
epsilon_greedy,16,33,1,1.0,0.9942423251770526,0.5,0.999964,-0.005712674822947461
epsilon_greedy,16,33,2,0.75,0.2500105002100276,0.46875,0.250035,-4.997899724079602e-07
epsilon_greedy,16,34,1,1.0,0.9942423251770526,0.5,0.999964,-0.005712674822947461
epsilon_greedy,16,34,2,0.75,0.2500105002100276,0.46875,0.250035,-4.997899724079602e-07
epsilon_greedy,16,35,1,1.0,0.9942423251770526,0.5,0.999964,-0.005712674822947461
epsilon_greedy,16,35,2,0.75,0.2500105002100276,0.46875,0.250035,-4.997899724079602e-07
epsilon_greedy,16,36,1,1.0,0.9942423251770526,0.5,0.999964,-0.005712674822947461
epsilon_greedy,16,36,2,0.75,0.2500105002100276,0.46875,0.250035,-4.997899724079602e-07
epsilon_greedy,16,37,1,1.0,0.9942423251770526,0.5,0.999964,-0.005712674822947461
epsilon_greedy,16,37,2,0.75,0.2500105002100276,0.46875,0.250035,-4.997899724079602e-07
epsilon_greedy,16,38,1,1.0,0.9942423251770526,0.5,0.999964,-0.005712674822947461
epsilon_greedy,16,38,2,0.75,0.2500105002100276,0.46875,0.250035,-4.997899724079602e-07
epsilon_greedy,16,39,1,1.0,0.9942423251770526,0.5,0.999964,-0.005712674822947461
epsilon_greedy,16,39,2,0.75,0.2500105002100276,0.46875,0.250035,-4.997899724079602e-07
epsilon_greedy,16,40,1,1.0,0.9942423251770526,0.5,0.999964,-0.005712674822947461
epsilon_greedy,16,40,2,0.75,0.2500105002100276,0.46875,0.250035,-4.997899724079602e-07
epsilon_greedy,16,41,1,1.0,0.9942423251770526,0.5,0.999964,-0.005712674822947461
epsilon_greedy,16,41,2,0.75,0.2500105002100276,0.46875,0.250035,-4.997899724079602e-07
epsilon_greedy,16,42,1,1.0,0.9942423251770526,0.5,0.999964,-0.005712674822947461
epsilon_greedy,16,42,2,0.75,0.2500105002100276,0.46875,0.250035,-4.997899724079602e-07
epsilon_greedy,16,43,1,1.0,0.9942423251770526,0.5,0.999964,-0.005712674822947461
epsilon_greedy,16,43,2,0.75,0.2500105002100276,0.46875,0.250035,-4.997899724079602e-07
epsilon_greedy,16,44,1,1.0,0.9942423251770526,0.5,0.999964,-0.005712674822947461
epsilon_greedy,16,44,2,0.75,0.2500105002100276,0.46875,0.250035,-4.997899724079602e-07
epsilon_greedy,16,45,1,1.0,0.9942423251770526,0.5,0.999964,-0.005712674822947461
epsilon_greedy,16,45,2,0.75,0.2500105002100276,0.46875,0.250035,-4.997899724079602e-07
epsilon_greedy,16,46,1,1.0,0.9942423251770526,0.5,0.999964,-0.005712674822947461
epsilon_greedy,16,46,2,0.75,0.2500105002100276,0.46875,0.250035,-4.997899724079602e-07
epsilon_greedy,16,47,1,1.0,0.9942423251770526,0.5,0.999964,-0.005712674822947461
epsilon_greedy,16,47,2,0.75,0.2500105002100276,0.46875,0.250035,-4.997899724079602e-07
epsilon_greedy,16,48,1,1.0,0.9942423251770526,0.5,0.999964,-0.005712674822947461
epsilon_greedy,16,48,2,0.75,0.2500105002100276,0.46875,0.250035,-4.997899724079602e-07
epsilon_greedy,16,49,1,1.0,1.0000390007740805,0.5625,0.999964,5.4000774080353864e-05
epsilon_greedy,16,49,2,0.75,0.2500105002205283,0.4375,0.2500255,-4.998004725642602e-07
epsilon_greedy,17,0,1,1.0,1.0000390007380793,0.59375,0.999967,5.40007380789298e-05
epsilon_greedy,17,0,2,0.78125,0.2500135002700101,0.53125,0.25001675,2.655121678074579e-10
epsilon_greedy,17,1,1,1.0,0.9942423251770526,0.5,0.999964,-0.005712674822947461
epsilon_greedy,17,1,2,0.75,0.2500105002100276,0.46875,0.250035,-4.997899724079602e-07
epsilon_greedy,17,2,1,1.0,0.9942423251770526,0.5,0.999964,-0.005712674822947461
epsilon_greedy,17,2,2,0.75,0.25001050021002763,0.46875,0.250035,-4.99789972352449e-07
epsilon_greedy,17,3,1,1.0,0.9942423251770526,0.5,0.999964,-0.005712674822947461
epsilon_greedy,17,3,2,0.75,0.25001050021002763,0.46875,0.250035,-4.99789972352449e-07
epsilon_greedy,17,4,1,1.0,0.9942423251770526,0.5,0.999964,-0.005712674822947461
epsilon_greedy,17,4,2,0.75,0.2500105002100276,0.46875,0.250035,-4.997899724079602e-07
epsilon_greedy,17,5,1,1.0,0.9942423251770526,0.5,0.999964,-0.005712674822947461
epsilon_greedy,17,5,2,0.75,0.2500105002100276,0.46875,0.250035,-4.997899724079602e-07
epsilon_greedy,17,6,1,1.0,0.9942423251770526,0.5,0.999964,-0.005712674822947461
epsilon_greedy,17,6,2,0.75,0.2500105002100276,0.46875,0.250035,-4.997899724079602e-07
epsilon_greedy,17,7,1,1.0,0.9942423251770526,0.5,0.999964,-0.005712674822947461
epsilon_greedy,17,7,2,0.75,0.2500105002100276,0.46875,0.250035,-4.997899724079602e-07
epsilon_greedy,17,8,1,1.0,0.9942423251770526,0.5,0.999964,-0.005712674822947461
epsilon_greedy,17,8,2,0.75,0.2500105002100276,0.46875,0.250035,-4.997899724079602e-07
epsilon_greedy,17,9,1,1.0,0.9942423251770526,0.5,0.999964,-0.005712674822947461
epsilon_greedy,17,9,2,0.75,0.2500105002100276,0.46875,0.250035,-4.997899724079602e-07
epsilon_greedy,17,10,1,1.0,0.9942423251770526,0.5,0.999964,-0.005712674822947461
epsilon_greedy,17,10,2,0.75,0.2500105002100276,0.46875,0.250035,-4.997899724079602e-07
epsilon_greedy,17,11,1,1.0,0.9942423251770526,0.5,0.999964,-0.005712674822947461
epsilon_greedy,17,11,2,0.75,0.25001050021002763,0.46875,0.250035,-4.99789972352449e-07
epsilon_greedy,17,12,1,1.0,0.9942423251770526,0.5,0.999964,-0.005712674822947461
epsilon_greedy,17,12,2,0.75,0.25001050021002763,0.46875,0.250035,-4.99789972352449e-07
epsilon_greedy,17,13,1,1.0,0.9942423251770526,0.5,0.999964,-0.005712674822947461
epsilon_greedy,17,13,2,0.75,0.2500105002100276,0.46875,0.250035,-4.997899724079602e-07
epsilon_greedy,17,14,1,1.0,0.9942423251770526,0.5,0.999964,-0.005712674822947461
epsilon_greedy,17,14,2,0.75,0.2500105002100276,0.46875,0.250035,-4.997899724079602e-07
epsilon_greedy,17,15,1,1.0,0.9942423251770526,0.5,0.999964,-0.005712674822947461
epsilon_greedy,17,15,2,0.75,0.2500105002100276,0.46875,0.250035,-4.997899724079602e-07
epsilon_greedy,17,16,1,1.0,0.9942423251770526,0.5,0.999964,-0.005712674822947461
epsilon_greedy,17,16,2,0.75,0.2500105002100276,0.46875,0.250035,-4.997899724079602e-07
epsilon_greedy,17,17,1,1.0,0.9942423251770526,0.5,0.999964,-0.005712674822947461
epsilon_greedy,17,17,2,0.75,0.2500105002100276,0.46875,0.250035,-4.997899724079602e-07
epsilon_greedy,17,18,1,1.0,0.9942423251770526,0.5,0.999964,-0.005712674822947461
epsilon_greedy,17,18,2,0.75,0.2500105002100276,0.46875,0.250035,-4.997899724079602e-07
epsilon_greedy,17,19,1,1.0,0.9942423251770526,0.5,0.999964,-0.005712674822947461
epsilon_greedy,17,19,2,0.75,0.2500105002100276,0.46875,0.250035,-4.997899724079602e-07
epsilon_greedy,17,20,1,1.0,0.9942423251770526,0.5,0.999964,-0.005712674822947461
epsilon_greedy,17,20,2,0.75,0.25001050021002763,0.46875,0.250035,-4.99789972352449e-07
epsilon_greedy,17,21,1,1.0,0.9942423251770526,0.5,0.999964,-0.005712674822947461
epsilon_greedy,17,21,2,0.75,0.25001050021002763,0.46875,0.250035,-4.99789972352449e-07
epsilon_greedy,17,22,1,1.0,0.9942423251770526,0.5,0.999964,-0.005712674822947461
epsilon_greedy,17,22,2,0.75,0.2500105002100276,0.46875,0.250035,-4.997899724079602e-07
epsilon_greedy,17,23,1,1.0,0.9942423251770526,0.5,0.999964,-0.005712674822947461
epsilon_greedy,17,23,2,0.75,0.2500105002100276,0.46875,0.250035,-4.997899724079602e-07
epsilon_greedy,17,24,1,1.0,0.9942423251770526,0.5,0.999964,-0.005712674822947461
epsilon_greedy,17,24,2,0.75,0.2500105002100276,0.46875,0.250035,-4.997899724079602e-07
epsilon_greedy,17,25,1,1.0,0.9942423251770526,0.5,0.999964,-0.005712674822947461
epsilon_greedy,17,25,2,0.75,0.2500105002100276,0.46875,0.250035,-4.997899724079602e-07
epsilon_greedy,17,26,1,1.0,0.9942423251770526,0.5,0.999964,-0.005712674822947461
epsilon_greedy,17,26,2,0.75,0.2500105002100276,0.46875,0.250035,-4.997899724079602e-07
epsilon_greedy,17,27,1,1.0,0.9942423251770526,0.5,0.999964,-0.005712674822947461
epsilon_greedy,17,27,2,0.75,0.2500105002100276,0.46875,0.250035,-4.997899724079602e-07
epsilon_greedy,17,28,1,1.0,0.9942423251770526,0.5,0.999964,-0.005712674822947461
epsilon_greedy,17,28,2,0.75,0.2500105002100276,0.46875,0.250035,-4.997899724079602e-07
epsilon_greedy,17,29,1,1.0,0.9942423251770526,0.5,0.999964,-0.005712674822947461
epsilon_greedy,17,29,2,0.75,0.2500105002100276,0.46875,0.250035,-4.997899724079602e-07
epsilon_greedy,17,30,1,1.0,0.9942423251770526,0.5,0.999964,-0.005712674822947461
epsilon_greedy,17,30,2,0.75,0.2500105002100276,0.46875,0.250035,-4.997899724079602e-07
epsilon_greedy,17,31,1,1.0,0.9942423251770526,0.5,0.999964,-0.005712674822947461
epsilon_greedy,17,31,2,0.75,0.2500105002100276,0.46875,0.250035,-4.997899724079602e-07
epsilon_greedy,17,32,1,1.0,0.9942423251770526,0.5,0.999964,-0.005712674822947461
epsilon_greedy,17,32,2,0.75,0.2500105002100276,0.46875,0.250035,-4.997899724079602e-07
epsilon_greedy,17,33,1,1.0,0.9942423251770526,0.5,0.999964,-0.005712674822947461
epsilon_greedy,17,33,2,0.75,0.2500105002100276,0.46875,0.250035,-4.997899724079602e-07
epsilon_greedy,17,34,1,1.0,0.9942423251770526,0.5,0.999964,-0.005712674822947461
epsilon_greedy,17,34,2,0.75,0.2500105002100276,0.46875,0.250035,-4.997899724079602e-07
epsilon_greedy,17,35,1,1.0,0.9942423251770526,0.5,0.999964,-0.005712674822947461
epsilon_greedy,17,35,2,0.75,0.2500105002100276,0.46875,0.250035,-4.997899724079602e-07
epsilon_greedy,17,36,1,1.0,0.9942423251770526,0.5,0.999964,-0.005712674822947461
epsilon_greedy,17,36,2,0.75,0.2500105002100276,0.46875,0.250035,-4.997899724079602e-07
epsilon_greedy,17,37,1,1.0,0.9942423251770526,0.5,0.999964,-0.005712674822947461
epsilon_greedy,17,37,2,0.75,0.2500105002100276,0.46875,0.250035,-4.997899724079602e-07
epsilon_greedy,17,38,1,1.0,0.9942423251770526,0.5,0.999964,-0.005712674822947461
epsilon_greedy,17,38,2,0.75,0.2500105002100276,0.46875,0.250035,-4.997899724079602e-07
epsilon_greedy,17,39,1,1.0,0.9942423251770526,0.5,0.999964,-0.005712674822947461
epsilon_greedy,17,39,2,0.75,0.2500105002100276,0.46875,0.250035,-4.997899724079602e-07
epsilon_greedy,17,40,1,1.0,0.9942423251770526,0.5,0.999964,-0.005712674822947461
epsilon_greedy,17,40,2,0.75,0.2500105002100276,0.46875,0.250035,-4.997899724079602e-07
epsilon_greedy,17,41,1,1.0,0.9942423251770526,0.5,0.999964,-0.005712674822947461
epsilon_greedy,17,41,2,0.75,0.2500105002100276,0.46875,0.250035,-4.997899724079602e-07
epsilon_greedy,17,42,1,1.0,0.9942423251770526,0.5,0.999964,-0.005712674822947461
epsilon_greedy,17,42,2,0.75,0.2500105002100276,0.46875,0.250035,-4.997899724079602e-07
epsilon_greedy,17,43,1,1.0,0.9942423251770526,0.5,0.999964,-0.005712674822947461
epsilon_greedy,17,43,2,0.75,0.2500105002100276,0.46875,0.250035,-4.997899724079602e-07
epsilon_greedy,17,44,1,1.0,0.9942423251770526,0.5,0.999964,-0.005712674822947461
epsilon_greedy,17,44,2,0.75,0.2500105002100276,0.46875,0.250035,-4.997899724079602e-07
epsilon_greedy,17,45,1,1.0,0.9942423251770526,0.5,0.999964,-0.005712674822947461
epsilon_greedy,17,45,2,0.75,0.2500105002100276,0.46875,0.250035,-4.997899724079602e-07
epsilon_greedy,17,46,1,1.0,0.9942423251770526,0.5,0.999964,-0.005712674822947461
epsilon_greedy,17,46,2,0.75,0.2500105002100276,0.46875,0.250035,-4.997899724079602e-07
epsilon_greedy,17,47,1,1.0,0.9942423251770526,0.5,0.999964,-0.005712674822947461
epsilon_greedy,17,47,2,0.75,0.2500105002100276,0.46875,0.250035,-4.997899724079602e-07
epsilon_greedy,17,48,1,1.0,0.9942423251770526,0.5,0.999964,-0.005712674822947461
epsilon_greedy,17,48,2,0.75,0.2500105002100276,0.46875,0.250035,-4.997899724079602e-07
epsilon_greedy,17,49,1,1.0,1.0000390007740805,0.5625,0.999964,5.4000774080353864e-05
epsilon_greedy,17,49,2,0.75,0.2500105002205283,0.4375,0.2500255,-4.998004725642602e-07
epsilon_greedy,18,0,1,1.0,1.0000390007380793,0.59375,0.999967,5.40007380789298e-05
epsilon_greedy,18,0,2,0.78125,0.2500135002700101,0.53125,0.25001675,2.655121678074579e-10
epsilon_greedy,18,1,1,1.0,0.9942423251770526,0.5,0.999964,-0.005712674822947461
epsilon_greedy,18,1,2,0.75,0.2500105002100276,0.46875,0.250035,-4.997899724079602e-07
epsilon_greedy,18,2,1,1.0,0.9942423251770526,0.5,0.999964,-0.005712674822947461
epsilon_greedy,18,2,2,0.75,0.25001050021002763,0.46875,0.250035,-4.99789972352449e-07
epsilon_greedy,18,3,1,1.0,0.9942423251770526,0.5,0.999964,-0.005712674822947461
epsilon_greedy,18,3,2,0.75,0.25001050021002763,0.46875,0.250035,-4.99789972352449e-07
epsilon_greedy,18,4,1,1.0,0.9942423251770526,0.5,0.999964,-0.005712674822947461
epsilon_greedy,18,4,2,0.75,0.2500105002100276,0.46875,0.250035,-4.997899724079602e-07
epsilon_greedy,18,5,1,1.0,0.9942423251770526,0.5,0.999964,-0.005712674822947461
epsilon_greedy,18,5,2,0.75,0.2500105002100276,0.46875,0.250035,-4.997899724079602e-07
epsilon_greedy,18,6,1,1.0,0.9942423251770526,0.5,0.999964,-0.005712674822947461
epsilon_greedy,18,6,2,0.75,0.2500105002100276,0.46875,0.250035,-4.997899724079602e-07
epsilon_greedy,18,7,1,1.0,0.9942423251770526,0.5,0.999964,-0.005712674822947461
epsilon_greedy,18,7,2,0.75,0.2500105002100276,0.46875,0.250035,-4.997899724079602e-07
epsilon_greedy,18,8,1,1.0,0.9942423251770526,0.5,0.999964,-0.005712674822947461
epsilon_greedy,18,8,2,0.75,0.2500105002100276,0.46875,0.250035,-4.997899724079602e-07
epsilon_greedy,18,9,1,1.0,0.9942423251770526,0.5,0.999964,-0.005712674822947461
epsilon_greedy,18,9,2,0.75,0.2500105002100276,0.46875,0.250035,-4.997899724079602e-07
epsilon_greedy,18,10,1,1.0,0.9942423251770526,0.5,0.999964,-0.005712674822947461
epsilon_greedy,18,10,2,0.75,0.2500105002100276,0.46875,0.250035,-4.997899724079602e-07
epsilon_greedy,18,11,1,1.0,0.9942423251770526,0.5,0.999964,-0.005712674822947461
epsilon_greedy,18,11,2,0.75,0.25001050021002763,0.46875,0.250035,-4.99789972352449e-07
epsilon_greedy,18,12,1,1.0,0.9942423251770526,0.5,0.999964,-0.005712674822947461
epsilon_greedy,18,12,2,0.75,0.25001050021002763,0.46875,0.250035,-4.99789972352449e-07
epsilon_greedy,18,13,1,1.0,0.9942423251770526,0.5,0.999964,-0.005712674822947461
epsilon_greedy,18,13,2,0.75,0.2500105002100276,0.46875,0.250035,-4.997899724079602e-07
epsilon_greedy,18,14,1,1.0,0.9942423251770526,0.5,0.999964,-0.005712674822947461
epsilon_greedy,18,14,2,0.75,0.2500105002100276,0.46875,0.250035,-4.997899724079602e-07
epsilon_greedy,18,15,1,1.0,0.9942423251770526,0.5,0.999964,-0.005712674822947461
epsilon_greedy,18,15,2,0.75,0.2500105002100276,0.46875,0.250035,-4.997899724079602e-07
epsilon_greedy,18,16,1,1.0,0.9942423251770526,0.5,0.999964,-0.005712674822947461
epsilon_greedy,18,16,2,0.75,0.2500105002100276,0.46875,0.250035,-4.997899724079602e-07
epsilon_greedy,18,17,1,1.0,0.9942423251770526,0.5,0.999964,-0.005712674822947461
epsilon_greedy,18,17,2,0.75,0.2500105002100276,0.46875,0.250035,-4.997899724079602e-07
epsilon_greedy,18,18,1,1.0,0.9942423251770526,0.5,0.999964,-0.005712674822947461
epsilon_greedy,18,18,2,0.75,0.2500105002100276,0.46875,0.250035,-4.997899724079602e-07
epsilon_greedy,18,19,1,1.0,0.9942423251770526,0.5,0.999964,-0.005712674822947461
epsilon_greedy,18,19,2,0.75,0.2500105002100276,0.46875,0.250035,-4.997899724079602e-07
epsilon_greedy,18,20,1,1.0,0.9942423251770526,0.5,0.999964,-0.005712674822947461
epsilon_greedy,18,20,2,0.75,0.25001050021002763,0.46875,0.250035,-4.99789972352449e-07
epsilon_greedy,18,21,1,1.0,0.9942423251770526,0.5,0.999964,-0.005712674822947461
epsilon_greedy,18,21,2,0.75,0.25001050021002763,0.46875,0.250035,-4.99789972352449e-07
epsilon_greedy,18,22,1,1.0,0.9942423251770526,0.5,0.999964,-0.005712674822947461
epsilon_greedy,18,22,2,0.75,0.2500105002100276,0.46875,0.250035,-4.997899724079602e-07
epsilon_greedy,18,23,1,1.0,0.9942423251770526,0.5,0.999964,-0.005712674822947461
epsilon_greedy,18,23,2,0.75,0.2500105002100276,0.46875,0.250035,-4.997899724079602e-07
epsilon_greedy,18,24,1,1.0,0.9942423251770526,0.5,0.999964,-0.005712674822947461
epsilon_greedy,18,24,2,0.75,0.2500105002100276,0.46875,0.250035,-4.997899724079602e-07
epsilon_greedy,18,25,1,1.0,0.9942423251770526,0.5,0.999964,-0.005712674822947461
epsilon_greedy,18,25,2,0.75,0.2500105002100276,0.46875,0.250035,-4.997899724079602e-07
epsilon_greedy,18,26,1,1.0,0.9942423251770526,0.5,0.999964,-0.005712674822947461
epsilon_greedy,18,26,2,0.75,0.2500105002100276,0.46875,0.250035,-4.997899724079602e-07
epsilon_greedy,18,27,1,1.0,0.9942423251770526,0.5,0.999964,-0.005712674822947461
epsilon_greedy,18,27,2,0.75,0.2500105002100276,0.46875,0.250035,-4.997899724079602e-07
epsilon_greedy,18,28,1,1.0,0.9942423251770526,0.5,0.999964,-0.005712674822947461
epsilon_greedy,18,28,2,0.75,0.2500105002100276,0.46875,0.250035,-4.997899724079602e-07
epsilon_greedy,18,29,1,1.0,0.9942423251770526,0.5,0.999964,-0.005712674822947461
epsilon_greedy,18,29,2,0.75,0.2500105002100276,0.46875,0.250035,-4.997899724079602e-07
epsilon_greedy,18,30,1,1.0,0.9942423251770526,0.5,0.999964,-0.005712674822947461
epsilon_greedy,18,30,2,0.75,0.2500105002100276,0.46875,0.250035,-4.997899724079602e-07
epsilon_greedy,18,31,1,1.0,0.9942423251770526,0.5,0.999964,-0.005712674822947461
epsilon_greedy,18,31,2,0.75,0.2500105002100276,0.46875,0.250035,-4.997899724079602e-07
epsilon_greedy,18,32,1,1.0,0.9942423251770526,0.5,0.999964,-0.005712674822947461
epsilon_greedy,18,32,2,0.75,0.2500105002100276,0.46875,0.250035,-4.997899724079602e-07
epsilon_greedy,18,33,1,1.0,0.9942423251770526,0.5,0.999964,-0.005712674822947461
epsilon_greedy,18,33,2,0.75,0.2500105002100276,0.46875,0.250035,-4.997899724079602e-07
epsilon_greedy,18,34,1,1.0,0.9942423251770526,0.5,0.999964,-0.005712674822947461
epsilon_greedy,18,34,2,0.75,0.2500105002100276,0.46875,0.250035,-4.997899724079602e-07
epsilon_greedy,18,35,1,1.0,0.9942423251770526,0.5,0.999964,-0.005712674822947461
epsilon_greedy,18,35,2,0.75,0.2500105002100276,0.46875,0.250035,-4.997899724079602e-07
epsilon_greedy,18,36,1,1.0,0.9942423251770526,0.5,0.999964,-0.005712674822947461
epsilon_greedy,18,36,2,0.75,0.2500105002100276,0.46875,0.250035,-4.997899724079602e-07
epsilon_greedy,18,37,1,1.0,0.9942423251770526,0.5,0.999964,-0.005712674822947461
epsilon_greedy,18,37,2,0.75,0.2500105002100276,0.46875,0.250035,-4.997899724079602e-07
epsilon_greedy,18,38,1,1.0,0.9942423251770526,0.5,0.999964,-0.005712674822947461
epsilon_greedy,18,38,2,0.75,0.2500105002100276,0.46875,0.250035,-4.997899724079602e-07
epsilon_greedy,18,39,1,1.0,0.9942423251770526,0.5,0.999964,-0.005712674822947461
epsilon_greedy,18,39,2,0.75,0.2500105002100276,0.46875,0.250035,-4.997899724079602e-07
epsilon_greedy,18,40,1,1.0,0.9942423251770526,0.5,0.999964,-0.005712674822947461
epsilon_greedy,18,40,2,0.75,0.2500105002100276,0.46875,0.250035,-4.997899724079602e-07
epsilon_greedy,18,41,1,1.0,0.9942423251770526,0.5,0.999964,-0.005712674822947461
epsilon_greedy,18,41,2,0.75,0.2500105002100276,0.46875,0.250035,-4.997899724079602e-07
epsilon_greedy,18,42,1,1.0,0.9942423251770526,0.5,0.999964,-0.005712674822947461
epsilon_greedy,18,42,2,0.75,0.2500105002100276,0.46875,0.250035,-4.997899724079602e-07
epsilon_greedy,18,43,1,1.0,0.9942423251770526,0.5,0.999964,-0.005712674822947461
epsilon_greedy,18,43,2,0.75,0.2500105002100276,0.46875,0.250035,-4.997899724079602e-07
epsilon_greedy,18,44,1,1.0,0.9942423251770526,0.5,0.999964,-0.005712674822947461
epsilon_greedy,18,44,2,0.75,0.2500105002100276,0.46875,0.250035,-4.997899724079602e-07
epsilon_greedy,18,45,1,1.0,0.9942423251770526,0.5,0.999964,-0.005712674822947461
epsilon_greedy,18,45,2,0.75,0.2500105002100276,0.46875,0.250035,-4.997899724079602e-07
epsilon_greedy,18,46,1,1.0,0.9942423251770526,0.5,0.999964,-0.005712674822947461
epsilon_greedy,18,46,2,0.75,0.2500105002100276,0.46875,0.250035,-4.997899724079602e-07
epsilon_greedy,18,47,1,1.0,0.9942423251770526,0.5,0.999964,-0.005712674822947461
epsilon_greedy,18,47,2,0.75,0.2500105002100276,0.46875,0.250035,-4.997899724079602e-07
epsilon_greedy,18,48,1,1.0,0.9942423251770526,0.5,0.999964,-0.005712674822947461
epsilon_greedy,18,48,2,0.75,0.2500105002100276,0.46875,0.250035,-4.997899724079602e-07
epsilon_greedy,18,49,1,1.0,1.0000390007740805,0.5625,0.999964,5.4000774080353864e-05
epsilon_greedy,18,49,2,0.75,0.2500105002205283,0.4375,0.2500255,-4.998004725642602e-07
epsilon_greedy,19,0,1,1.0,1.0000390007380793,0.59375,0.999967,5.40007380789298e-05
epsilon_greedy,19,0,2,0.78125,0.2500135002700101,0.53125,0.25001675,2.655121678074579e-10
epsilon_greedy,19,1,1,1.0,0.9942423251770526,0.5,0.999964,-0.005712674822947461
epsilon_greedy,19,1,2,0.75,0.2500105002100276,0.46875,0.250035,-4.997899724079602e-07
epsilon_greedy,19,2,1,1.0,0.9942423251770526,0.5,0.999964,-0.005712674822947461
epsilon_greedy,19,2,2,0.75,0.25001050021002763,0.46875,0.250035,-4.99789972352449e-07
epsilon_greedy,19,3,1,1.0,0.9942423251770526,0.5,0.999964,-0.005712674822947461
epsilon_greedy,19,3,2,0.75,0.25001050021002763,0.46875,0.250035,-4.99789972352449e-07
epsilon_greedy,19,4,1,1.0,0.9942423251770526,0.5,0.999964,-0.005712674822947461
epsilon_greedy,19,4,2,0.75,0.2500105002100276,0.46875,0.250035,-4.997899724079602e-07
epsilon_greedy,19,5,1,1.0,0.9942423251770526,0.5,0.999964,-0.005712674822947461
epsilon_greedy,19,5,2,0.75,0.2500105002100276,0.46875,0.250035,-4.997899724079602e-07
epsilon_greedy,19,6,1,1.0,0.9942423251770526,0.5,0.999964,-0.005712674822947461
epsilon_greedy,19,6,2,0.75,0.2500105002100276,0.46875,0.250035,-4.997899724079602e-07
epsilon_greedy,19,7,1,1.0,0.9942423251770526,0.5,0.999964,-0.005712674822947461
epsilon_greedy,19,7,2,0.75,0.2500105002100276,0.46875,0.250035,-4.997899724079602e-07
epsilon_greedy,19,8,1,1.0,0.9942423251770526,0.5,0.999964,-0.005712674822947461
epsilon_greedy,19,8,2,0.75,0.2500105002100276,0.46875,0.250035,-4.997899724079602e-07
epsilon_greedy,19,9,1,1.0,0.9942423251770526,0.5,0.999964,-0.005712674822947461
epsilon_greedy,19,9,2,0.75,0.2500105002100276,0.46875,0.250035,-4.997899724079602e-07
epsilon_greedy,19,10,1,1.0,0.9942423251770526,0.5,0.999964,-0.005712674822947461
epsilon_greedy,19,10,2,0.75,0.2500105002100276,0.46875,0.250035,-4.997899724079602e-07
epsilon_greedy,19,11,1,1.0,0.9942423251770526,0.5,0.999964,-0.005712674822947461
epsilon_greedy,19,11,2,0.75,0.25001050021002763,0.46875,0.250035,-4.99789972352449e-07
epsilon_greedy,19,12,1,1.0,0.9942423251770526,0.5,0.999964,-0.005712674822947461
epsilon_greedy,19,12,2,0.75,0.25001050021002763,0.46875,0.250035,-4.99789972352449e-07
epsilon_greedy,19,13,1,1.0,0.9942423251770526,0.5,0.999964,-0.005712674822947461
epsilon_greedy,19,13,2,0.75,0.2500105002100276,0.46875,0.250035,-4.997899724079602e-07
epsilon_greedy,19,14,1,1.0,0.9942423251770526,0.5,0.999964,-0.005712674822947461
epsilon_greedy,19,14,2,0.75,0.2500105002100276,0.46875,0.250035,-4.997899724079602e-07
epsilon_greedy,19,15,1,1.0,0.9942423251770526,0.5,0.999964,-0.005712674822947461
epsilon_greedy,19,15,2,0.75,0.2500105002100276,0.46875,0.250035,-4.997899724079602e-07
epsilon_greedy,19,16,1,1.0,0.9942423251770526,0.5,0.999964,-0.005712674822947461
epsilon_greedy,19,16,2,0.75,0.2500105002100276,0.46875,0.250035,-4.997899724079602e-07
epsilon_greedy,19,17,1,1.0,0.9942423251770526,0.5,0.999964,-0.005712674822947461
epsilon_greedy,19,17,2,0.75,0.2500105002100276,0.46875,0.250035,-4.997899724079602e-07
epsilon_greedy,19,18,1,1.0,0.9942423251770526,0.5,0.999964,-0.005712674822947461
epsilon_greedy,19,18,2,0.75,0.2500105002100276,0.46875,0.250035,-4.997899724079602e-07
epsilon_greedy,19,19,1,1.0,0.9942423251770526,0.5,0.999964,-0.005712674822947461
epsilon_greedy,19,19,2,0.75,0.2500105002100276,0.46875,0.250035,-4.997899724079602e-07
epsilon_greedy,19,20,1,1.0,0.9942423251770526,0.5,0.999964,-0.005712674822947461
epsilon_greedy,19,20,2,0.75,0.25001050021002763,0.46875,0.250035,-4.99789972352449e-07
epsilon_greedy,19,21,1,1.0,0.9942423251770526,0.5,0.999964,-0.005712674822947461
epsilon_greedy,19,21,2,0.75,0.25001050021002763,0.46875,0.250035,-4.99789972352449e-07
epsilon_greedy,19,22,1,1.0,0.9942423251770526,0.5,0.999964,-0.005712674822947461
epsilon_greedy,19,22,2,0.75,0.2500105002100276,0.46875,0.250035,-4.997899724079602e-07
epsilon_greedy,19,23,1,1.0,0.9942423251770526,0.5,0.999964,-0.005712674822947461
epsilon_greedy,19,23,2,0.75,0.2500105002100276,0.46875,0.250035,-4.997899724079602e-07
epsilon_greedy,19,24,1,1.0,0.9942423251770526,0.5,0.999964,-0.005712674822947461
epsilon_greedy,19,24,2,0.75,0.2500105002100276,0.46875,0.250035,-4.997899724079602e-07
epsilon_greedy,19,25,1,1.0,0.9942423251770526,0.5,0.999964,-0.005712674822947461
epsilon_greedy,19,25,2,0.75,0.2500105002100276,0.46875,0.250035,-4.997899724079602e-07
epsilon_greedy,19,26,1,1.0,0.9942423251770526,0.5,0.999964,-0.005712674822947461
epsilon_greedy,19,26,2,0.75,0.2500105002100276,0.46875,0.250035,-4.997899724079602e-07
epsilon_greedy,19,27,1,1.0,0.9942423251770526,0.5,0.999964,-0.005712674822947461
epsilon_greedy,19,27,2,0.75,0.2500105002100276,0.46875,0.250035,-4.997899724079602e-07
epsilon_greedy,19,28,1,1.0,0.9942423251770526,0.5,0.999964,-0.005712674822947461
epsilon_greedy,19,28,2,0.75,0.2500105002100276,0.46875,0.250035,-4.997899724079602e-07
epsilon_greedy,19,29,1,1.0,0.9942423251770526,0.5,0.999964,-0.005712674822947461
epsilon_greedy,19,29,2,0.75,0.2500105002100276,0.46875,0.250035,-4.997899724079602e-07
epsilon_greedy,19,30,1,1.0,0.9942423251770526,0.5,0.999964,-0.005712674822947461
epsilon_greedy,19,30,2,0.75,0.2500105002100276,0.46875,0.250035,-4.997899724079602e-07
epsilon_greedy,19,31,1,1.0,0.9942423251770526,0.5,0.999964,-0.005712674822947461
epsilon_greedy,19,31,2,0.75,0.2500105002100276,0.46875,0.250035,-4.997899724079602e-07
epsilon_greedy,19,32,1,1.0,0.9942423251770526,0.5,0.999964,-0.005712674822947461
epsilon_greedy,19,32,2,0.75,0.2500105002100276,0.46875,0.250035,-4.997899724079602e-07
epsilon_greedy,19,33,1,1.0,0.9942423251770526,0.5,0.999964,-0.005712674822947461
epsilon_greedy,19,33,2,0.75,0.2500105002100276,0.46875,0.250035,-4.997899724079602e-07
epsilon_greedy,19,34,1,1.0,0.9942423251770526,0.5,0.999964,-0.005712674822947461
epsilon_greedy,19,34,2,0.75,0.2500105002100276,0.46875,0.250035,-4.997899724079602e-07
epsilon_greedy,19,35,1,1.0,0.9942423251770526,0.5,0.999964,-0.005712674822947461
epsilon_greedy,19,35,2,0.75,0.2500105002100276,0.46875,0.250035,-4.997899724079602e-07
epsilon_greedy,19,36,1,1.0,0.9942423251770526,0.5,0.999964,-0.005712674822947461
epsilon_greedy,19,36,2,0.75,0.2500105002100276,0.46875,0.250035,-4.997899724079602e-07
epsilon_greedy,19,37,1,1.0,0.9942423251770526,0.5,0.999964,-0.005712674822947461
epsilon_greedy,19,37,2,0.75,0.2500105002100276,0.46875,0.250035,-4.997899724079602e-07
epsilon_greedy,19,38,1,1.0,0.9942423251770526,0.5,0.999964,-0.005712674822947461
epsilon_greedy,19,38,2,0.75,0.2500105002100276,0.46875,0.250035,-4.997899724079602e-07
epsilon_greedy,19,39,1,1.0,0.9942423251770526,0.5,0.999964,-0.005712674822947461
epsilon_greedy,19,39,2,0.75,0.2500105002100276,0.46875,0.250035,-4.997899724079602e-07
epsilon_greedy,19,40,1,1.0,0.9942423251770526,0.5,0.999964,-0.005712674822947461
epsilon_greedy,19,40,2,0.75,0.2500105002100276,0.46875,0.250035,-4.997899724079602e-07
epsilon_greedy,19,41,1,1.0,0.9942423251770526,0.5,0.999964,-0.005712674822947461
epsilon_greedy,19,41,2,0.75,0.2500105002100276,0.46875,0.250035,-4.997899724079602e-07
epsilon_greedy,19,42,1,1.0,0.9942423251770526,0.5,0.999964,-0.005712674822947461
epsilon_greedy,19,42,2,0.75,0.2500105002100276,0.46875,0.250035,-4.997899724079602e-07
epsilon_greedy,19,43,1,1.0,0.9942423251770526,0.5,0.999964,-0.005712674822947461
epsilon_greedy,19,43,2,0.75,0.2500105002100276,0.46875,0.250035,-4.997899724079602e-07
epsilon_greedy,19,44,1,1.0,0.9942423251770526,0.5,0.999964,-0.005712674822947461
epsilon_greedy,19,44,2,0.75,0.2500105002100276,0.46875,0.250035,-4.997899724079602e-07
epsilon_greedy,19,45,1,1.0,0.9942423251770526,0.5,0.999964,-0.005712674822947461
epsilon_greedy,19,45,2,0.75,0.2500105002100276,0.46875,0.250035,-4.997899724079602e-07
epsilon_greedy,19,46,1,1.0,0.9942423251770526,0.5,0.999964,-0.005712674822947461
epsilon_greedy,19,46,2,0.75,0.2500105002100276,0.46875,0.250035,-4.997899724079602e-07
epsilon_greedy,19,47,1,1.0,0.9942423251770526,0.5,0.999964,-0.005712674822947461
epsilon_greedy,19,47,2,0.75,0.2500105002100276,0.46875,0.250035,-4.997899724079602e-07
epsilon_greedy,19,48,1,1.0,0.9942423251770526,0.5,0.999964,-0.005712674822947461
epsilon_greedy,19,48,2,0.75,0.2500105002100276,0.46875,0.250035,-4.997899724079602e-07
epsilon_greedy,19,49,1,1.0,1.0000390007740805,0.5625,0.999964,5.4000774080353864e-05
epsilon_greedy,19,49,2,0.75,0.2500105002205283,0.4375,0.2500255,-4.998004725642602e-07
epsilon_greedy,20,0,1,1.0,1.0000390007380793,0.59375,0.999967,5.40007380789298e-05
epsilon_greedy,20,0,2,0.78125,0.2500135002700101,0.53125,0.25001675,2.655121678074579e-10
epsilon_greedy,20,1,1,1.0,0.9942423251770526,0.5,0.999964,-0.005712674822947461
epsilon_greedy,20,1,2,0.75,0.2500105002100276,0.46875,0.250035,-4.997899724079602e-07
epsilon_greedy,20,2,1,1.0,0.9942423251770526,0.5,0.999964,-0.005712674822947461
epsilon_greedy,20,2,2,0.75,0.25001050021002763,0.46875,0.250035,-4.99789972352449e-07
epsilon_greedy,20,3,1,1.0,0.9942423251770526,0.5,0.999964,-0.005712674822947461
epsilon_greedy,20,3,2,0.75,0.25001050021002763,0.46875,0.250035,-4.99789972352449e-07
epsilon_greedy,20,4,1,1.0,0.9942423251770526,0.5,0.999964,-0.005712674822947461
epsilon_greedy,20,4,2,0.75,0.2500105002100276,0.46875,0.250035,-4.997899724079602e-07
epsilon_greedy,20,5,1,1.0,0.9942423251770526,0.5,0.999964,-0.005712674822947461
epsilon_greedy,20,5,2,0.75,0.2500105002100276,0.46875,0.250035,-4.997899724079602e-07
epsilon_greedy,20,6,1,1.0,0.9942423251770526,0.5,0.999964,-0.005712674822947461
epsilon_greedy,20,6,2,0.75,0.2500105002100276,0.46875,0.250035,-4.997899724079602e-07
epsilon_greedy,20,7,1,1.0,0.9942423251770526,0.5,0.999964,-0.005712674822947461
epsilon_greedy,20,7,2,0.75,0.2500105002100276,0.46875,0.250035,-4.997899724079602e-07
epsilon_greedy,20,8,1,1.0,0.9942423251770526,0.5,0.999964,-0.005712674822947461
epsilon_greedy,20,8,2,0.75,0.2500105002100276,0.46875,0.250035,-4.997899724079602e-07
epsilon_greedy,20,9,1,1.0,0.9942423251770526,0.5,0.999964,-0.005712674822947461
epsilon_greedy,20,9,2,0.75,0.2500105002100276,0.46875,0.250035,-4.997899724079602e-07
epsilon_greedy,20,10,1,1.0,0.9942423251770526,0.5,0.999964,-0.005712674822947461
epsilon_greedy,20,10,2,0.75,0.2500105002100276,0.46875,0.250035,-4.997899724079602e-07
epsilon_greedy,20,11,1,1.0,0.9942423251770526,0.5,0.999964,-0.005712674822947461
epsilon_greedy,20,11,2,0.75,0.25001050021002763,0.46875,0.250035,-4.99789972352449e-07
epsilon_greedy,20,12,1,1.0,0.9942423251770526,0.5,0.999964,-0.005712674822947461
epsilon_greedy,20,12,2,0.75,0.25001050021002763,0.46875,0.250035,-4.99789972352449e-07
epsilon_greedy,20,13,1,1.0,0.9942423251770526,0.5,0.999964,-0.005712674822947461
epsilon_greedy,20,13,2,0.75,0.2500105002100276,0.46875,0.250035,-4.997899724079602e-07
epsilon_greedy,20,14,1,1.0,0.9942423251770526,0.5,0.999964,-0.005712674822947461
epsilon_greedy,20,14,2,0.75,0.2500105002100276,0.46875,0.250035,-4.997899724079602e-07
epsilon_greedy,20,15,1,1.0,0.9942423251770526,0.5,0.999964,-0.005712674822947461
epsilon_greedy,20,15,2,0.75,0.2500105002100276,0.46875,0.250035,-4.997899724079602e-07
epsilon_greedy,20,16,1,1.0,0.9942423251770526,0.5,0.999964,-0.005712674822947461
epsilon_greedy,20,16,2,0.75,0.2500105002100276,0.46875,0.250035,-4.997899724079602e-07
epsilon_greedy,20,17,1,1.0,0.9942423251770526,0.5,0.999964,-0.005712674822947461
epsilon_greedy,20,17,2,0.75,0.2500105002100276,0.46875,0.250035,-4.997899724079602e-07
epsilon_greedy,20,18,1,1.0,0.9942423251770526,0.5,0.999964,-0.005712674822947461
epsilon_greedy,20,18,2,0.75,0.2500105002100276,0.46875,0.250035,-4.997899724079602e-07
epsilon_greedy,20,19,1,1.0,0.9942423251770526,0.5,0.999964,-0.005712674822947461
epsilon_greedy,20,19,2,0.75,0.2500105002100276,0.46875,0.250035,-4.997899724079602e-07
epsilon_greedy,20,20,1,1.0,0.9942423251770526,0.5,0.999964,-0.005712674822947461
epsilon_greedy,20,20,2,0.75,0.25001050021002763,0.46875,0.250035,-4.99789972352449e-07
epsilon_greedy,20,21,1,1.0,0.9942423251770526,0.5,0.999964,-0.005712674822947461
epsilon_greedy,20,21,2,0.75,0.25001050021002763,0.46875,0.250035,-4.99789972352449e-07
epsilon_greedy,20,22,1,1.0,0.9942423251770526,0.5,0.999964,-0.005712674822947461
epsilon_greedy,20,22,2,0.75,0.2500105002100276,0.46875,0.250035,-4.997899724079602e-07
epsilon_greedy,20,23,1,1.0,0.9942423251770526,0.5,0.999964,-0.005712674822947461
epsilon_greedy,20,23,2,0.75,0.2500105002100276,0.46875,0.250035,-4.997899724079602e-07
epsilon_greedy,20,24,1,1.0,0.9942423251770526,0.5,0.999964,-0.005712674822947461
epsilon_greedy,20,24,2,0.75,0.2500105002100276,0.46875,0.250035,-4.997899724079602e-07
epsilon_greedy,20,25,1,1.0,0.9942423251770526,0.5,0.999964,-0.005712674822947461
epsilon_greedy,20,25,2,0.75,0.2500105002100276,0.46875,0.250035,-4.997899724079602e-07
epsilon_greedy,20,26,1,1.0,0.9942423251770526,0.5,0.999964,-0.005712674822947461
epsilon_greedy,20,26,2,0.75,0.2500105002100276,0.46875,0.250035,-4.997899724079602e-07
epsilon_greedy,20,27,1,1.0,0.9942423251770526,0.5,0.999964,-0.005712674822947461
epsilon_greedy,20,27,2,0.75,0.2500105002100276,0.46875,0.250035,-4.997899724079602e-07
epsilon_greedy,20,28,1,1.0,0.9942423251770526,0.5,0.999964,-0.005712674822947461
epsilon_greedy,20,28,2,0.75,0.2500105002100276,0.46875,0.250035,-4.997899724079602e-07
epsilon_greedy,20,29,1,1.0,0.9942423251770526,0.5,0.999964,-0.005712674822947461
epsilon_greedy,20,29,2,0.75,0.2500105002100276,0.46875,0.250035,-4.997899724079602e-07
epsilon_greedy,20,30,1,1.0,0.9942423251770526,0.5,0.999964,-0.005712674822947461
epsilon_greedy,20,30,2,0.75,0.2500105002100276,0.46875,0.250035,-4.997899724079602e-07
epsilon_greedy,20,31,1,1.0,0.9942423251770526,0.5,0.999964,-0.005712674822947461
epsilon_greedy,20,31,2,0.75,0.2500105002100276,0.46875,0.250035,-4.997899724079602e-07
epsilon_greedy,20,32,1,1.0,0.9942423251770526,0.5,0.999964,-0.005712674822947461
epsilon_greedy,20,32,2,0.75,0.2500105002100276,0.46875,0.250035,-4.997899724079602e-07
epsilon_greedy,20,33,1,1.0,0.9942423251770526,0.5,0.999964,-0.005712674822947461
epsilon_greedy,20,33,2,0.75,0.2500105002100276,0.46875,0.250035,-4.997899724079602e-07
epsilon_greedy,20,34,1,1.0,0.9942423251770526,0.5,0.999964,-0.005712674822947461
epsilon_greedy,20,34,2,0.75,0.2500105002100276,0.46875,0.250035,-4.997899724079602e-07
epsilon_greedy,20,35,1,1.0,0.9942423251770526,0.5,0.999964,-0.005712674822947461
epsilon_greedy,20,35,2,0.75,0.2500105002100276,0.46875,0.250035,-4.997899724079602e-07
epsilon_greedy,20,36,1,1.0,0.9942423251770526,0.5,0.999964,-0.005712674822947461
epsilon_greedy,20,36,2,0.75,0.2500105002100276,0.46875,0.250035,-4.997899724079602e-07
epsilon_greedy,20,37,1,1.0,0.9942423251770526,0.5,0.999964,-0.005712674822947461
epsilon_greedy,20,37,2,0.75,0.2500105002100276,0.46875,0.250035,-4.997899724079602e-07
epsilon_greedy,20,38,1,1.0,0.9942423251770526,0.5,0.999964,-0.005712674822947461
epsilon_greedy,20,38,2,0.75,0.2500105002100276,0.46875,0.250035,-4.997899724079602e-07
epsilon_greedy,20,39,1,1.0,0.9942423251770526,0.5,0.999964,-0.005712674822947461
epsilon_greedy,20,39,2,0.75,0.2500105002100276,0.46875,0.250035,-4.997899724079602e-07
epsilon_greedy,20,40,1,1.0,0.9942423251770526,0.5,0.999964,-0.005712674822947461
epsilon_greedy,20,40,2,0.75,0.2500105002100276,0.46875,0.250035,-4.997899724079602e-07
epsilon_greedy,20,41,1,1.0,0.9942423251770526,0.5,0.999964,-0.005712674822947461
epsilon_greedy,20,41,2,0.75,0.2500105002100276,0.46875,0.250035,-4.997899724079602e-07
epsilon_greedy,20,42,1,1.0,0.9942423251770526,0.5,0.999964,-0.005712674822947461
epsilon_greedy,20,42,2,0.75,0.2500105002100276,0.46875,0.250035,-4.997899724079602e-07
epsilon_greedy,20,43,1,1.0,0.9942423251770526,0.5,0.999964,-0.005712674822947461
epsilon_greedy,20,43,2,0.75,0.2500105002100276,0.46875,0.250035,-4.997899724079602e-07
epsilon_greedy,20,44,1,1.0,0.9942423251770526,0.5,0.999964,-0.005712674822947461
epsilon_greedy,20,44,2,0.75,0.2500105002100276,0.46875,0.250035,-4.997899724079602e-07
epsilon_greedy,20,45,1,1.0,0.9942423251770526,0.5,0.999964,-0.005712674822947461
epsilon_greedy,20,45,2,0.75,0.2500105002100276,0.46875,0.250035,-4.997899724079602e-07
epsilon_greedy,20,46,1,1.0,0.9942423251770526,0.5,0.999964,-0.005712674822947461
epsilon_greedy,20,46,2,0.75,0.2500105002100276,0.46875,0.250035,-4.997899724079602e-07
epsilon_greedy,20,47,1,1.0,0.9942423251770526,0.5,0.999964,-0.005712674822947461
epsilon_greedy,20,47,2,0.75,0.2500105002100276,0.46875,0.250035,-4.997899724079602e-07
epsilon_greedy,20,48,1,1.0,0.9942423251770526,0.5,0.999964,-0.005712674822947461
epsilon_greedy,20,48,2,0.75,0.2500105002100276,0.46875,0.250035,-4.997899724079602e-07
epsilon_greedy,20,49,1,1.0,1.0000390007740805,0.5625,0.999964,5.4000774080353864e-05
epsilon_greedy,20,49,2,0.75,0.2500105002205283,0.4375,0.2500255,-4.998004725642602e-07
epsilon_greedy,21,0,1,1.0,1.0000390007380793,0.59375,0.999967,5.40007380789298e-05
epsilon_greedy,21,0,2,0.78125,0.2500135002700101,0.53125,0.25001675,2.655121678074579e-10
epsilon_greedy,21,1,1,1.0,0.9942423251770526,0.5,0.999964,-0.005712674822947461
epsilon_greedy,21,1,2,0.75,0.2500105002100276,0.46875,0.250035,-4.997899724079602e-07
epsilon_greedy,21,2,1,1.0,0.9942423251770526,0.5,0.999964,-0.005712674822947461
epsilon_greedy,21,2,2,0.75,0.25001050021002763,0.46875,0.250035,-4.99789972352449e-07
epsilon_greedy,21,3,1,1.0,0.9942423251770526,0.5,0.999964,-0.005712674822947461
epsilon_greedy,21,3,2,0.75,0.25001050021002763,0.46875,0.250035,-4.99789972352449e-07
epsilon_greedy,21,4,1,1.0,0.9942423251770526,0.5,0.999964,-0.005712674822947461
epsilon_greedy,21,4,2,0.75,0.2500105002100276,0.46875,0.250035,-4.997899724079602e-07
epsilon_greedy,21,5,1,1.0,0.9942423251770526,0.5,0.999964,-0.005712674822947461
epsilon_greedy,21,5,2,0.75,0.2500105002100276,0.46875,0.250035,-4.997899724079602e-07
epsilon_greedy,21,6,1,1.0,0.9942423251770526,0.5,0.999964,-0.005712674822947461
epsilon_greedy,21,6,2,0.75,0.2500105002100276,0.46875,0.250035,-4.997899724079602e-07
epsilon_greedy,21,7,1,1.0,0.9942423251770526,0.5,0.999964,-0.005712674822947461
epsilon_greedy,21,7,2,0.75,0.2500105002100276,0.46875,0.250035,-4.997899724079602e-07
epsilon_greedy,21,8,1,1.0,0.9942423251770526,0.5,0.999964,-0.005712674822947461
epsilon_greedy,21,8,2,0.75,0.2500105002100276,0.46875,0.250035,-4.997899724079602e-07
epsilon_greedy,21,9,1,1.0,0.9942423251770526,0.5,0.999964,-0.005712674822947461
epsilon_greedy,21,9,2,0.75,0.2500105002100276,0.46875,0.250035,-4.997899724079602e-07
epsilon_greedy,21,10,1,1.0,0.9942423251770526,0.5,0.999964,-0.005712674822947461
epsilon_greedy,21,10,2,0.75,0.2500105002100276,0.46875,0.250035,-4.997899724079602e-07
epsilon_greedy,21,11,1,1.0,0.9942423251770526,0.5,0.999964,-0.005712674822947461
epsilon_greedy,21,11,2,0.75,0.25001050021002763,0.46875,0.250035,-4.99789972352449e-07
epsilon_greedy,21,12,1,1.0,0.9942423251770526,0.5,0.999964,-0.005712674822947461
epsilon_greedy,21,12,2,0.75,0.25001050021002763,0.46875,0.250035,-4.99789972352449e-07
epsilon_greedy,21,13,1,1.0,0.9942423251770526,0.5,0.999964,-0.005712674822947461
epsilon_greedy,21,13,2,0.75,0.2500105002100276,0.46875,0.250035,-4.997899724079602e-07
epsilon_greedy,21,14,1,1.0,0.9942423251770526,0.5,0.999964,-0.005712674822947461
epsilon_greedy,21,14,2,0.75,0.2500105002100276,0.46875,0.250035,-4.997899724079602e-07
epsilon_greedy,21,15,1,1.0,0.9942423251770526,0.5,0.999964,-0.005712674822947461
epsilon_greedy,21,15,2,0.75,0.2500105002100276,0.46875,0.250035,-4.997899724079602e-07
epsilon_greedy,21,16,1,1.0,0.9942423251770526,0.5,0.999964,-0.005712674822947461
epsilon_greedy,21,16,2,0.75,0.2500105002100276,0.46875,0.250035,-4.997899724079602e-07
epsilon_greedy,21,17,1,1.0,0.9942423251770526,0.5,0.999964,-0.005712674822947461
epsilon_greedy,21,17,2,0.75,0.2500105002100276,0.46875,0.250035,-4.997899724079602e-07
epsilon_greedy,21,18,1,1.0,0.9942423251770526,0.5,0.999964,-0.005712674822947461
epsilon_greedy,21,18,2,0.75,0.2500105002100276,0.46875,0.250035,-4.997899724079602e-07
epsilon_greedy,21,19,1,1.0,0.9942423251770526,0.5,0.999964,-0.005712674822947461
epsilon_greedy,21,19,2,0.75,0.2500105002100276,0.46875,0.250035,-4.997899724079602e-07
epsilon_greedy,21,20,1,1.0,0.9942423251770526,0.5,0.999964,-0.005712674822947461
epsilon_greedy,21,20,2,0.75,0.25001050021002763,0.46875,0.250035,-4.99789972352449e-07
epsilon_greedy,21,21,1,1.0,0.9942423251770526,0.5,0.999964,-0.005712674822947461
epsilon_greedy,21,21,2,0.75,0.25001050021002763,0.46875,0.250035,-4.99789972352449e-07
epsilon_greedy,21,22,1,1.0,0.9942423251770526,0.5,0.999964,-0.005712674822947461
epsilon_greedy,21,22,2,0.75,0.2500105002100276,0.46875,0.250035,-4.997899724079602e-07
epsilon_greedy,21,23,1,1.0,0.9942423251770526,0.5,0.999964,-0.005712674822947461
epsilon_greedy,21,23,2,0.75,0.2500105002100276,0.46875,0.250035,-4.997899724079602e-07
epsilon_greedy,21,24,1,1.0,0.9942423251770526,0.5,0.999964,-0.005712674822947461
epsilon_greedy,21,24,2,0.75,0.2500105002100276,0.46875,0.250035,-4.997899724079602e-07
epsilon_greedy,21,25,1,1.0,0.9942423251770526,0.5,0.999964,-0.005712674822947461
epsilon_greedy,21,25,2,0.75,0.2500105002100276,0.46875,0.250035,-4.997899724079602e-07
epsilon_greedy,21,26,1,1.0,0.9942423251770526,0.5,0.999964,-0.005712674822947461
epsilon_greedy,21,26,2,0.75,0.2500105002100276,0.46875,0.250035,-4.997899724079602e-07
epsilon_greedy,21,27,1,1.0,0.9942423251770526,0.5,0.999964,-0.005712674822947461
epsilon_greedy,21,27,2,0.75,0.2500105002100276,0.46875,0.250035,-4.997899724079602e-07
epsilon_greedy,21,28,1,1.0,0.9942423251770526,0.5,0.999964,-0.005712674822947461
epsilon_greedy,21,28,2,0.75,0.2500105002100276,0.46875,0.250035,-4.997899724079602e-07
epsilon_greedy,21,29,1,1.0,0.9942423251770526,0.5,0.999964,-0.005712674822947461
epsilon_greedy,21,29,2,0.75,0.2500105002100276,0.46875,0.250035,-4.997899724079602e-07
epsilon_greedy,21,30,1,1.0,0.9942423251770526,0.5,0.999964,-0.005712674822947461
epsilon_greedy,21,30,2,0.75,0.2500105002100276,0.46875,0.250035,-4.997899724079602e-07
epsilon_greedy,21,31,1,1.0,0.9942423251770526,0.5,0.999964,-0.005712674822947461
epsilon_greedy,21,31,2,0.75,0.2500105002100276,0.46875,0.250035,-4.997899724079602e-07
epsilon_greedy,21,32,1,1.0,0.9942423251770526,0.5,0.999964,-0.005712674822947461
epsilon_greedy,21,32,2,0.75,0.2500105002100276,0.46875,0.250035,-4.997899724079602e-07
epsilon_greedy,21,33,1,1.0,0.9942423251770526,0.5,0.999964,-0.005712674822947461
epsilon_greedy,21,33,2,0.75,0.2500105002100276,0.46875,0.250035,-4.997899724079602e-07
epsilon_greedy,21,34,1,1.0,0.9942423251770526,0.5,0.999964,-0.005712674822947461
epsilon_greedy,21,34,2,0.75,0.2500105002100276,0.46875,0.250035,-4.997899724079602e-07
epsilon_greedy,21,35,1,1.0,0.9942423251770526,0.5,0.999964,-0.005712674822947461
epsilon_greedy,21,35,2,0.75,0.2500105002100276,0.46875,0.250035,-4.997899724079602e-07
epsilon_greedy,21,36,1,1.0,0.9942423251770526,0.5,0.999964,-0.005712674822947461
epsilon_greedy,21,36,2,0.75,0.2500105002100276,0.46875,0.250035,-4.997899724079602e-07
epsilon_greedy,21,37,1,1.0,0.9942423251770526,0.5,0.999964,-0.005712674822947461
epsilon_greedy,21,37,2,0.75,0.2500105002100276,0.46875,0.250035,-4.997899724079602e-07
epsilon_greedy,21,38,1,1.0,0.9942423251770526,0.5,0.999964,-0.005712674822947461
epsilon_greedy,21,38,2,0.75,0.2500105002100276,0.46875,0.250035,-4.997899724079602e-07
epsilon_greedy,21,39,1,1.0,0.9942423251770526,0.5,0.999964,-0.005712674822947461
epsilon_greedy,21,39,2,0.75,0.2500105002100276,0.46875,0.250035,-4.997899724079602e-07
epsilon_greedy,21,40,1,1.0,0.9942423251770526,0.5,0.999964,-0.005712674822947461
epsilon_greedy,21,40,2,0.75,0.2500105002100276,0.46875,0.250035,-4.997899724079602e-07
epsilon_greedy,21,41,1,1.0,0.9942423251770526,0.5,0.999964,-0.005712674822947461
epsilon_greedy,21,41,2,0.75,0.2500105002100276,0.46875,0.250035,-4.997899724079602e-07
epsilon_greedy,21,42,1,1.0,0.9942423251770526,0.5,0.999964,-0.005712674822947461
epsilon_greedy,21,42,2,0.75,0.2500105002100276,0.46875,0.250035,-4.997899724079602e-07
epsilon_greedy,21,43,1,1.0,0.9942423251770526,0.5,0.999964,-0.005712674822947461
epsilon_greedy,21,43,2,0.75,0.2500105002100276,0.46875,0.250035,-4.997899724079602e-07
epsilon_greedy,21,44,1,1.0,0.9942423251770526,0.5,0.999964,-0.005712674822947461
epsilon_greedy,21,44,2,0.75,0.2500105002100276,0.46875,0.250035,-4.997899724079602e-07
epsilon_greedy,21,45,1,1.0,0.9942423251770526,0.5,0.999964,-0.005712674822947461
epsilon_greedy,21,45,2,0.75,0.2500105002100276,0.46875,0.250035,-4.997899724079602e-07
epsilon_greedy,21,46,1,1.0,0.9942423251770526,0.5,0.999964,-0.005712674822947461
epsilon_greedy,21,46,2,0.75,0.2500105002100276,0.46875,0.250035,-4.997899724079602e-07
epsilon_greedy,21,47,1,1.0,0.9942423251770526,0.5,0.999964,-0.005712674822947461
epsilon_greedy,21,47,2,0.75,0.2500105002100276,0.46875,0.250035,-4.997899724079602e-07
epsilon_greedy,21,48,1,1.0,0.9942423251770526,0.5,0.999964,-0.005712674822947461
epsilon_greedy,21,48,2,0.75,0.2500105002100276,0.46875,0.250035,-4.997899724079602e-07
epsilon_greedy,21,49,1,1.0,1.0000390007740805,0.5625,0.999964,5.4000774080353864e-05
epsilon_greedy,21,49,2,0.75,0.2500105002205283,0.4375,0.2500255,-4.998004725642602e-07
epsilon_greedy,22,0,1,1.0,1.0000390007380793,0.59375,0.999967,5.40007380789298e-05
epsilon_greedy,22,0,2,0.78125,0.2500135002700101,0.53125,0.25001675,2.655121678074579e-10
epsilon_greedy,22,1,1,1.0,0.9942423251770526,0.5,0.999964,-0.005712674822947461
epsilon_greedy,22,1,2,0.75,0.2500105002100276,0.46875,0.250035,-4.997899724079602e-07
epsilon_greedy,22,2,1,1.0,0.9942423251770526,0.5,0.999964,-0.005712674822947461
epsilon_greedy,22,2,2,0.75,0.25001050021002763,0.46875,0.250035,-4.99789972352449e-07
epsilon_greedy,22,3,1,1.0,0.9942423251770526,0.5,0.999964,-0.005712674822947461
epsilon_greedy,22,3,2,0.75,0.25001050021002763,0.46875,0.250035,-4.99789972352449e-07
epsilon_greedy,22,4,1,1.0,0.9942423251770526,0.5,0.999964,-0.005712674822947461
epsilon_greedy,22,4,2,0.75,0.2500105002100276,0.46875,0.250035,-4.997899724079602e-07
epsilon_greedy,22,5,1,1.0,0.9942423251770526,0.5,0.999964,-0.005712674822947461
epsilon_greedy,22,5,2,0.75,0.2500105002100276,0.46875,0.250035,-4.997899724079602e-07
epsilon_greedy,22,6,1,1.0,0.9942423251770526,0.5,0.999964,-0.005712674822947461
epsilon_greedy,22,6,2,0.75,0.2500105002100276,0.46875,0.250035,-4.997899724079602e-07
epsilon_greedy,22,7,1,1.0,0.9942423251770526,0.5,0.999964,-0.005712674822947461
epsilon_greedy,22,7,2,0.75,0.2500105002100276,0.46875,0.250035,-4.997899724079602e-07
epsilon_greedy,22,8,1,1.0,0.9942423251770526,0.5,0.999964,-0.005712674822947461
epsilon_greedy,22,8,2,0.75,0.2500105002100276,0.46875,0.250035,-4.997899724079602e-07
epsilon_greedy,22,9,1,1.0,0.9942423251770526,0.5,0.999964,-0.005712674822947461
epsilon_greedy,22,9,2,0.75,0.2500105002100276,0.46875,0.250035,-4.997899724079602e-07
epsilon_greedy,22,10,1,1.0,0.9942423251770526,0.5,0.999964,-0.005712674822947461
epsilon_greedy,22,10,2,0.75,0.2500105002100276,0.46875,0.250035,-4.997899724079602e-07
epsilon_greedy,22,11,1,1.0,0.9942423251770526,0.5,0.999964,-0.005712674822947461
epsilon_greedy,22,11,2,0.75,0.25001050021002763,0.46875,0.250035,-4.99789972352449e-07
epsilon_greedy,22,12,1,1.0,0.9942423251770526,0.5,0.999964,-0.005712674822947461
epsilon_greedy,22,12,2,0.75,0.25001050021002763,0.46875,0.250035,-4.99789972352449e-07
epsilon_greedy,22,13,1,1.0,0.9942423251770526,0.5,0.999964,-0.005712674822947461
epsilon_greedy,22,13,2,0.75,0.2500105002100276,0.46875,0.250035,-4.997899724079602e-07
epsilon_greedy,22,14,1,1.0,0.9942423251770526,0.5,0.999964,-0.005712674822947461
epsilon_greedy,22,14,2,0.75,0.2500105002100276,0.46875,0.250035,-4.997899724079602e-07
epsilon_greedy,22,15,1,1.0,0.9942423251770526,0.5,0.999964,-0.005712674822947461
epsilon_greedy,22,15,2,0.75,0.2500105002100276,0.46875,0.250035,-4.997899724079602e-07
epsilon_greedy,22,16,1,1.0,0.9942423251770526,0.5,0.999964,-0.005712674822947461
epsilon_greedy,22,16,2,0.75,0.2500105002100276,0.46875,0.250035,-4.997899724079602e-07
epsilon_greedy,22,17,1,1.0,0.9942423251770526,0.5,0.999964,-0.005712674822947461
epsilon_greedy,22,17,2,0.75,0.2500105002100276,0.46875,0.250035,-4.997899724079602e-07
epsilon_greedy,22,18,1,1.0,0.9942423251770526,0.5,0.999964,-0.005712674822947461
epsilon_greedy,22,18,2,0.75,0.2500105002100276,0.46875,0.250035,-4.997899724079602e-07
epsilon_greedy,22,19,1,1.0,0.9942423251770526,0.5,0.999964,-0.005712674822947461
epsilon_greedy,22,19,2,0.75,0.2500105002100276,0.46875,0.250035,-4.997899724079602e-07
epsilon_greedy,22,20,1,1.0,0.9942423251770526,0.5,0.999964,-0.005712674822947461
epsilon_greedy,22,20,2,0.75,0.25001050021002763,0.46875,0.250035,-4.99789972352449e-07
epsilon_greedy,22,21,1,1.0,0.9942423251770526,0.5,0.999964,-0.005712674822947461
epsilon_greedy,22,21,2,0.75,0.25001050021002763,0.46875,0.250035,-4.99789972352449e-07
epsilon_greedy,22,22,1,1.0,0.9942423251770526,0.5,0.999964,-0.005712674822947461
epsilon_greedy,22,22,2,0.75,0.2500105002100276,0.46875,0.250035,-4.997899724079602e-07
epsilon_greedy,22,23,1,1.0,0.9942423251770526,0.5,0.999964,-0.005712674822947461
epsilon_greedy,22,23,2,0.75,0.2500105002100276,0.46875,0.250035,-4.997899724079602e-07
epsilon_greedy,22,24,1,1.0,0.9942423251770526,0.5,0.999964,-0.005712674822947461
epsilon_greedy,22,24,2,0.75,0.2500105002100276,0.46875,0.250035,-4.997899724079602e-07
epsilon_greedy,22,25,1,1.0,0.9942423251770526,0.5,0.999964,-0.005712674822947461
epsilon_greedy,22,25,2,0.75,0.2500105002100276,0.46875,0.250035,-4.997899724079602e-07
epsilon_greedy,22,26,1,1.0,0.9942423251770526,0.5,0.999964,-0.005712674822947461
epsilon_greedy,22,26,2,0.75,0.2500105002100276,0.46875,0.250035,-4.997899724079602e-07
epsilon_greedy,22,27,1,1.0,0.9942423251770526,0.5,0.999964,-0.005712674822947461
epsilon_greedy,22,27,2,0.75,0.2500105002100276,0.46875,0.250035,-4.997899724079602e-07
epsilon_greedy,22,28,1,1.0,0.9942423251770526,0.5,0.999964,-0.005712674822947461
epsilon_greedy,22,28,2,0.75,0.2500105002100276,0.46875,0.250035,-4.997899724079602e-07
epsilon_greedy,22,29,1,1.0,0.9942423251770526,0.5,0.999964,-0.005712674822947461
epsilon_greedy,22,29,2,0.75,0.2500105002100276,0.46875,0.250035,-4.997899724079602e-07
epsilon_greedy,22,30,1,1.0,0.9942423251770526,0.5,0.999964,-0.005712674822947461
epsilon_greedy,22,30,2,0.75,0.2500105002100276,0.46875,0.250035,-4.997899724079602e-07
epsilon_greedy,22,31,1,1.0,0.9942423251770526,0.5,0.999964,-0.005712674822947461
epsilon_greedy,22,31,2,0.75,0.2500105002100276,0.46875,0.250035,-4.997899724079602e-07
epsilon_greedy,22,32,1,1.0,0.9942423251770526,0.5,0.999964,-0.005712674822947461
epsilon_greedy,22,32,2,0.75,0.2500105002100276,0.46875,0.250035,-4.997899724079602e-07
epsilon_greedy,22,33,1,1.0,0.9942423251770526,0.5,0.999964,-0.005712674822947461
epsilon_greedy,22,33,2,0.75,0.2500105002100276,0.46875,0.250035,-4.997899724079602e-07
epsilon_greedy,22,34,1,1.0,0.9942423251770526,0.5,0.999964,-0.005712674822947461
epsilon_greedy,22,34,2,0.75,0.2500105002100276,0.46875,0.250035,-4.997899724079602e-07
epsilon_greedy,22,35,1,1.0,0.9942423251770526,0.5,0.999964,-0.005712674822947461
epsilon_greedy,22,35,2,0.75,0.2500105002100276,0.46875,0.250035,-4.997899724079602e-07
epsilon_greedy,22,36,1,1.0,0.9942423251770526,0.5,0.999964,-0.005712674822947461
epsilon_greedy,22,36,2,0.75,0.2500105002100276,0.46875,0.250035,-4.997899724079602e-07
epsilon_greedy,22,37,1,1.0,0.9942423251770526,0.5,0.999964,-0.005712674822947461
epsilon_greedy,22,37,2,0.75,0.2500105002100276,0.46875,0.250035,-4.997899724079602e-07
epsilon_greedy,22,38,1,1.0,0.9942423251770526,0.5,0.999964,-0.005712674822947461
epsilon_greedy,22,38,2,0.75,0.2500105002100276,0.46875,0.250035,-4.997899724079602e-07
epsilon_greedy,22,39,1,1.0,0.9942423251770526,0.5,0.999964,-0.005712674822947461
epsilon_greedy,22,39,2,0.75,0.2500105002100276,0.46875,0.250035,-4.997899724079602e-07
epsilon_greedy,22,40,1,1.0,0.9942423251770526,0.5,0.999964,-0.005712674822947461
epsilon_greedy,22,40,2,0.75,0.2500105002100276,0.46875,0.250035,-4.997899724079602e-07
epsilon_greedy,22,41,1,1.0,0.9942423251770526,0.5,0.999964,-0.005712674822947461
epsilon_greedy,22,41,2,0.75,0.2500105002100276,0.46875,0.250035,-4.997899724079602e-07
epsilon_greedy,22,42,1,1.0,0.9942423251770526,0.5,0.999964,-0.005712674822947461
epsilon_greedy,22,42,2,0.75,0.2500105002100276,0.46875,0.250035,-4.997899724079602e-07
epsilon_greedy,22,43,1,1.0,0.9942423251770526,0.5,0.999964,-0.005712674822947461
epsilon_greedy,22,43,2,0.75,0.2500105002100276,0.46875,0.250035,-4.997899724079602e-07
epsilon_greedy,22,44,1,1.0,0.9942423251770526,0.5,0.999964,-0.005712674822947461
epsilon_greedy,22,44,2,0.75,0.2500105002100276,0.46875,0.250035,-4.997899724079602e-07
epsilon_greedy,22,45,1,1.0,0.9942423251770526,0.5,0.999964,-0.005712674822947461
epsilon_greedy,22,45,2,0.75,0.2500105002100276,0.46875,0.250035,-4.997899724079602e-07
epsilon_greedy,22,46,1,1.0,0.9942423251770526,0.5,0.999964,-0.005712674822947461
epsilon_greedy,22,46,2,0.75,0.2500105002100276,0.46875,0.250035,-4.997899724079602e-07
epsilon_greedy,22,47,1,1.0,0.9942423251770526,0.5,0.999964,-0.005712674822947461
epsilon_greedy,22,47,2,0.75,0.2500105002100276,0.46875,0.250035,-4.997899724079602e-07
epsilon_greedy,22,48,1,1.0,0.9942423251770526,0.5,0.999964,-0.005712674822947461
epsilon_greedy,22,48,2,0.75,0.2500105002100276,0.46875,0.250035,-4.997899724079602e-07
epsilon_greedy,22,49,1,1.0,1.0000390007740805,0.5625,0.999964,5.4000774080353864e-05
epsilon_greedy,22,49,2,0.75,0.2500105002205283,0.4375,0.2500255,-4.998004725642602e-07
epsilon_greedy,23,0,1,1.0,1.0000390007380793,0.59375,0.999967,5.40007380789298e-05
epsilon_greedy,23,0,2,0.78125,0.2500135002700101,0.53125,0.25001675,2.655121678074579e-10
epsilon_greedy,23,1,1,1.0,0.9942423251770526,0.5,0.999964,-0.005712674822947461
epsilon_greedy,23,1,2,0.75,0.2500105002100276,0.46875,0.250035,-4.997899724079602e-07
epsilon_greedy,23,2,1,1.0,0.9942423251770526,0.5,0.999964,-0.005712674822947461
epsilon_greedy,23,2,2,0.75,0.25001050021002763,0.46875,0.250035,-4.99789972352449e-07
epsilon_greedy,23,3,1,1.0,0.9942423251770526,0.5,0.999964,-0.005712674822947461
epsilon_greedy,23,3,2,0.75,0.25001050021002763,0.46875,0.250035,-4.99789972352449e-07
epsilon_greedy,23,4,1,1.0,0.9942423251770526,0.5,0.999964,-0.005712674822947461
epsilon_greedy,23,4,2,0.75,0.2500105002100276,0.46875,0.250035,-4.997899724079602e-07
epsilon_greedy,23,5,1,1.0,0.9942423251770526,0.5,0.999964,-0.005712674822947461
epsilon_greedy,23,5,2,0.75,0.2500105002100276,0.46875,0.250035,-4.997899724079602e-07
epsilon_greedy,23,6,1,1.0,0.9942423251770526,0.5,0.999964,-0.005712674822947461
epsilon_greedy,23,6,2,0.75,0.2500105002100276,0.46875,0.250035,-4.997899724079602e-07
epsilon_greedy,23,7,1,1.0,0.9942423251770526,0.5,0.999964,-0.005712674822947461
epsilon_greedy,23,7,2,0.75,0.2500105002100276,0.46875,0.250035,-4.997899724079602e-07
epsilon_greedy,23,8,1,1.0,0.9942423251770526,0.5,0.999964,-0.005712674822947461
epsilon_greedy,23,8,2,0.75,0.2500105002100276,0.46875,0.250035,-4.997899724079602e-07
epsilon_greedy,23,9,1,1.0,0.9942423251770526,0.5,0.999964,-0.005712674822947461
epsilon_greedy,23,9,2,0.75,0.2500105002100276,0.46875,0.250035,-4.997899724079602e-07
epsilon_greedy,23,10,1,1.0,0.9942423251770526,0.5,0.999964,-0.005712674822947461
epsilon_greedy,23,10,2,0.75,0.2500105002100276,0.46875,0.250035,-4.997899724079602e-07
epsilon_greedy,23,11,1,1.0,0.9942423251770526,0.5,0.999964,-0.005712674822947461
epsilon_greedy,23,11,2,0.75,0.25001050021002763,0.46875,0.250035,-4.99789972352449e-07
epsilon_greedy,23,12,1,1.0,0.9942423251770526,0.5,0.999964,-0.005712674822947461
epsilon_greedy,23,12,2,0.75,0.25001050021002763,0.46875,0.250035,-4.99789972352449e-07
epsilon_greedy,23,13,1,1.0,0.9942423251770526,0.5,0.999964,-0.005712674822947461
epsilon_greedy,23,13,2,0.75,0.2500105002100276,0.46875,0.250035,-4.997899724079602e-07
epsilon_greedy,23,14,1,1.0,0.9942423251770526,0.5,0.999964,-0.005712674822947461
epsilon_greedy,23,14,2,0.75,0.2500105002100276,0.46875,0.250035,-4.997899724079602e-07
epsilon_greedy,23,15,1,1.0,0.9942423251770526,0.5,0.999964,-0.005712674822947461
epsilon_greedy,23,15,2,0.75,0.2500105002100276,0.46875,0.250035,-4.997899724079602e-07
epsilon_greedy,23,16,1,1.0,0.9942423251770526,0.5,0.999964,-0.005712674822947461
epsilon_greedy,23,16,2,0.75,0.2500105002100276,0.46875,0.250035,-4.997899724079602e-07
epsilon_greedy,23,17,1,1.0,0.9942423251770526,0.5,0.999964,-0.005712674822947461
epsilon_greedy,23,17,2,0.75,0.2500105002100276,0.46875,0.250035,-4.997899724079602e-07
epsilon_greedy,23,18,1,1.0,0.9942423251770526,0.5,0.999964,-0.005712674822947461
epsilon_greedy,23,18,2,0.75,0.2500105002100276,0.46875,0.250035,-4.997899724079602e-07
epsilon_greedy,23,19,1,1.0,0.9942423251770526,0.5,0.999964,-0.005712674822947461
epsilon_greedy,23,19,2,0.75,0.2500105002100276,0.46875,0.250035,-4.997899724079602e-07
epsilon_greedy,23,20,1,1.0,0.9942423251770526,0.5,0.999964,-0.005712674822947461
epsilon_greedy,23,20,2,0.75,0.25001050021002763,0.46875,0.250035,-4.99789972352449e-07
epsilon_greedy,23,21,1,1.0,0.9942423251770526,0.5,0.999964,-0.005712674822947461
epsilon_greedy,23,21,2,0.75,0.25001050021002763,0.46875,0.250035,-4.99789972352449e-07
epsilon_greedy,23,22,1,1.0,0.9942423251770526,0.5,0.999964,-0.005712674822947461
epsilon_greedy,23,22,2,0.75,0.2500105002100276,0.46875,0.250035,-4.997899724079602e-07
epsilon_greedy,23,23,1,1.0,0.9942423251770526,0.5,0.999964,-0.005712674822947461
epsilon_greedy,23,23,2,0.75,0.2500105002100276,0.46875,0.250035,-4.997899724079602e-07
epsilon_greedy,23,24,1,1.0,0.9942423251770526,0.5,0.999964,-0.005712674822947461
epsilon_greedy,23,24,2,0.75,0.2500105002100276,0.46875,0.250035,-4.997899724079602e-07
epsilon_greedy,23,25,1,1.0,0.9942423251770526,0.5,0.999964,-0.005712674822947461
epsilon_greedy,23,25,2,0.75,0.2500105002100276,0.46875,0.250035,-4.997899724079602e-07
epsilon_greedy,23,26,1,1.0,0.9942423251770526,0.5,0.999964,-0.005712674822947461
epsilon_greedy,23,26,2,0.75,0.2500105002100276,0.46875,0.250035,-4.997899724079602e-07
epsilon_greedy,23,27,1,1.0,0.9942423251770526,0.5,0.999964,-0.005712674822947461
epsilon_greedy,23,27,2,0.75,0.2500105002100276,0.46875,0.250035,-4.997899724079602e-07
epsilon_greedy,23,28,1,1.0,0.9942423251770526,0.5,0.999964,-0.005712674822947461
epsilon_greedy,23,28,2,0.75,0.2500105002100276,0.46875,0.250035,-4.997899724079602e-07
epsilon_greedy,23,29,1,1.0,0.9942423251770526,0.5,0.999964,-0.005712674822947461
epsilon_greedy,23,29,2,0.75,0.2500105002100276,0.46875,0.250035,-4.997899724079602e-07
epsilon_greedy,23,30,1,1.0,0.9942423251770526,0.5,0.999964,-0.005712674822947461
epsilon_greedy,23,30,2,0.75,0.2500105002100276,0.46875,0.250035,-4.997899724079602e-07
epsilon_greedy,23,31,1,1.0,0.9942423251770526,0.5,0.999964,-0.005712674822947461
epsilon_greedy,23,31,2,0.75,0.2500105002100276,0.46875,0.250035,-4.997899724079602e-07
epsilon_greedy,23,32,1,1.0,0.9942423251770526,0.5,0.999964,-0.005712674822947461
epsilon_greedy,23,32,2,0.75,0.2500105002100276,0.46875,0.250035,-4.997899724079602e-07
epsilon_greedy,23,33,1,1.0,0.9942423251770526,0.5,0.999964,-0.005712674822947461
epsilon_greedy,23,33,2,0.75,0.2500105002100276,0.46875,0.250035,-4.997899724079602e-07
epsilon_greedy,23,34,1,1.0,0.9942423251770526,0.5,0.999964,-0.005712674822947461
epsilon_greedy,23,34,2,0.75,0.2500105002100276,0.46875,0.250035,-4.997899724079602e-07
epsilon_greedy,23,35,1,1.0,0.9942423251770526,0.5,0.999964,-0.005712674822947461
epsilon_greedy,23,35,2,0.75,0.2500105002100276,0.46875,0.250035,-4.997899724079602e-07
epsilon_greedy,23,36,1,1.0,0.9942423251770526,0.5,0.999964,-0.005712674822947461
epsilon_greedy,23,36,2,0.75,0.2500105002100276,0.46875,0.250035,-4.997899724079602e-07
epsilon_greedy,23,37,1,1.0,0.9942423251770526,0.5,0.999964,-0.005712674822947461
epsilon_greedy,23,37,2,0.75,0.2500105002100276,0.46875,0.250035,-4.997899724079602e-07
epsilon_greedy,23,38,1,1.0,0.9942423251770526,0.5,0.999964,-0.005712674822947461
epsilon_greedy,23,38,2,0.75,0.2500105002100276,0.46875,0.250035,-4.997899724079602e-07
epsilon_greedy,23,39,1,1.0,0.9942423251770526,0.5,0.999964,-0.005712674822947461
epsilon_greedy,23,39,2,0.75,0.2500105002100276,0.46875,0.250035,-4.997899724079602e-07
epsilon_greedy,23,40,1,1.0,0.9942423251770526,0.5,0.999964,-0.005712674822947461
epsilon_greedy,23,40,2,0.75,0.2500105002100276,0.46875,0.250035,-4.997899724079602e-07
epsilon_greedy,23,41,1,1.0,0.9942423251770526,0.5,0.999964,-0.005712674822947461
epsilon_greedy,23,41,2,0.75,0.2500105002100276,0.46875,0.250035,-4.997899724079602e-07
epsilon_greedy,23,42,1,1.0,0.9942423251770526,0.5,0.999964,-0.005712674822947461
epsilon_greedy,23,42,2,0.75,0.2500105002100276,0.46875,0.250035,-4.997899724079602e-07
epsilon_greedy,23,43,1,1.0,0.9942423251770526,0.5,0.999964,-0.005712674822947461
epsilon_greedy,23,43,2,0.75,0.2500105002100276,0.46875,0.250035,-4.997899724079602e-07
epsilon_greedy,23,44,1,1.0,0.9942423251770526,0.5,0.999964,-0.005712674822947461
epsilon_greedy,23,44,2,0.75,0.2500105002100276,0.46875,0.250035,-4.997899724079602e-07
epsilon_greedy,23,45,1,1.0,0.9942423251770526,0.5,0.999964,-0.005712674822947461
epsilon_greedy,23,45,2,0.75,0.2500105002100276,0.46875,0.250035,-4.997899724079602e-07
epsilon_greedy,23,46,1,1.0,0.9942423251770526,0.5,0.999964,-0.005712674822947461
epsilon_greedy,23,46,2,0.75,0.2500105002100276,0.46875,0.250035,-4.997899724079602e-07
epsilon_greedy,23,47,1,1.0,0.9942423251770526,0.5,0.999964,-0.005712674822947461
epsilon_greedy,23,47,2,0.75,0.2500105002100276,0.46875,0.250035,-4.997899724079602e-07
epsilon_greedy,23,48,1,1.0,0.9942423251770526,0.5,0.999964,-0.005712674822947461
epsilon_greedy,23,48,2,0.75,0.2500105002100276,0.46875,0.250035,-4.997899724079602e-07
epsilon_greedy,23,49,1,1.0,1.0000390007740805,0.5625,0.999964,5.4000774080353864e-05
epsilon_greedy,23,49,2,0.75,0.2500105002205283,0.4375,0.2500255,-4.998004725642602e-07
epsilon_greedy,24,0,1,1.0,1.0000390007380793,0.59375,0.999967,5.40007380789298e-05
epsilon_greedy,24,0,2,0.78125,0.2500135002700101,0.53125,0.25001675,2.655121678074579e-10
epsilon_greedy,24,1,1,1.0,0.9942423251770526,0.5,0.999964,-0.005712674822947461
epsilon_greedy,24,1,2,0.75,0.2500105002100276,0.46875,0.250035,-4.997899724079602e-07
epsilon_greedy,24,2,1,1.0,0.9942423251770526,0.5,0.999964,-0.005712674822947461
epsilon_greedy,24,2,2,0.75,0.25001050021002763,0.46875,0.250035,-4.99789972352449e-07
epsilon_greedy,24,3,1,1.0,0.9942423251770526,0.5,0.999964,-0.005712674822947461
epsilon_greedy,24,3,2,0.75,0.25001050021002763,0.46875,0.250035,-4.99789972352449e-07
epsilon_greedy,24,4,1,1.0,0.9942423251770526,0.5,0.999964,-0.005712674822947461
epsilon_greedy,24,4,2,0.75,0.2500105002100276,0.46875,0.250035,-4.997899724079602e-07
epsilon_greedy,24,5,1,1.0,0.9942423251770526,0.5,0.999964,-0.005712674822947461
epsilon_greedy,24,5,2,0.75,0.2500105002100276,0.46875,0.250035,-4.997899724079602e-07
epsilon_greedy,24,6,1,1.0,0.9942423251770526,0.5,0.999964,-0.005712674822947461
epsilon_greedy,24,6,2,0.75,0.2500105002100276,0.46875,0.250035,-4.997899724079602e-07
epsilon_greedy,24,7,1,1.0,0.9942423251770526,0.5,0.999964,-0.005712674822947461
epsilon_greedy,24,7,2,0.75,0.2500105002100276,0.46875,0.250035,-4.997899724079602e-07
epsilon_greedy,24,8,1,1.0,0.9942423251770526,0.5,0.999964,-0.005712674822947461
epsilon_greedy,24,8,2,0.75,0.2500105002100276,0.46875,0.250035,-4.997899724079602e-07
epsilon_greedy,24,9,1,1.0,0.9942423251770526,0.5,0.999964,-0.005712674822947461
epsilon_greedy,24,9,2,0.75,0.2500105002100276,0.46875,0.250035,-4.997899724079602e-07
epsilon_greedy,24,10,1,1.0,0.9942423251770526,0.5,0.999964,-0.005712674822947461
epsilon_greedy,24,10,2,0.75,0.2500105002100276,0.46875,0.250035,-4.997899724079602e-07
epsilon_greedy,24,11,1,1.0,0.9942423251770526,0.5,0.999964,-0.005712674822947461
epsilon_greedy,24,11,2,0.75,0.25001050021002763,0.46875,0.250035,-4.99789972352449e-07
epsilon_greedy,24,12,1,1.0,0.9942423251770526,0.5,0.999964,-0.005712674822947461
epsilon_greedy,24,12,2,0.75,0.25001050021002763,0.46875,0.250035,-4.99789972352449e-07
epsilon_greedy,24,13,1,1.0,0.9942423251770526,0.5,0.999964,-0.005712674822947461
epsilon_greedy,24,13,2,0.75,0.2500105002100276,0.46875,0.250035,-4.997899724079602e-07
epsilon_greedy,24,14,1,1.0,0.9942423251770526,0.5,0.999964,-0.005712674822947461
epsilon_greedy,24,14,2,0.75,0.2500105002100276,0.46875,0.250035,-4.997899724079602e-07
epsilon_greedy,24,15,1,1.0,0.9942423251770526,0.5,0.999964,-0.005712674822947461
epsilon_greedy,24,15,2,0.75,0.2500105002100276,0.46875,0.250035,-4.997899724079602e-07
epsilon_greedy,24,16,1,1.0,0.9942423251770526,0.5,0.999964,-0.005712674822947461
epsilon_greedy,24,16,2,0.75,0.2500105002100276,0.46875,0.250035,-4.997899724079602e-07
epsilon_greedy,24,17,1,1.0,0.9942423251770526,0.5,0.999964,-0.005712674822947461
epsilon_greedy,24,17,2,0.75,0.2500105002100276,0.46875,0.250035,-4.997899724079602e-07
epsilon_greedy,24,18,1,1.0,0.9942423251770526,0.5,0.999964,-0.005712674822947461
epsilon_greedy,24,18,2,0.75,0.2500105002100276,0.46875,0.250035,-4.997899724079602e-07
epsilon_greedy,24,19,1,1.0,0.9942423251770526,0.5,0.999964,-0.005712674822947461
epsilon_greedy,24,19,2,0.75,0.2500105002100276,0.46875,0.250035,-4.997899724079602e-07
epsilon_greedy,24,20,1,1.0,0.9942423251770526,0.5,0.999964,-0.005712674822947461
epsilon_greedy,24,20,2,0.75,0.25001050021002763,0.46875,0.250035,-4.99789972352449e-07
epsilon_greedy,24,21,1,1.0,0.9942423251770526,0.5,0.999964,-0.005712674822947461
epsilon_greedy,24,21,2,0.75,0.25001050021002763,0.46875,0.250035,-4.99789972352449e-07
epsilon_greedy,24,22,1,1.0,0.9942423251770526,0.5,0.999964,-0.005712674822947461
epsilon_greedy,24,22,2,0.75,0.2500105002100276,0.46875,0.250035,-4.997899724079602e-07
epsilon_greedy,24,23,1,1.0,0.9942423251770526,0.5,0.999964,-0.005712674822947461
epsilon_greedy,24,23,2,0.75,0.2500105002100276,0.46875,0.250035,-4.997899724079602e-07
epsilon_greedy,24,24,1,1.0,0.9942423251770526,0.5,0.999964,-0.005712674822947461
epsilon_greedy,24,24,2,0.75,0.2500105002100276,0.46875,0.250035,-4.997899724079602e-07
epsilon_greedy,24,25,1,1.0,0.9942423251770526,0.5,0.999964,-0.005712674822947461
epsilon_greedy,24,25,2,0.75,0.2500105002100276,0.46875,0.250035,-4.997899724079602e-07
epsilon_greedy,24,26,1,1.0,0.9942423251770526,0.5,0.999964,-0.005712674822947461
epsilon_greedy,24,26,2,0.75,0.2500105002100276,0.46875,0.250035,-4.997899724079602e-07
epsilon_greedy,24,27,1,1.0,0.9942423251770526,0.5,0.999964,-0.005712674822947461
epsilon_greedy,24,27,2,0.75,0.2500105002100276,0.46875,0.250035,-4.997899724079602e-07
epsilon_greedy,24,28,1,1.0,0.9942423251770526,0.5,0.999964,-0.005712674822947461
epsilon_greedy,24,28,2,0.75,0.2500105002100276,0.46875,0.250035,-4.997899724079602e-07
epsilon_greedy,24,29,1,1.0,0.9942423251770526,0.5,0.999964,-0.005712674822947461
epsilon_greedy,24,29,2,0.75,0.2500105002100276,0.46875,0.250035,-4.997899724079602e-07
epsilon_greedy,24,30,1,1.0,0.9942423251770526,0.5,0.999964,-0.005712674822947461
epsilon_greedy,24,30,2,0.75,0.2500105002100276,0.46875,0.250035,-4.997899724079602e-07
epsilon_greedy,24,31,1,1.0,0.9942423251770526,0.5,0.999964,-0.005712674822947461
epsilon_greedy,24,31,2,0.75,0.2500105002100276,0.46875,0.250035,-4.997899724079602e-07
epsilon_greedy,24,32,1,1.0,0.9942423251770526,0.5,0.999964,-0.005712674822947461
epsilon_greedy,24,32,2,0.75,0.2500105002100276,0.46875,0.250035,-4.997899724079602e-07
epsilon_greedy,24,33,1,1.0,0.9942423251770526,0.5,0.999964,-0.005712674822947461
epsilon_greedy,24,33,2,0.75,0.2500105002100276,0.46875,0.250035,-4.997899724079602e-07
epsilon_greedy,24,34,1,1.0,0.9942423251770526,0.5,0.999964,-0.005712674822947461
epsilon_greedy,24,34,2,0.75,0.2500105002100276,0.46875,0.250035,-4.997899724079602e-07
epsilon_greedy,24,35,1,1.0,0.9942423251770526,0.5,0.999964,-0.005712674822947461
epsilon_greedy,24,35,2,0.75,0.2500105002100276,0.46875,0.250035,-4.997899724079602e-07
epsilon_greedy,24,36,1,1.0,0.9942423251770526,0.5,0.999964,-0.005712674822947461
epsilon_greedy,24,36,2,0.75,0.2500105002100276,0.46875,0.250035,-4.997899724079602e-07
epsilon_greedy,24,37,1,1.0,0.9942423251770526,0.5,0.999964,-0.005712674822947461
epsilon_greedy,24,37,2,0.75,0.2500105002100276,0.46875,0.250035,-4.997899724079602e-07
epsilon_greedy,24,38,1,1.0,0.9942423251770526,0.5,0.999964,-0.005712674822947461
epsilon_greedy,24,38,2,0.75,0.2500105002100276,0.46875,0.250035,-4.997899724079602e-07
epsilon_greedy,24,39,1,1.0,0.9942423251770526,0.5,0.999964,-0.005712674822947461
epsilon_greedy,24,39,2,0.75,0.2500105002100276,0.46875,0.250035,-4.997899724079602e-07
epsilon_greedy,24,40,1,1.0,0.9942423251770526,0.5,0.999964,-0.005712674822947461
epsilon_greedy,24,40,2,0.75,0.2500105002100276,0.46875,0.250035,-4.997899724079602e-07
epsilon_greedy,24,41,1,1.0,0.9942423251770526,0.5,0.999964,-0.005712674822947461
epsilon_greedy,24,41,2,0.75,0.2500105002100276,0.46875,0.250035,-4.997899724079602e-07
epsilon_greedy,24,42,1,1.0,0.9942423251770526,0.5,0.999964,-0.005712674822947461
epsilon_greedy,24,42,2,0.75,0.2500105002100276,0.46875,0.250035,-4.997899724079602e-07
epsilon_greedy,24,43,1,1.0,0.9942423251770526,0.5,0.999964,-0.005712674822947461
epsilon_greedy,24,43,2,0.75,0.2500105002100276,0.46875,0.250035,-4.997899724079602e-07
epsilon_greedy,24,44,1,1.0,0.9942423251770526,0.5,0.999964,-0.005712674822947461
epsilon_greedy,24,44,2,0.75,0.2500105002100276,0.46875,0.250035,-4.997899724079602e-07
epsilon_greedy,24,45,1,1.0,0.9942423251770526,0.5,0.999964,-0.005712674822947461
epsilon_greedy,24,45,2,0.75,0.2500105002100276,0.46875,0.250035,-4.997899724079602e-07
epsilon_greedy,24,46,1,1.0,0.9942423251770526,0.5,0.999964,-0.005712674822947461
epsilon_greedy,24,46,2,0.75,0.2500105002100276,0.46875,0.250035,-4.997899724079602e-07
epsilon_greedy,24,47,1,1.0,0.9942423251770526,0.5,0.999964,-0.005712674822947461
epsilon_greedy,24,47,2,0.75,0.2500105002100276,0.46875,0.250035,-4.997899724079602e-07
epsilon_greedy,24,48,1,1.0,0.9942423251770526,0.5,0.999964,-0.005712674822947461
epsilon_greedy,24,48,2,0.75,0.2500105002100276,0.46875,0.250035,-4.997899724079602e-07
epsilon_greedy,24,49,1,1.0,1.0000390007740805,0.5625,0.999964,5.4000774080353864e-05
epsilon_greedy,24,49,2,0.75,0.2500105002205283,0.4375,0.2500255,-4.998004725642602e-07
epsilon_greedy,25,0,1,1.0,1.0000390007380793,0.59375,0.999967,5.40007380789298e-05
epsilon_greedy,25,0,2,0.78125,0.2500135002700101,0.53125,0.25001675,2.655121678074579e-10
epsilon_greedy,25,1,1,1.0,0.9942423251770526,0.5,0.999964,-0.005712674822947461
epsilon_greedy,25,1,2,0.75,0.2500105002100276,0.46875,0.250035,-4.997899724079602e-07
epsilon_greedy,25,2,1,1.0,0.9942423251770526,0.5,0.999964,-0.005712674822947461
epsilon_greedy,25,2,2,0.75,0.25001050021002763,0.46875,0.250035,-4.99789972352449e-07
epsilon_greedy,25,3,1,1.0,0.9942423251770526,0.5,0.999964,-0.005712674822947461
epsilon_greedy,25,3,2,0.75,0.25001050021002763,0.46875,0.250035,-4.99789972352449e-07
epsilon_greedy,25,4,1,1.0,0.9942423251770526,0.5,0.999964,-0.005712674822947461
epsilon_greedy,25,4,2,0.75,0.2500105002100276,0.46875,0.250035,-4.997899724079602e-07
epsilon_greedy,25,5,1,1.0,0.9942423251770526,0.5,0.999964,-0.005712674822947461
epsilon_greedy,25,5,2,0.75,0.2500105002100276,0.46875,0.250035,-4.997899724079602e-07
epsilon_greedy,25,6,1,1.0,0.9942423251770526,0.5,0.999964,-0.005712674822947461
epsilon_greedy,25,6,2,0.75,0.2500105002100276,0.46875,0.250035,-4.997899724079602e-07
epsilon_greedy,25,7,1,1.0,0.9942423251770526,0.5,0.999964,-0.005712674822947461
epsilon_greedy,25,7,2,0.75,0.2500105002100276,0.46875,0.250035,-4.997899724079602e-07
epsilon_greedy,25,8,1,1.0,0.9942423251770526,0.5,0.999964,-0.005712674822947461
epsilon_greedy,25,8,2,0.75,0.2500105002100276,0.46875,0.250035,-4.997899724079602e-07
epsilon_greedy,25,9,1,1.0,0.9942423251770526,0.5,0.999964,-0.005712674822947461
epsilon_greedy,25,9,2,0.75,0.2500105002100276,0.46875,0.250035,-4.997899724079602e-07
epsilon_greedy,25,10,1,1.0,0.9942423251770526,0.5,0.999964,-0.005712674822947461
epsilon_greedy,25,10,2,0.75,0.2500105002100276,0.46875,0.250035,-4.997899724079602e-07
epsilon_greedy,25,11,1,1.0,0.9942423251770526,0.5,0.999964,-0.005712674822947461
epsilon_greedy,25,11,2,0.75,0.25001050021002763,0.46875,0.250035,-4.99789972352449e-07
epsilon_greedy,25,12,1,1.0,0.9942423251770526,0.5,0.999964,-0.005712674822947461
epsilon_greedy,25,12,2,0.75,0.25001050021002763,0.46875,0.250035,-4.99789972352449e-07
epsilon_greedy,25,13,1,1.0,0.9942423251770526,0.5,0.999964,-0.005712674822947461
epsilon_greedy,25,13,2,0.75,0.2500105002100276,0.46875,0.250035,-4.997899724079602e-07
epsilon_greedy,25,14,1,1.0,0.9942423251770526,0.5,0.999964,-0.005712674822947461
epsilon_greedy,25,14,2,0.75,0.2500105002100276,0.46875,0.250035,-4.997899724079602e-07
epsilon_greedy,25,15,1,1.0,0.9942423251770526,0.5,0.999964,-0.005712674822947461
epsilon_greedy,25,15,2,0.75,0.2500105002100276,0.46875,0.250035,-4.997899724079602e-07
epsilon_greedy,25,16,1,1.0,0.9942423251770526,0.5,0.999964,-0.005712674822947461
epsilon_greedy,25,16,2,0.75,0.2500105002100276,0.46875,0.250035,-4.997899724079602e-07
epsilon_greedy,25,17,1,1.0,0.9942423251770526,0.5,0.999964,-0.005712674822947461
epsilon_greedy,25,17,2,0.75,0.2500105002100276,0.46875,0.250035,-4.997899724079602e-07
epsilon_greedy,25,18,1,1.0,0.9942423251770526,0.5,0.999964,-0.005712674822947461
epsilon_greedy,25,18,2,0.75,0.2500105002100276,0.46875,0.250035,-4.997899724079602e-07
epsilon_greedy,25,19,1,1.0,0.9942423251770526,0.5,0.999964,-0.005712674822947461
epsilon_greedy,25,19,2,0.75,0.2500105002100276,0.46875,0.250035,-4.997899724079602e-07
epsilon_greedy,25,20,1,1.0,0.9942423251770526,0.5,0.999964,-0.005712674822947461
epsilon_greedy,25,20,2,0.75,0.25001050021002763,0.46875,0.250035,-4.99789972352449e-07
epsilon_greedy,25,21,1,1.0,0.9942423251770526,0.5,0.999964,-0.005712674822947461
epsilon_greedy,25,21,2,0.75,0.25001050021002763,0.46875,0.250035,-4.99789972352449e-07
epsilon_greedy,25,22,1,1.0,0.9942423251770526,0.5,0.999964,-0.005712674822947461
epsilon_greedy,25,22,2,0.75,0.2500105002100276,0.46875,0.250035,-4.997899724079602e-07
epsilon_greedy,25,23,1,1.0,0.9942423251770526,0.5,0.999964,-0.005712674822947461
epsilon_greedy,25,23,2,0.75,0.2500105002100276,0.46875,0.250035,-4.997899724079602e-07
epsilon_greedy,25,24,1,1.0,0.9942423251770526,0.5,0.999964,-0.005712674822947461
epsilon_greedy,25,24,2,0.75,0.2500105002100276,0.46875,0.250035,-4.997899724079602e-07
epsilon_greedy,25,25,1,1.0,0.9942423251770526,0.5,0.999964,-0.005712674822947461
epsilon_greedy,25,25,2,0.75,0.2500105002100276,0.46875,0.250035,-4.997899724079602e-07
epsilon_greedy,25,26,1,1.0,0.9942423251770526,0.5,0.999964,-0.005712674822947461
epsilon_greedy,25,26,2,0.75,0.2500105002100276,0.46875,0.250035,-4.997899724079602e-07
epsilon_greedy,25,27,1,1.0,0.9942423251770526,0.5,0.999964,-0.005712674822947461
epsilon_greedy,25,27,2,0.75,0.2500105002100276,0.46875,0.250035,-4.997899724079602e-07
epsilon_greedy,25,28,1,1.0,0.9942423251770526,0.5,0.999964,-0.005712674822947461
epsilon_greedy,25,28,2,0.75,0.2500105002100276,0.46875,0.250035,-4.997899724079602e-07
epsilon_greedy,25,29,1,1.0,0.9942423251770526,0.5,0.999964,-0.005712674822947461
epsilon_greedy,25,29,2,0.75,0.2500105002100276,0.46875,0.250035,-4.997899724079602e-07
epsilon_greedy,25,30,1,1.0,0.9942423251770526,0.5,0.999964,-0.005712674822947461
epsilon_greedy,25,30,2,0.75,0.2500105002100276,0.46875,0.250035,-4.997899724079602e-07
epsilon_greedy,25,31,1,1.0,0.9942423251770526,0.5,0.999964,-0.005712674822947461
epsilon_greedy,25,31,2,0.75,0.2500105002100276,0.46875,0.250035,-4.997899724079602e-07
epsilon_greedy,25,32,1,1.0,0.9942423251770526,0.5,0.999964,-0.005712674822947461
epsilon_greedy,25,32,2,0.75,0.2500105002100276,0.46875,0.250035,-4.997899724079602e-07
epsilon_greedy,25,33,1,1.0,0.9942423251770526,0.5,0.999964,-0.005712674822947461
epsilon_greedy,25,33,2,0.75,0.2500105002100276,0.46875,0.250035,-4.997899724079602e-07
epsilon_greedy,25,34,1,1.0,0.9942423251770526,0.5,0.999964,-0.005712674822947461
epsilon_greedy,25,34,2,0.75,0.2500105002100276,0.46875,0.250035,-4.997899724079602e-07
epsilon_greedy,25,35,1,1.0,0.9942423251770526,0.5,0.999964,-0.005712674822947461
epsilon_greedy,25,35,2,0.75,0.2500105002100276,0.46875,0.250035,-4.997899724079602e-07
epsilon_greedy,25,36,1,1.0,0.9942423251770526,0.5,0.999964,-0.005712674822947461
epsilon_greedy,25,36,2,0.75,0.2500105002100276,0.46875,0.250035,-4.997899724079602e-07
epsilon_greedy,25,37,1,1.0,0.9942423251770526,0.5,0.999964,-0.005712674822947461
epsilon_greedy,25,37,2,0.75,0.2500105002100276,0.46875,0.250035,-4.997899724079602e-07
epsilon_greedy,25,38,1,1.0,0.9942423251770526,0.5,0.999964,-0.005712674822947461
epsilon_greedy,25,38,2,0.75,0.2500105002100276,0.46875,0.250035,-4.997899724079602e-07
epsilon_greedy,25,39,1,1.0,0.9942423251770526,0.5,0.999964,-0.005712674822947461
epsilon_greedy,25,39,2,0.75,0.2500105002100276,0.46875,0.250035,-4.997899724079602e-07
epsilon_greedy,25,40,1,1.0,0.9942423251770526,0.5,0.999964,-0.005712674822947461
epsilon_greedy,25,40,2,0.75,0.2500105002100276,0.46875,0.250035,-4.997899724079602e-07
epsilon_greedy,25,41,1,1.0,0.9942423251770526,0.5,0.999964,-0.005712674822947461
epsilon_greedy,25,41,2,0.75,0.2500105002100276,0.46875,0.250035,-4.997899724079602e-07
epsilon_greedy,25,42,1,1.0,0.9942423251770526,0.5,0.999964,-0.005712674822947461
epsilon_greedy,25,42,2,0.75,0.2500105002100276,0.46875,0.250035,-4.997899724079602e-07
epsilon_greedy,25,43,1,1.0,0.9942423251770526,0.5,0.999964,-0.005712674822947461
epsilon_greedy,25,43,2,0.75,0.2500105002100276,0.46875,0.250035,-4.997899724079602e-07
epsilon_greedy,25,44,1,1.0,0.9942423251770526,0.5,0.999964,-0.005712674822947461
epsilon_greedy,25,44,2,0.75,0.2500105002100276,0.46875,0.250035,-4.997899724079602e-07
epsilon_greedy,25,45,1,1.0,0.9942423251770526,0.5,0.999964,-0.005712674822947461
epsilon_greedy,25,45,2,0.75,0.2500105002100276,0.46875,0.250035,-4.997899724079602e-07
epsilon_greedy,25,46,1,1.0,0.9942423251770526,0.5,0.999964,-0.005712674822947461
epsilon_greedy,25,46,2,0.75,0.2500105002100276,0.46875,0.250035,-4.997899724079602e-07
epsilon_greedy,25,47,1,1.0,0.9942423251770526,0.5,0.999964,-0.005712674822947461
epsilon_greedy,25,47,2,0.75,0.2500105002100276,0.46875,0.250035,-4.997899724079602e-07
epsilon_greedy,25,48,1,1.0,0.9942423251770526,0.5,0.999964,-0.005712674822947461
epsilon_greedy,25,48,2,0.75,0.2500105002100276,0.46875,0.250035,-4.997899724079602e-07
epsilon_greedy,25,49,1,1.0,1.0000390007740805,0.5625,0.999964,5.4000774080353864e-05
epsilon_greedy,25,49,2,0.75,0.2500105002205283,0.4375,0.2500255,-4.998004725642602e-07
epsilon_greedy,26,0,1,1.0,1.0000390007380793,0.59375,0.999967,5.40007380789298e-05
epsilon_greedy,26,0,2,0.78125,0.2500135002700101,0.53125,0.25001675,2.655121678074579e-10
epsilon_greedy,26,1,1,1.0,0.9942423251770526,0.5,0.999964,-0.005712674822947461
epsilon_greedy,26,1,2,0.75,0.2500105002100276,0.46875,0.250035,-4.997899724079602e-07
epsilon_greedy,26,2,1,1.0,0.9942423251770526,0.5,0.999964,-0.005712674822947461
epsilon_greedy,26,2,2,0.75,0.25001050021002763,0.46875,0.250035,-4.99789972352449e-07
epsilon_greedy,26,3,1,1.0,0.9942423251770526,0.5,0.999964,-0.005712674822947461
epsilon_greedy,26,3,2,0.75,0.25001050021002763,0.46875,0.250035,-4.99789972352449e-07
epsilon_greedy,26,4,1,1.0,0.9942423251770526,0.5,0.999964,-0.005712674822947461
epsilon_greedy,26,4,2,0.75,0.2500105002100276,0.46875,0.250035,-4.997899724079602e-07
epsilon_greedy,26,5,1,1.0,0.9942423251770526,0.5,0.999964,-0.005712674822947461
epsilon_greedy,26,5,2,0.75,0.2500105002100276,0.46875,0.250035,-4.997899724079602e-07
epsilon_greedy,26,6,1,1.0,0.9942423251770526,0.5,0.999964,-0.005712674822947461
epsilon_greedy,26,6,2,0.75,0.2500105002100276,0.46875,0.250035,-4.997899724079602e-07
epsilon_greedy,26,7,1,1.0,0.9942423251770526,0.5,0.999964,-0.005712674822947461
epsilon_greedy,26,7,2,0.75,0.2500105002100276,0.46875,0.250035,-4.997899724079602e-07
epsilon_greedy,26,8,1,1.0,0.9942423251770526,0.5,0.999964,-0.005712674822947461
epsilon_greedy,26,8,2,0.75,0.2500105002100276,0.46875,0.250035,-4.997899724079602e-07
epsilon_greedy,26,9,1,1.0,0.9942423251770526,0.5,0.999964,-0.005712674822947461
epsilon_greedy,26,9,2,0.75,0.2500105002100276,0.46875,0.250035,-4.997899724079602e-07
epsilon_greedy,26,10,1,1.0,0.9942423251770526,0.5,0.999964,-0.005712674822947461
epsilon_greedy,26,10,2,0.75,0.2500105002100276,0.46875,0.250035,-4.997899724079602e-07
epsilon_greedy,26,11,1,1.0,0.9942423251770526,0.5,0.999964,-0.005712674822947461
epsilon_greedy,26,11,2,0.75,0.25001050021002763,0.46875,0.250035,-4.99789972352449e-07
epsilon_greedy,26,12,1,1.0,0.9942423251770526,0.5,0.999964,-0.005712674822947461
epsilon_greedy,26,12,2,0.75,0.25001050021002763,0.46875,0.250035,-4.99789972352449e-07
epsilon_greedy,26,13,1,1.0,0.9942423251770526,0.5,0.999964,-0.005712674822947461
epsilon_greedy,26,13,2,0.75,0.2500105002100276,0.46875,0.250035,-4.997899724079602e-07
epsilon_greedy,26,14,1,1.0,0.9942423251770526,0.5,0.999964,-0.005712674822947461
epsilon_greedy,26,14,2,0.75,0.2500105002100276,0.46875,0.250035,-4.997899724079602e-07
epsilon_greedy,26,15,1,1.0,0.9942423251770526,0.5,0.999964,-0.005712674822947461
epsilon_greedy,26,15,2,0.75,0.2500105002100276,0.46875,0.250035,-4.997899724079602e-07
epsilon_greedy,26,16,1,1.0,0.9942423251770526,0.5,0.999964,-0.005712674822947461
epsilon_greedy,26,16,2,0.75,0.2500105002100276,0.46875,0.250035,-4.997899724079602e-07
epsilon_greedy,26,17,1,1.0,0.9942423251770526,0.5,0.999964,-0.005712674822947461
epsilon_greedy,26,17,2,0.75,0.2500105002100276,0.46875,0.250035,-4.997899724079602e-07
epsilon_greedy,26,18,1,1.0,0.9942423251770526,0.5,0.999964,-0.005712674822947461
epsilon_greedy,26,18,2,0.75,0.2500105002100276,0.46875,0.250035,-4.997899724079602e-07
epsilon_greedy,26,19,1,1.0,0.9942423251770526,0.5,0.999964,-0.005712674822947461
epsilon_greedy,26,19,2,0.75,0.2500105002100276,0.46875,0.250035,-4.997899724079602e-07
epsilon_greedy,26,20,1,1.0,0.9942423251770526,0.5,0.999964,-0.005712674822947461
epsilon_greedy,26,20,2,0.75,0.25001050021002763,0.46875,0.250035,-4.99789972352449e-07
epsilon_greedy,26,21,1,1.0,0.9942423251770526,0.5,0.999964,-0.005712674822947461
epsilon_greedy,26,21,2,0.75,0.25001050021002763,0.46875,0.250035,-4.99789972352449e-07
epsilon_greedy,26,22,1,1.0,0.9942423251770526,0.5,0.999964,-0.005712674822947461
epsilon_greedy,26,22,2,0.75,0.2500105002100276,0.46875,0.250035,-4.997899724079602e-07
epsilon_greedy,26,23,1,1.0,0.9942423251770526,0.5,0.999964,-0.005712674822947461
epsilon_greedy,26,23,2,0.75,0.2500105002100276,0.46875,0.250035,-4.997899724079602e-07
epsilon_greedy,26,24,1,1.0,0.9942423251770526,0.5,0.999964,-0.005712674822947461
epsilon_greedy,26,24,2,0.75,0.2500105002100276,0.46875,0.250035,-4.997899724079602e-07
epsilon_greedy,26,25,1,1.0,0.9942423251770526,0.5,0.999964,-0.005712674822947461
epsilon_greedy,26,25,2,0.75,0.2500105002100276,0.46875,0.250035,-4.997899724079602e-07
epsilon_greedy,26,26,1,1.0,0.9942423251770526,0.5,0.999964,-0.005712674822947461
epsilon_greedy,26,26,2,0.75,0.2500105002100276,0.46875,0.250035,-4.997899724079602e-07
epsilon_greedy,26,27,1,1.0,0.9942423251770526,0.5,0.999964,-0.005712674822947461
epsilon_greedy,26,27,2,0.75,0.2500105002100276,0.46875,0.250035,-4.997899724079602e-07
epsilon_greedy,26,28,1,1.0,0.9942423251770526,0.5,0.999964,-0.005712674822947461
epsilon_greedy,26,28,2,0.75,0.2500105002100276,0.46875,0.250035,-4.997899724079602e-07
epsilon_greedy,26,29,1,1.0,0.9942423251770526,0.5,0.999964,-0.005712674822947461
epsilon_greedy,26,29,2,0.75,0.2500105002100276,0.46875,0.250035,-4.997899724079602e-07
epsilon_greedy,26,30,1,1.0,0.9942423251770526,0.5,0.999964,-0.005712674822947461
epsilon_greedy,26,30,2,0.75,0.2500105002100276,0.46875,0.250035,-4.997899724079602e-07
epsilon_greedy,26,31,1,1.0,0.9942423251770526,0.5,0.999964,-0.005712674822947461
epsilon_greedy,26,31,2,0.75,0.2500105002100276,0.46875,0.250035,-4.997899724079602e-07
epsilon_greedy,26,32,1,1.0,0.9942423251770526,0.5,0.999964,-0.005712674822947461
epsilon_greedy,26,32,2,0.75,0.2500105002100276,0.46875,0.250035,-4.997899724079602e-07
epsilon_greedy,26,33,1,1.0,0.9942423251770526,0.5,0.999964,-0.005712674822947461
epsilon_greedy,26,33,2,0.75,0.2500105002100276,0.46875,0.250035,-4.997899724079602e-07
epsilon_greedy,26,34,1,1.0,0.9942423251770526,0.5,0.999964,-0.005712674822947461
epsilon_greedy,26,34,2,0.75,0.2500105002100276,0.46875,0.250035,-4.997899724079602e-07
epsilon_greedy,26,35,1,1.0,0.9942423251770526,0.5,0.999964,-0.005712674822947461
epsilon_greedy,26,35,2,0.75,0.2500105002100276,0.46875,0.250035,-4.997899724079602e-07
epsilon_greedy,26,36,1,1.0,0.9942423251770526,0.5,0.999964,-0.005712674822947461
epsilon_greedy,26,36,2,0.75,0.2500105002100276,0.46875,0.250035,-4.997899724079602e-07
epsilon_greedy,26,37,1,1.0,0.9942423251770526,0.5,0.999964,-0.005712674822947461
epsilon_greedy,26,37,2,0.75,0.2500105002100276,0.46875,0.250035,-4.997899724079602e-07
epsilon_greedy,26,38,1,1.0,0.9942423251770526,0.5,0.999964,-0.005712674822947461
epsilon_greedy,26,38,2,0.75,0.2500105002100276,0.46875,0.250035,-4.997899724079602e-07
epsilon_greedy,26,39,1,1.0,0.9942423251770526,0.5,0.999964,-0.005712674822947461
epsilon_greedy,26,39,2,0.75,0.2500105002100276,0.46875,0.250035,-4.997899724079602e-07
epsilon_greedy,26,40,1,1.0,0.9942423251770526,0.5,0.999964,-0.005712674822947461
epsilon_greedy,26,40,2,0.75,0.2500105002100276,0.46875,0.250035,-4.997899724079602e-07
epsilon_greedy,26,41,1,1.0,0.9942423251770526,0.5,0.999964,-0.005712674822947461
epsilon_greedy,26,41,2,0.75,0.2500105002100276,0.46875,0.250035,-4.997899724079602e-07
epsilon_greedy,26,42,1,1.0,0.9942423251770526,0.5,0.999964,-0.005712674822947461
epsilon_greedy,26,42,2,0.75,0.2500105002100276,0.46875,0.250035,-4.997899724079602e-07
epsilon_greedy,26,43,1,1.0,0.9942423251770526,0.5,0.999964,-0.005712674822947461
epsilon_greedy,26,43,2,0.75,0.2500105002100276,0.46875,0.250035,-4.997899724079602e-07
epsilon_greedy,26,44,1,1.0,0.9942423251770526,0.5,0.999964,-0.005712674822947461
epsilon_greedy,26,44,2,0.75,0.2500105002100276,0.46875,0.250035,-4.997899724079602e-07
epsilon_greedy,26,45,1,1.0,0.9942423251770526,0.5,0.999964,-0.005712674822947461
epsilon_greedy,26,45,2,0.75,0.2500105002100276,0.46875,0.250035,-4.997899724079602e-07
epsilon_greedy,26,46,1,1.0,0.9942423251770526,0.5,0.999964,-0.005712674822947461
epsilon_greedy,26,46,2,0.75,0.2500105002100276,0.46875,0.250035,-4.997899724079602e-07
epsilon_greedy,26,47,1,1.0,0.9942423251770526,0.5,0.999964,-0.005712674822947461
epsilon_greedy,26,47,2,0.75,0.2500105002100276,0.46875,0.250035,-4.997899724079602e-07
epsilon_greedy,26,48,1,1.0,0.9942423251770526,0.5,0.999964,-0.005712674822947461
epsilon_greedy,26,48,2,0.75,0.2500105002100276,0.46875,0.250035,-4.997899724079602e-07
epsilon_greedy,26,49,1,1.0,1.0000390007740805,0.5625,0.999964,5.4000774080353864e-05
epsilon_greedy,26,49,2,0.75,0.2500105002205283,0.4375,0.2500255,-4.998004725642602e-07
epsilon_greedy,27,0,1,1.0,1.0000390007380793,0.59375,0.999967,5.40007380789298e-05
epsilon_greedy,27,0,2,0.78125,0.2500135002700101,0.53125,0.25001675,2.655121678074579e-10
epsilon_greedy,27,1,1,1.0,0.9942423251770526,0.5,0.999964,-0.005712674822947461
epsilon_greedy,27,1,2,0.75,0.2500105002100276,0.46875,0.250035,-4.997899724079602e-07
epsilon_greedy,27,2,1,1.0,0.9942423251770526,0.5,0.999964,-0.005712674822947461
epsilon_greedy,27,2,2,0.75,0.25001050021002763,0.46875,0.250035,-4.99789972352449e-07
epsilon_greedy,27,3,1,1.0,0.9942423251770526,0.5,0.999964,-0.005712674822947461
epsilon_greedy,27,3,2,0.75,0.25001050021002763,0.46875,0.250035,-4.99789972352449e-07
epsilon_greedy,27,4,1,1.0,0.9942423251770526,0.5,0.999964,-0.005712674822947461
epsilon_greedy,27,4,2,0.75,0.2500105002100276,0.46875,0.250035,-4.997899724079602e-07
epsilon_greedy,27,5,1,1.0,0.9942423251770526,0.5,0.999964,-0.005712674822947461
epsilon_greedy,27,5,2,0.75,0.2500105002100276,0.46875,0.250035,-4.997899724079602e-07
epsilon_greedy,27,6,1,1.0,0.9942423251770526,0.5,0.999964,-0.005712674822947461
epsilon_greedy,27,6,2,0.75,0.2500105002100276,0.46875,0.250035,-4.997899724079602e-07
epsilon_greedy,27,7,1,1.0,0.9942423251770526,0.5,0.999964,-0.005712674822947461
epsilon_greedy,27,7,2,0.75,0.2500105002100276,0.46875,0.250035,-4.997899724079602e-07
epsilon_greedy,27,8,1,1.0,0.9942423251770526,0.5,0.999964,-0.005712674822947461
epsilon_greedy,27,8,2,0.75,0.2500105002100276,0.46875,0.250035,-4.997899724079602e-07
epsilon_greedy,27,9,1,1.0,0.9942423251770526,0.5,0.999964,-0.005712674822947461
epsilon_greedy,27,9,2,0.75,0.2500105002100276,0.46875,0.250035,-4.997899724079602e-07
epsilon_greedy,27,10,1,1.0,0.9942423251770526,0.5,0.999964,-0.005712674822947461
epsilon_greedy,27,10,2,0.75,0.2500105002100276,0.46875,0.250035,-4.997899724079602e-07
epsilon_greedy,27,11,1,1.0,0.9942423251770526,0.5,0.999964,-0.005712674822947461
epsilon_greedy,27,11,2,0.75,0.25001050021002763,0.46875,0.250035,-4.99789972352449e-07
epsilon_greedy,27,12,1,1.0,0.9942423251770526,0.5,0.999964,-0.005712674822947461
epsilon_greedy,27,12,2,0.75,0.25001050021002763,0.46875,0.250035,-4.99789972352449e-07
epsilon_greedy,27,13,1,1.0,0.9942423251770526,0.5,0.999964,-0.005712674822947461
epsilon_greedy,27,13,2,0.75,0.2500105002100276,0.46875,0.250035,-4.997899724079602e-07
epsilon_greedy,27,14,1,1.0,0.9942423251770526,0.5,0.999964,-0.005712674822947461
epsilon_greedy,27,14,2,0.75,0.2500105002100276,0.46875,0.250035,-4.997899724079602e-07
epsilon_greedy,27,15,1,1.0,0.9942423251770526,0.5,0.999964,-0.005712674822947461
epsilon_greedy,27,15,2,0.75,0.2500105002100276,0.46875,0.250035,-4.997899724079602e-07
epsilon_greedy,27,16,1,1.0,0.9942423251770526,0.5,0.999964,-0.005712674822947461
epsilon_greedy,27,16,2,0.75,0.2500105002100276,0.46875,0.250035,-4.997899724079602e-07
epsilon_greedy,27,17,1,1.0,0.9942423251770526,0.5,0.999964,-0.005712674822947461
epsilon_greedy,27,17,2,0.75,0.2500105002100276,0.46875,0.250035,-4.997899724079602e-07
epsilon_greedy,27,18,1,1.0,0.9942423251770526,0.5,0.999964,-0.005712674822947461
epsilon_greedy,27,18,2,0.75,0.2500105002100276,0.46875,0.250035,-4.997899724079602e-07
epsilon_greedy,27,19,1,1.0,0.9942423251770526,0.5,0.999964,-0.005712674822947461
epsilon_greedy,27,19,2,0.75,0.2500105002100276,0.46875,0.250035,-4.997899724079602e-07
epsilon_greedy,27,20,1,1.0,0.9942423251770526,0.5,0.999964,-0.005712674822947461
epsilon_greedy,27,20,2,0.75,0.25001050021002763,0.46875,0.250035,-4.99789972352449e-07
epsilon_greedy,27,21,1,1.0,0.9942423251770526,0.5,0.999964,-0.005712674822947461
epsilon_greedy,27,21,2,0.75,0.25001050021002763,0.46875,0.250035,-4.99789972352449e-07
epsilon_greedy,27,22,1,1.0,0.9942423251770526,0.5,0.999964,-0.005712674822947461
epsilon_greedy,27,22,2,0.75,0.2500105002100276,0.46875,0.250035,-4.997899724079602e-07
epsilon_greedy,27,23,1,1.0,0.9942423251770526,0.5,0.999964,-0.005712674822947461
epsilon_greedy,27,23,2,0.75,0.2500105002100276,0.46875,0.250035,-4.997899724079602e-07
epsilon_greedy,27,24,1,1.0,0.9942423251770526,0.5,0.999964,-0.005712674822947461
epsilon_greedy,27,24,2,0.75,0.2500105002100276,0.46875,0.250035,-4.997899724079602e-07
epsilon_greedy,27,25,1,1.0,0.9942423251770526,0.5,0.999964,-0.005712674822947461
epsilon_greedy,27,25,2,0.75,0.2500105002100276,0.46875,0.250035,-4.997899724079602e-07
epsilon_greedy,27,26,1,1.0,0.9942423251770526,0.5,0.999964,-0.005712674822947461
epsilon_greedy,27,26,2,0.75,0.2500105002100276,0.46875,0.250035,-4.997899724079602e-07
epsilon_greedy,27,27,1,1.0,0.9942423251770526,0.5,0.999964,-0.005712674822947461
epsilon_greedy,27,27,2,0.75,0.2500105002100276,0.46875,0.250035,-4.997899724079602e-07
epsilon_greedy,27,28,1,1.0,0.9942423251770526,0.5,0.999964,-0.005712674822947461
epsilon_greedy,27,28,2,0.75,0.2500105002100276,0.46875,0.250035,-4.997899724079602e-07
epsilon_greedy,27,29,1,1.0,0.9942423251770526,0.5,0.999964,-0.005712674822947461
epsilon_greedy,27,29,2,0.75,0.2500105002100276,0.46875,0.250035,-4.997899724079602e-07
epsilon_greedy,27,30,1,1.0,0.9942423251770526,0.5,0.999964,-0.005712674822947461
epsilon_greedy,27,30,2,0.75,0.2500105002100276,0.46875,0.250035,-4.997899724079602e-07
epsilon_greedy,27,31,1,1.0,0.9942423251770526,0.5,0.999964,-0.005712674822947461
epsilon_greedy,27,31,2,0.75,0.2500105002100276,0.46875,0.250035,-4.997899724079602e-07
epsilon_greedy,27,32,1,1.0,0.9942423251770526,0.5,0.999964,-0.005712674822947461
epsilon_greedy,27,32,2,0.75,0.2500105002100276,0.46875,0.250035,-4.997899724079602e-07
epsilon_greedy,27,33,1,1.0,0.9942423251770526,0.5,0.999964,-0.005712674822947461
epsilon_greedy,27,33,2,0.75,0.2500105002100276,0.46875,0.250035,-4.997899724079602e-07
epsilon_greedy,27,34,1,1.0,0.9942423251770526,0.5,0.999964,-0.005712674822947461
epsilon_greedy,27,34,2,0.75,0.2500105002100276,0.46875,0.250035,-4.997899724079602e-07
epsilon_greedy,27,35,1,1.0,0.9942423251770526,0.5,0.999964,-0.005712674822947461
epsilon_greedy,27,35,2,0.75,0.2500105002100276,0.46875,0.250035,-4.997899724079602e-07
epsilon_greedy,27,36,1,1.0,0.9942423251770526,0.5,0.999964,-0.005712674822947461
epsilon_greedy,27,36,2,0.75,0.2500105002100276,0.46875,0.250035,-4.997899724079602e-07
epsilon_greedy,27,37,1,1.0,0.9942423251770526,0.5,0.999964,-0.005712674822947461
epsilon_greedy,27,37,2,0.75,0.2500105002100276,0.46875,0.250035,-4.997899724079602e-07
epsilon_greedy,27,38,1,1.0,0.9942423251770526,0.5,0.999964,-0.005712674822947461
epsilon_greedy,27,38,2,0.75,0.2500105002100276,0.46875,0.250035,-4.997899724079602e-07
epsilon_greedy,27,39,1,1.0,0.9942423251770526,0.5,0.999964,-0.005712674822947461
epsilon_greedy,27,39,2,0.75,0.2500105002100276,0.46875,0.250035,-4.997899724079602e-07
epsilon_greedy,27,40,1,1.0,0.9942423251770526,0.5,0.999964,-0.005712674822947461
epsilon_greedy,27,40,2,0.75,0.2500105002100276,0.46875,0.250035,-4.997899724079602e-07
epsilon_greedy,27,41,1,1.0,0.9942423251770526,0.5,0.999964,-0.005712674822947461
epsilon_greedy,27,41,2,0.75,0.2500105002100276,0.46875,0.250035,-4.997899724079602e-07
epsilon_greedy,27,42,1,1.0,0.9942423251770526,0.5,0.999964,-0.005712674822947461
epsilon_greedy,27,42,2,0.75,0.2500105002100276,0.46875,0.250035,-4.997899724079602e-07
epsilon_greedy,27,43,1,1.0,0.9942423251770526,0.5,0.999964,-0.005712674822947461
epsilon_greedy,27,43,2,0.75,0.2500105002100276,0.46875,0.250035,-4.997899724079602e-07
epsilon_greedy,27,44,1,1.0,0.9942423251770526,0.5,0.999964,-0.005712674822947461
epsilon_greedy,27,44,2,0.75,0.2500105002100276,0.46875,0.250035,-4.997899724079602e-07
epsilon_greedy,27,45,1,1.0,0.9942423251770526,0.5,0.999964,-0.005712674822947461
epsilon_greedy,27,45,2,0.75,0.2500105002100276,0.46875,0.250035,-4.997899724079602e-07
epsilon_greedy,27,46,1,1.0,0.9942423251770526,0.5,0.999964,-0.005712674822947461
epsilon_greedy,27,46,2,0.75,0.2500105002100276,0.46875,0.250035,-4.997899724079602e-07
epsilon_greedy,27,47,1,1.0,0.9942423251770526,0.5,0.999964,-0.005712674822947461
epsilon_greedy,27,47,2,0.75,0.2500105002100276,0.46875,0.250035,-4.997899724079602e-07
epsilon_greedy,27,48,1,1.0,0.9942423251770526,0.5,0.999964,-0.005712674822947461
epsilon_greedy,27,48,2,0.75,0.2500105002100276,0.46875,0.250035,-4.997899724079602e-07
epsilon_greedy,27,49,1,1.0,1.0000390007740805,0.5625,0.999964,5.4000774080353864e-05
epsilon_greedy,27,49,2,0.75,0.2500105002205283,0.4375,0.2500255,-4.998004725642602e-07
epsilon_greedy,28,0,1,1.0,1.0000390007380793,0.59375,0.999967,5.40007380789298e-05
epsilon_greedy,28,0,2,0.78125,0.2500135002700101,0.53125,0.25001675,2.655121678074579e-10
epsilon_greedy,28,1,1,1.0,0.9942423251770526,0.5,0.999964,-0.005712674822947461
epsilon_greedy,28,1,2,0.75,0.2500105002100276,0.46875,0.250035,-4.997899724079602e-07
epsilon_greedy,28,2,1,1.0,0.9942423251770526,0.5,0.999964,-0.005712674822947461
epsilon_greedy,28,2,2,0.75,0.25001050021002763,0.46875,0.250035,-4.99789972352449e-07
epsilon_greedy,28,3,1,1.0,0.9942423251770526,0.5,0.999964,-0.005712674822947461
epsilon_greedy,28,3,2,0.75,0.25001050021002763,0.46875,0.250035,-4.99789972352449e-07
epsilon_greedy,28,4,1,1.0,0.9942423251770526,0.5,0.999964,-0.005712674822947461
epsilon_greedy,28,4,2,0.75,0.2500105002100276,0.46875,0.250035,-4.997899724079602e-07
epsilon_greedy,28,5,1,1.0,0.9942423251770526,0.5,0.999964,-0.005712674822947461
epsilon_greedy,28,5,2,0.75,0.2500105002100276,0.46875,0.250035,-4.997899724079602e-07
epsilon_greedy,28,6,1,1.0,0.9942423251770526,0.5,0.999964,-0.005712674822947461
epsilon_greedy,28,6,2,0.75,0.2500105002100276,0.46875,0.250035,-4.997899724079602e-07
epsilon_greedy,28,7,1,1.0,0.9942423251770526,0.5,0.999964,-0.005712674822947461
epsilon_greedy,28,7,2,0.75,0.2500105002100276,0.46875,0.250035,-4.997899724079602e-07
epsilon_greedy,28,8,1,1.0,0.9942423251770526,0.5,0.999964,-0.005712674822947461
epsilon_greedy,28,8,2,0.75,0.2500105002100276,0.46875,0.250035,-4.997899724079602e-07
epsilon_greedy,28,9,1,1.0,0.9942423251770526,0.5,0.999964,-0.005712674822947461
epsilon_greedy,28,9,2,0.75,0.2500105002100276,0.46875,0.250035,-4.997899724079602e-07
epsilon_greedy,28,10,1,1.0,0.9942423251770526,0.5,0.999964,-0.005712674822947461
epsilon_greedy,28,10,2,0.75,0.2500105002100276,0.46875,0.250035,-4.997899724079602e-07
epsilon_greedy,28,11,1,1.0,0.9942423251770526,0.5,0.999964,-0.005712674822947461
epsilon_greedy,28,11,2,0.75,0.25001050021002763,0.46875,0.250035,-4.99789972352449e-07
epsilon_greedy,28,12,1,1.0,0.9942423251770526,0.5,0.999964,-0.005712674822947461
epsilon_greedy,28,12,2,0.75,0.25001050021002763,0.46875,0.250035,-4.99789972352449e-07
epsilon_greedy,28,13,1,1.0,0.9942423251770526,0.5,0.999964,-0.005712674822947461
epsilon_greedy,28,13,2,0.75,0.2500105002100276,0.46875,0.250035,-4.997899724079602e-07
epsilon_greedy,28,14,1,1.0,0.9942423251770526,0.5,0.999964,-0.005712674822947461
epsilon_greedy,28,14,2,0.75,0.2500105002100276,0.46875,0.250035,-4.997899724079602e-07
epsilon_greedy,28,15,1,1.0,0.9942423251770526,0.5,0.999964,-0.005712674822947461
epsilon_greedy,28,15,2,0.75,0.2500105002100276,0.46875,0.250035,-4.997899724079602e-07
epsilon_greedy,28,16,1,1.0,0.9942423251770526,0.5,0.999964,-0.005712674822947461
epsilon_greedy,28,16,2,0.75,0.2500105002100276,0.46875,0.250035,-4.997899724079602e-07
epsilon_greedy,28,17,1,1.0,0.9942423251770526,0.5,0.999964,-0.005712674822947461
epsilon_greedy,28,17,2,0.75,0.2500105002100276,0.46875,0.250035,-4.997899724079602e-07
epsilon_greedy,28,18,1,1.0,0.9942423251770526,0.5,0.999964,-0.005712674822947461
epsilon_greedy,28,18,2,0.75,0.2500105002100276,0.46875,0.250035,-4.997899724079602e-07
epsilon_greedy,28,19,1,1.0,0.9942423251770526,0.5,0.999964,-0.005712674822947461
epsilon_greedy,28,19,2,0.75,0.2500105002100276,0.46875,0.250035,-4.997899724079602e-07
epsilon_greedy,28,20,1,1.0,0.9942423251770526,0.5,0.999964,-0.005712674822947461
epsilon_greedy,28,20,2,0.75,0.25001050021002763,0.46875,0.250035,-4.99789972352449e-07
epsilon_greedy,28,21,1,1.0,0.9942423251770526,0.5,0.999964,-0.005712674822947461
epsilon_greedy,28,21,2,0.75,0.25001050021002763,0.46875,0.250035,-4.99789972352449e-07
epsilon_greedy,28,22,1,1.0,0.9942423251770526,0.5,0.999964,-0.005712674822947461
epsilon_greedy,28,22,2,0.75,0.2500105002100276,0.46875,0.250035,-4.997899724079602e-07
epsilon_greedy,28,23,1,1.0,0.9942423251770526,0.5,0.999964,-0.005712674822947461
epsilon_greedy,28,23,2,0.75,0.2500105002100276,0.46875,0.250035,-4.997899724079602e-07
epsilon_greedy,28,24,1,1.0,0.9942423251770526,0.5,0.999964,-0.005712674822947461
epsilon_greedy,28,24,2,0.75,0.2500105002100276,0.46875,0.250035,-4.997899724079602e-07
epsilon_greedy,28,25,1,1.0,0.9942423251770526,0.5,0.999964,-0.005712674822947461
epsilon_greedy,28,25,2,0.75,0.2500105002100276,0.46875,0.250035,-4.997899724079602e-07
epsilon_greedy,28,26,1,1.0,0.9942423251770526,0.5,0.999964,-0.005712674822947461
epsilon_greedy,28,26,2,0.75,0.2500105002100276,0.46875,0.250035,-4.997899724079602e-07
epsilon_greedy,28,27,1,1.0,0.9942423251770526,0.5,0.999964,-0.005712674822947461
epsilon_greedy,28,27,2,0.75,0.2500105002100276,0.46875,0.250035,-4.997899724079602e-07
epsilon_greedy,28,28,1,1.0,0.9942423251770526,0.5,0.999964,-0.005712674822947461
epsilon_greedy,28,28,2,0.75,0.2500105002100276,0.46875,0.250035,-4.997899724079602e-07
epsilon_greedy,28,29,1,1.0,0.9942423251770526,0.5,0.999964,-0.005712674822947461
epsilon_greedy,28,29,2,0.75,0.2500105002100276,0.46875,0.250035,-4.997899724079602e-07
epsilon_greedy,28,30,1,1.0,0.9942423251770526,0.5,0.999964,-0.005712674822947461
epsilon_greedy,28,30,2,0.75,0.2500105002100276,0.46875,0.250035,-4.997899724079602e-07
epsilon_greedy,28,31,1,1.0,0.9942423251770526,0.5,0.999964,-0.005712674822947461
epsilon_greedy,28,31,2,0.75,0.2500105002100276,0.46875,0.250035,-4.997899724079602e-07
epsilon_greedy,28,32,1,1.0,0.9942423251770526,0.5,0.999964,-0.005712674822947461
epsilon_greedy,28,32,2,0.75,0.2500105002100276,0.46875,0.250035,-4.997899724079602e-07
epsilon_greedy,28,33,1,1.0,0.9942423251770526,0.5,0.999964,-0.005712674822947461
epsilon_greedy,28,33,2,0.75,0.2500105002100276,0.46875,0.250035,-4.997899724079602e-07
epsilon_greedy,28,34,1,1.0,0.9942423251770526,0.5,0.999964,-0.005712674822947461
epsilon_greedy,28,34,2,0.75,0.2500105002100276,0.46875,0.250035,-4.997899724079602e-07
epsilon_greedy,28,35,1,1.0,0.9942423251770526,0.5,0.999964,-0.005712674822947461
epsilon_greedy,28,35,2,0.75,0.2500105002100276,0.46875,0.250035,-4.997899724079602e-07
epsilon_greedy,28,36,1,1.0,0.9942423251770526,0.5,0.999964,-0.005712674822947461
epsilon_greedy,28,36,2,0.75,0.2500105002100276,0.46875,0.250035,-4.997899724079602e-07
epsilon_greedy,28,37,1,1.0,0.9942423251770526,0.5,0.999964,-0.005712674822947461
epsilon_greedy,28,37,2,0.75,0.2500105002100276,0.46875,0.250035,-4.997899724079602e-07
epsilon_greedy,28,38,1,1.0,0.9942423251770526,0.5,0.999964,-0.005712674822947461
epsilon_greedy,28,38,2,0.75,0.2500105002100276,0.46875,0.250035,-4.997899724079602e-07
epsilon_greedy,28,39,1,1.0,0.9942423251770526,0.5,0.999964,-0.005712674822947461
epsilon_greedy,28,39,2,0.75,0.2500105002100276,0.46875,0.250035,-4.997899724079602e-07
epsilon_greedy,28,40,1,1.0,0.9942423251770526,0.5,0.999964,-0.005712674822947461
epsilon_greedy,28,40,2,0.75,0.2500105002100276,0.46875,0.250035,-4.997899724079602e-07
epsilon_greedy,28,41,1,1.0,0.9942423251770526,0.5,0.999964,-0.005712674822947461
epsilon_greedy,28,41,2,0.75,0.2500105002100276,0.46875,0.250035,-4.997899724079602e-07
epsilon_greedy,28,42,1,1.0,0.9942423251770526,0.5,0.999964,-0.005712674822947461
epsilon_greedy,28,42,2,0.75,0.2500105002100276,0.46875,0.250035,-4.997899724079602e-07
epsilon_greedy,28,43,1,1.0,0.9942423251770526,0.5,0.999964,-0.005712674822947461
epsilon_greedy,28,43,2,0.75,0.2500105002100276,0.46875,0.250035,-4.997899724079602e-07
epsilon_greedy,28,44,1,1.0,0.9942423251770526,0.5,0.999964,-0.005712674822947461
epsilon_greedy,28,44,2,0.75,0.2500105002100276,0.46875,0.250035,-4.997899724079602e-07
epsilon_greedy,28,45,1,1.0,0.9942423251770526,0.5,0.999964,-0.005712674822947461
epsilon_greedy,28,45,2,0.75,0.2500105002100276,0.46875,0.250035,-4.997899724079602e-07
epsilon_greedy,28,46,1,1.0,0.9942423251770526,0.5,0.999964,-0.005712674822947461
epsilon_greedy,28,46,2,0.75,0.2500105002100276,0.46875,0.250035,-4.997899724079602e-07
epsilon_greedy,28,47,1,1.0,0.9942423251770526,0.5,0.999964,-0.005712674822947461
epsilon_greedy,28,47,2,0.75,0.2500105002100276,0.46875,0.250035,-4.997899724079602e-07
epsilon_greedy,28,48,1,1.0,0.9942423251770526,0.5,0.999964,-0.005712674822947461
epsilon_greedy,28,48,2,0.75,0.2500105002100276,0.46875,0.250035,-4.997899724079602e-07
epsilon_greedy,28,49,1,1.0,1.0000390007740805,0.5625,0.999964,5.4000774080353864e-05
epsilon_greedy,28,49,2,0.75,0.2500105002205283,0.4375,0.2500255,-4.998004725642602e-07
epsilon_greedy,29,0,1,1.0,1.0000390007380793,0.59375,0.999967,5.40007380789298e-05
epsilon_greedy,29,0,2,0.78125,0.2500135002700101,0.53125,0.25001675,2.655121678074579e-10
epsilon_greedy,29,1,1,1.0,0.9942423251770526,0.5,0.999964,-0.005712674822947461
epsilon_greedy,29,1,2,0.75,0.2500105002100276,0.46875,0.250035,-4.997899724079602e-07
epsilon_greedy,29,2,1,1.0,0.9942423251770526,0.5,0.999964,-0.005712674822947461
epsilon_greedy,29,2,2,0.75,0.25001050021002763,0.46875,0.250035,-4.99789972352449e-07
epsilon_greedy,29,3,1,1.0,0.9942423251770526,0.5,0.999964,-0.005712674822947461
epsilon_greedy,29,3,2,0.75,0.25001050021002763,0.46875,0.250035,-4.99789972352449e-07
epsilon_greedy,29,4,1,1.0,0.9942423251770526,0.5,0.999964,-0.005712674822947461
epsilon_greedy,29,4,2,0.75,0.2500105002100276,0.46875,0.250035,-4.997899724079602e-07
epsilon_greedy,29,5,1,1.0,0.9942423251770526,0.5,0.999964,-0.005712674822947461
epsilon_greedy,29,5,2,0.75,0.2500105002100276,0.46875,0.250035,-4.997899724079602e-07
epsilon_greedy,29,6,1,1.0,0.9942423251770526,0.5,0.999964,-0.005712674822947461
epsilon_greedy,29,6,2,0.75,0.2500105002100276,0.46875,0.250035,-4.997899724079602e-07
epsilon_greedy,29,7,1,1.0,0.9942423251770526,0.5,0.999964,-0.005712674822947461
epsilon_greedy,29,7,2,0.75,0.2500105002100276,0.46875,0.250035,-4.997899724079602e-07
epsilon_greedy,29,8,1,1.0,0.9942423251770526,0.5,0.999964,-0.005712674822947461
epsilon_greedy,29,8,2,0.75,0.2500105002100276,0.46875,0.250035,-4.997899724079602e-07
epsilon_greedy,29,9,1,1.0,0.9942423251770526,0.5,0.999964,-0.005712674822947461
epsilon_greedy,29,9,2,0.75,0.2500105002100276,0.46875,0.250035,-4.997899724079602e-07
epsilon_greedy,29,10,1,1.0,0.9942423251770526,0.5,0.999964,-0.005712674822947461
epsilon_greedy,29,10,2,0.75,0.2500105002100276,0.46875,0.250035,-4.997899724079602e-07
epsilon_greedy,29,11,1,1.0,0.9942423251770526,0.5,0.999964,-0.005712674822947461
epsilon_greedy,29,11,2,0.75,0.25001050021002763,0.46875,0.250035,-4.99789972352449e-07
epsilon_greedy,29,12,1,1.0,0.9942423251770526,0.5,0.999964,-0.005712674822947461
epsilon_greedy,29,12,2,0.75,0.25001050021002763,0.46875,0.250035,-4.99789972352449e-07
epsilon_greedy,29,13,1,1.0,0.9942423251770526,0.5,0.999964,-0.005712674822947461
epsilon_greedy,29,13,2,0.75,0.2500105002100276,0.46875,0.250035,-4.997899724079602e-07
epsilon_greedy,29,14,1,1.0,0.9942423251770526,0.5,0.999964,-0.005712674822947461
epsilon_greedy,29,14,2,0.75,0.2500105002100276,0.46875,0.250035,-4.997899724079602e-07
epsilon_greedy,29,15,1,1.0,0.9942423251770526,0.5,0.999964,-0.005712674822947461
epsilon_greedy,29,15,2,0.75,0.2500105002100276,0.46875,0.250035,-4.997899724079602e-07
epsilon_greedy,29,16,1,1.0,0.9942423251770526,0.5,0.999964,-0.005712674822947461
epsilon_greedy,29,16,2,0.75,0.2500105002100276,0.46875,0.250035,-4.997899724079602e-07
epsilon_greedy,29,17,1,1.0,0.9942423251770526,0.5,0.999964,-0.005712674822947461
epsilon_greedy,29,17,2,0.75,0.2500105002100276,0.46875,0.250035,-4.997899724079602e-07
epsilon_greedy,29,18,1,1.0,0.9942423251770526,0.5,0.999964,-0.005712674822947461
epsilon_greedy,29,18,2,0.75,0.2500105002100276,0.46875,0.250035,-4.997899724079602e-07
epsilon_greedy,29,19,1,1.0,0.9942423251770526,0.5,0.999964,-0.005712674822947461
epsilon_greedy,29,19,2,0.75,0.2500105002100276,0.46875,0.250035,-4.997899724079602e-07
epsilon_greedy,29,20,1,1.0,0.9942423251770526,0.5,0.999964,-0.005712674822947461
epsilon_greedy,29,20,2,0.75,0.25001050021002763,0.46875,0.250035,-4.99789972352449e-07
epsilon_greedy,29,21,1,1.0,0.9942423251770526,0.5,0.999964,-0.005712674822947461
epsilon_greedy,29,21,2,0.75,0.25001050021002763,0.46875,0.250035,-4.99789972352449e-07
epsilon_greedy,29,22,1,1.0,0.9942423251770526,0.5,0.999964,-0.005712674822947461
epsilon_greedy,29,22,2,0.75,0.2500105002100276,0.46875,0.250035,-4.997899724079602e-07
epsilon_greedy,29,23,1,1.0,0.9942423251770526,0.5,0.999964,-0.005712674822947461
epsilon_greedy,29,23,2,0.75,0.2500105002100276,0.46875,0.250035,-4.997899724079602e-07
epsilon_greedy,29,24,1,1.0,0.9942423251770526,0.5,0.999964,-0.005712674822947461
epsilon_greedy,29,24,2,0.75,0.2500105002100276,0.46875,0.250035,-4.997899724079602e-07
epsilon_greedy,29,25,1,1.0,0.9942423251770526,0.5,0.999964,-0.005712674822947461
epsilon_greedy,29,25,2,0.75,0.2500105002100276,0.46875,0.250035,-4.997899724079602e-07
epsilon_greedy,29,26,1,1.0,0.9942423251770526,0.5,0.999964,-0.005712674822947461
epsilon_greedy,29,26,2,0.75,0.2500105002100276,0.46875,0.250035,-4.997899724079602e-07
epsilon_greedy,29,27,1,1.0,0.9942423251770526,0.5,0.999964,-0.005712674822947461
epsilon_greedy,29,27,2,0.75,0.2500105002100276,0.46875,0.250035,-4.997899724079602e-07
epsilon_greedy,29,28,1,1.0,0.9942423251770526,0.5,0.999964,-0.005712674822947461
epsilon_greedy,29,28,2,0.75,0.2500105002100276,0.46875,0.250035,-4.997899724079602e-07
epsilon_greedy,29,29,1,1.0,0.9942423251770526,0.5,0.999964,-0.005712674822947461
epsilon_greedy,29,29,2,0.75,0.2500105002100276,0.46875,0.250035,-4.997899724079602e-07
epsilon_greedy,29,30,1,1.0,0.9942423251770526,0.5,0.999964,-0.005712674822947461
epsilon_greedy,29,30,2,0.75,0.2500105002100276,0.46875,0.250035,-4.997899724079602e-07
epsilon_greedy,29,31,1,1.0,0.9942423251770526,0.5,0.999964,-0.005712674822947461
epsilon_greedy,29,31,2,0.75,0.2500105002100276,0.46875,0.250035,-4.997899724079602e-07
epsilon_greedy,29,32,1,1.0,0.9942423251770526,0.5,0.999964,-0.005712674822947461
epsilon_greedy,29,32,2,0.75,0.2500105002100276,0.46875,0.250035,-4.997899724079602e-07
epsilon_greedy,29,33,1,1.0,0.9942423251770526,0.5,0.999964,-0.005712674822947461
epsilon_greedy,29,33,2,0.75,0.2500105002100276,0.46875,0.250035,-4.997899724079602e-07
epsilon_greedy,29,34,1,1.0,0.9942423251770526,0.5,0.999964,-0.005712674822947461
epsilon_greedy,29,34,2,0.75,0.2500105002100276,0.46875,0.250035,-4.997899724079602e-07
epsilon_greedy,29,35,1,1.0,0.9942423251770526,0.5,0.999964,-0.005712674822947461
epsilon_greedy,29,35,2,0.75,0.2500105002100276,0.46875,0.250035,-4.997899724079602e-07
epsilon_greedy,29,36,1,1.0,0.9942423251770526,0.5,0.999964,-0.005712674822947461
epsilon_greedy,29,36,2,0.75,0.2500105002100276,0.46875,0.250035,-4.997899724079602e-07
epsilon_greedy,29,37,1,1.0,0.9942423251770526,0.5,0.999964,-0.005712674822947461
epsilon_greedy,29,37,2,0.75,0.2500105002100276,0.46875,0.250035,-4.997899724079602e-07
epsilon_greedy,29,38,1,1.0,0.9942423251770526,0.5,0.999964,-0.005712674822947461
epsilon_greedy,29,38,2,0.75,0.2500105002100276,0.46875,0.250035,-4.997899724079602e-07
epsilon_greedy,29,39,1,1.0,0.9942423251770526,0.5,0.999964,-0.005712674822947461
epsilon_greedy,29,39,2,0.75,0.2500105002100276,0.46875,0.250035,-4.997899724079602e-07
epsilon_greedy,29,40,1,1.0,0.9942423251770526,0.5,0.999964,-0.005712674822947461
epsilon_greedy,29,40,2,0.75,0.2500105002100276,0.46875,0.250035,-4.997899724079602e-07
epsilon_greedy,29,41,1,1.0,0.9942423251770526,0.5,0.999964,-0.005712674822947461
epsilon_greedy,29,41,2,0.75,0.2500105002100276,0.46875,0.250035,-4.997899724079602e-07
epsilon_greedy,29,42,1,1.0,0.9942423251770526,0.5,0.999964,-0.005712674822947461
epsilon_greedy,29,42,2,0.75,0.2500105002100276,0.46875,0.250035,-4.997899724079602e-07
epsilon_greedy,29,43,1,1.0,0.9942423251770526,0.5,0.999964,-0.005712674822947461
epsilon_greedy,29,43,2,0.75,0.2500105002100276,0.46875,0.250035,-4.997899724079602e-07
epsilon_greedy,29,44,1,1.0,0.9942423251770526,0.5,0.999964,-0.005712674822947461
epsilon_greedy,29,44,2,0.75,0.2500105002100276,0.46875,0.250035,-4.997899724079602e-07
epsilon_greedy,29,45,1,1.0,0.9942423251770526,0.5,0.999964,-0.005712674822947461
epsilon_greedy,29,45,2,0.75,0.2500105002100276,0.46875,0.250035,-4.997899724079602e-07
epsilon_greedy,29,46,1,1.0,0.9942423251770526,0.5,0.999964,-0.005712674822947461
epsilon_greedy,29,46,2,0.75,0.2500105002100276,0.46875,0.250035,-4.997899724079602e-07
epsilon_greedy,29,47,1,1.0,0.9942423251770526,0.5,0.999964,-0.005712674822947461
epsilon_greedy,29,47,2,0.75,0.2500105002100276,0.46875,0.250035,-4.997899724079602e-07
epsilon_greedy,29,48,1,1.0,0.9942423251770526,0.5,0.999964,-0.005712674822947461
epsilon_greedy,29,48,2,0.75,0.2500105002100276,0.46875,0.250035,-4.997899724079602e-07
epsilon_greedy,29,49,1,1.0,1.0000390007740805,0.5625,0.999964,5.4000774080353864e-05
epsilon_greedy,29,49,2,0.75,0.2500105002205283,0.4375,0.2500255,-4.998004725642602e-07
epsilon_greedy,30,0,1,1.0,1.0000390007380793,0.59375,0.999967,5.40007380789298e-05
epsilon_greedy,30,0,2,0.78125,0.2500135002700101,0.53125,0.25001675,2.655121678074579e-10
epsilon_greedy,30,1,1,1.0,0.9942423251770526,0.5,0.999964,-0.005712674822947461
epsilon_greedy,30,1,2,0.75,0.2500105002100276,0.46875,0.250035,-4.997899724079602e-07
epsilon_greedy,30,2,1,1.0,0.9942423251770526,0.5,0.999964,-0.005712674822947461
epsilon_greedy,30,2,2,0.75,0.25001050021002763,0.46875,0.250035,-4.99789972352449e-07
epsilon_greedy,30,3,1,1.0,0.9942423251770526,0.5,0.999964,-0.005712674822947461
epsilon_greedy,30,3,2,0.75,0.25001050021002763,0.46875,0.250035,-4.99789972352449e-07
epsilon_greedy,30,4,1,1.0,0.9942423251770526,0.5,0.999964,-0.005712674822947461
epsilon_greedy,30,4,2,0.75,0.2500105002100276,0.46875,0.250035,-4.997899724079602e-07
epsilon_greedy,30,5,1,1.0,0.9942423251770526,0.5,0.999964,-0.005712674822947461
epsilon_greedy,30,5,2,0.75,0.2500105002100276,0.46875,0.250035,-4.997899724079602e-07
epsilon_greedy,30,6,1,1.0,0.9942423251770526,0.5,0.999964,-0.005712674822947461
epsilon_greedy,30,6,2,0.75,0.2500105002100276,0.46875,0.250035,-4.997899724079602e-07
epsilon_greedy,30,7,1,1.0,0.9942423251770526,0.5,0.999964,-0.005712674822947461
epsilon_greedy,30,7,2,0.75,0.2500105002100276,0.46875,0.250035,-4.997899724079602e-07
epsilon_greedy,30,8,1,1.0,0.9942423251770526,0.5,0.999964,-0.005712674822947461
epsilon_greedy,30,8,2,0.75,0.2500105002100276,0.46875,0.250035,-4.997899724079602e-07
epsilon_greedy,30,9,1,1.0,0.9942423251770526,0.5,0.999964,-0.005712674822947461
epsilon_greedy,30,9,2,0.75,0.2500105002100276,0.46875,0.250035,-4.997899724079602e-07
epsilon_greedy,30,10,1,1.0,0.9942423251770526,0.5,0.999964,-0.005712674822947461
epsilon_greedy,30,10,2,0.75,0.2500105002100276,0.46875,0.250035,-4.997899724079602e-07
epsilon_greedy,30,11,1,1.0,0.9942423251770526,0.5,0.999964,-0.005712674822947461
epsilon_greedy,30,11,2,0.75,0.25001050021002763,0.46875,0.250035,-4.99789972352449e-07
epsilon_greedy,30,12,1,1.0,0.9942423251770526,0.5,0.999964,-0.005712674822947461
epsilon_greedy,30,12,2,0.75,0.25001050021002763,0.46875,0.250035,-4.99789972352449e-07
epsilon_greedy,30,13,1,1.0,0.9942423251770526,0.5,0.999964,-0.005712674822947461
epsilon_greedy,30,13,2,0.75,0.2500105002100276,0.46875,0.250035,-4.997899724079602e-07
epsilon_greedy,30,14,1,1.0,0.9942423251770526,0.5,0.999964,-0.005712674822947461
epsilon_greedy,30,14,2,0.75,0.2500105002100276,0.46875,0.250035,-4.997899724079602e-07
epsilon_greedy,30,15,1,1.0,0.9942423251770526,0.5,0.999964,-0.005712674822947461
epsilon_greedy,30,15,2,0.75,0.2500105002100276,0.46875,0.250035,-4.997899724079602e-07
epsilon_greedy,30,16,1,1.0,0.9942423251770526,0.5,0.999964,-0.005712674822947461
epsilon_greedy,30,16,2,0.75,0.2500105002100276,0.46875,0.250035,-4.997899724079602e-07
epsilon_greedy,30,17,1,1.0,0.9942423251770526,0.5,0.999964,-0.005712674822947461
epsilon_greedy,30,17,2,0.75,0.2500105002100276,0.46875,0.250035,-4.997899724079602e-07
epsilon_greedy,30,18,1,1.0,0.9942423251770526,0.5,0.999964,-0.005712674822947461
epsilon_greedy,30,18,2,0.75,0.2500105002100276,0.46875,0.250035,-4.997899724079602e-07
epsilon_greedy,30,19,1,1.0,0.9942423251770526,0.5,0.999964,-0.005712674822947461
epsilon_greedy,30,19,2,0.75,0.2500105002100276,0.46875,0.250035,-4.997899724079602e-07
epsilon_greedy,30,20,1,1.0,0.9942423251770526,0.5,0.999964,-0.005712674822947461
epsilon_greedy,30,20,2,0.75,0.25001050021002763,0.46875,0.250035,-4.99789972352449e-07
epsilon_greedy,30,21,1,1.0,0.9942423251770526,0.5,0.999964,-0.005712674822947461
epsilon_greedy,30,21,2,0.75,0.25001050021002763,0.46875,0.250035,-4.99789972352449e-07
epsilon_greedy,30,22,1,1.0,0.9942423251770526,0.5,0.999964,-0.005712674822947461
epsilon_greedy,30,22,2,0.75,0.2500105002100276,0.46875,0.250035,-4.997899724079602e-07
epsilon_greedy,30,23,1,1.0,0.9942423251770526,0.5,0.999964,-0.005712674822947461
epsilon_greedy,30,23,2,0.75,0.2500105002100276,0.46875,0.250035,-4.997899724079602e-07
epsilon_greedy,30,24,1,1.0,0.9942423251770526,0.5,0.999964,-0.005712674822947461
epsilon_greedy,30,24,2,0.75,0.2500105002100276,0.46875,0.250035,-4.997899724079602e-07
epsilon_greedy,30,25,1,1.0,0.9942423251770526,0.5,0.999964,-0.005712674822947461
epsilon_greedy,30,25,2,0.75,0.2500105002100276,0.46875,0.250035,-4.997899724079602e-07
epsilon_greedy,30,26,1,1.0,0.9942423251770526,0.5,0.999964,-0.005712674822947461
epsilon_greedy,30,26,2,0.75,0.2500105002100276,0.46875,0.250035,-4.997899724079602e-07
epsilon_greedy,30,27,1,1.0,0.9942423251770526,0.5,0.999964,-0.005712674822947461
epsilon_greedy,30,27,2,0.75,0.2500105002100276,0.46875,0.250035,-4.997899724079602e-07
epsilon_greedy,30,28,1,1.0,0.9942423251770526,0.5,0.999964,-0.005712674822947461
epsilon_greedy,30,28,2,0.75,0.2500105002100276,0.46875,0.250035,-4.997899724079602e-07
epsilon_greedy,30,29,1,1.0,0.9942423251770526,0.5,0.999964,-0.005712674822947461
epsilon_greedy,30,29,2,0.75,0.2500105002100276,0.46875,0.250035,-4.997899724079602e-07
epsilon_greedy,30,30,1,1.0,0.9942423251770526,0.5,0.999964,-0.005712674822947461
epsilon_greedy,30,30,2,0.75,0.2500105002100276,0.46875,0.250035,-4.997899724079602e-07
epsilon_greedy,30,31,1,1.0,0.9942423251770526,0.5,0.999964,-0.005712674822947461
epsilon_greedy,30,31,2,0.75,0.2500105002100276,0.46875,0.250035,-4.997899724079602e-07
epsilon_greedy,30,32,1,1.0,0.9942423251770526,0.5,0.999964,-0.005712674822947461
epsilon_greedy,30,32,2,0.75,0.2500105002100276,0.46875,0.250035,-4.997899724079602e-07
epsilon_greedy,30,33,1,1.0,0.9942423251770526,0.5,0.999964,-0.005712674822947461
epsilon_greedy,30,33,2,0.75,0.2500105002100276,0.46875,0.250035,-4.997899724079602e-07
epsilon_greedy,30,34,1,1.0,0.9942423251770526,0.5,0.999964,-0.005712674822947461
epsilon_greedy,30,34,2,0.75,0.2500105002100276,0.46875,0.250035,-4.997899724079602e-07
epsilon_greedy,30,35,1,1.0,0.9942423251770526,0.5,0.999964,-0.005712674822947461
epsilon_greedy,30,35,2,0.75,0.2500105002100276,0.46875,0.250035,-4.997899724079602e-07
epsilon_greedy,30,36,1,1.0,0.9942423251770526,0.5,0.999964,-0.005712674822947461
epsilon_greedy,30,36,2,0.75,0.2500105002100276,0.46875,0.250035,-4.997899724079602e-07
epsilon_greedy,30,37,1,1.0,0.9942423251770526,0.5,0.999964,-0.005712674822947461
epsilon_greedy,30,37,2,0.75,0.2500105002100276,0.46875,0.250035,-4.997899724079602e-07
epsilon_greedy,30,38,1,1.0,0.9942423251770526,0.5,0.999964,-0.005712674822947461
epsilon_greedy,30,38,2,0.75,0.2500105002100276,0.46875,0.250035,-4.997899724079602e-07
epsilon_greedy,30,39,1,1.0,0.9942423251770526,0.5,0.999964,-0.005712674822947461
epsilon_greedy,30,39,2,0.75,0.2500105002100276,0.46875,0.250035,-4.997899724079602e-07
epsilon_greedy,30,40,1,1.0,0.9942423251770526,0.5,0.999964,-0.005712674822947461
epsilon_greedy,30,40,2,0.75,0.2500105002100276,0.46875,0.250035,-4.997899724079602e-07
epsilon_greedy,30,41,1,1.0,0.9942423251770526,0.5,0.999964,-0.005712674822947461
epsilon_greedy,30,41,2,0.75,0.2500105002100276,0.46875,0.250035,-4.997899724079602e-07
epsilon_greedy,30,42,1,1.0,0.9942423251770526,0.5,0.999964,-0.005712674822947461
epsilon_greedy,30,42,2,0.75,0.2500105002100276,0.46875,0.250035,-4.997899724079602e-07
epsilon_greedy,30,43,1,1.0,0.9942423251770526,0.5,0.999964,-0.005712674822947461
epsilon_greedy,30,43,2,0.75,0.2500105002100276,0.46875,0.250035,-4.997899724079602e-07
epsilon_greedy,30,44,1,1.0,0.9942423251770526,0.5,0.999964,-0.005712674822947461
epsilon_greedy,30,44,2,0.75,0.2500105002100276,0.46875,0.250035,-4.997899724079602e-07
epsilon_greedy,30,45,1,1.0,0.9942423251770526,0.5,0.999964,-0.005712674822947461
epsilon_greedy,30,45,2,0.75,0.2500105002100276,0.46875,0.250035,-4.997899724079602e-07
epsilon_greedy,30,46,1,1.0,0.9942423251770526,0.5,0.999964,-0.005712674822947461
epsilon_greedy,30,46,2,0.75,0.2500105002100276,0.46875,0.250035,-4.997899724079602e-07
epsilon_greedy,30,47,1,1.0,0.9942423251770526,0.5,0.999964,-0.005712674822947461
epsilon_greedy,30,47,2,0.75,0.2500105002100276,0.46875,0.250035,-4.997899724079602e-07
epsilon_greedy,30,48,1,1.0,0.9942423251770526,0.5,0.999964,-0.005712674822947461
epsilon_greedy,30,48,2,0.75,0.2500105002100276,0.46875,0.250035,-4.997899724079602e-07
epsilon_greedy,30,49,1,1.0,1.0000390007740805,0.5625,0.999964,5.4000774080353864e-05
epsilon_greedy,30,49,2,0.75,0.2500105002205283,0.4375,0.2500255,-4.998004725642602e-07
epsilon_greedy,31,0,1,1.0,1.0000390007380793,0.59375,0.999967,5.40007380789298e-05
epsilon_greedy,31,0,2,0.78125,0.2500135002700101,0.53125,0.25001675,2.655121678074579e-10
epsilon_greedy,31,1,1,1.0,0.9942423251770526,0.5,0.999964,-0.005712674822947461
epsilon_greedy,31,1,2,0.75,0.2500105002100276,0.46875,0.250035,-4.997899724079602e-07
epsilon_greedy,31,2,1,1.0,0.9942423251770526,0.5,0.999964,-0.005712674822947461
epsilon_greedy,31,2,2,0.75,0.25001050021002763,0.46875,0.250035,-4.99789972352449e-07
epsilon_greedy,31,3,1,1.0,0.9942423251770526,0.5,0.999964,-0.005712674822947461
epsilon_greedy,31,3,2,0.75,0.25001050021002763,0.46875,0.250035,-4.99789972352449e-07
epsilon_greedy,31,4,1,1.0,0.9942423251770526,0.5,0.999964,-0.005712674822947461
epsilon_greedy,31,4,2,0.75,0.2500105002100276,0.46875,0.250035,-4.997899724079602e-07
epsilon_greedy,31,5,1,1.0,0.9942423251770526,0.5,0.999964,-0.005712674822947461
epsilon_greedy,31,5,2,0.75,0.2500105002100276,0.46875,0.250035,-4.997899724079602e-07
epsilon_greedy,31,6,1,1.0,0.9942423251770526,0.5,0.999964,-0.005712674822947461
epsilon_greedy,31,6,2,0.75,0.2500105002100276,0.46875,0.250035,-4.997899724079602e-07
epsilon_greedy,31,7,1,1.0,0.9942423251770526,0.5,0.999964,-0.005712674822947461
epsilon_greedy,31,7,2,0.75,0.2500105002100276,0.46875,0.250035,-4.997899724079602e-07
epsilon_greedy,31,8,1,1.0,0.9942423251770526,0.5,0.999964,-0.005712674822947461
epsilon_greedy,31,8,2,0.75,0.2500105002100276,0.46875,0.250035,-4.997899724079602e-07
epsilon_greedy,31,9,1,1.0,0.9942423251770526,0.5,0.999964,-0.005712674822947461
epsilon_greedy,31,9,2,0.75,0.2500105002100276,0.46875,0.250035,-4.997899724079602e-07
epsilon_greedy,31,10,1,1.0,0.9942423251770526,0.5,0.999964,-0.005712674822947461
epsilon_greedy,31,10,2,0.75,0.2500105002100276,0.46875,0.250035,-4.997899724079602e-07
epsilon_greedy,31,11,1,1.0,0.9942423251770526,0.5,0.999964,-0.005712674822947461
epsilon_greedy,31,11,2,0.75,0.25001050021002763,0.46875,0.250035,-4.99789972352449e-07
epsilon_greedy,31,12,1,1.0,0.9942423251770526,0.5,0.999964,-0.005712674822947461
epsilon_greedy,31,12,2,0.75,0.25001050021002763,0.46875,0.250035,-4.99789972352449e-07
epsilon_greedy,31,13,1,1.0,0.9942423251770526,0.5,0.999964,-0.005712674822947461
epsilon_greedy,31,13,2,0.75,0.2500105002100276,0.46875,0.250035,-4.997899724079602e-07
epsilon_greedy,31,14,1,1.0,0.9942423251770526,0.5,0.999964,-0.005712674822947461
epsilon_greedy,31,14,2,0.75,0.2500105002100276,0.46875,0.250035,-4.997899724079602e-07
epsilon_greedy,31,15,1,1.0,0.9942423251770526,0.5,0.999964,-0.005712674822947461
epsilon_greedy,31,15,2,0.75,0.2500105002100276,0.46875,0.250035,-4.997899724079602e-07
epsilon_greedy,31,16,1,1.0,0.9942423251770526,0.5,0.999964,-0.005712674822947461
epsilon_greedy,31,16,2,0.75,0.2500105002100276,0.46875,0.250035,-4.997899724079602e-07
epsilon_greedy,31,17,1,1.0,0.9942423251770526,0.5,0.999964,-0.005712674822947461
epsilon_greedy,31,17,2,0.75,0.2500105002100276,0.46875,0.250035,-4.997899724079602e-07
epsilon_greedy,31,18,1,1.0,0.9942423251770526,0.5,0.999964,-0.005712674822947461
epsilon_greedy,31,18,2,0.75,0.2500105002100276,0.46875,0.250035,-4.997899724079602e-07
epsilon_greedy,31,19,1,1.0,0.9942423251770526,0.5,0.999964,-0.005712674822947461
epsilon_greedy,31,19,2,0.75,0.2500105002100276,0.46875,0.250035,-4.997899724079602e-07
epsilon_greedy,31,20,1,1.0,0.9942423251770526,0.5,0.999964,-0.005712674822947461
epsilon_greedy,31,20,2,0.75,0.25001050021002763,0.46875,0.250035,-4.99789972352449e-07
epsilon_greedy,31,21,1,1.0,0.9942423251770526,0.5,0.999964,-0.005712674822947461
epsilon_greedy,31,21,2,0.75,0.25001050021002763,0.46875,0.250035,-4.99789972352449e-07
epsilon_greedy,31,22,1,1.0,0.9942423251770526,0.5,0.999964,-0.005712674822947461
epsilon_greedy,31,22,2,0.75,0.2500105002100276,0.46875,0.250035,-4.997899724079602e-07
epsilon_greedy,31,23,1,1.0,0.9942423251770526,0.5,0.999964,-0.005712674822947461
epsilon_greedy,31,23,2,0.75,0.2500105002100276,0.46875,0.250035,-4.997899724079602e-07
epsilon_greedy,31,24,1,1.0,0.9942423251770526,0.5,0.999964,-0.005712674822947461
epsilon_greedy,31,24,2,0.75,0.2500105002100276,0.46875,0.250035,-4.997899724079602e-07
epsilon_greedy,31,25,1,1.0,0.9942423251770526,0.5,0.999964,-0.005712674822947461
epsilon_greedy,31,25,2,0.75,0.2500105002100276,0.46875,0.250035,-4.997899724079602e-07
epsilon_greedy,31,26,1,1.0,0.9942423251770526,0.5,0.999964,-0.005712674822947461
epsilon_greedy,31,26,2,0.75,0.2500105002100276,0.46875,0.250035,-4.997899724079602e-07
epsilon_greedy,31,27,1,1.0,0.9942423251770526,0.5,0.999964,-0.005712674822947461
epsilon_greedy,31,27,2,0.75,0.2500105002100276,0.46875,0.250035,-4.997899724079602e-07
epsilon_greedy,31,28,1,1.0,0.9942423251770526,0.5,0.999964,-0.005712674822947461
epsilon_greedy,31,28,2,0.75,0.2500105002100276,0.46875,0.250035,-4.997899724079602e-07
epsilon_greedy,31,29,1,1.0,0.9942423251770526,0.5,0.999964,-0.005712674822947461
epsilon_greedy,31,29,2,0.75,0.2500105002100276,0.46875,0.250035,-4.997899724079602e-07
epsilon_greedy,31,30,1,1.0,0.9942423251770526,0.5,0.999964,-0.005712674822947461
epsilon_greedy,31,30,2,0.75,0.2500105002100276,0.46875,0.250035,-4.997899724079602e-07
epsilon_greedy,31,31,1,1.0,0.9942423251770526,0.5,0.999964,-0.005712674822947461
epsilon_greedy,31,31,2,0.75,0.2500105002100276,0.46875,0.250035,-4.997899724079602e-07
epsilon_greedy,31,32,1,1.0,0.9942423251770526,0.5,0.999964,-0.005712674822947461
epsilon_greedy,31,32,2,0.75,0.2500105002100276,0.46875,0.250035,-4.997899724079602e-07
epsilon_greedy,31,33,1,1.0,0.9942423251770526,0.5,0.999964,-0.005712674822947461
epsilon_greedy,31,33,2,0.75,0.2500105002100276,0.46875,0.250035,-4.997899724079602e-07
epsilon_greedy,31,34,1,1.0,0.9942423251770526,0.5,0.999964,-0.005712674822947461
epsilon_greedy,31,34,2,0.75,0.2500105002100276,0.46875,0.250035,-4.997899724079602e-07
epsilon_greedy,31,35,1,1.0,0.9942423251770526,0.5,0.999964,-0.005712674822947461
epsilon_greedy,31,35,2,0.75,0.2500105002100276,0.46875,0.250035,-4.997899724079602e-07
epsilon_greedy,31,36,1,1.0,0.9942423251770526,0.5,0.999964,-0.005712674822947461
epsilon_greedy,31,36,2,0.75,0.2500105002100276,0.46875,0.250035,-4.997899724079602e-07
epsilon_greedy,31,37,1,1.0,0.9942423251770526,0.5,0.999964,-0.005712674822947461
epsilon_greedy,31,37,2,0.75,0.2500105002100276,0.46875,0.250035,-4.997899724079602e-07
epsilon_greedy,31,38,1,1.0,0.9942423251770526,0.5,0.999964,-0.005712674822947461
epsilon_greedy,31,38,2,0.75,0.2500105002100276,0.46875,0.250035,-4.997899724079602e-07
epsilon_greedy,31,39,1,1.0,0.9942423251770526,0.5,0.999964,-0.005712674822947461
epsilon_greedy,31,39,2,0.75,0.2500105002100276,0.46875,0.250035,-4.997899724079602e-07
epsilon_greedy,31,40,1,1.0,0.9942423251770526,0.5,0.999964,-0.005712674822947461
epsilon_greedy,31,40,2,0.75,0.2500105002100276,0.46875,0.250035,-4.997899724079602e-07
epsilon_greedy,31,41,1,1.0,0.9942423251770526,0.5,0.999964,-0.005712674822947461
epsilon_greedy,31,41,2,0.75,0.2500105002100276,0.46875,0.250035,-4.997899724079602e-07
epsilon_greedy,31,42,1,1.0,0.9942423251770526,0.5,0.999964,-0.005712674822947461
epsilon_greedy,31,42,2,0.75,0.2500105002100276,0.46875,0.250035,-4.997899724079602e-07
epsilon_greedy,31,43,1,1.0,0.9942423251770526,0.5,0.999964,-0.005712674822947461
epsilon_greedy,31,43,2,0.75,0.2500105002100276,0.46875,0.250035,-4.997899724079602e-07
epsilon_greedy,31,44,1,1.0,0.9942423251770526,0.5,0.999964,-0.005712674822947461
epsilon_greedy,31,44,2,0.75,0.2500105002100276,0.46875,0.250035,-4.997899724079602e-07
epsilon_greedy,31,45,1,1.0,0.9942423251770526,0.5,0.999964,-0.005712674822947461
epsilon_greedy,31,45,2,0.75,0.2500105002100276,0.46875,0.250035,-4.997899724079602e-07
epsilon_greedy,31,46,1,1.0,0.9942423251770526,0.5,0.999964,-0.005712674822947461
epsilon_greedy,31,46,2,0.75,0.2500105002100276,0.46875,0.250035,-4.997899724079602e-07
epsilon_greedy,31,47,1,1.0,0.9942423251770526,0.5,0.999964,-0.005712674822947461
epsilon_greedy,31,47,2,0.75,0.2500105002100276,0.46875,0.250035,-4.997899724079602e-07
epsilon_greedy,31,48,1,1.0,0.9942423251770526,0.5,0.999964,-0.005712674822947461
epsilon_greedy,31,48,2,0.75,0.2500105002100276,0.46875,0.250035,-4.997899724079602e-07
epsilon_greedy,31,49,1,1.0,1.0000390007740805,0.5625,0.999964,5.4000774080353864e-05
epsilon_greedy,31,49,2,0.75,0.2500105002205283,0.4375,0.2500255,-4.998004725642602e-07
epsilon_greedy,32,0,1,1.0,1.0000390007380793,0.59375,0.999967,5.40007380789298e-05
epsilon_greedy,32,0,2,0.78125,0.2500135002700101,0.53125,0.25001675,2.655121678074579e-10
epsilon_greedy,32,1,1,1.0,0.9942423251770526,0.5,0.999964,-0.005712674822947461
epsilon_greedy,32,1,2,0.75,0.2500105002100276,0.46875,0.250035,-4.997899724079602e-07
epsilon_greedy,32,2,1,1.0,0.9942423251770526,0.5,0.999964,-0.005712674822947461
epsilon_greedy,32,2,2,0.75,0.25001050021002763,0.46875,0.250035,-4.99789972352449e-07
epsilon_greedy,32,3,1,1.0,0.9942423251770526,0.5,0.999964,-0.005712674822947461
epsilon_greedy,32,3,2,0.75,0.25001050021002763,0.46875,0.250035,-4.99789972352449e-07
epsilon_greedy,32,4,1,1.0,0.9942423251770526,0.5,0.999964,-0.005712674822947461
epsilon_greedy,32,4,2,0.75,0.2500105002100276,0.46875,0.250035,-4.997899724079602e-07
epsilon_greedy,32,5,1,1.0,0.9942423251770526,0.5,0.999964,-0.005712674822947461
epsilon_greedy,32,5,2,0.75,0.2500105002100276,0.46875,0.250035,-4.997899724079602e-07
epsilon_greedy,32,6,1,1.0,0.9942423251770526,0.5,0.999964,-0.005712674822947461
epsilon_greedy,32,6,2,0.75,0.2500105002100276,0.46875,0.250035,-4.997899724079602e-07
epsilon_greedy,32,7,1,1.0,0.9942423251770526,0.5,0.999964,-0.005712674822947461
epsilon_greedy,32,7,2,0.75,0.2500105002100276,0.46875,0.250035,-4.997899724079602e-07
epsilon_greedy,32,8,1,1.0,0.9942423251770526,0.5,0.999964,-0.005712674822947461
epsilon_greedy,32,8,2,0.75,0.2500105002100276,0.46875,0.250035,-4.997899724079602e-07
epsilon_greedy,32,9,1,1.0,0.9942423251770526,0.5,0.999964,-0.005712674822947461
epsilon_greedy,32,9,2,0.75,0.2500105002100276,0.46875,0.250035,-4.997899724079602e-07
epsilon_greedy,32,10,1,1.0,0.9942423251770526,0.5,0.999964,-0.005712674822947461
epsilon_greedy,32,10,2,0.75,0.2500105002100276,0.46875,0.250035,-4.997899724079602e-07
epsilon_greedy,32,11,1,1.0,0.9942423251770526,0.5,0.999964,-0.005712674822947461
epsilon_greedy,32,11,2,0.75,0.25001050021002763,0.46875,0.250035,-4.99789972352449e-07
epsilon_greedy,32,12,1,1.0,0.9942423251770526,0.5,0.999964,-0.005712674822947461
epsilon_greedy,32,12,2,0.75,0.25001050021002763,0.46875,0.250035,-4.99789972352449e-07
epsilon_greedy,32,13,1,1.0,0.9942423251770526,0.5,0.999964,-0.005712674822947461
epsilon_greedy,32,13,2,0.75,0.2500105002100276,0.46875,0.250035,-4.997899724079602e-07
epsilon_greedy,32,14,1,1.0,0.9942423251770526,0.5,0.999964,-0.005712674822947461
epsilon_greedy,32,14,2,0.75,0.2500105002100276,0.46875,0.250035,-4.997899724079602e-07
epsilon_greedy,32,15,1,1.0,0.9942423251770526,0.5,0.999964,-0.005712674822947461
epsilon_greedy,32,15,2,0.75,0.2500105002100276,0.46875,0.250035,-4.997899724079602e-07
epsilon_greedy,32,16,1,1.0,0.9942423251770526,0.5,0.999964,-0.005712674822947461
epsilon_greedy,32,16,2,0.75,0.2500105002100276,0.46875,0.250035,-4.997899724079602e-07
epsilon_greedy,32,17,1,1.0,0.9942423251770526,0.5,0.999964,-0.005712674822947461
epsilon_greedy,32,17,2,0.75,0.2500105002100276,0.46875,0.250035,-4.997899724079602e-07
epsilon_greedy,32,18,1,1.0,0.9942423251770526,0.5,0.999964,-0.005712674822947461
epsilon_greedy,32,18,2,0.75,0.2500105002100276,0.46875,0.250035,-4.997899724079602e-07
epsilon_greedy,32,19,1,1.0,0.9942423251770526,0.5,0.999964,-0.005712674822947461
epsilon_greedy,32,19,2,0.75,0.2500105002100276,0.46875,0.250035,-4.997899724079602e-07
epsilon_greedy,32,20,1,1.0,0.9942423251770526,0.5,0.999964,-0.005712674822947461
epsilon_greedy,32,20,2,0.75,0.25001050021002763,0.46875,0.250035,-4.99789972352449e-07
epsilon_greedy,32,21,1,1.0,0.9942423251770526,0.5,0.999964,-0.005712674822947461
epsilon_greedy,32,21,2,0.75,0.25001050021002763,0.46875,0.250035,-4.99789972352449e-07
epsilon_greedy,32,22,1,1.0,0.9942423251770526,0.5,0.999964,-0.005712674822947461
epsilon_greedy,32,22,2,0.75,0.2500105002100276,0.46875,0.250035,-4.997899724079602e-07
epsilon_greedy,32,23,1,1.0,0.9942423251770526,0.5,0.999964,-0.005712674822947461
epsilon_greedy,32,23,2,0.75,0.2500105002100276,0.46875,0.250035,-4.997899724079602e-07
epsilon_greedy,32,24,1,1.0,0.9942423251770526,0.5,0.999964,-0.005712674822947461
epsilon_greedy,32,24,2,0.75,0.2500105002100276,0.46875,0.250035,-4.997899724079602e-07
epsilon_greedy,32,25,1,1.0,0.9942423251770526,0.5,0.999964,-0.005712674822947461
epsilon_greedy,32,25,2,0.75,0.2500105002100276,0.46875,0.250035,-4.997899724079602e-07
epsilon_greedy,32,26,1,1.0,0.9942423251770526,0.5,0.999964,-0.005712674822947461
epsilon_greedy,32,26,2,0.75,0.2500105002100276,0.46875,0.250035,-4.997899724079602e-07
epsilon_greedy,32,27,1,1.0,0.9942423251770526,0.5,0.999964,-0.005712674822947461
epsilon_greedy,32,27,2,0.75,0.2500105002100276,0.46875,0.250035,-4.997899724079602e-07
epsilon_greedy,32,28,1,1.0,0.9942423251770526,0.5,0.999964,-0.005712674822947461
epsilon_greedy,32,28,2,0.75,0.2500105002100276,0.46875,0.250035,-4.997899724079602e-07
epsilon_greedy,32,29,1,1.0,0.9942423251770526,0.5,0.999964,-0.005712674822947461
epsilon_greedy,32,29,2,0.75,0.2500105002100276,0.46875,0.250035,-4.997899724079602e-07
epsilon_greedy,32,30,1,1.0,0.9942423251770526,0.5,0.999964,-0.005712674822947461
epsilon_greedy,32,30,2,0.75,0.2500105002100276,0.46875,0.250035,-4.997899724079602e-07
epsilon_greedy,32,31,1,1.0,0.9942423251770526,0.5,0.999964,-0.005712674822947461
epsilon_greedy,32,31,2,0.75,0.2500105002100276,0.46875,0.250035,-4.997899724079602e-07
epsilon_greedy,32,32,1,1.0,0.9942423251770526,0.5,0.999964,-0.005712674822947461
epsilon_greedy,32,32,2,0.75,0.2500105002100276,0.46875,0.250035,-4.997899724079602e-07
epsilon_greedy,32,33,1,1.0,0.9942423251770526,0.5,0.999964,-0.005712674822947461
epsilon_greedy,32,33,2,0.75,0.2500105002100276,0.46875,0.250035,-4.997899724079602e-07
epsilon_greedy,32,34,1,1.0,0.9942423251770526,0.5,0.999964,-0.005712674822947461
epsilon_greedy,32,34,2,0.75,0.2500105002100276,0.46875,0.250035,-4.997899724079602e-07
epsilon_greedy,32,35,1,1.0,0.9942423251770526,0.5,0.999964,-0.005712674822947461
epsilon_greedy,32,35,2,0.75,0.2500105002100276,0.46875,0.250035,-4.997899724079602e-07
epsilon_greedy,32,36,1,1.0,0.9942423251770526,0.5,0.999964,-0.005712674822947461
epsilon_greedy,32,36,2,0.75,0.2500105002100276,0.46875,0.250035,-4.997899724079602e-07
epsilon_greedy,32,37,1,1.0,0.9942423251770526,0.5,0.999964,-0.005712674822947461
epsilon_greedy,32,37,2,0.75,0.2500105002100276,0.46875,0.250035,-4.997899724079602e-07
epsilon_greedy,32,38,1,1.0,0.9942423251770526,0.5,0.999964,-0.005712674822947461
epsilon_greedy,32,38,2,0.75,0.2500105002100276,0.46875,0.250035,-4.997899724079602e-07
epsilon_greedy,32,39,1,1.0,0.9942423251770526,0.5,0.999964,-0.005712674822947461
epsilon_greedy,32,39,2,0.75,0.2500105002100276,0.46875,0.250035,-4.997899724079602e-07
epsilon_greedy,32,40,1,1.0,0.9942423251770526,0.5,0.999964,-0.005712674822947461
epsilon_greedy,32,40,2,0.75,0.2500105002100276,0.46875,0.250035,-4.997899724079602e-07
epsilon_greedy,32,41,1,1.0,0.9942423251770526,0.5,0.999964,-0.005712674822947461
epsilon_greedy,32,41,2,0.75,0.2500105002100276,0.46875,0.250035,-4.997899724079602e-07
epsilon_greedy,32,42,1,1.0,0.9942423251770526,0.5,0.999964,-0.005712674822947461
epsilon_greedy,32,42,2,0.75,0.2500105002100276,0.46875,0.250035,-4.997899724079602e-07
epsilon_greedy,32,43,1,1.0,0.9942423251770526,0.5,0.999964,-0.005712674822947461
epsilon_greedy,32,43,2,0.75,0.2500105002100276,0.46875,0.250035,-4.997899724079602e-07
epsilon_greedy,32,44,1,1.0,0.9942423251770526,0.5,0.999964,-0.005712674822947461
epsilon_greedy,32,44,2,0.75,0.2500105002100276,0.46875,0.250035,-4.997899724079602e-07
epsilon_greedy,32,45,1,1.0,0.9942423251770526,0.5,0.999964,-0.005712674822947461
epsilon_greedy,32,45,2,0.75,0.2500105002100276,0.46875,0.250035,-4.997899724079602e-07
epsilon_greedy,32,46,1,1.0,0.9942423251770526,0.5,0.999964,-0.005712674822947461
epsilon_greedy,32,46,2,0.75,0.2500105002100276,0.46875,0.250035,-4.997899724079602e-07
epsilon_greedy,32,47,1,1.0,0.9942423251770526,0.5,0.999964,-0.005712674822947461
epsilon_greedy,32,47,2,0.75,0.2500105002100276,0.46875,0.250035,-4.997899724079602e-07
epsilon_greedy,32,48,1,1.0,0.9942423251770526,0.5,0.999964,-0.005712674822947461
epsilon_greedy,32,48,2,0.75,0.2500105002100276,0.46875,0.250035,-4.997899724079602e-07
epsilon_greedy,32,49,1,1.0,1.0000390007740805,0.5625,0.999964,5.4000774080353864e-05
epsilon_greedy,32,49,2,0.75,0.2500105002205283,0.4375,0.2500255,-4.998004725642602e-07
epsilon_greedy,33,0,1,1.0,1.0000390007380793,0.59375,0.999967,5.40007380789298e-05
epsilon_greedy,33,0,2,0.78125,0.2500135002700101,0.53125,0.25001675,2.655121678074579e-10
epsilon_greedy,33,1,1,1.0,0.9942423251770526,0.5,0.999964,-0.005712674822947461
epsilon_greedy,33,1,2,0.75,0.2500105002100276,0.46875,0.250035,-4.997899724079602e-07
epsilon_greedy,33,2,1,1.0,0.9942423251770526,0.5,0.999964,-0.005712674822947461
epsilon_greedy,33,2,2,0.75,0.25001050021002763,0.46875,0.250035,-4.99789972352449e-07
epsilon_greedy,33,3,1,1.0,0.9942423251770526,0.5,0.999964,-0.005712674822947461
epsilon_greedy,33,3,2,0.75,0.25001050021002763,0.46875,0.250035,-4.99789972352449e-07
epsilon_greedy,33,4,1,1.0,0.9942423251770526,0.5,0.999964,-0.005712674822947461
epsilon_greedy,33,4,2,0.75,0.2500105002100276,0.46875,0.250035,-4.997899724079602e-07
epsilon_greedy,33,5,1,1.0,0.9942423251770526,0.5,0.999964,-0.005712674822947461
epsilon_greedy,33,5,2,0.75,0.2500105002100276,0.46875,0.250035,-4.997899724079602e-07
epsilon_greedy,33,6,1,1.0,0.9942423251770526,0.5,0.999964,-0.005712674822947461
epsilon_greedy,33,6,2,0.75,0.2500105002100276,0.46875,0.250035,-4.997899724079602e-07
epsilon_greedy,33,7,1,1.0,0.9942423251770526,0.5,0.999964,-0.005712674822947461
epsilon_greedy,33,7,2,0.75,0.2500105002100276,0.46875,0.250035,-4.997899724079602e-07
epsilon_greedy,33,8,1,1.0,0.9942423251770526,0.5,0.999964,-0.005712674822947461
epsilon_greedy,33,8,2,0.75,0.2500105002100276,0.46875,0.250035,-4.997899724079602e-07
epsilon_greedy,33,9,1,1.0,0.9942423251770526,0.5,0.999964,-0.005712674822947461
epsilon_greedy,33,9,2,0.75,0.2500105002100276,0.46875,0.250035,-4.997899724079602e-07
epsilon_greedy,33,10,1,1.0,0.9942423251770526,0.5,0.999964,-0.005712674822947461
epsilon_greedy,33,10,2,0.75,0.2500105002100276,0.46875,0.250035,-4.997899724079602e-07
epsilon_greedy,33,11,1,1.0,0.9942423251770526,0.5,0.999964,-0.005712674822947461
epsilon_greedy,33,11,2,0.75,0.25001050021002763,0.46875,0.250035,-4.99789972352449e-07
epsilon_greedy,33,12,1,1.0,0.9942423251770526,0.5,0.999964,-0.005712674822947461
epsilon_greedy,33,12,2,0.75,0.25001050021002763,0.46875,0.250035,-4.99789972352449e-07
epsilon_greedy,33,13,1,1.0,0.9942423251770526,0.5,0.999964,-0.005712674822947461
epsilon_greedy,33,13,2,0.75,0.2500105002100276,0.46875,0.250035,-4.997899724079602e-07
epsilon_greedy,33,14,1,1.0,0.9942423251770526,0.5,0.999964,-0.005712674822947461
epsilon_greedy,33,14,2,0.75,0.2500105002100276,0.46875,0.250035,-4.997899724079602e-07
epsilon_greedy,33,15,1,1.0,0.9942423251770526,0.5,0.999964,-0.005712674822947461
epsilon_greedy,33,15,2,0.75,0.2500105002100276,0.46875,0.250035,-4.997899724079602e-07
epsilon_greedy,33,16,1,1.0,0.9942423251770526,0.5,0.999964,-0.005712674822947461
epsilon_greedy,33,16,2,0.75,0.2500105002100276,0.46875,0.250035,-4.997899724079602e-07
epsilon_greedy,33,17,1,1.0,0.9942423251770526,0.5,0.999964,-0.005712674822947461
epsilon_greedy,33,17,2,0.75,0.2500105002100276,0.46875,0.250035,-4.997899724079602e-07
epsilon_greedy,33,18,1,1.0,0.9942423251770526,0.5,0.999964,-0.005712674822947461
epsilon_greedy,33,18,2,0.75,0.2500105002100276,0.46875,0.250035,-4.997899724079602e-07
epsilon_greedy,33,19,1,1.0,0.9942423251770526,0.5,0.999964,-0.005712674822947461
epsilon_greedy,33,19,2,0.75,0.2500105002100276,0.46875,0.250035,-4.997899724079602e-07
epsilon_greedy,33,20,1,1.0,0.9942423251770526,0.5,0.999964,-0.005712674822947461
epsilon_greedy,33,20,2,0.75,0.25001050021002763,0.46875,0.250035,-4.99789972352449e-07
epsilon_greedy,33,21,1,1.0,0.9942423251770526,0.5,0.999964,-0.005712674822947461
epsilon_greedy,33,21,2,0.75,0.25001050021002763,0.46875,0.250035,-4.99789972352449e-07
epsilon_greedy,33,22,1,1.0,0.9942423251770526,0.5,0.999964,-0.005712674822947461
epsilon_greedy,33,22,2,0.75,0.2500105002100276,0.46875,0.250035,-4.997899724079602e-07
epsilon_greedy,33,23,1,1.0,0.9942423251770526,0.5,0.999964,-0.005712674822947461
epsilon_greedy,33,23,2,0.75,0.2500105002100276,0.46875,0.250035,-4.997899724079602e-07
epsilon_greedy,33,24,1,1.0,0.9942423251770526,0.5,0.999964,-0.005712674822947461
epsilon_greedy,33,24,2,0.75,0.2500105002100276,0.46875,0.250035,-4.997899724079602e-07
epsilon_greedy,33,25,1,1.0,0.9942423251770526,0.5,0.999964,-0.005712674822947461
epsilon_greedy,33,25,2,0.75,0.2500105002100276,0.46875,0.250035,-4.997899724079602e-07
epsilon_greedy,33,26,1,1.0,0.9942423251770526,0.5,0.999964,-0.005712674822947461
epsilon_greedy,33,26,2,0.75,0.2500105002100276,0.46875,0.250035,-4.997899724079602e-07
epsilon_greedy,33,27,1,1.0,0.9942423251770526,0.5,0.999964,-0.005712674822947461
epsilon_greedy,33,27,2,0.75,0.2500105002100276,0.46875,0.250035,-4.997899724079602e-07
epsilon_greedy,33,28,1,1.0,0.9942423251770526,0.5,0.999964,-0.005712674822947461
epsilon_greedy,33,28,2,0.75,0.2500105002100276,0.46875,0.250035,-4.997899724079602e-07
epsilon_greedy,33,29,1,1.0,0.9942423251770526,0.5,0.999964,-0.005712674822947461
epsilon_greedy,33,29,2,0.75,0.2500105002100276,0.46875,0.250035,-4.997899724079602e-07
epsilon_greedy,33,30,1,1.0,0.9942423251770526,0.5,0.999964,-0.005712674822947461
epsilon_greedy,33,30,2,0.75,0.2500105002100276,0.46875,0.250035,-4.997899724079602e-07
epsilon_greedy,33,31,1,1.0,0.9942423251770526,0.5,0.999964,-0.005712674822947461
epsilon_greedy,33,31,2,0.75,0.2500105002100276,0.46875,0.250035,-4.997899724079602e-07
epsilon_greedy,33,32,1,1.0,0.9942423251770526,0.5,0.999964,-0.005712674822947461
epsilon_greedy,33,32,2,0.75,0.2500105002100276,0.46875,0.250035,-4.997899724079602e-07
epsilon_greedy,33,33,1,1.0,0.9942423251770526,0.5,0.999964,-0.005712674822947461
epsilon_greedy,33,33,2,0.75,0.2500105002100276,0.46875,0.250035,-4.997899724079602e-07
epsilon_greedy,33,34,1,1.0,0.9942423251770526,0.5,0.999964,-0.005712674822947461
epsilon_greedy,33,34,2,0.75,0.2500105002100276,0.46875,0.250035,-4.997899724079602e-07
epsilon_greedy,33,35,1,1.0,0.9942423251770526,0.5,0.999964,-0.005712674822947461
epsilon_greedy,33,35,2,0.75,0.2500105002100276,0.46875,0.250035,-4.997899724079602e-07
epsilon_greedy,33,36,1,1.0,0.9942423251770526,0.5,0.999964,-0.005712674822947461
epsilon_greedy,33,36,2,0.75,0.2500105002100276,0.46875,0.250035,-4.997899724079602e-07
epsilon_greedy,33,37,1,1.0,0.9942423251770526,0.5,0.999964,-0.005712674822947461
epsilon_greedy,33,37,2,0.75,0.2500105002100276,0.46875,0.250035,-4.997899724079602e-07
epsilon_greedy,33,38,1,1.0,0.9942423251770526,0.5,0.999964,-0.005712674822947461
epsilon_greedy,33,38,2,0.75,0.2500105002100276,0.46875,0.250035,-4.997899724079602e-07
epsilon_greedy,33,39,1,1.0,0.9942423251770526,0.5,0.999964,-0.005712674822947461
epsilon_greedy,33,39,2,0.75,0.2500105002100276,0.46875,0.250035,-4.997899724079602e-07
epsilon_greedy,33,40,1,1.0,0.9942423251770526,0.5,0.999964,-0.005712674822947461
epsilon_greedy,33,40,2,0.75,0.2500105002100276,0.46875,0.250035,-4.997899724079602e-07
epsilon_greedy,33,41,1,1.0,0.9942423251770526,0.5,0.999964,-0.005712674822947461
epsilon_greedy,33,41,2,0.75,0.2500105002100276,0.46875,0.250035,-4.997899724079602e-07
epsilon_greedy,33,42,1,1.0,0.9942423251770526,0.5,0.999964,-0.005712674822947461
epsilon_greedy,33,42,2,0.75,0.2500105002100276,0.46875,0.250035,-4.997899724079602e-07
epsilon_greedy,33,43,1,1.0,0.9942423251770526,0.5,0.999964,-0.005712674822947461
epsilon_greedy,33,43,2,0.75,0.2500105002100276,0.46875,0.250035,-4.997899724079602e-07
epsilon_greedy,33,44,1,1.0,0.9942423251770526,0.5,0.999964,-0.005712674822947461
epsilon_greedy,33,44,2,0.75,0.2500105002100276,0.46875,0.250035,-4.997899724079602e-07
epsilon_greedy,33,45,1,1.0,0.9942423251770526,0.5,0.999964,-0.005712674822947461
epsilon_greedy,33,45,2,0.75,0.2500105002100276,0.46875,0.250035,-4.997899724079602e-07
epsilon_greedy,33,46,1,1.0,0.9942423251770526,0.5,0.999964,-0.005712674822947461
epsilon_greedy,33,46,2,0.75,0.2500105002100276,0.46875,0.250035,-4.997899724079602e-07
epsilon_greedy,33,47,1,1.0,0.9942423251770526,0.5,0.999964,-0.005712674822947461
epsilon_greedy,33,47,2,0.75,0.2500105002100276,0.46875,0.250035,-4.997899724079602e-07
epsilon_greedy,33,48,1,1.0,0.9942423251770526,0.5,0.999964,-0.005712674822947461
epsilon_greedy,33,48,2,0.75,0.2500105002100276,0.46875,0.250035,-4.997899724079602e-07
epsilon_greedy,33,49,1,1.0,1.0000390007740805,0.5625,0.999964,5.4000774080353864e-05
epsilon_greedy,33,49,2,0.75,0.2500105002205283,0.4375,0.2500255,-4.998004725642602e-07
epsilon_greedy,34,0,1,1.0,1.0000390007380793,0.59375,0.999967,5.40007380789298e-05
epsilon_greedy,34,0,2,0.78125,0.2500135002700101,0.53125,0.25001675,2.655121678074579e-10
epsilon_greedy,34,1,1,1.0,0.9942423251770526,0.5,0.999964,-0.005712674822947461
epsilon_greedy,34,1,2,0.75,0.2500105002100276,0.46875,0.250035,-4.997899724079602e-07
epsilon_greedy,34,2,1,1.0,0.9942423251770526,0.5,0.999964,-0.005712674822947461
epsilon_greedy,34,2,2,0.75,0.25001050021002763,0.46875,0.250035,-4.99789972352449e-07
epsilon_greedy,34,3,1,1.0,0.9942423251770526,0.5,0.999964,-0.005712674822947461
epsilon_greedy,34,3,2,0.75,0.25001050021002763,0.46875,0.250035,-4.99789972352449e-07
epsilon_greedy,34,4,1,1.0,0.9942423251770526,0.5,0.999964,-0.005712674822947461
epsilon_greedy,34,4,2,0.75,0.2500105002100276,0.46875,0.250035,-4.997899724079602e-07
epsilon_greedy,34,5,1,1.0,0.9942423251770526,0.5,0.999964,-0.005712674822947461
epsilon_greedy,34,5,2,0.75,0.2500105002100276,0.46875,0.250035,-4.997899724079602e-07
epsilon_greedy,34,6,1,1.0,0.9942423251770526,0.5,0.999964,-0.005712674822947461
epsilon_greedy,34,6,2,0.75,0.2500105002100276,0.46875,0.250035,-4.997899724079602e-07
epsilon_greedy,34,7,1,1.0,0.9942423251770526,0.5,0.999964,-0.005712674822947461
epsilon_greedy,34,7,2,0.75,0.2500105002100276,0.46875,0.250035,-4.997899724079602e-07
epsilon_greedy,34,8,1,1.0,0.9942423251770526,0.5,0.999964,-0.005712674822947461
epsilon_greedy,34,8,2,0.75,0.2500105002100276,0.46875,0.250035,-4.997899724079602e-07
epsilon_greedy,34,9,1,1.0,0.9942423251770526,0.5,0.999964,-0.005712674822947461
epsilon_greedy,34,9,2,0.75,0.2500105002100276,0.46875,0.250035,-4.997899724079602e-07
epsilon_greedy,34,10,1,1.0,0.9942423251770526,0.5,0.999964,-0.005712674822947461
epsilon_greedy,34,10,2,0.75,0.2500105002100276,0.46875,0.250035,-4.997899724079602e-07
epsilon_greedy,34,11,1,1.0,0.9942423251770526,0.5,0.999964,-0.005712674822947461
epsilon_greedy,34,11,2,0.75,0.25001050021002763,0.46875,0.250035,-4.99789972352449e-07
epsilon_greedy,34,12,1,1.0,0.9942423251770526,0.5,0.999964,-0.005712674822947461
epsilon_greedy,34,12,2,0.75,0.25001050021002763,0.46875,0.250035,-4.99789972352449e-07
epsilon_greedy,34,13,1,1.0,0.9942423251770526,0.5,0.999964,-0.005712674822947461
epsilon_greedy,34,13,2,0.75,0.2500105002100276,0.46875,0.250035,-4.997899724079602e-07
epsilon_greedy,34,14,1,1.0,0.9942423251770526,0.5,0.999964,-0.005712674822947461
epsilon_greedy,34,14,2,0.75,0.2500105002100276,0.46875,0.250035,-4.997899724079602e-07
epsilon_greedy,34,15,1,1.0,0.9942423251770526,0.5,0.999964,-0.005712674822947461
epsilon_greedy,34,15,2,0.75,0.2500105002100276,0.46875,0.250035,-4.997899724079602e-07
epsilon_greedy,34,16,1,1.0,0.9942423251770526,0.5,0.999964,-0.005712674822947461
epsilon_greedy,34,16,2,0.75,0.2500105002100276,0.46875,0.250035,-4.997899724079602e-07
epsilon_greedy,34,17,1,1.0,0.9942423251770526,0.5,0.999964,-0.005712674822947461
epsilon_greedy,34,17,2,0.75,0.2500105002100276,0.46875,0.250035,-4.997899724079602e-07
epsilon_greedy,34,18,1,1.0,0.9942423251770526,0.5,0.999964,-0.005712674822947461
epsilon_greedy,34,18,2,0.75,0.2500105002100276,0.46875,0.250035,-4.997899724079602e-07
epsilon_greedy,34,19,1,1.0,0.9942423251770526,0.5,0.999964,-0.005712674822947461
epsilon_greedy,34,19,2,0.75,0.2500105002100276,0.46875,0.250035,-4.997899724079602e-07
epsilon_greedy,34,20,1,1.0,0.9942423251770526,0.5,0.999964,-0.005712674822947461
epsilon_greedy,34,20,2,0.75,0.25001050021002763,0.46875,0.250035,-4.99789972352449e-07
epsilon_greedy,34,21,1,1.0,0.9942423251770526,0.5,0.999964,-0.005712674822947461
epsilon_greedy,34,21,2,0.75,0.25001050021002763,0.46875,0.250035,-4.99789972352449e-07
epsilon_greedy,34,22,1,1.0,0.9942423251770526,0.5,0.999964,-0.005712674822947461
epsilon_greedy,34,22,2,0.75,0.2500105002100276,0.46875,0.250035,-4.997899724079602e-07
epsilon_greedy,34,23,1,1.0,0.9942423251770526,0.5,0.999964,-0.005712674822947461
epsilon_greedy,34,23,2,0.75,0.2500105002100276,0.46875,0.250035,-4.997899724079602e-07
epsilon_greedy,34,24,1,1.0,0.9942423251770526,0.5,0.999964,-0.005712674822947461
epsilon_greedy,34,24,2,0.75,0.2500105002100276,0.46875,0.250035,-4.997899724079602e-07
epsilon_greedy,34,25,1,1.0,0.9942423251770526,0.5,0.999964,-0.005712674822947461
epsilon_greedy,34,25,2,0.75,0.2500105002100276,0.46875,0.250035,-4.997899724079602e-07
epsilon_greedy,34,26,1,1.0,0.9942423251770526,0.5,0.999964,-0.005712674822947461
epsilon_greedy,34,26,2,0.75,0.2500105002100276,0.46875,0.250035,-4.997899724079602e-07
epsilon_greedy,34,27,1,1.0,0.9942423251770526,0.5,0.999964,-0.005712674822947461
epsilon_greedy,34,27,2,0.75,0.2500105002100276,0.46875,0.250035,-4.997899724079602e-07
epsilon_greedy,34,28,1,1.0,0.9942423251770526,0.5,0.999964,-0.005712674822947461
epsilon_greedy,34,28,2,0.75,0.2500105002100276,0.46875,0.250035,-4.997899724079602e-07
epsilon_greedy,34,29,1,1.0,0.9942423251770526,0.5,0.999964,-0.005712674822947461
epsilon_greedy,34,29,2,0.75,0.2500105002100276,0.46875,0.250035,-4.997899724079602e-07
epsilon_greedy,34,30,1,1.0,0.9942423251770526,0.5,0.999964,-0.005712674822947461
epsilon_greedy,34,30,2,0.75,0.2500105002100276,0.46875,0.250035,-4.997899724079602e-07
epsilon_greedy,34,31,1,1.0,0.9942423251770526,0.5,0.999964,-0.005712674822947461
epsilon_greedy,34,31,2,0.75,0.2500105002100276,0.46875,0.250035,-4.997899724079602e-07
epsilon_greedy,34,32,1,1.0,0.9942423251770526,0.5,0.999964,-0.005712674822947461
epsilon_greedy,34,32,2,0.75,0.2500105002100276,0.46875,0.250035,-4.997899724079602e-07
epsilon_greedy,34,33,1,1.0,0.9942423251770526,0.5,0.999964,-0.005712674822947461
epsilon_greedy,34,33,2,0.75,0.2500105002100276,0.46875,0.250035,-4.997899724079602e-07
epsilon_greedy,34,34,1,1.0,0.9942423251770526,0.5,0.999964,-0.005712674822947461
epsilon_greedy,34,34,2,0.75,0.2500105002100276,0.46875,0.250035,-4.997899724079602e-07
epsilon_greedy,34,35,1,1.0,0.9942423251770526,0.5,0.999964,-0.005712674822947461
epsilon_greedy,34,35,2,0.75,0.2500105002100276,0.46875,0.250035,-4.997899724079602e-07
epsilon_greedy,34,36,1,1.0,0.9942423251770526,0.5,0.999964,-0.005712674822947461
epsilon_greedy,34,36,2,0.75,0.2500105002100276,0.46875,0.250035,-4.997899724079602e-07
epsilon_greedy,34,37,1,1.0,0.9942423251770526,0.5,0.999964,-0.005712674822947461
epsilon_greedy,34,37,2,0.75,0.2500105002100276,0.46875,0.250035,-4.997899724079602e-07
epsilon_greedy,34,38,1,1.0,0.9942423251770526,0.5,0.999964,-0.005712674822947461
epsilon_greedy,34,38,2,0.75,0.2500105002100276,0.46875,0.250035,-4.997899724079602e-07
epsilon_greedy,34,39,1,1.0,0.9942423251770526,0.5,0.999964,-0.005712674822947461
epsilon_greedy,34,39,2,0.75,0.2500105002100276,0.46875,0.250035,-4.997899724079602e-07
epsilon_greedy,34,40,1,1.0,0.9942423251770526,0.5,0.999964,-0.005712674822947461
epsilon_greedy,34,40,2,0.75,0.2500105002100276,0.46875,0.250035,-4.997899724079602e-07
epsilon_greedy,34,41,1,1.0,0.9942423251770526,0.5,0.999964,-0.005712674822947461
epsilon_greedy,34,41,2,0.75,0.2500105002100276,0.46875,0.250035,-4.997899724079602e-07
epsilon_greedy,34,42,1,1.0,0.9942423251770526,0.5,0.999964,-0.005712674822947461
epsilon_greedy,34,42,2,0.75,0.2500105002100276,0.46875,0.250035,-4.997899724079602e-07
epsilon_greedy,34,43,1,1.0,0.9942423251770526,0.5,0.999964,-0.005712674822947461
epsilon_greedy,34,43,2,0.75,0.2500105002100276,0.46875,0.250035,-4.997899724079602e-07
epsilon_greedy,34,44,1,1.0,0.9942423251770526,0.5,0.999964,-0.005712674822947461
epsilon_greedy,34,44,2,0.75,0.2500105002100276,0.46875,0.250035,-4.997899724079602e-07
epsilon_greedy,34,45,1,1.0,0.9942423251770526,0.5,0.999964,-0.005712674822947461
epsilon_greedy,34,45,2,0.75,0.2500105002100276,0.46875,0.250035,-4.997899724079602e-07
epsilon_greedy,34,46,1,1.0,0.9942423251770526,0.5,0.999964,-0.005712674822947461
epsilon_greedy,34,46,2,0.75,0.2500105002100276,0.46875,0.250035,-4.997899724079602e-07
epsilon_greedy,34,47,1,1.0,0.9942423251770526,0.5,0.999964,-0.005712674822947461
epsilon_greedy,34,47,2,0.75,0.2500105002100276,0.46875,0.250035,-4.997899724079602e-07
epsilon_greedy,34,48,1,1.0,0.9942423251770526,0.5,0.999964,-0.005712674822947461
epsilon_greedy,34,48,2,0.75,0.2500105002100276,0.46875,0.250035,-4.997899724079602e-07
epsilon_greedy,34,49,1,1.0,1.0000390007740805,0.5625,0.999964,5.4000774080353864e-05
epsilon_greedy,34,49,2,0.75,0.2500105002205283,0.4375,0.2500255,-4.998004725642602e-07
epsilon_greedy,35,0,1,1.0,1.0000390007380793,0.59375,0.999967,5.40007380789298e-05
epsilon_greedy,35,0,2,0.78125,0.2500135002700101,0.53125,0.25001675,2.655121678074579e-10
epsilon_greedy,35,1,1,1.0,0.9942423251770526,0.5,0.999964,-0.005712674822947461
epsilon_greedy,35,1,2,0.75,0.2500105002100276,0.46875,0.250035,-4.997899724079602e-07
epsilon_greedy,35,2,1,1.0,0.9942423251770526,0.5,0.999964,-0.005712674822947461
epsilon_greedy,35,2,2,0.75,0.25001050021002763,0.46875,0.250035,-4.99789972352449e-07
epsilon_greedy,35,3,1,1.0,0.9942423251770526,0.5,0.999964,-0.005712674822947461
epsilon_greedy,35,3,2,0.75,0.25001050021002763,0.46875,0.250035,-4.99789972352449e-07
epsilon_greedy,35,4,1,1.0,0.9942423251770526,0.5,0.999964,-0.005712674822947461
epsilon_greedy,35,4,2,0.75,0.2500105002100276,0.46875,0.250035,-4.997899724079602e-07
epsilon_greedy,35,5,1,1.0,0.9942423251770526,0.5,0.999964,-0.005712674822947461
epsilon_greedy,35,5,2,0.75,0.2500105002100276,0.46875,0.250035,-4.997899724079602e-07
epsilon_greedy,35,6,1,1.0,0.9942423251770526,0.5,0.999964,-0.005712674822947461
epsilon_greedy,35,6,2,0.75,0.2500105002100276,0.46875,0.250035,-4.997899724079602e-07
epsilon_greedy,35,7,1,1.0,0.9942423251770526,0.5,0.999964,-0.005712674822947461
epsilon_greedy,35,7,2,0.75,0.2500105002100276,0.46875,0.250035,-4.997899724079602e-07
epsilon_greedy,35,8,1,1.0,0.9942423251770526,0.5,0.999964,-0.005712674822947461
epsilon_greedy,35,8,2,0.75,0.2500105002100276,0.46875,0.250035,-4.997899724079602e-07
epsilon_greedy,35,9,1,1.0,0.9942423251770526,0.5,0.999964,-0.005712674822947461
epsilon_greedy,35,9,2,0.75,0.2500105002100276,0.46875,0.250035,-4.997899724079602e-07
epsilon_greedy,35,10,1,1.0,0.9942423251770526,0.5,0.999964,-0.005712674822947461
epsilon_greedy,35,10,2,0.75,0.2500105002100276,0.46875,0.250035,-4.997899724079602e-07
epsilon_greedy,35,11,1,1.0,0.9942423251770526,0.5,0.999964,-0.005712674822947461
epsilon_greedy,35,11,2,0.75,0.25001050021002763,0.46875,0.250035,-4.99789972352449e-07
epsilon_greedy,35,12,1,1.0,0.9942423251770526,0.5,0.999964,-0.005712674822947461
epsilon_greedy,35,12,2,0.75,0.25001050021002763,0.46875,0.250035,-4.99789972352449e-07
epsilon_greedy,35,13,1,1.0,0.9942423251770526,0.5,0.999964,-0.005712674822947461
epsilon_greedy,35,13,2,0.75,0.2500105002100276,0.46875,0.250035,-4.997899724079602e-07
epsilon_greedy,35,14,1,1.0,0.9942423251770526,0.5,0.999964,-0.005712674822947461
epsilon_greedy,35,14,2,0.75,0.2500105002100276,0.46875,0.250035,-4.997899724079602e-07
epsilon_greedy,35,15,1,1.0,0.9942423251770526,0.5,0.999964,-0.005712674822947461
epsilon_greedy,35,15,2,0.75,0.2500105002100276,0.46875,0.250035,-4.997899724079602e-07
epsilon_greedy,35,16,1,1.0,0.9942423251770526,0.5,0.999964,-0.005712674822947461
epsilon_greedy,35,16,2,0.75,0.2500105002100276,0.46875,0.250035,-4.997899724079602e-07
epsilon_greedy,35,17,1,1.0,0.9942423251770526,0.5,0.999964,-0.005712674822947461
epsilon_greedy,35,17,2,0.75,0.2500105002100276,0.46875,0.250035,-4.997899724079602e-07
epsilon_greedy,35,18,1,1.0,0.9942423251770526,0.5,0.999964,-0.005712674822947461
epsilon_greedy,35,18,2,0.75,0.2500105002100276,0.46875,0.250035,-4.997899724079602e-07
epsilon_greedy,35,19,1,1.0,0.9942423251770526,0.5,0.999964,-0.005712674822947461
epsilon_greedy,35,19,2,0.75,0.2500105002100276,0.46875,0.250035,-4.997899724079602e-07
epsilon_greedy,35,20,1,1.0,0.9942423251770526,0.5,0.999964,-0.005712674822947461
epsilon_greedy,35,20,2,0.75,0.25001050021002763,0.46875,0.250035,-4.99789972352449e-07
epsilon_greedy,35,21,1,1.0,0.9942423251770526,0.5,0.999964,-0.005712674822947461
epsilon_greedy,35,21,2,0.75,0.25001050021002763,0.46875,0.250035,-4.99789972352449e-07
epsilon_greedy,35,22,1,1.0,0.9942423251770526,0.5,0.999964,-0.005712674822947461
epsilon_greedy,35,22,2,0.75,0.2500105002100276,0.46875,0.250035,-4.997899724079602e-07
epsilon_greedy,35,23,1,1.0,0.9942423251770526,0.5,0.999964,-0.005712674822947461
epsilon_greedy,35,23,2,0.75,0.2500105002100276,0.46875,0.250035,-4.997899724079602e-07
epsilon_greedy,35,24,1,1.0,0.9942423251770526,0.5,0.999964,-0.005712674822947461
epsilon_greedy,35,24,2,0.75,0.2500105002100276,0.46875,0.250035,-4.997899724079602e-07
epsilon_greedy,35,25,1,1.0,0.9942423251770526,0.5,0.999964,-0.005712674822947461
epsilon_greedy,35,25,2,0.75,0.2500105002100276,0.46875,0.250035,-4.997899724079602e-07
epsilon_greedy,35,26,1,1.0,0.9942423251770526,0.5,0.999964,-0.005712674822947461
epsilon_greedy,35,26,2,0.75,0.2500105002100276,0.46875,0.250035,-4.997899724079602e-07
epsilon_greedy,35,27,1,1.0,0.9942423251770526,0.5,0.999964,-0.005712674822947461
epsilon_greedy,35,27,2,0.75,0.2500105002100276,0.46875,0.250035,-4.997899724079602e-07
epsilon_greedy,35,28,1,1.0,0.9942423251770526,0.5,0.999964,-0.005712674822947461
epsilon_greedy,35,28,2,0.75,0.2500105002100276,0.46875,0.250035,-4.997899724079602e-07
epsilon_greedy,35,29,1,1.0,0.9942423251770526,0.5,0.999964,-0.005712674822947461
epsilon_greedy,35,29,2,0.75,0.2500105002100276,0.46875,0.250035,-4.997899724079602e-07
epsilon_greedy,35,30,1,1.0,0.9942423251770526,0.5,0.999964,-0.005712674822947461
epsilon_greedy,35,30,2,0.75,0.2500105002100276,0.46875,0.250035,-4.997899724079602e-07
epsilon_greedy,35,31,1,1.0,0.9942423251770526,0.5,0.999964,-0.005712674822947461
epsilon_greedy,35,31,2,0.75,0.2500105002100276,0.46875,0.250035,-4.997899724079602e-07
epsilon_greedy,35,32,1,1.0,0.9942423251770526,0.5,0.999964,-0.005712674822947461
epsilon_greedy,35,32,2,0.75,0.2500105002100276,0.46875,0.250035,-4.997899724079602e-07
epsilon_greedy,35,33,1,1.0,0.9942423251770526,0.5,0.999964,-0.005712674822947461
epsilon_greedy,35,33,2,0.75,0.2500105002100276,0.46875,0.250035,-4.997899724079602e-07
epsilon_greedy,35,34,1,1.0,0.9942423251770526,0.5,0.999964,-0.005712674822947461
epsilon_greedy,35,34,2,0.75,0.2500105002100276,0.46875,0.250035,-4.997899724079602e-07
epsilon_greedy,35,35,1,1.0,0.9942423251770526,0.5,0.999964,-0.005712674822947461
epsilon_greedy,35,35,2,0.75,0.2500105002100276,0.46875,0.250035,-4.997899724079602e-07
epsilon_greedy,35,36,1,1.0,0.9942423251770526,0.5,0.999964,-0.005712674822947461
epsilon_greedy,35,36,2,0.75,0.2500105002100276,0.46875,0.250035,-4.997899724079602e-07
epsilon_greedy,35,37,1,1.0,0.9942423251770526,0.5,0.999964,-0.005712674822947461
epsilon_greedy,35,37,2,0.75,0.2500105002100276,0.46875,0.250035,-4.997899724079602e-07
epsilon_greedy,35,38,1,1.0,0.9942423251770526,0.5,0.999964,-0.005712674822947461
epsilon_greedy,35,38,2,0.75,0.2500105002100276,0.46875,0.250035,-4.997899724079602e-07
epsilon_greedy,35,39,1,1.0,0.9942423251770526,0.5,0.999964,-0.005712674822947461
epsilon_greedy,35,39,2,0.75,0.2500105002100276,0.46875,0.250035,-4.997899724079602e-07
epsilon_greedy,35,40,1,1.0,0.9942423251770526,0.5,0.999964,-0.005712674822947461
epsilon_greedy,35,40,2,0.75,0.2500105002100276,0.46875,0.250035,-4.997899724079602e-07
epsilon_greedy,35,41,1,1.0,0.9942423251770526,0.5,0.999964,-0.005712674822947461
epsilon_greedy,35,41,2,0.75,0.2500105002100276,0.46875,0.250035,-4.997899724079602e-07
epsilon_greedy,35,42,1,1.0,0.9942423251770526,0.5,0.999964,-0.005712674822947461
epsilon_greedy,35,42,2,0.75,0.2500105002100276,0.46875,0.250035,-4.997899724079602e-07
epsilon_greedy,35,43,1,1.0,0.9942423251770526,0.5,0.999964,-0.005712674822947461
epsilon_greedy,35,43,2,0.75,0.2500105002100276,0.46875,0.250035,-4.997899724079602e-07
epsilon_greedy,35,44,1,1.0,0.9942423251770526,0.5,0.999964,-0.005712674822947461
epsilon_greedy,35,44,2,0.75,0.2500105002100276,0.46875,0.250035,-4.997899724079602e-07
epsilon_greedy,35,45,1,1.0,0.9942423251770526,0.5,0.999964,-0.005712674822947461
epsilon_greedy,35,45,2,0.75,0.2500105002100276,0.46875,0.250035,-4.997899724079602e-07
epsilon_greedy,35,46,1,1.0,0.9942423251770526,0.5,0.999964,-0.005712674822947461
epsilon_greedy,35,46,2,0.75,0.2500105002100276,0.46875,0.250035,-4.997899724079602e-07
epsilon_greedy,35,47,1,1.0,0.9942423251770526,0.5,0.999964,-0.005712674822947461
epsilon_greedy,35,47,2,0.75,0.2500105002100276,0.46875,0.250035,-4.997899724079602e-07
epsilon_greedy,35,48,1,1.0,0.9942423251770526,0.5,0.999964,-0.005712674822947461
epsilon_greedy,35,48,2,0.75,0.2500105002100276,0.46875,0.250035,-4.997899724079602e-07
epsilon_greedy,35,49,1,1.0,1.0000390007740805,0.5625,0.999964,5.4000774080353864e-05
epsilon_greedy,35,49,2,0.75,0.2500105002205283,0.4375,0.2500255,-4.998004725642602e-07
epsilon_greedy,36,0,1,1.0,1.0000390007380793,0.59375,0.999967,5.40007380789298e-05
epsilon_greedy,36,0,2,0.78125,0.2500135002700101,0.53125,0.25001675,2.655121678074579e-10
epsilon_greedy,36,1,1,1.0,0.9942423251770526,0.5,0.999964,-0.005712674822947461
epsilon_greedy,36,1,2,0.75,0.2500105002100276,0.46875,0.250035,-4.997899724079602e-07
epsilon_greedy,36,2,1,1.0,0.9942423251770526,0.5,0.999964,-0.005712674822947461
epsilon_greedy,36,2,2,0.75,0.25001050021002763,0.46875,0.250035,-4.99789972352449e-07
epsilon_greedy,36,3,1,1.0,0.9942423251770526,0.5,0.999964,-0.005712674822947461
epsilon_greedy,36,3,2,0.75,0.25001050021002763,0.46875,0.250035,-4.99789972352449e-07
epsilon_greedy,36,4,1,1.0,0.9942423251770526,0.5,0.999964,-0.005712674822947461
epsilon_greedy,36,4,2,0.75,0.2500105002100276,0.46875,0.250035,-4.997899724079602e-07
epsilon_greedy,36,5,1,1.0,0.9942423251770526,0.5,0.999964,-0.005712674822947461
epsilon_greedy,36,5,2,0.75,0.2500105002100276,0.46875,0.250035,-4.997899724079602e-07
epsilon_greedy,36,6,1,1.0,0.9942423251770526,0.5,0.999964,-0.005712674822947461
epsilon_greedy,36,6,2,0.75,0.2500105002100276,0.46875,0.250035,-4.997899724079602e-07
epsilon_greedy,36,7,1,1.0,0.9942423251770526,0.5,0.999964,-0.005712674822947461
epsilon_greedy,36,7,2,0.75,0.2500105002100276,0.46875,0.250035,-4.997899724079602e-07
epsilon_greedy,36,8,1,1.0,0.9942423251770526,0.5,0.999964,-0.005712674822947461
epsilon_greedy,36,8,2,0.75,0.2500105002100276,0.46875,0.250035,-4.997899724079602e-07
epsilon_greedy,36,9,1,1.0,0.9942423251770526,0.5,0.999964,-0.005712674822947461
epsilon_greedy,36,9,2,0.75,0.2500105002100276,0.46875,0.250035,-4.997899724079602e-07
epsilon_greedy,36,10,1,1.0,0.9942423251770526,0.5,0.999964,-0.005712674822947461
epsilon_greedy,36,10,2,0.75,0.2500105002100276,0.46875,0.250035,-4.997899724079602e-07
epsilon_greedy,36,11,1,1.0,0.9942423251770526,0.5,0.999964,-0.005712674822947461
epsilon_greedy,36,11,2,0.75,0.25001050021002763,0.46875,0.250035,-4.99789972352449e-07
epsilon_greedy,36,12,1,1.0,0.9942423251770526,0.5,0.999964,-0.005712674822947461
epsilon_greedy,36,12,2,0.75,0.25001050021002763,0.46875,0.250035,-4.99789972352449e-07
epsilon_greedy,36,13,1,1.0,0.9942423251770526,0.5,0.999964,-0.005712674822947461
epsilon_greedy,36,13,2,0.75,0.2500105002100276,0.46875,0.250035,-4.997899724079602e-07
epsilon_greedy,36,14,1,1.0,0.9942423251770526,0.5,0.999964,-0.005712674822947461
epsilon_greedy,36,14,2,0.75,0.2500105002100276,0.46875,0.250035,-4.997899724079602e-07
epsilon_greedy,36,15,1,1.0,0.9942423251770526,0.5,0.999964,-0.005712674822947461
epsilon_greedy,36,15,2,0.75,0.2500105002100276,0.46875,0.250035,-4.997899724079602e-07
epsilon_greedy,36,16,1,1.0,0.9942423251770526,0.5,0.999964,-0.005712674822947461
epsilon_greedy,36,16,2,0.75,0.2500105002100276,0.46875,0.250035,-4.997899724079602e-07
epsilon_greedy,36,17,1,1.0,0.9942423251770526,0.5,0.999964,-0.005712674822947461
epsilon_greedy,36,17,2,0.75,0.2500105002100276,0.46875,0.250035,-4.997899724079602e-07
epsilon_greedy,36,18,1,1.0,0.9942423251770526,0.5,0.999964,-0.005712674822947461
epsilon_greedy,36,18,2,0.75,0.2500105002100276,0.46875,0.250035,-4.997899724079602e-07
epsilon_greedy,36,19,1,1.0,0.9942423251770526,0.5,0.999964,-0.005712674822947461
epsilon_greedy,36,19,2,0.75,0.2500105002100276,0.46875,0.250035,-4.997899724079602e-07
epsilon_greedy,36,20,1,1.0,0.9942423251770526,0.5,0.999964,-0.005712674822947461
epsilon_greedy,36,20,2,0.75,0.25001050021002763,0.46875,0.250035,-4.99789972352449e-07
epsilon_greedy,36,21,1,1.0,0.9942423251770526,0.5,0.999964,-0.005712674822947461
epsilon_greedy,36,21,2,0.75,0.25001050021002763,0.46875,0.250035,-4.99789972352449e-07
epsilon_greedy,36,22,1,1.0,0.9942423251770526,0.5,0.999964,-0.005712674822947461
epsilon_greedy,36,22,2,0.75,0.2500105002100276,0.46875,0.250035,-4.997899724079602e-07
epsilon_greedy,36,23,1,1.0,0.9942423251770526,0.5,0.999964,-0.005712674822947461
epsilon_greedy,36,23,2,0.75,0.2500105002100276,0.46875,0.250035,-4.997899724079602e-07
epsilon_greedy,36,24,1,1.0,0.9942423251770526,0.5,0.999964,-0.005712674822947461
epsilon_greedy,36,24,2,0.75,0.2500105002100276,0.46875,0.250035,-4.997899724079602e-07
epsilon_greedy,36,25,1,1.0,0.9942423251770526,0.5,0.999964,-0.005712674822947461
epsilon_greedy,36,25,2,0.75,0.2500105002100276,0.46875,0.250035,-4.997899724079602e-07
epsilon_greedy,36,26,1,1.0,0.9942423251770526,0.5,0.999964,-0.005712674822947461
epsilon_greedy,36,26,2,0.75,0.2500105002100276,0.46875,0.250035,-4.997899724079602e-07
epsilon_greedy,36,27,1,1.0,0.9942423251770526,0.5,0.999964,-0.005712674822947461
epsilon_greedy,36,27,2,0.75,0.2500105002100276,0.46875,0.250035,-4.997899724079602e-07
epsilon_greedy,36,28,1,1.0,0.9942423251770526,0.5,0.999964,-0.005712674822947461
epsilon_greedy,36,28,2,0.75,0.2500105002100276,0.46875,0.250035,-4.997899724079602e-07
epsilon_greedy,36,29,1,1.0,0.9942423251770526,0.5,0.999964,-0.005712674822947461
epsilon_greedy,36,29,2,0.75,0.2500105002100276,0.46875,0.250035,-4.997899724079602e-07
epsilon_greedy,36,30,1,1.0,0.9942423251770526,0.5,0.999964,-0.005712674822947461
epsilon_greedy,36,30,2,0.75,0.2500105002100276,0.46875,0.250035,-4.997899724079602e-07
epsilon_greedy,36,31,1,1.0,0.9942423251770526,0.5,0.999964,-0.005712674822947461
epsilon_greedy,36,31,2,0.75,0.2500105002100276,0.46875,0.250035,-4.997899724079602e-07
epsilon_greedy,36,32,1,1.0,0.9942423251770526,0.5,0.999964,-0.005712674822947461
epsilon_greedy,36,32,2,0.75,0.2500105002100276,0.46875,0.250035,-4.997899724079602e-07
epsilon_greedy,36,33,1,1.0,0.9942423251770526,0.5,0.999964,-0.005712674822947461
epsilon_greedy,36,33,2,0.75,0.2500105002100276,0.46875,0.250035,-4.997899724079602e-07
epsilon_greedy,36,34,1,1.0,0.9942423251770526,0.5,0.999964,-0.005712674822947461
epsilon_greedy,36,34,2,0.75,0.2500105002100276,0.46875,0.250035,-4.997899724079602e-07
epsilon_greedy,36,35,1,1.0,0.9942423251770526,0.5,0.999964,-0.005712674822947461
epsilon_greedy,36,35,2,0.75,0.2500105002100276,0.46875,0.250035,-4.997899724079602e-07
epsilon_greedy,36,36,1,1.0,0.9942423251770526,0.5,0.999964,-0.005712674822947461
epsilon_greedy,36,36,2,0.75,0.2500105002100276,0.46875,0.250035,-4.997899724079602e-07
epsilon_greedy,36,37,1,1.0,0.9942423251770526,0.5,0.999964,-0.005712674822947461
epsilon_greedy,36,37,2,0.75,0.2500105002100276,0.46875,0.250035,-4.997899724079602e-07
epsilon_greedy,36,38,1,1.0,0.9942423251770526,0.5,0.999964,-0.005712674822947461
epsilon_greedy,36,38,2,0.75,0.2500105002100276,0.46875,0.250035,-4.997899724079602e-07
epsilon_greedy,36,39,1,1.0,0.9942423251770526,0.5,0.999964,-0.005712674822947461
epsilon_greedy,36,39,2,0.75,0.2500105002100276,0.46875,0.250035,-4.997899724079602e-07
epsilon_greedy,36,40,1,1.0,0.9942423251770526,0.5,0.999964,-0.005712674822947461
epsilon_greedy,36,40,2,0.75,0.2500105002100276,0.46875,0.250035,-4.997899724079602e-07
epsilon_greedy,36,41,1,1.0,0.9942423251770526,0.5,0.999964,-0.005712674822947461
epsilon_greedy,36,41,2,0.75,0.2500105002100276,0.46875,0.250035,-4.997899724079602e-07
epsilon_greedy,36,42,1,1.0,0.9942423251770526,0.5,0.999964,-0.005712674822947461
epsilon_greedy,36,42,2,0.75,0.2500105002100276,0.46875,0.250035,-4.997899724079602e-07
epsilon_greedy,36,43,1,1.0,0.9942423251770526,0.5,0.999964,-0.005712674822947461
epsilon_greedy,36,43,2,0.75,0.2500105002100276,0.46875,0.250035,-4.997899724079602e-07
epsilon_greedy,36,44,1,1.0,0.9942423251770526,0.5,0.999964,-0.005712674822947461
epsilon_greedy,36,44,2,0.75,0.2500105002100276,0.46875,0.250035,-4.997899724079602e-07
epsilon_greedy,36,45,1,1.0,0.9942423251770526,0.5,0.999964,-0.005712674822947461
epsilon_greedy,36,45,2,0.75,0.2500105002100276,0.46875,0.250035,-4.997899724079602e-07
epsilon_greedy,36,46,1,1.0,0.9942423251770526,0.5,0.999964,-0.005712674822947461
epsilon_greedy,36,46,2,0.75,0.2500105002100276,0.46875,0.250035,-4.997899724079602e-07
epsilon_greedy,36,47,1,1.0,0.9942423251770526,0.5,0.999964,-0.005712674822947461
epsilon_greedy,36,47,2,0.75,0.2500105002100276,0.46875,0.250035,-4.997899724079602e-07
epsilon_greedy,36,48,1,1.0,0.9942423251770526,0.5,0.999964,-0.005712674822947461
epsilon_greedy,36,48,2,0.75,0.2500105002100276,0.46875,0.250035,-4.997899724079602e-07
epsilon_greedy,36,49,1,1.0,1.0000390007740805,0.5625,0.999964,5.4000774080353864e-05
epsilon_greedy,36,49,2,0.75,0.2500105002205283,0.4375,0.2500255,-4.998004725642602e-07
epsilon_greedy,37,0,1,1.0,1.0000390007380793,0.59375,0.999967,5.40007380789298e-05
epsilon_greedy,37,0,2,0.78125,0.2500135002700101,0.53125,0.25001675,2.655121678074579e-10
epsilon_greedy,37,1,1,1.0,0.9942423251770526,0.5,0.999964,-0.005712674822947461
epsilon_greedy,37,1,2,0.75,0.2500105002100276,0.46875,0.250035,-4.997899724079602e-07
epsilon_greedy,37,2,1,1.0,0.9942423251770526,0.5,0.999964,-0.005712674822947461
epsilon_greedy,37,2,2,0.75,0.25001050021002763,0.46875,0.250035,-4.99789972352449e-07
epsilon_greedy,37,3,1,1.0,0.9942423251770526,0.5,0.999964,-0.005712674822947461
epsilon_greedy,37,3,2,0.75,0.25001050021002763,0.46875,0.250035,-4.99789972352449e-07
epsilon_greedy,37,4,1,1.0,0.9942423251770526,0.5,0.999964,-0.005712674822947461
epsilon_greedy,37,4,2,0.75,0.2500105002100276,0.46875,0.250035,-4.997899724079602e-07
epsilon_greedy,37,5,1,1.0,0.9942423251770526,0.5,0.999964,-0.005712674822947461
epsilon_greedy,37,5,2,0.75,0.2500105002100276,0.46875,0.250035,-4.997899724079602e-07
epsilon_greedy,37,6,1,1.0,0.9942423251770526,0.5,0.999964,-0.005712674822947461
epsilon_greedy,37,6,2,0.75,0.2500105002100276,0.46875,0.250035,-4.997899724079602e-07
epsilon_greedy,37,7,1,1.0,0.9942423251770526,0.5,0.999964,-0.005712674822947461
epsilon_greedy,37,7,2,0.75,0.2500105002100276,0.46875,0.250035,-4.997899724079602e-07
epsilon_greedy,37,8,1,1.0,0.9942423251770526,0.5,0.999964,-0.005712674822947461
epsilon_greedy,37,8,2,0.75,0.2500105002100276,0.46875,0.250035,-4.997899724079602e-07
epsilon_greedy,37,9,1,1.0,0.9942423251770526,0.5,0.999964,-0.005712674822947461
epsilon_greedy,37,9,2,0.75,0.2500105002100276,0.46875,0.250035,-4.997899724079602e-07
epsilon_greedy,37,10,1,1.0,0.9942423251770526,0.5,0.999964,-0.005712674822947461
epsilon_greedy,37,10,2,0.75,0.2500105002100276,0.46875,0.250035,-4.997899724079602e-07
epsilon_greedy,37,11,1,1.0,0.9942423251770526,0.5,0.999964,-0.005712674822947461
epsilon_greedy,37,11,2,0.75,0.25001050021002763,0.46875,0.250035,-4.99789972352449e-07
epsilon_greedy,37,12,1,1.0,0.9942423251770526,0.5,0.999964,-0.005712674822947461
epsilon_greedy,37,12,2,0.75,0.25001050021002763,0.46875,0.250035,-4.99789972352449e-07
epsilon_greedy,37,13,1,1.0,0.9942423251770526,0.5,0.999964,-0.005712674822947461
epsilon_greedy,37,13,2,0.75,0.2500105002100276,0.46875,0.250035,-4.997899724079602e-07
epsilon_greedy,37,14,1,1.0,0.9942423251770526,0.5,0.999964,-0.005712674822947461
epsilon_greedy,37,14,2,0.75,0.2500105002100276,0.46875,0.250035,-4.997899724079602e-07
epsilon_greedy,37,15,1,1.0,0.9942423251770526,0.5,0.999964,-0.005712674822947461
epsilon_greedy,37,15,2,0.75,0.2500105002100276,0.46875,0.250035,-4.997899724079602e-07
epsilon_greedy,37,16,1,1.0,0.9942423251770526,0.5,0.999964,-0.005712674822947461
epsilon_greedy,37,16,2,0.75,0.2500105002100276,0.46875,0.250035,-4.997899724079602e-07
epsilon_greedy,37,17,1,1.0,0.9942423251770526,0.5,0.999964,-0.005712674822947461
epsilon_greedy,37,17,2,0.75,0.2500105002100276,0.46875,0.250035,-4.997899724079602e-07
epsilon_greedy,37,18,1,1.0,0.9942423251770526,0.5,0.999964,-0.005712674822947461
epsilon_greedy,37,18,2,0.75,0.2500105002100276,0.46875,0.250035,-4.997899724079602e-07
epsilon_greedy,37,19,1,1.0,0.9942423251770526,0.5,0.999964,-0.005712674822947461
epsilon_greedy,37,19,2,0.75,0.2500105002100276,0.46875,0.250035,-4.997899724079602e-07
epsilon_greedy,37,20,1,1.0,0.9942423251770526,0.5,0.999964,-0.005712674822947461
epsilon_greedy,37,20,2,0.75,0.25001050021002763,0.46875,0.250035,-4.99789972352449e-07
epsilon_greedy,37,21,1,1.0,0.9942423251770526,0.5,0.999964,-0.005712674822947461
epsilon_greedy,37,21,2,0.75,0.25001050021002763,0.46875,0.250035,-4.99789972352449e-07
epsilon_greedy,37,22,1,1.0,0.9942423251770526,0.5,0.999964,-0.005712674822947461
epsilon_greedy,37,22,2,0.75,0.2500105002100276,0.46875,0.250035,-4.997899724079602e-07
epsilon_greedy,37,23,1,1.0,0.9942423251770526,0.5,0.999964,-0.005712674822947461
epsilon_greedy,37,23,2,0.75,0.2500105002100276,0.46875,0.250035,-4.997899724079602e-07
epsilon_greedy,37,24,1,1.0,0.9942423251770526,0.5,0.999964,-0.005712674822947461
epsilon_greedy,37,24,2,0.75,0.2500105002100276,0.46875,0.250035,-4.997899724079602e-07
epsilon_greedy,37,25,1,1.0,0.9942423251770526,0.5,0.999964,-0.005712674822947461
epsilon_greedy,37,25,2,0.75,0.2500105002100276,0.46875,0.250035,-4.997899724079602e-07
epsilon_greedy,37,26,1,1.0,0.9942423251770526,0.5,0.999964,-0.005712674822947461
epsilon_greedy,37,26,2,0.75,0.2500105002100276,0.46875,0.250035,-4.997899724079602e-07
epsilon_greedy,37,27,1,1.0,0.9942423251770526,0.5,0.999964,-0.005712674822947461
epsilon_greedy,37,27,2,0.75,0.2500105002100276,0.46875,0.250035,-4.997899724079602e-07
epsilon_greedy,37,28,1,1.0,0.9942423251770526,0.5,0.999964,-0.005712674822947461
epsilon_greedy,37,28,2,0.75,0.2500105002100276,0.46875,0.250035,-4.997899724079602e-07
epsilon_greedy,37,29,1,1.0,0.9942423251770526,0.5,0.999964,-0.005712674822947461
epsilon_greedy,37,29,2,0.75,0.2500105002100276,0.46875,0.250035,-4.997899724079602e-07
epsilon_greedy,37,30,1,1.0,0.9942423251770526,0.5,0.999964,-0.005712674822947461
epsilon_greedy,37,30,2,0.75,0.2500105002100276,0.46875,0.250035,-4.997899724079602e-07
epsilon_greedy,37,31,1,1.0,0.9942423251770526,0.5,0.999964,-0.005712674822947461
epsilon_greedy,37,31,2,0.75,0.2500105002100276,0.46875,0.250035,-4.997899724079602e-07
epsilon_greedy,37,32,1,1.0,0.9942423251770526,0.5,0.999964,-0.005712674822947461
epsilon_greedy,37,32,2,0.75,0.2500105002100276,0.46875,0.250035,-4.997899724079602e-07
epsilon_greedy,37,33,1,1.0,0.9942423251770526,0.5,0.999964,-0.005712674822947461
epsilon_greedy,37,33,2,0.75,0.2500105002100276,0.46875,0.250035,-4.997899724079602e-07
epsilon_greedy,37,34,1,1.0,0.9942423251770526,0.5,0.999964,-0.005712674822947461
epsilon_greedy,37,34,2,0.75,0.2500105002100276,0.46875,0.250035,-4.997899724079602e-07
epsilon_greedy,37,35,1,1.0,0.9942423251770526,0.5,0.999964,-0.005712674822947461
epsilon_greedy,37,35,2,0.75,0.2500105002100276,0.46875,0.250035,-4.997899724079602e-07
epsilon_greedy,37,36,1,1.0,0.9942423251770526,0.5,0.999964,-0.005712674822947461
epsilon_greedy,37,36,2,0.75,0.2500105002100276,0.46875,0.250035,-4.997899724079602e-07
epsilon_greedy,37,37,1,1.0,0.9942423251770526,0.5,0.999964,-0.005712674822947461
epsilon_greedy,37,37,2,0.75,0.2500105002100276,0.46875,0.250035,-4.997899724079602e-07
epsilon_greedy,37,38,1,1.0,0.9942423251770526,0.5,0.999964,-0.005712674822947461
epsilon_greedy,37,38,2,0.75,0.2500105002100276,0.46875,0.250035,-4.997899724079602e-07
epsilon_greedy,37,39,1,1.0,0.9942423251770526,0.5,0.999964,-0.005712674822947461
epsilon_greedy,37,39,2,0.75,0.2500105002100276,0.46875,0.250035,-4.997899724079602e-07
epsilon_greedy,37,40,1,1.0,0.9942423251770526,0.5,0.999964,-0.005712674822947461
epsilon_greedy,37,40,2,0.75,0.2500105002100276,0.46875,0.250035,-4.997899724079602e-07
epsilon_greedy,37,41,1,1.0,0.9942423251770526,0.5,0.999964,-0.005712674822947461
epsilon_greedy,37,41,2,0.75,0.2500105002100276,0.46875,0.250035,-4.997899724079602e-07
epsilon_greedy,37,42,1,1.0,0.9942423251770526,0.5,0.999964,-0.005712674822947461
epsilon_greedy,37,42,2,0.75,0.2500105002100276,0.46875,0.250035,-4.997899724079602e-07
epsilon_greedy,37,43,1,1.0,0.9942423251770526,0.5,0.999964,-0.005712674822947461
epsilon_greedy,37,43,2,0.75,0.2500105002100276,0.46875,0.250035,-4.997899724079602e-07
epsilon_greedy,37,44,1,1.0,0.9942423251770526,0.5,0.999964,-0.005712674822947461
epsilon_greedy,37,44,2,0.75,0.2500105002100276,0.46875,0.250035,-4.997899724079602e-07
epsilon_greedy,37,45,1,1.0,0.9942423251770526,0.5,0.999964,-0.005712674822947461
epsilon_greedy,37,45,2,0.75,0.2500105002100276,0.46875,0.250035,-4.997899724079602e-07
epsilon_greedy,37,46,1,1.0,0.9942423251770526,0.5,0.999964,-0.005712674822947461
epsilon_greedy,37,46,2,0.75,0.2500105002100276,0.46875,0.250035,-4.997899724079602e-07
epsilon_greedy,37,47,1,1.0,0.9942423251770526,0.5,0.999964,-0.005712674822947461
epsilon_greedy,37,47,2,0.75,0.2500105002100276,0.46875,0.250035,-4.997899724079602e-07
epsilon_greedy,37,48,1,1.0,0.9942423251770526,0.5,0.999964,-0.005712674822947461
epsilon_greedy,37,48,2,0.75,0.2500105002100276,0.46875,0.250035,-4.997899724079602e-07
epsilon_greedy,37,49,1,1.0,1.0000390007740805,0.5625,0.999964,5.4000774080353864e-05
epsilon_greedy,37,49,2,0.75,0.2500105002205283,0.4375,0.2500255,-4.998004725642602e-07
epsilon_greedy,38,0,1,1.0,1.0000390007380793,0.59375,0.999967,5.40007380789298e-05
epsilon_greedy,38,0,2,0.78125,0.2500135002700101,0.53125,0.25001675,2.655121678074579e-10
epsilon_greedy,38,1,1,1.0,0.9942423251770526,0.5,0.999964,-0.005712674822947461
epsilon_greedy,38,1,2,0.75,0.2500105002100276,0.46875,0.250035,-4.997899724079602e-07
epsilon_greedy,38,2,1,1.0,0.9942423251770526,0.5,0.999964,-0.005712674822947461
epsilon_greedy,38,2,2,0.75,0.25001050021002763,0.46875,0.250035,-4.99789972352449e-07
epsilon_greedy,38,3,1,1.0,0.9942423251770526,0.5,0.999964,-0.005712674822947461
epsilon_greedy,38,3,2,0.75,0.25001050021002763,0.46875,0.250035,-4.99789972352449e-07
epsilon_greedy,38,4,1,1.0,0.9942423251770526,0.5,0.999964,-0.005712674822947461
epsilon_greedy,38,4,2,0.75,0.2500105002100276,0.46875,0.250035,-4.997899724079602e-07
epsilon_greedy,38,5,1,1.0,0.9942423251770526,0.5,0.999964,-0.005712674822947461
epsilon_greedy,38,5,2,0.75,0.2500105002100276,0.46875,0.250035,-4.997899724079602e-07
epsilon_greedy,38,6,1,1.0,0.9942423251770526,0.5,0.999964,-0.005712674822947461
epsilon_greedy,38,6,2,0.75,0.2500105002100276,0.46875,0.250035,-4.997899724079602e-07
epsilon_greedy,38,7,1,1.0,0.9942423251770526,0.5,0.999964,-0.005712674822947461
epsilon_greedy,38,7,2,0.75,0.2500105002100276,0.46875,0.250035,-4.997899724079602e-07
epsilon_greedy,38,8,1,1.0,0.9942423251770526,0.5,0.999964,-0.005712674822947461
epsilon_greedy,38,8,2,0.75,0.2500105002100276,0.46875,0.250035,-4.997899724079602e-07
epsilon_greedy,38,9,1,1.0,0.9942423251770526,0.5,0.999964,-0.005712674822947461
epsilon_greedy,38,9,2,0.75,0.2500105002100276,0.46875,0.250035,-4.997899724079602e-07
epsilon_greedy,38,10,1,1.0,0.9942423251770526,0.5,0.999964,-0.005712674822947461
epsilon_greedy,38,10,2,0.75,0.2500105002100276,0.46875,0.250035,-4.997899724079602e-07
epsilon_greedy,38,11,1,1.0,0.9942423251770526,0.5,0.999964,-0.005712674822947461
epsilon_greedy,38,11,2,0.75,0.25001050021002763,0.46875,0.250035,-4.99789972352449e-07
epsilon_greedy,38,12,1,1.0,0.9942423251770526,0.5,0.999964,-0.005712674822947461
epsilon_greedy,38,12,2,0.75,0.25001050021002763,0.46875,0.250035,-4.99789972352449e-07
epsilon_greedy,38,13,1,1.0,0.9942423251770526,0.5,0.999964,-0.005712674822947461
epsilon_greedy,38,13,2,0.75,0.2500105002100276,0.46875,0.250035,-4.997899724079602e-07
epsilon_greedy,38,14,1,1.0,0.9942423251770526,0.5,0.999964,-0.005712674822947461
epsilon_greedy,38,14,2,0.75,0.2500105002100276,0.46875,0.250035,-4.997899724079602e-07
epsilon_greedy,38,15,1,1.0,0.9942423251770526,0.5,0.999964,-0.005712674822947461
epsilon_greedy,38,15,2,0.75,0.2500105002100276,0.46875,0.250035,-4.997899724079602e-07
epsilon_greedy,38,16,1,1.0,0.9942423251770526,0.5,0.999964,-0.005712674822947461
epsilon_greedy,38,16,2,0.75,0.2500105002100276,0.46875,0.250035,-4.997899724079602e-07
epsilon_greedy,38,17,1,1.0,0.9942423251770526,0.5,0.999964,-0.005712674822947461
epsilon_greedy,38,17,2,0.75,0.2500105002100276,0.46875,0.250035,-4.997899724079602e-07
epsilon_greedy,38,18,1,1.0,0.9942423251770526,0.5,0.999964,-0.005712674822947461
epsilon_greedy,38,18,2,0.75,0.2500105002100276,0.46875,0.250035,-4.997899724079602e-07
epsilon_greedy,38,19,1,1.0,0.9942423251770526,0.5,0.999964,-0.005712674822947461
epsilon_greedy,38,19,2,0.75,0.2500105002100276,0.46875,0.250035,-4.997899724079602e-07
epsilon_greedy,38,20,1,1.0,0.9942423251770526,0.5,0.999964,-0.005712674822947461
epsilon_greedy,38,20,2,0.75,0.25001050021002763,0.46875,0.250035,-4.99789972352449e-07
epsilon_greedy,38,21,1,1.0,0.9942423251770526,0.5,0.999964,-0.005712674822947461
epsilon_greedy,38,21,2,0.75,0.25001050021002763,0.46875,0.250035,-4.99789972352449e-07
epsilon_greedy,38,22,1,1.0,0.9942423251770526,0.5,0.999964,-0.005712674822947461
epsilon_greedy,38,22,2,0.75,0.2500105002100276,0.46875,0.250035,-4.997899724079602e-07
epsilon_greedy,38,23,1,1.0,0.9942423251770526,0.5,0.999964,-0.005712674822947461
epsilon_greedy,38,23,2,0.75,0.2500105002100276,0.46875,0.250035,-4.997899724079602e-07
epsilon_greedy,38,24,1,1.0,0.9942423251770526,0.5,0.999964,-0.005712674822947461
epsilon_greedy,38,24,2,0.75,0.2500105002100276,0.46875,0.250035,-4.997899724079602e-07
epsilon_greedy,38,25,1,1.0,0.9942423251770526,0.5,0.999964,-0.005712674822947461
epsilon_greedy,38,25,2,0.75,0.2500105002100276,0.46875,0.250035,-4.997899724079602e-07
epsilon_greedy,38,26,1,1.0,0.9942423251770526,0.5,0.999964,-0.005712674822947461
epsilon_greedy,38,26,2,0.75,0.2500105002100276,0.46875,0.250035,-4.997899724079602e-07
epsilon_greedy,38,27,1,1.0,0.9942423251770526,0.5,0.999964,-0.005712674822947461
epsilon_greedy,38,27,2,0.75,0.2500105002100276,0.46875,0.250035,-4.997899724079602e-07
epsilon_greedy,38,28,1,1.0,0.9942423251770526,0.5,0.999964,-0.005712674822947461
epsilon_greedy,38,28,2,0.75,0.2500105002100276,0.46875,0.250035,-4.997899724079602e-07
epsilon_greedy,38,29,1,1.0,0.9942423251770526,0.5,0.999964,-0.005712674822947461
epsilon_greedy,38,29,2,0.75,0.2500105002100276,0.46875,0.250035,-4.997899724079602e-07
epsilon_greedy,38,30,1,1.0,0.9942423251770526,0.5,0.999964,-0.005712674822947461
epsilon_greedy,38,30,2,0.75,0.2500105002100276,0.46875,0.250035,-4.997899724079602e-07
epsilon_greedy,38,31,1,1.0,0.9942423251770526,0.5,0.999964,-0.005712674822947461
epsilon_greedy,38,31,2,0.75,0.2500105002100276,0.46875,0.250035,-4.997899724079602e-07
epsilon_greedy,38,32,1,1.0,0.9942423251770526,0.5,0.999964,-0.005712674822947461
epsilon_greedy,38,32,2,0.75,0.2500105002100276,0.46875,0.250035,-4.997899724079602e-07
epsilon_greedy,38,33,1,1.0,0.9942423251770526,0.5,0.999964,-0.005712674822947461
epsilon_greedy,38,33,2,0.75,0.2500105002100276,0.46875,0.250035,-4.997899724079602e-07
epsilon_greedy,38,34,1,1.0,0.9942423251770526,0.5,0.999964,-0.005712674822947461
epsilon_greedy,38,34,2,0.75,0.2500105002100276,0.46875,0.250035,-4.997899724079602e-07
epsilon_greedy,38,35,1,1.0,0.9942423251770526,0.5,0.999964,-0.005712674822947461
epsilon_greedy,38,35,2,0.75,0.2500105002100276,0.46875,0.250035,-4.997899724079602e-07
epsilon_greedy,38,36,1,1.0,0.9942423251770526,0.5,0.999964,-0.005712674822947461
epsilon_greedy,38,36,2,0.75,0.2500105002100276,0.46875,0.250035,-4.997899724079602e-07
epsilon_greedy,38,37,1,1.0,0.9942423251770526,0.5,0.999964,-0.005712674822947461
epsilon_greedy,38,37,2,0.75,0.2500105002100276,0.46875,0.250035,-4.997899724079602e-07
epsilon_greedy,38,38,1,1.0,0.9942423251770526,0.5,0.999964,-0.005712674822947461
epsilon_greedy,38,38,2,0.75,0.2500105002100276,0.46875,0.250035,-4.997899724079602e-07
epsilon_greedy,38,39,1,1.0,0.9942423251770526,0.5,0.999964,-0.005712674822947461
epsilon_greedy,38,39,2,0.75,0.2500105002100276,0.46875,0.250035,-4.997899724079602e-07
epsilon_greedy,38,40,1,1.0,0.9942423251770526,0.5,0.999964,-0.005712674822947461
epsilon_greedy,38,40,2,0.75,0.2500105002100276,0.46875,0.250035,-4.997899724079602e-07
epsilon_greedy,38,41,1,1.0,0.9942423251770526,0.5,0.999964,-0.005712674822947461
epsilon_greedy,38,41,2,0.75,0.2500105002100276,0.46875,0.250035,-4.997899724079602e-07
epsilon_greedy,38,42,1,1.0,0.9942423251770526,0.5,0.999964,-0.005712674822947461
epsilon_greedy,38,42,2,0.75,0.2500105002100276,0.46875,0.250035,-4.997899724079602e-07
epsilon_greedy,38,43,1,1.0,0.9942423251770526,0.5,0.999964,-0.005712674822947461
epsilon_greedy,38,43,2,0.75,0.2500105002100276,0.46875,0.250035,-4.997899724079602e-07
epsilon_greedy,38,44,1,1.0,0.9942423251770526,0.5,0.999964,-0.005712674822947461
epsilon_greedy,38,44,2,0.75,0.2500105002100276,0.46875,0.250035,-4.997899724079602e-07
epsilon_greedy,38,45,1,1.0,0.9942423251770526,0.5,0.999964,-0.005712674822947461
epsilon_greedy,38,45,2,0.75,0.2500105002100276,0.46875,0.250035,-4.997899724079602e-07
epsilon_greedy,38,46,1,1.0,0.9942423251770526,0.5,0.999964,-0.005712674822947461
epsilon_greedy,38,46,2,0.75,0.2500105002100276,0.46875,0.250035,-4.997899724079602e-07
epsilon_greedy,38,47,1,1.0,0.9942423251770526,0.5,0.999964,-0.005712674822947461
epsilon_greedy,38,47,2,0.75,0.2500105002100276,0.46875,0.250035,-4.997899724079602e-07
epsilon_greedy,38,48,1,1.0,0.9942423251770526,0.5,0.999964,-0.005712674822947461
epsilon_greedy,38,48,2,0.75,0.2500105002100276,0.46875,0.250035,-4.997899724079602e-07
epsilon_greedy,38,49,1,1.0,1.0000390007740805,0.5625,0.999964,5.4000774080353864e-05
epsilon_greedy,38,49,2,0.75,0.2500105002205283,0.4375,0.2500255,-4.998004725642602e-07
epsilon_greedy,39,0,1,1.0,1.0000390007380793,0.59375,0.999967,5.40007380789298e-05
epsilon_greedy,39,0,2,0.78125,0.2500135002700101,0.53125,0.25001675,2.655121678074579e-10
epsilon_greedy,39,1,1,1.0,0.9942423251770526,0.5,0.999964,-0.005712674822947461
epsilon_greedy,39,1,2,0.75,0.2500105002100276,0.46875,0.250035,-4.997899724079602e-07
epsilon_greedy,39,2,1,1.0,0.9942423251770526,0.5,0.999964,-0.005712674822947461
epsilon_greedy,39,2,2,0.75,0.25001050021002763,0.46875,0.250035,-4.99789972352449e-07
epsilon_greedy,39,3,1,1.0,0.9942423251770526,0.5,0.999964,-0.005712674822947461
epsilon_greedy,39,3,2,0.75,0.25001050021002763,0.46875,0.250035,-4.99789972352449e-07
epsilon_greedy,39,4,1,1.0,0.9942423251770526,0.5,0.999964,-0.005712674822947461
epsilon_greedy,39,4,2,0.75,0.2500105002100276,0.46875,0.250035,-4.997899724079602e-07
epsilon_greedy,39,5,1,1.0,0.9942423251770526,0.5,0.999964,-0.005712674822947461
epsilon_greedy,39,5,2,0.75,0.2500105002100276,0.46875,0.250035,-4.997899724079602e-07
epsilon_greedy,39,6,1,1.0,0.9942423251770526,0.5,0.999964,-0.005712674822947461
epsilon_greedy,39,6,2,0.75,0.2500105002100276,0.46875,0.250035,-4.997899724079602e-07
epsilon_greedy,39,7,1,1.0,0.9942423251770526,0.5,0.999964,-0.005712674822947461
epsilon_greedy,39,7,2,0.75,0.2500105002100276,0.46875,0.250035,-4.997899724079602e-07
epsilon_greedy,39,8,1,1.0,0.9942423251770526,0.5,0.999964,-0.005712674822947461
epsilon_greedy,39,8,2,0.75,0.2500105002100276,0.46875,0.250035,-4.997899724079602e-07
epsilon_greedy,39,9,1,1.0,0.9942423251770526,0.5,0.999964,-0.005712674822947461
epsilon_greedy,39,9,2,0.75,0.2500105002100276,0.46875,0.250035,-4.997899724079602e-07
epsilon_greedy,39,10,1,1.0,0.9942423251770526,0.5,0.999964,-0.005712674822947461
epsilon_greedy,39,10,2,0.75,0.2500105002100276,0.46875,0.250035,-4.997899724079602e-07
epsilon_greedy,39,11,1,1.0,0.9942423251770526,0.5,0.999964,-0.005712674822947461
epsilon_greedy,39,11,2,0.75,0.25001050021002763,0.46875,0.250035,-4.99789972352449e-07
epsilon_greedy,39,12,1,1.0,0.9942423251770526,0.5,0.999964,-0.005712674822947461
epsilon_greedy,39,12,2,0.75,0.25001050021002763,0.46875,0.250035,-4.99789972352449e-07
epsilon_greedy,39,13,1,1.0,0.9942423251770526,0.5,0.999964,-0.005712674822947461
epsilon_greedy,39,13,2,0.75,0.2500105002100276,0.46875,0.250035,-4.997899724079602e-07
epsilon_greedy,39,14,1,1.0,0.9942423251770526,0.5,0.999964,-0.005712674822947461
epsilon_greedy,39,14,2,0.75,0.2500105002100276,0.46875,0.250035,-4.997899724079602e-07
epsilon_greedy,39,15,1,1.0,0.9942423251770526,0.5,0.999964,-0.005712674822947461
epsilon_greedy,39,15,2,0.75,0.2500105002100276,0.46875,0.250035,-4.997899724079602e-07
epsilon_greedy,39,16,1,1.0,0.9942423251770526,0.5,0.999964,-0.005712674822947461
epsilon_greedy,39,16,2,0.75,0.2500105002100276,0.46875,0.250035,-4.997899724079602e-07
epsilon_greedy,39,17,1,1.0,0.9942423251770526,0.5,0.999964,-0.005712674822947461
epsilon_greedy,39,17,2,0.75,0.2500105002100276,0.46875,0.250035,-4.997899724079602e-07
epsilon_greedy,39,18,1,1.0,0.9942423251770526,0.5,0.999964,-0.005712674822947461
epsilon_greedy,39,18,2,0.75,0.2500105002100276,0.46875,0.250035,-4.997899724079602e-07
epsilon_greedy,39,19,1,1.0,0.9942423251770526,0.5,0.999964,-0.005712674822947461
epsilon_greedy,39,19,2,0.75,0.2500105002100276,0.46875,0.250035,-4.997899724079602e-07
epsilon_greedy,39,20,1,1.0,0.9942423251770526,0.5,0.999964,-0.005712674822947461
epsilon_greedy,39,20,2,0.75,0.25001050021002763,0.46875,0.250035,-4.99789972352449e-07
epsilon_greedy,39,21,1,1.0,0.9942423251770526,0.5,0.999964,-0.005712674822947461
epsilon_greedy,39,21,2,0.75,0.25001050021002763,0.46875,0.250035,-4.99789972352449e-07
epsilon_greedy,39,22,1,1.0,0.9942423251770526,0.5,0.999964,-0.005712674822947461
epsilon_greedy,39,22,2,0.75,0.2500105002100276,0.46875,0.250035,-4.997899724079602e-07
epsilon_greedy,39,23,1,1.0,0.9942423251770526,0.5,0.999964,-0.005712674822947461
epsilon_greedy,39,23,2,0.75,0.2500105002100276,0.46875,0.250035,-4.997899724079602e-07
epsilon_greedy,39,24,1,1.0,0.9942423251770526,0.5,0.999964,-0.005712674822947461
epsilon_greedy,39,24,2,0.75,0.2500105002100276,0.46875,0.250035,-4.997899724079602e-07
epsilon_greedy,39,25,1,1.0,0.9942423251770526,0.5,0.999964,-0.005712674822947461
epsilon_greedy,39,25,2,0.75,0.2500105002100276,0.46875,0.250035,-4.997899724079602e-07
epsilon_greedy,39,26,1,1.0,0.9942423251770526,0.5,0.999964,-0.005712674822947461
epsilon_greedy,39,26,2,0.75,0.2500105002100276,0.46875,0.250035,-4.997899724079602e-07
epsilon_greedy,39,27,1,1.0,0.9942423251770526,0.5,0.999964,-0.005712674822947461
epsilon_greedy,39,27,2,0.75,0.2500105002100276,0.46875,0.250035,-4.997899724079602e-07
epsilon_greedy,39,28,1,1.0,0.9942423251770526,0.5,0.999964,-0.005712674822947461
epsilon_greedy,39,28,2,0.75,0.2500105002100276,0.46875,0.250035,-4.997899724079602e-07
epsilon_greedy,39,29,1,1.0,0.9942423251770526,0.5,0.999964,-0.005712674822947461
epsilon_greedy,39,29,2,0.75,0.2500105002100276,0.46875,0.250035,-4.997899724079602e-07
epsilon_greedy,39,30,1,1.0,0.9942423251770526,0.5,0.999964,-0.005712674822947461
epsilon_greedy,39,30,2,0.75,0.2500105002100276,0.46875,0.250035,-4.997899724079602e-07
epsilon_greedy,39,31,1,1.0,0.9942423251770526,0.5,0.999964,-0.005712674822947461
epsilon_greedy,39,31,2,0.75,0.2500105002100276,0.46875,0.250035,-4.997899724079602e-07
epsilon_greedy,39,32,1,1.0,0.9942423251770526,0.5,0.999964,-0.005712674822947461
epsilon_greedy,39,32,2,0.75,0.2500105002100276,0.46875,0.250035,-4.997899724079602e-07
epsilon_greedy,39,33,1,1.0,0.9942423251770526,0.5,0.999964,-0.005712674822947461
epsilon_greedy,39,33,2,0.75,0.2500105002100276,0.46875,0.250035,-4.997899724079602e-07
epsilon_greedy,39,34,1,1.0,0.9942423251770526,0.5,0.999964,-0.005712674822947461
epsilon_greedy,39,34,2,0.75,0.2500105002100276,0.46875,0.250035,-4.997899724079602e-07
epsilon_greedy,39,35,1,1.0,0.9942423251770526,0.5,0.999964,-0.005712674822947461
epsilon_greedy,39,35,2,0.75,0.2500105002100276,0.46875,0.250035,-4.997899724079602e-07
epsilon_greedy,39,36,1,1.0,0.9942423251770526,0.5,0.999964,-0.005712674822947461
epsilon_greedy,39,36,2,0.75,0.2500105002100276,0.46875,0.250035,-4.997899724079602e-07
epsilon_greedy,39,37,1,1.0,0.9942423251770526,0.5,0.999964,-0.005712674822947461
epsilon_greedy,39,37,2,0.75,0.2500105002100276,0.46875,0.250035,-4.997899724079602e-07
epsilon_greedy,39,38,1,1.0,0.9942423251770526,0.5,0.999964,-0.005712674822947461
epsilon_greedy,39,38,2,0.75,0.2500105002100276,0.46875,0.250035,-4.997899724079602e-07
epsilon_greedy,39,39,1,1.0,0.9942423251770526,0.5,0.999964,-0.005712674822947461
epsilon_greedy,39,39,2,0.75,0.2500105002100276,0.46875,0.250035,-4.997899724079602e-07
epsilon_greedy,39,40,1,1.0,0.9942423251770526,0.5,0.999964,-0.005712674822947461
epsilon_greedy,39,40,2,0.75,0.2500105002100276,0.46875,0.250035,-4.997899724079602e-07
epsilon_greedy,39,41,1,1.0,0.9942423251770526,0.5,0.999964,-0.005712674822947461
epsilon_greedy,39,41,2,0.75,0.2500105002100276,0.46875,0.250035,-4.997899724079602e-07
epsilon_greedy,39,42,1,1.0,0.9942423251770526,0.5,0.999964,-0.005712674822947461
epsilon_greedy,39,42,2,0.75,0.2500105002100276,0.46875,0.250035,-4.997899724079602e-07
epsilon_greedy,39,43,1,1.0,0.9942423251770526,0.5,0.999964,-0.005712674822947461
epsilon_greedy,39,43,2,0.75,0.2500105002100276,0.46875,0.250035,-4.997899724079602e-07
epsilon_greedy,39,44,1,1.0,0.9942423251770526,0.5,0.999964,-0.005712674822947461
epsilon_greedy,39,44,2,0.75,0.2500105002100276,0.46875,0.250035,-4.997899724079602e-07
epsilon_greedy,39,45,1,1.0,0.9942423251770526,0.5,0.999964,-0.005712674822947461
epsilon_greedy,39,45,2,0.75,0.2500105002100276,0.46875,0.250035,-4.997899724079602e-07
epsilon_greedy,39,46,1,1.0,0.9942423251770526,0.5,0.999964,-0.005712674822947461
epsilon_greedy,39,46,2,0.75,0.2500105002100276,0.46875,0.250035,-4.997899724079602e-07
epsilon_greedy,39,47,1,1.0,0.9942423251770526,0.5,0.999964,-0.005712674822947461
epsilon_greedy,39,47,2,0.75,0.2500105002100276,0.46875,0.250035,-4.997899724079602e-07
epsilon_greedy,39,48,1,1.0,0.9942423251770526,0.5,0.999964,-0.005712674822947461
epsilon_greedy,39,48,2,0.75,0.2500105002100276,0.46875,0.250035,-4.997899724079602e-07
epsilon_greedy,39,49,1,1.0,1.0000390007740805,0.5625,0.999964,5.4000774080353864e-05
epsilon_greedy,39,49,2,0.75,0.2500105002205283,0.4375,0.2500255,-4.998004725642602e-07
epsilon_greedy,40,0,1,1.0,1.0000390007380793,0.59375,0.999967,5.40007380789298e-05
epsilon_greedy,40,0,2,0.78125,0.2500135002700101,0.53125,0.25001675,2.655121678074579e-10
epsilon_greedy,40,1,1,1.0,0.9942423251770526,0.5,0.999964,-0.005712674822947461
epsilon_greedy,40,1,2,0.75,0.2500105002100276,0.46875,0.250035,-4.997899724079602e-07
epsilon_greedy,40,2,1,1.0,0.9942423251770526,0.5,0.999964,-0.005712674822947461
epsilon_greedy,40,2,2,0.75,0.25001050021002763,0.46875,0.250035,-4.99789972352449e-07
epsilon_greedy,40,3,1,1.0,0.9942423251770526,0.5,0.999964,-0.005712674822947461
epsilon_greedy,40,3,2,0.75,0.25001050021002763,0.46875,0.250035,-4.99789972352449e-07
epsilon_greedy,40,4,1,1.0,0.9942423251770526,0.5,0.999964,-0.005712674822947461
epsilon_greedy,40,4,2,0.75,0.2500105002100276,0.46875,0.250035,-4.997899724079602e-07
epsilon_greedy,40,5,1,1.0,0.9942423251770526,0.5,0.999964,-0.005712674822947461
epsilon_greedy,40,5,2,0.75,0.2500105002100276,0.46875,0.250035,-4.997899724079602e-07
epsilon_greedy,40,6,1,1.0,0.9942423251770526,0.5,0.999964,-0.005712674822947461
epsilon_greedy,40,6,2,0.75,0.2500105002100276,0.46875,0.250035,-4.997899724079602e-07
epsilon_greedy,40,7,1,1.0,0.9942423251770526,0.5,0.999964,-0.005712674822947461
epsilon_greedy,40,7,2,0.75,0.2500105002100276,0.46875,0.250035,-4.997899724079602e-07
epsilon_greedy,40,8,1,1.0,0.9942423251770526,0.5,0.999964,-0.005712674822947461
epsilon_greedy,40,8,2,0.75,0.2500105002100276,0.46875,0.250035,-4.997899724079602e-07
epsilon_greedy,40,9,1,1.0,0.9942423251770526,0.5,0.999964,-0.005712674822947461
epsilon_greedy,40,9,2,0.75,0.2500105002100276,0.46875,0.250035,-4.997899724079602e-07
epsilon_greedy,40,10,1,1.0,0.9942423251770526,0.5,0.999964,-0.005712674822947461
epsilon_greedy,40,10,2,0.75,0.2500105002100276,0.46875,0.250035,-4.997899724079602e-07
epsilon_greedy,40,11,1,1.0,0.9942423251770526,0.5,0.999964,-0.005712674822947461
epsilon_greedy,40,11,2,0.75,0.25001050021002763,0.46875,0.250035,-4.99789972352449e-07
epsilon_greedy,40,12,1,1.0,0.9942423251770526,0.5,0.999964,-0.005712674822947461
epsilon_greedy,40,12,2,0.75,0.25001050021002763,0.46875,0.250035,-4.99789972352449e-07
epsilon_greedy,40,13,1,1.0,0.9942423251770526,0.5,0.999964,-0.005712674822947461
epsilon_greedy,40,13,2,0.75,0.2500105002100276,0.46875,0.250035,-4.997899724079602e-07
epsilon_greedy,40,14,1,1.0,0.9942423251770526,0.5,0.999964,-0.005712674822947461
epsilon_greedy,40,14,2,0.75,0.2500105002100276,0.46875,0.250035,-4.997899724079602e-07
epsilon_greedy,40,15,1,1.0,0.9942423251770526,0.5,0.999964,-0.005712674822947461
epsilon_greedy,40,15,2,0.75,0.2500105002100276,0.46875,0.250035,-4.997899724079602e-07
epsilon_greedy,40,16,1,1.0,0.9942423251770526,0.5,0.999964,-0.005712674822947461
epsilon_greedy,40,16,2,0.75,0.2500105002100276,0.46875,0.250035,-4.997899724079602e-07
epsilon_greedy,40,17,1,1.0,0.9942423251770526,0.5,0.999964,-0.005712674822947461
epsilon_greedy,40,17,2,0.75,0.2500105002100276,0.46875,0.250035,-4.997899724079602e-07
epsilon_greedy,40,18,1,1.0,0.9942423251770526,0.5,0.999964,-0.005712674822947461
epsilon_greedy,40,18,2,0.75,0.2500105002100276,0.46875,0.250035,-4.997899724079602e-07
epsilon_greedy,40,19,1,1.0,0.9942423251770526,0.5,0.999964,-0.005712674822947461
epsilon_greedy,40,19,2,0.75,0.2500105002100276,0.46875,0.250035,-4.997899724079602e-07
epsilon_greedy,40,20,1,1.0,0.9942423251770526,0.5,0.999964,-0.005712674822947461
epsilon_greedy,40,20,2,0.75,0.25001050021002763,0.46875,0.250035,-4.99789972352449e-07
epsilon_greedy,40,21,1,1.0,0.9942423251770526,0.5,0.999964,-0.005712674822947461
epsilon_greedy,40,21,2,0.75,0.25001050021002763,0.46875,0.250035,-4.99789972352449e-07
epsilon_greedy,40,22,1,1.0,0.9942423251770526,0.5,0.999964,-0.005712674822947461
epsilon_greedy,40,22,2,0.75,0.2500105002100276,0.46875,0.250035,-4.997899724079602e-07
epsilon_greedy,40,23,1,1.0,0.9942423251770526,0.5,0.999964,-0.005712674822947461
epsilon_greedy,40,23,2,0.75,0.2500105002100276,0.46875,0.250035,-4.997899724079602e-07
epsilon_greedy,40,24,1,1.0,0.9942423251770526,0.5,0.999964,-0.005712674822947461
epsilon_greedy,40,24,2,0.75,0.2500105002100276,0.46875,0.250035,-4.997899724079602e-07
epsilon_greedy,40,25,1,1.0,0.9942423251770526,0.5,0.999964,-0.005712674822947461
epsilon_greedy,40,25,2,0.75,0.2500105002100276,0.46875,0.250035,-4.997899724079602e-07
epsilon_greedy,40,26,1,1.0,0.9942423251770526,0.5,0.999964,-0.005712674822947461
epsilon_greedy,40,26,2,0.75,0.2500105002100276,0.46875,0.250035,-4.997899724079602e-07
epsilon_greedy,40,27,1,1.0,0.9942423251770526,0.5,0.999964,-0.005712674822947461
epsilon_greedy,40,27,2,0.75,0.2500105002100276,0.46875,0.250035,-4.997899724079602e-07
epsilon_greedy,40,28,1,1.0,0.9942423251770526,0.5,0.999964,-0.005712674822947461
epsilon_greedy,40,28,2,0.75,0.2500105002100276,0.46875,0.250035,-4.997899724079602e-07
epsilon_greedy,40,29,1,1.0,0.9942423251770526,0.5,0.999964,-0.005712674822947461
epsilon_greedy,40,29,2,0.75,0.2500105002100276,0.46875,0.250035,-4.997899724079602e-07
epsilon_greedy,40,30,1,1.0,0.9942423251770526,0.5,0.999964,-0.005712674822947461
epsilon_greedy,40,30,2,0.75,0.2500105002100276,0.46875,0.250035,-4.997899724079602e-07
epsilon_greedy,40,31,1,1.0,0.9942423251770526,0.5,0.999964,-0.005712674822947461
epsilon_greedy,40,31,2,0.75,0.2500105002100276,0.46875,0.250035,-4.997899724079602e-07
epsilon_greedy,40,32,1,1.0,0.9942423251770526,0.5,0.999964,-0.005712674822947461
epsilon_greedy,40,32,2,0.75,0.2500105002100276,0.46875,0.250035,-4.997899724079602e-07
epsilon_greedy,40,33,1,1.0,0.9942423251770526,0.5,0.999964,-0.005712674822947461
epsilon_greedy,40,33,2,0.75,0.2500105002100276,0.46875,0.250035,-4.997899724079602e-07
epsilon_greedy,40,34,1,1.0,0.9942423251770526,0.5,0.999964,-0.005712674822947461
epsilon_greedy,40,34,2,0.75,0.2500105002100276,0.46875,0.250035,-4.997899724079602e-07
epsilon_greedy,40,35,1,1.0,0.9942423251770526,0.5,0.999964,-0.005712674822947461
epsilon_greedy,40,35,2,0.75,0.2500105002100276,0.46875,0.250035,-4.997899724079602e-07
epsilon_greedy,40,36,1,1.0,0.9942423251770526,0.5,0.999964,-0.005712674822947461
epsilon_greedy,40,36,2,0.75,0.2500105002100276,0.46875,0.250035,-4.997899724079602e-07
epsilon_greedy,40,37,1,1.0,0.9942423251770526,0.5,0.999964,-0.005712674822947461
epsilon_greedy,40,37,2,0.75,0.2500105002100276,0.46875,0.250035,-4.997899724079602e-07
epsilon_greedy,40,38,1,1.0,0.9942423251770526,0.5,0.999964,-0.005712674822947461
epsilon_greedy,40,38,2,0.75,0.2500105002100276,0.46875,0.250035,-4.997899724079602e-07
epsilon_greedy,40,39,1,1.0,0.9942423251770526,0.5,0.999964,-0.005712674822947461
epsilon_greedy,40,39,2,0.75,0.2500105002100276,0.46875,0.250035,-4.997899724079602e-07
epsilon_greedy,40,40,1,1.0,0.9942423251770526,0.5,0.999964,-0.005712674822947461
epsilon_greedy,40,40,2,0.75,0.2500105002100276,0.46875,0.250035,-4.997899724079602e-07
epsilon_greedy,40,41,1,1.0,0.9942423251770526,0.5,0.999964,-0.005712674822947461
epsilon_greedy,40,41,2,0.75,0.2500105002100276,0.46875,0.250035,-4.997899724079602e-07
epsilon_greedy,40,42,1,1.0,0.9942423251770526,0.5,0.999964,-0.005712674822947461
epsilon_greedy,40,42,2,0.75,0.2500105002100276,0.46875,0.250035,-4.997899724079602e-07
epsilon_greedy,40,43,1,1.0,0.9942423251770526,0.5,0.999964,-0.005712674822947461
epsilon_greedy,40,43,2,0.75,0.2500105002100276,0.46875,0.250035,-4.997899724079602e-07
epsilon_greedy,40,44,1,1.0,0.9942423251770526,0.5,0.999964,-0.005712674822947461
epsilon_greedy,40,44,2,0.75,0.2500105002100276,0.46875,0.250035,-4.997899724079602e-07
epsilon_greedy,40,45,1,1.0,0.9942423251770526,0.5,0.999964,-0.005712674822947461
epsilon_greedy,40,45,2,0.75,0.2500105002100276,0.46875,0.250035,-4.997899724079602e-07
epsilon_greedy,40,46,1,1.0,0.9942423251770526,0.5,0.999964,-0.005712674822947461
epsilon_greedy,40,46,2,0.75,0.2500105002100276,0.46875,0.250035,-4.997899724079602e-07
epsilon_greedy,40,47,1,1.0,0.9942423251770526,0.5,0.999964,-0.005712674822947461
epsilon_greedy,40,47,2,0.75,0.2500105002100276,0.46875,0.250035,-4.997899724079602e-07
epsilon_greedy,40,48,1,1.0,0.9942423251770526,0.5,0.999964,-0.005712674822947461
epsilon_greedy,40,48,2,0.75,0.2500105002100276,0.46875,0.250035,-4.997899724079602e-07
epsilon_greedy,40,49,1,1.0,1.0000390007740805,0.5625,0.999964,5.4000774080353864e-05
epsilon_greedy,40,49,2,0.75,0.2500105002205283,0.4375,0.2500255,-4.998004725642602e-07
epsilon_greedy,41,0,1,1.0,1.0000390007380793,0.59375,0.999967,5.40007380789298e-05
epsilon_greedy,41,0,2,0.78125,0.2500135002700101,0.53125,0.25001675,2.655121678074579e-10
epsilon_greedy,41,1,1,1.0,0.9942423251770526,0.5,0.999964,-0.005712674822947461
epsilon_greedy,41,1,2,0.75,0.2500105002100276,0.46875,0.250035,-4.997899724079602e-07
epsilon_greedy,41,2,1,1.0,0.9942423251770526,0.5,0.999964,-0.005712674822947461
epsilon_greedy,41,2,2,0.75,0.25001050021002763,0.46875,0.250035,-4.99789972352449e-07
epsilon_greedy,41,3,1,1.0,0.9942423251770526,0.5,0.999964,-0.005712674822947461
epsilon_greedy,41,3,2,0.75,0.25001050021002763,0.46875,0.250035,-4.99789972352449e-07
epsilon_greedy,41,4,1,1.0,0.9942423251770526,0.5,0.999964,-0.005712674822947461
epsilon_greedy,41,4,2,0.75,0.2500105002100276,0.46875,0.250035,-4.997899724079602e-07
epsilon_greedy,41,5,1,1.0,0.9942423251770526,0.5,0.999964,-0.005712674822947461
epsilon_greedy,41,5,2,0.75,0.2500105002100276,0.46875,0.250035,-4.997899724079602e-07
epsilon_greedy,41,6,1,1.0,0.9942423251770526,0.5,0.999964,-0.005712674822947461
epsilon_greedy,41,6,2,0.75,0.2500105002100276,0.46875,0.250035,-4.997899724079602e-07
epsilon_greedy,41,7,1,1.0,0.9942423251770526,0.5,0.999964,-0.005712674822947461
epsilon_greedy,41,7,2,0.75,0.2500105002100276,0.46875,0.250035,-4.997899724079602e-07
epsilon_greedy,41,8,1,1.0,0.9942423251770526,0.5,0.999964,-0.005712674822947461
epsilon_greedy,41,8,2,0.75,0.2500105002100276,0.46875,0.250035,-4.997899724079602e-07
epsilon_greedy,41,9,1,1.0,0.9942423251770526,0.5,0.999964,-0.005712674822947461
epsilon_greedy,41,9,2,0.75,0.2500105002100276,0.46875,0.250035,-4.997899724079602e-07
epsilon_greedy,41,10,1,1.0,0.9942423251770526,0.5,0.999964,-0.005712674822947461
epsilon_greedy,41,10,2,0.75,0.2500105002100276,0.46875,0.250035,-4.997899724079602e-07
epsilon_greedy,41,11,1,1.0,0.9942423251770526,0.5,0.999964,-0.005712674822947461
epsilon_greedy,41,11,2,0.75,0.25001050021002763,0.46875,0.250035,-4.99789972352449e-07
epsilon_greedy,41,12,1,1.0,0.9942423251770526,0.5,0.999964,-0.005712674822947461
epsilon_greedy,41,12,2,0.75,0.25001050021002763,0.46875,0.250035,-4.99789972352449e-07
epsilon_greedy,41,13,1,1.0,0.9942423251770526,0.5,0.999964,-0.005712674822947461
epsilon_greedy,41,13,2,0.75,0.2500105002100276,0.46875,0.250035,-4.997899724079602e-07
epsilon_greedy,41,14,1,1.0,0.9942423251770526,0.5,0.999964,-0.005712674822947461
epsilon_greedy,41,14,2,0.75,0.2500105002100276,0.46875,0.250035,-4.997899724079602e-07
epsilon_greedy,41,15,1,1.0,0.9942423251770526,0.5,0.999964,-0.005712674822947461
epsilon_greedy,41,15,2,0.75,0.2500105002100276,0.46875,0.250035,-4.997899724079602e-07
epsilon_greedy,41,16,1,1.0,0.9942423251770526,0.5,0.999964,-0.005712674822947461
epsilon_greedy,41,16,2,0.75,0.2500105002100276,0.46875,0.250035,-4.997899724079602e-07
epsilon_greedy,41,17,1,1.0,0.9942423251770526,0.5,0.999964,-0.005712674822947461
epsilon_greedy,41,17,2,0.75,0.2500105002100276,0.46875,0.250035,-4.997899724079602e-07
epsilon_greedy,41,18,1,1.0,0.9942423251770526,0.5,0.999964,-0.005712674822947461
epsilon_greedy,41,18,2,0.75,0.2500105002100276,0.46875,0.250035,-4.997899724079602e-07
epsilon_greedy,41,19,1,1.0,0.9942423251770526,0.5,0.999964,-0.005712674822947461
epsilon_greedy,41,19,2,0.75,0.2500105002100276,0.46875,0.250035,-4.997899724079602e-07
epsilon_greedy,41,20,1,1.0,0.9942423251770526,0.5,0.999964,-0.005712674822947461
epsilon_greedy,41,20,2,0.75,0.25001050021002763,0.46875,0.250035,-4.99789972352449e-07
epsilon_greedy,41,21,1,1.0,0.9942423251770526,0.5,0.999964,-0.005712674822947461
epsilon_greedy,41,21,2,0.75,0.25001050021002763,0.46875,0.250035,-4.99789972352449e-07
epsilon_greedy,41,22,1,1.0,0.9942423251770526,0.5,0.999964,-0.005712674822947461
epsilon_greedy,41,22,2,0.75,0.2500105002100276,0.46875,0.250035,-4.997899724079602e-07
epsilon_greedy,41,23,1,1.0,0.9942423251770526,0.5,0.999964,-0.005712674822947461
epsilon_greedy,41,23,2,0.75,0.2500105002100276,0.46875,0.250035,-4.997899724079602e-07
epsilon_greedy,41,24,1,1.0,0.9942423251770526,0.5,0.999964,-0.005712674822947461
epsilon_greedy,41,24,2,0.75,0.2500105002100276,0.46875,0.250035,-4.997899724079602e-07
epsilon_greedy,41,25,1,1.0,0.9942423251770526,0.5,0.999964,-0.005712674822947461
epsilon_greedy,41,25,2,0.75,0.2500105002100276,0.46875,0.250035,-4.997899724079602e-07
epsilon_greedy,41,26,1,1.0,0.9942423251770526,0.5,0.999964,-0.005712674822947461
epsilon_greedy,41,26,2,0.75,0.2500105002100276,0.46875,0.250035,-4.997899724079602e-07
epsilon_greedy,41,27,1,1.0,0.9942423251770526,0.5,0.999964,-0.005712674822947461
epsilon_greedy,41,27,2,0.75,0.2500105002100276,0.46875,0.250035,-4.997899724079602e-07
epsilon_greedy,41,28,1,1.0,0.9942423251770526,0.5,0.999964,-0.005712674822947461
epsilon_greedy,41,28,2,0.75,0.2500105002100276,0.46875,0.250035,-4.997899724079602e-07
epsilon_greedy,41,29,1,1.0,0.9942423251770526,0.5,0.999964,-0.005712674822947461
epsilon_greedy,41,29,2,0.75,0.2500105002100276,0.46875,0.250035,-4.997899724079602e-07
epsilon_greedy,41,30,1,1.0,0.9942423251770526,0.5,0.999964,-0.005712674822947461
epsilon_greedy,41,30,2,0.75,0.2500105002100276,0.46875,0.250035,-4.997899724079602e-07
epsilon_greedy,41,31,1,1.0,0.9942423251770526,0.5,0.999964,-0.005712674822947461
epsilon_greedy,41,31,2,0.75,0.2500105002100276,0.46875,0.250035,-4.997899724079602e-07
epsilon_greedy,41,32,1,1.0,0.9942423251770526,0.5,0.999964,-0.005712674822947461
epsilon_greedy,41,32,2,0.75,0.2500105002100276,0.46875,0.250035,-4.997899724079602e-07
epsilon_greedy,41,33,1,1.0,0.9942423251770526,0.5,0.999964,-0.005712674822947461
epsilon_greedy,41,33,2,0.75,0.2500105002100276,0.46875,0.250035,-4.997899724079602e-07
epsilon_greedy,41,34,1,1.0,0.9942423251770526,0.5,0.999964,-0.005712674822947461
epsilon_greedy,41,34,2,0.75,0.2500105002100276,0.46875,0.250035,-4.997899724079602e-07
epsilon_greedy,41,35,1,1.0,0.9942423251770526,0.5,0.999964,-0.005712674822947461
epsilon_greedy,41,35,2,0.75,0.2500105002100276,0.46875,0.250035,-4.997899724079602e-07
epsilon_greedy,41,36,1,1.0,0.9942423251770526,0.5,0.999964,-0.005712674822947461
epsilon_greedy,41,36,2,0.75,0.2500105002100276,0.46875,0.250035,-4.997899724079602e-07
epsilon_greedy,41,37,1,1.0,0.9942423251770526,0.5,0.999964,-0.005712674822947461
epsilon_greedy,41,37,2,0.75,0.2500105002100276,0.46875,0.250035,-4.997899724079602e-07
epsilon_greedy,41,38,1,1.0,0.9942423251770526,0.5,0.999964,-0.005712674822947461
epsilon_greedy,41,38,2,0.75,0.2500105002100276,0.46875,0.250035,-4.997899724079602e-07
epsilon_greedy,41,39,1,1.0,0.9942423251770526,0.5,0.999964,-0.005712674822947461
epsilon_greedy,41,39,2,0.75,0.2500105002100276,0.46875,0.250035,-4.997899724079602e-07
epsilon_greedy,41,40,1,1.0,0.9942423251770526,0.5,0.999964,-0.005712674822947461
epsilon_greedy,41,40,2,0.75,0.2500105002100276,0.46875,0.250035,-4.997899724079602e-07
epsilon_greedy,41,41,1,1.0,0.9942423251770526,0.5,0.999964,-0.005712674822947461
epsilon_greedy,41,41,2,0.75,0.2500105002100276,0.46875,0.250035,-4.997899724079602e-07
epsilon_greedy,41,42,1,1.0,0.9942423251770526,0.5,0.999964,-0.005712674822947461
epsilon_greedy,41,42,2,0.75,0.2500105002100276,0.46875,0.250035,-4.997899724079602e-07
epsilon_greedy,41,43,1,1.0,0.9942423251770526,0.5,0.999964,-0.005712674822947461
epsilon_greedy,41,43,2,0.75,0.2500105002100276,0.46875,0.250035,-4.997899724079602e-07
epsilon_greedy,41,44,1,1.0,0.9942423251770526,0.5,0.999964,-0.005712674822947461
epsilon_greedy,41,44,2,0.75,0.2500105002100276,0.46875,0.250035,-4.997899724079602e-07
epsilon_greedy,41,45,1,1.0,0.9942423251770526,0.5,0.999964,-0.005712674822947461
epsilon_greedy,41,45,2,0.75,0.2500105002100276,0.46875,0.250035,-4.997899724079602e-07
epsilon_greedy,41,46,1,1.0,0.9942423251770526,0.5,0.999964,-0.005712674822947461
epsilon_greedy,41,46,2,0.75,0.2500105002100276,0.46875,0.250035,-4.997899724079602e-07
epsilon_greedy,41,47,1,1.0,0.9942423251770526,0.5,0.999964,-0.005712674822947461
epsilon_greedy,41,47,2,0.75,0.2500105002100276,0.46875,0.250035,-4.997899724079602e-07
epsilon_greedy,41,48,1,1.0,0.9942423251770526,0.5,0.999964,-0.005712674822947461
epsilon_greedy,41,48,2,0.75,0.2500105002100276,0.46875,0.250035,-4.997899724079602e-07
epsilon_greedy,41,49,1,1.0,1.0000390007740805,0.5625,0.999964,5.4000774080353864e-05
epsilon_greedy,41,49,2,0.75,0.2500105002205283,0.4375,0.2500255,-4.998004725642602e-07
epsilon_greedy,42,0,1,1.0,1.0000390007380793,0.59375,0.999967,5.40007380789298e-05
epsilon_greedy,42,0,2,0.78125,0.2500135002700101,0.53125,0.25001675,2.655121678074579e-10
epsilon_greedy,42,1,1,1.0,0.9942423251770526,0.5,0.999964,-0.005712674822947461
epsilon_greedy,42,1,2,0.75,0.2500105002100276,0.46875,0.250035,-4.997899724079602e-07
epsilon_greedy,42,2,1,1.0,0.9942423251770526,0.5,0.999964,-0.005712674822947461
epsilon_greedy,42,2,2,0.75,0.25001050021002763,0.46875,0.250035,-4.99789972352449e-07
epsilon_greedy,42,3,1,1.0,0.9942423251770526,0.5,0.999964,-0.005712674822947461
epsilon_greedy,42,3,2,0.75,0.25001050021002763,0.46875,0.250035,-4.99789972352449e-07
epsilon_greedy,42,4,1,1.0,0.9942423251770526,0.5,0.999964,-0.005712674822947461
epsilon_greedy,42,4,2,0.75,0.2500105002100276,0.46875,0.250035,-4.997899724079602e-07
epsilon_greedy,42,5,1,1.0,0.9942423251770526,0.5,0.999964,-0.005712674822947461
epsilon_greedy,42,5,2,0.75,0.2500105002100276,0.46875,0.250035,-4.997899724079602e-07
epsilon_greedy,42,6,1,1.0,0.9942423251770526,0.5,0.999964,-0.005712674822947461
epsilon_greedy,42,6,2,0.75,0.2500105002100276,0.46875,0.250035,-4.997899724079602e-07
epsilon_greedy,42,7,1,1.0,0.9942423251770526,0.5,0.999964,-0.005712674822947461
epsilon_greedy,42,7,2,0.75,0.2500105002100276,0.46875,0.250035,-4.997899724079602e-07
epsilon_greedy,42,8,1,1.0,0.9942423251770526,0.5,0.999964,-0.005712674822947461
epsilon_greedy,42,8,2,0.75,0.2500105002100276,0.46875,0.250035,-4.997899724079602e-07
epsilon_greedy,42,9,1,1.0,0.9942423251770526,0.5,0.999964,-0.005712674822947461
epsilon_greedy,42,9,2,0.75,0.2500105002100276,0.46875,0.250035,-4.997899724079602e-07
epsilon_greedy,42,10,1,1.0,0.9942423251770526,0.5,0.999964,-0.005712674822947461
epsilon_greedy,42,10,2,0.75,0.2500105002100276,0.46875,0.250035,-4.997899724079602e-07
epsilon_greedy,42,11,1,1.0,0.9942423251770526,0.5,0.999964,-0.005712674822947461
epsilon_greedy,42,11,2,0.75,0.25001050021002763,0.46875,0.250035,-4.99789972352449e-07
epsilon_greedy,42,12,1,1.0,0.9942423251770526,0.5,0.999964,-0.005712674822947461
epsilon_greedy,42,12,2,0.75,0.25001050021002763,0.46875,0.250035,-4.99789972352449e-07
epsilon_greedy,42,13,1,1.0,0.9942423251770526,0.5,0.999964,-0.005712674822947461
epsilon_greedy,42,13,2,0.75,0.2500105002100276,0.46875,0.250035,-4.997899724079602e-07
epsilon_greedy,42,14,1,1.0,0.9942423251770526,0.5,0.999964,-0.005712674822947461
epsilon_greedy,42,14,2,0.75,0.2500105002100276,0.46875,0.250035,-4.997899724079602e-07
epsilon_greedy,42,15,1,1.0,0.9942423251770526,0.5,0.999964,-0.005712674822947461
epsilon_greedy,42,15,2,0.75,0.2500105002100276,0.46875,0.250035,-4.997899724079602e-07
epsilon_greedy,42,16,1,1.0,0.9942423251770526,0.5,0.999964,-0.005712674822947461
epsilon_greedy,42,16,2,0.75,0.2500105002100276,0.46875,0.250035,-4.997899724079602e-07
epsilon_greedy,42,17,1,1.0,0.9942423251770526,0.5,0.999964,-0.005712674822947461
epsilon_greedy,42,17,2,0.75,0.2500105002100276,0.46875,0.250035,-4.997899724079602e-07
epsilon_greedy,42,18,1,1.0,0.9942423251770526,0.5,0.999964,-0.005712674822947461
epsilon_greedy,42,18,2,0.75,0.2500105002100276,0.46875,0.250035,-4.997899724079602e-07
epsilon_greedy,42,19,1,1.0,0.9942423251770526,0.5,0.999964,-0.005712674822947461
epsilon_greedy,42,19,2,0.75,0.2500105002100276,0.46875,0.250035,-4.997899724079602e-07
epsilon_greedy,42,20,1,1.0,0.9942423251770526,0.5,0.999964,-0.005712674822947461
epsilon_greedy,42,20,2,0.75,0.25001050021002763,0.46875,0.250035,-4.99789972352449e-07
epsilon_greedy,42,21,1,1.0,0.9942423251770526,0.5,0.999964,-0.005712674822947461
epsilon_greedy,42,21,2,0.75,0.25001050021002763,0.46875,0.250035,-4.99789972352449e-07
epsilon_greedy,42,22,1,1.0,0.9942423251770526,0.5,0.999964,-0.005712674822947461
epsilon_greedy,42,22,2,0.75,0.2500105002100276,0.46875,0.250035,-4.997899724079602e-07
epsilon_greedy,42,23,1,1.0,0.9942423251770526,0.5,0.999964,-0.005712674822947461
epsilon_greedy,42,23,2,0.75,0.2500105002100276,0.46875,0.250035,-4.997899724079602e-07
epsilon_greedy,42,24,1,1.0,0.9942423251770526,0.5,0.999964,-0.005712674822947461
epsilon_greedy,42,24,2,0.75,0.2500105002100276,0.46875,0.250035,-4.997899724079602e-07
epsilon_greedy,42,25,1,1.0,0.9942423251770526,0.5,0.999964,-0.005712674822947461
epsilon_greedy,42,25,2,0.75,0.2500105002100276,0.46875,0.250035,-4.997899724079602e-07
epsilon_greedy,42,26,1,1.0,0.9942423251770526,0.5,0.999964,-0.005712674822947461
epsilon_greedy,42,26,2,0.75,0.2500105002100276,0.46875,0.250035,-4.997899724079602e-07
epsilon_greedy,42,27,1,1.0,0.9942423251770526,0.5,0.999964,-0.005712674822947461
epsilon_greedy,42,27,2,0.75,0.2500105002100276,0.46875,0.250035,-4.997899724079602e-07
epsilon_greedy,42,28,1,1.0,0.9942423251770526,0.5,0.999964,-0.005712674822947461
epsilon_greedy,42,28,2,0.75,0.2500105002100276,0.46875,0.250035,-4.997899724079602e-07
epsilon_greedy,42,29,1,1.0,0.9942423251770526,0.5,0.999964,-0.005712674822947461
epsilon_greedy,42,29,2,0.75,0.2500105002100276,0.46875,0.250035,-4.997899724079602e-07
epsilon_greedy,42,30,1,1.0,0.9942423251770526,0.5,0.999964,-0.005712674822947461
epsilon_greedy,42,30,2,0.75,0.2500105002100276,0.46875,0.250035,-4.997899724079602e-07
epsilon_greedy,42,31,1,1.0,0.9942423251770526,0.5,0.999964,-0.005712674822947461
epsilon_greedy,42,31,2,0.75,0.2500105002100276,0.46875,0.250035,-4.997899724079602e-07
epsilon_greedy,42,32,1,1.0,0.9942423251770526,0.5,0.999964,-0.005712674822947461
epsilon_greedy,42,32,2,0.75,0.2500105002100276,0.46875,0.250035,-4.997899724079602e-07
epsilon_greedy,42,33,1,1.0,0.9942423251770526,0.5,0.999964,-0.005712674822947461
epsilon_greedy,42,33,2,0.75,0.2500105002100276,0.46875,0.250035,-4.997899724079602e-07
epsilon_greedy,42,34,1,1.0,0.9942423251770526,0.5,0.999964,-0.005712674822947461
epsilon_greedy,42,34,2,0.75,0.2500105002100276,0.46875,0.250035,-4.997899724079602e-07
epsilon_greedy,42,35,1,1.0,0.9942423251770526,0.5,0.999964,-0.005712674822947461
epsilon_greedy,42,35,2,0.75,0.2500105002100276,0.46875,0.250035,-4.997899724079602e-07
epsilon_greedy,42,36,1,1.0,0.9942423251770526,0.5,0.999964,-0.005712674822947461
epsilon_greedy,42,36,2,0.75,0.2500105002100276,0.46875,0.250035,-4.997899724079602e-07
epsilon_greedy,42,37,1,1.0,0.9942423251770526,0.5,0.999964,-0.005712674822947461
epsilon_greedy,42,37,2,0.75,0.2500105002100276,0.46875,0.250035,-4.997899724079602e-07
epsilon_greedy,42,38,1,1.0,0.9942423251770526,0.5,0.999964,-0.005712674822947461
epsilon_greedy,42,38,2,0.75,0.2500105002100276,0.46875,0.250035,-4.997899724079602e-07
epsilon_greedy,42,39,1,1.0,0.9942423251770526,0.5,0.999964,-0.005712674822947461
epsilon_greedy,42,39,2,0.75,0.2500105002100276,0.46875,0.250035,-4.997899724079602e-07
epsilon_greedy,42,40,1,1.0,0.9942423251770526,0.5,0.999964,-0.005712674822947461
epsilon_greedy,42,40,2,0.75,0.2500105002100276,0.46875,0.250035,-4.997899724079602e-07
epsilon_greedy,42,41,1,1.0,0.9942423251770526,0.5,0.999964,-0.005712674822947461
epsilon_greedy,42,41,2,0.75,0.2500105002100276,0.46875,0.250035,-4.997899724079602e-07
epsilon_greedy,42,42,1,1.0,0.9942423251770526,0.5,0.999964,-0.005712674822947461
epsilon_greedy,42,42,2,0.75,0.2500105002100276,0.46875,0.250035,-4.997899724079602e-07
epsilon_greedy,42,43,1,1.0,0.9942423251770526,0.5,0.999964,-0.005712674822947461
epsilon_greedy,42,43,2,0.75,0.2500105002100276,0.46875,0.250035,-4.997899724079602e-07
epsilon_greedy,42,44,1,1.0,0.9942423251770526,0.5,0.999964,-0.005712674822947461
epsilon_greedy,42,44,2,0.75,0.2500105002100276,0.46875,0.250035,-4.997899724079602e-07
epsilon_greedy,42,45,1,1.0,0.9942423251770526,0.5,0.999964,-0.005712674822947461
epsilon_greedy,42,45,2,0.75,0.2500105002100276,0.46875,0.250035,-4.997899724079602e-07
epsilon_greedy,42,46,1,1.0,0.9942423251770526,0.5,0.999964,-0.005712674822947461
epsilon_greedy,42,46,2,0.75,0.2500105002100276,0.46875,0.250035,-4.997899724079602e-07
epsilon_greedy,42,47,1,1.0,0.9942423251770526,0.5,0.999964,-0.005712674822947461
epsilon_greedy,42,47,2,0.75,0.2500105002100276,0.46875,0.250035,-4.997899724079602e-07
epsilon_greedy,42,48,1,1.0,0.9942423251770526,0.5,0.999964,-0.005712674822947461
epsilon_greedy,42,48,2,0.75,0.2500105002100276,0.46875,0.250035,-4.997899724079602e-07
epsilon_greedy,42,49,1,1.0,1.0000390007740805,0.5625,0.999964,5.4000774080353864e-05
epsilon_greedy,42,49,2,0.75,0.2500105002205283,0.4375,0.2500255,-4.998004725642602e-07
epsilon_greedy,43,0,1,1.0,1.0000390007380793,0.59375,0.999967,5.40007380789298e-05
epsilon_greedy,43,0,2,0.78125,0.2500135002700101,0.53125,0.25001675,2.655121678074579e-10
epsilon_greedy,43,1,1,1.0,0.9942423251770526,0.5,0.999964,-0.005712674822947461
epsilon_greedy,43,1,2,0.75,0.2500105002100276,0.46875,0.250035,-4.997899724079602e-07
epsilon_greedy,43,2,1,1.0,0.9942423251770526,0.5,0.999964,-0.005712674822947461
epsilon_greedy,43,2,2,0.75,0.25001050021002763,0.46875,0.250035,-4.99789972352449e-07
epsilon_greedy,43,3,1,1.0,0.9942423251770526,0.5,0.999964,-0.005712674822947461
epsilon_greedy,43,3,2,0.75,0.25001050021002763,0.46875,0.250035,-4.99789972352449e-07
epsilon_greedy,43,4,1,1.0,0.9942423251770526,0.5,0.999964,-0.005712674822947461
epsilon_greedy,43,4,2,0.75,0.2500105002100276,0.46875,0.250035,-4.997899724079602e-07
epsilon_greedy,43,5,1,1.0,0.9942423251770526,0.5,0.999964,-0.005712674822947461
epsilon_greedy,43,5,2,0.75,0.2500105002100276,0.46875,0.250035,-4.997899724079602e-07
epsilon_greedy,43,6,1,1.0,0.9942423251770526,0.5,0.999964,-0.005712674822947461
epsilon_greedy,43,6,2,0.75,0.2500105002100276,0.46875,0.250035,-4.997899724079602e-07
epsilon_greedy,43,7,1,1.0,0.9942423251770526,0.5,0.999964,-0.005712674822947461
epsilon_greedy,43,7,2,0.75,0.2500105002100276,0.46875,0.250035,-4.997899724079602e-07
epsilon_greedy,43,8,1,1.0,0.9942423251770526,0.5,0.999964,-0.005712674822947461
epsilon_greedy,43,8,2,0.75,0.2500105002100276,0.46875,0.250035,-4.997899724079602e-07
epsilon_greedy,43,9,1,1.0,0.9942423251770526,0.5,0.999964,-0.005712674822947461
epsilon_greedy,43,9,2,0.75,0.2500105002100276,0.46875,0.250035,-4.997899724079602e-07
epsilon_greedy,43,10,1,1.0,0.9942423251770526,0.5,0.999964,-0.005712674822947461
epsilon_greedy,43,10,2,0.75,0.2500105002100276,0.46875,0.250035,-4.997899724079602e-07
epsilon_greedy,43,11,1,1.0,0.9942423251770526,0.5,0.999964,-0.005712674822947461
epsilon_greedy,43,11,2,0.75,0.25001050021002763,0.46875,0.250035,-4.99789972352449e-07
epsilon_greedy,43,12,1,1.0,0.9942423251770526,0.5,0.999964,-0.005712674822947461
epsilon_greedy,43,12,2,0.75,0.25001050021002763,0.46875,0.250035,-4.99789972352449e-07
epsilon_greedy,43,13,1,1.0,0.9942423251770526,0.5,0.999964,-0.005712674822947461
epsilon_greedy,43,13,2,0.75,0.2500105002100276,0.46875,0.250035,-4.997899724079602e-07
epsilon_greedy,43,14,1,1.0,0.9942423251770526,0.5,0.999964,-0.005712674822947461
epsilon_greedy,43,14,2,0.75,0.2500105002100276,0.46875,0.250035,-4.997899724079602e-07
epsilon_greedy,43,15,1,1.0,0.9942423251770526,0.5,0.999964,-0.005712674822947461
epsilon_greedy,43,15,2,0.75,0.2500105002100276,0.46875,0.250035,-4.997899724079602e-07
epsilon_greedy,43,16,1,1.0,0.9942423251770526,0.5,0.999964,-0.005712674822947461
epsilon_greedy,43,16,2,0.75,0.2500105002100276,0.46875,0.250035,-4.997899724079602e-07
epsilon_greedy,43,17,1,1.0,0.9942423251770526,0.5,0.999964,-0.005712674822947461
epsilon_greedy,43,17,2,0.75,0.2500105002100276,0.46875,0.250035,-4.997899724079602e-07
epsilon_greedy,43,18,1,1.0,0.9942423251770526,0.5,0.999964,-0.005712674822947461
epsilon_greedy,43,18,2,0.75,0.2500105002100276,0.46875,0.250035,-4.997899724079602e-07
epsilon_greedy,43,19,1,1.0,0.9942423251770526,0.5,0.999964,-0.005712674822947461
epsilon_greedy,43,19,2,0.75,0.2500105002100276,0.46875,0.250035,-4.997899724079602e-07
epsilon_greedy,43,20,1,1.0,0.9942423251770526,0.5,0.999964,-0.005712674822947461
epsilon_greedy,43,20,2,0.75,0.25001050021002763,0.46875,0.250035,-4.99789972352449e-07
epsilon_greedy,43,21,1,1.0,0.9942423251770526,0.5,0.999964,-0.005712674822947461
epsilon_greedy,43,21,2,0.75,0.25001050021002763,0.46875,0.250035,-4.99789972352449e-07
epsilon_greedy,43,22,1,1.0,0.9942423251770526,0.5,0.999964,-0.005712674822947461
epsilon_greedy,43,22,2,0.75,0.2500105002100276,0.46875,0.250035,-4.997899724079602e-07
epsilon_greedy,43,23,1,1.0,0.9942423251770526,0.5,0.999964,-0.005712674822947461
epsilon_greedy,43,23,2,0.75,0.2500105002100276,0.46875,0.250035,-4.997899724079602e-07
epsilon_greedy,43,24,1,1.0,0.9942423251770526,0.5,0.999964,-0.005712674822947461
epsilon_greedy,43,24,2,0.75,0.2500105002100276,0.46875,0.250035,-4.997899724079602e-07
epsilon_greedy,43,25,1,1.0,0.9942423251770526,0.5,0.999964,-0.005712674822947461
epsilon_greedy,43,25,2,0.75,0.2500105002100276,0.46875,0.250035,-4.997899724079602e-07
epsilon_greedy,43,26,1,1.0,0.9942423251770526,0.5,0.999964,-0.005712674822947461
epsilon_greedy,43,26,2,0.75,0.2500105002100276,0.46875,0.250035,-4.997899724079602e-07
epsilon_greedy,43,27,1,1.0,0.9942423251770526,0.5,0.999964,-0.005712674822947461
epsilon_greedy,43,27,2,0.75,0.2500105002100276,0.46875,0.250035,-4.997899724079602e-07
epsilon_greedy,43,28,1,1.0,0.9942423251770526,0.5,0.999964,-0.005712674822947461
epsilon_greedy,43,28,2,0.75,0.2500105002100276,0.46875,0.250035,-4.997899724079602e-07
epsilon_greedy,43,29,1,1.0,0.9942423251770526,0.5,0.999964,-0.005712674822947461
epsilon_greedy,43,29,2,0.75,0.2500105002100276,0.46875,0.250035,-4.997899724079602e-07
epsilon_greedy,43,30,1,1.0,0.9942423251770526,0.5,0.999964,-0.005712674822947461
epsilon_greedy,43,30,2,0.75,0.2500105002100276,0.46875,0.250035,-4.997899724079602e-07
epsilon_greedy,43,31,1,1.0,0.9942423251770526,0.5,0.999964,-0.005712674822947461
epsilon_greedy,43,31,2,0.75,0.2500105002100276,0.46875,0.250035,-4.997899724079602e-07
epsilon_greedy,43,32,1,1.0,0.9942423251770526,0.5,0.999964,-0.005712674822947461
epsilon_greedy,43,32,2,0.75,0.2500105002100276,0.46875,0.250035,-4.997899724079602e-07
epsilon_greedy,43,33,1,1.0,0.9942423251770526,0.5,0.999964,-0.005712674822947461
epsilon_greedy,43,33,2,0.75,0.2500105002100276,0.46875,0.250035,-4.997899724079602e-07
epsilon_greedy,43,34,1,1.0,0.9942423251770526,0.5,0.999964,-0.005712674822947461
epsilon_greedy,43,34,2,0.75,0.2500105002100276,0.46875,0.250035,-4.997899724079602e-07
epsilon_greedy,43,35,1,1.0,0.9942423251770526,0.5,0.999964,-0.005712674822947461
epsilon_greedy,43,35,2,0.75,0.2500105002100276,0.46875,0.250035,-4.997899724079602e-07
epsilon_greedy,43,36,1,1.0,0.9942423251770526,0.5,0.999964,-0.005712674822947461
epsilon_greedy,43,36,2,0.75,0.2500105002100276,0.46875,0.250035,-4.997899724079602e-07
epsilon_greedy,43,37,1,1.0,0.9942423251770526,0.5,0.999964,-0.005712674822947461
epsilon_greedy,43,37,2,0.75,0.2500105002100276,0.46875,0.250035,-4.997899724079602e-07
epsilon_greedy,43,38,1,1.0,0.9942423251770526,0.5,0.999964,-0.005712674822947461
epsilon_greedy,43,38,2,0.75,0.2500105002100276,0.46875,0.250035,-4.997899724079602e-07
epsilon_greedy,43,39,1,1.0,0.9942423251770526,0.5,0.999964,-0.005712674822947461
epsilon_greedy,43,39,2,0.75,0.2500105002100276,0.46875,0.250035,-4.997899724079602e-07
epsilon_greedy,43,40,1,1.0,0.9942423251770526,0.5,0.999964,-0.005712674822947461
epsilon_greedy,43,40,2,0.75,0.2500105002100276,0.46875,0.250035,-4.997899724079602e-07
epsilon_greedy,43,41,1,1.0,0.9942423251770526,0.5,0.999964,-0.005712674822947461
epsilon_greedy,43,41,2,0.75,0.2500105002100276,0.46875,0.250035,-4.997899724079602e-07
epsilon_greedy,43,42,1,1.0,0.9942423251770526,0.5,0.999964,-0.005712674822947461
epsilon_greedy,43,42,2,0.75,0.2500105002100276,0.46875,0.250035,-4.997899724079602e-07
epsilon_greedy,43,43,1,1.0,0.9942423251770526,0.5,0.999964,-0.005712674822947461
epsilon_greedy,43,43,2,0.75,0.2500105002100276,0.46875,0.250035,-4.997899724079602e-07
epsilon_greedy,43,44,1,1.0,0.9942423251770526,0.5,0.999964,-0.005712674822947461
epsilon_greedy,43,44,2,0.75,0.2500105002100276,0.46875,0.250035,-4.997899724079602e-07
epsilon_greedy,43,45,1,1.0,0.9942423251770526,0.5,0.999964,-0.005712674822947461
epsilon_greedy,43,45,2,0.75,0.2500105002100276,0.46875,0.250035,-4.997899724079602e-07
epsilon_greedy,43,46,1,1.0,0.9942423251770526,0.5,0.999964,-0.005712674822947461
epsilon_greedy,43,46,2,0.75,0.2500105002100276,0.46875,0.250035,-4.997899724079602e-07
epsilon_greedy,43,47,1,1.0,0.9942423251770526,0.5,0.999964,-0.005712674822947461
epsilon_greedy,43,47,2,0.75,0.2500105002100276,0.46875,0.250035,-4.997899724079602e-07
epsilon_greedy,43,48,1,1.0,0.9942423251770526,0.5,0.999964,-0.005712674822947461
epsilon_greedy,43,48,2,0.75,0.2500105002100276,0.46875,0.250035,-4.997899724079602e-07
epsilon_greedy,43,49,1,1.0,1.0000390007740805,0.5625,0.999964,5.4000774080353864e-05
epsilon_greedy,43,49,2,0.75,0.2500105002205283,0.4375,0.2500255,-4.998004725642602e-07
epsilon_greedy,44,0,1,1.0,1.0000390007380793,0.59375,0.999967,5.40007380789298e-05
epsilon_greedy,44,0,2,0.78125,0.2500135002700101,0.53125,0.25001675,2.655121678074579e-10
epsilon_greedy,44,1,1,1.0,0.9942423251770526,0.5,0.999964,-0.005712674822947461
epsilon_greedy,44,1,2,0.75,0.2500105002100276,0.46875,0.250035,-4.997899724079602e-07
epsilon_greedy,44,2,1,1.0,0.9942423251770526,0.5,0.999964,-0.005712674822947461
epsilon_greedy,44,2,2,0.75,0.25001050021002763,0.46875,0.250035,-4.99789972352449e-07
epsilon_greedy,44,3,1,1.0,0.9942423251770526,0.5,0.999964,-0.005712674822947461
epsilon_greedy,44,3,2,0.75,0.25001050021002763,0.46875,0.250035,-4.99789972352449e-07
epsilon_greedy,44,4,1,1.0,0.9942423251770526,0.5,0.999964,-0.005712674822947461
epsilon_greedy,44,4,2,0.75,0.2500105002100276,0.46875,0.250035,-4.997899724079602e-07
epsilon_greedy,44,5,1,1.0,0.9942423251770526,0.5,0.999964,-0.005712674822947461
epsilon_greedy,44,5,2,0.75,0.2500105002100276,0.46875,0.250035,-4.997899724079602e-07
epsilon_greedy,44,6,1,1.0,0.9942423251770526,0.5,0.999964,-0.005712674822947461
epsilon_greedy,44,6,2,0.75,0.2500105002100276,0.46875,0.250035,-4.997899724079602e-07
epsilon_greedy,44,7,1,1.0,0.9942423251770526,0.5,0.999964,-0.005712674822947461
epsilon_greedy,44,7,2,0.75,0.2500105002100276,0.46875,0.250035,-4.997899724079602e-07
epsilon_greedy,44,8,1,1.0,0.9942423251770526,0.5,0.999964,-0.005712674822947461
epsilon_greedy,44,8,2,0.75,0.2500105002100276,0.46875,0.250035,-4.997899724079602e-07
epsilon_greedy,44,9,1,1.0,0.9942423251770526,0.5,0.999964,-0.005712674822947461
epsilon_greedy,44,9,2,0.75,0.2500105002100276,0.46875,0.250035,-4.997899724079602e-07
epsilon_greedy,44,10,1,1.0,0.9942423251770526,0.5,0.999964,-0.005712674822947461
epsilon_greedy,44,10,2,0.75,0.2500105002100276,0.46875,0.250035,-4.997899724079602e-07
epsilon_greedy,44,11,1,1.0,0.9942423251770526,0.5,0.999964,-0.005712674822947461
epsilon_greedy,44,11,2,0.75,0.25001050021002763,0.46875,0.250035,-4.99789972352449e-07
epsilon_greedy,44,12,1,1.0,0.9942423251770526,0.5,0.999964,-0.005712674822947461
epsilon_greedy,44,12,2,0.75,0.25001050021002763,0.46875,0.250035,-4.99789972352449e-07
epsilon_greedy,44,13,1,1.0,0.9942423251770526,0.5,0.999964,-0.005712674822947461
epsilon_greedy,44,13,2,0.75,0.2500105002100276,0.46875,0.250035,-4.997899724079602e-07
epsilon_greedy,44,14,1,1.0,0.9942423251770526,0.5,0.999964,-0.005712674822947461
epsilon_greedy,44,14,2,0.75,0.2500105002100276,0.46875,0.250035,-4.997899724079602e-07
epsilon_greedy,44,15,1,1.0,0.9942423251770526,0.5,0.999964,-0.005712674822947461
epsilon_greedy,44,15,2,0.75,0.2500105002100276,0.46875,0.250035,-4.997899724079602e-07
epsilon_greedy,44,16,1,1.0,0.9942423251770526,0.5,0.999964,-0.005712674822947461
epsilon_greedy,44,16,2,0.75,0.2500105002100276,0.46875,0.250035,-4.997899724079602e-07
epsilon_greedy,44,17,1,1.0,0.9942423251770526,0.5,0.999964,-0.005712674822947461
epsilon_greedy,44,17,2,0.75,0.2500105002100276,0.46875,0.250035,-4.997899724079602e-07
epsilon_greedy,44,18,1,1.0,0.9942423251770526,0.5,0.999964,-0.005712674822947461
epsilon_greedy,44,18,2,0.75,0.2500105002100276,0.46875,0.250035,-4.997899724079602e-07
epsilon_greedy,44,19,1,1.0,0.9942423251770526,0.5,0.999964,-0.005712674822947461
epsilon_greedy,44,19,2,0.75,0.2500105002100276,0.46875,0.250035,-4.997899724079602e-07
epsilon_greedy,44,20,1,1.0,0.9942423251770526,0.5,0.999964,-0.005712674822947461
epsilon_greedy,44,20,2,0.75,0.25001050021002763,0.46875,0.250035,-4.99789972352449e-07
epsilon_greedy,44,21,1,1.0,0.9942423251770526,0.5,0.999964,-0.005712674822947461
epsilon_greedy,44,21,2,0.75,0.25001050021002763,0.46875,0.250035,-4.99789972352449e-07
epsilon_greedy,44,22,1,1.0,0.9942423251770526,0.5,0.999964,-0.005712674822947461
epsilon_greedy,44,22,2,0.75,0.2500105002100276,0.46875,0.250035,-4.997899724079602e-07
epsilon_greedy,44,23,1,1.0,0.9942423251770526,0.5,0.999964,-0.005712674822947461
epsilon_greedy,44,23,2,0.75,0.2500105002100276,0.46875,0.250035,-4.997899724079602e-07
epsilon_greedy,44,24,1,1.0,0.9942423251770526,0.5,0.999964,-0.005712674822947461
epsilon_greedy,44,24,2,0.75,0.2500105002100276,0.46875,0.250035,-4.997899724079602e-07
epsilon_greedy,44,25,1,1.0,0.9942423251770526,0.5,0.999964,-0.005712674822947461
epsilon_greedy,44,25,2,0.75,0.2500105002100276,0.46875,0.250035,-4.997899724079602e-07
epsilon_greedy,44,26,1,1.0,0.9942423251770526,0.5,0.999964,-0.005712674822947461
epsilon_greedy,44,26,2,0.75,0.2500105002100276,0.46875,0.250035,-4.997899724079602e-07
epsilon_greedy,44,27,1,1.0,0.9942423251770526,0.5,0.999964,-0.005712674822947461
epsilon_greedy,44,27,2,0.75,0.2500105002100276,0.46875,0.250035,-4.997899724079602e-07
epsilon_greedy,44,28,1,1.0,0.9942423251770526,0.5,0.999964,-0.005712674822947461
epsilon_greedy,44,28,2,0.75,0.2500105002100276,0.46875,0.250035,-4.997899724079602e-07
epsilon_greedy,44,29,1,1.0,0.9942423251770526,0.5,0.999964,-0.005712674822947461
epsilon_greedy,44,29,2,0.75,0.2500105002100276,0.46875,0.250035,-4.997899724079602e-07
epsilon_greedy,44,30,1,1.0,0.9942423251770526,0.5,0.999964,-0.005712674822947461
epsilon_greedy,44,30,2,0.75,0.2500105002100276,0.46875,0.250035,-4.997899724079602e-07
epsilon_greedy,44,31,1,1.0,0.9942423251770526,0.5,0.999964,-0.005712674822947461
epsilon_greedy,44,31,2,0.75,0.2500105002100276,0.46875,0.250035,-4.997899724079602e-07
epsilon_greedy,44,32,1,1.0,0.9942423251770526,0.5,0.999964,-0.005712674822947461
epsilon_greedy,44,32,2,0.75,0.2500105002100276,0.46875,0.250035,-4.997899724079602e-07
epsilon_greedy,44,33,1,1.0,0.9942423251770526,0.5,0.999964,-0.005712674822947461
epsilon_greedy,44,33,2,0.75,0.2500105002100276,0.46875,0.250035,-4.997899724079602e-07
epsilon_greedy,44,34,1,1.0,0.9942423251770526,0.5,0.999964,-0.005712674822947461
epsilon_greedy,44,34,2,0.75,0.2500105002100276,0.46875,0.250035,-4.997899724079602e-07
epsilon_greedy,44,35,1,1.0,0.9942423251770526,0.5,0.999964,-0.005712674822947461
epsilon_greedy,44,35,2,0.75,0.2500105002100276,0.46875,0.250035,-4.997899724079602e-07
epsilon_greedy,44,36,1,1.0,0.9942423251770526,0.5,0.999964,-0.005712674822947461
epsilon_greedy,44,36,2,0.75,0.2500105002100276,0.46875,0.250035,-4.997899724079602e-07
epsilon_greedy,44,37,1,1.0,0.9942423251770526,0.5,0.999964,-0.005712674822947461
epsilon_greedy,44,37,2,0.75,0.2500105002100276,0.46875,0.250035,-4.997899724079602e-07
epsilon_greedy,44,38,1,1.0,0.9942423251770526,0.5,0.999964,-0.005712674822947461
epsilon_greedy,44,38,2,0.75,0.2500105002100276,0.46875,0.250035,-4.997899724079602e-07
epsilon_greedy,44,39,1,1.0,0.9942423251770526,0.5,0.999964,-0.005712674822947461
epsilon_greedy,44,39,2,0.75,0.2500105002100276,0.46875,0.250035,-4.997899724079602e-07
epsilon_greedy,44,40,1,1.0,0.9942423251770526,0.5,0.999964,-0.005712674822947461
epsilon_greedy,44,40,2,0.75,0.2500105002100276,0.46875,0.250035,-4.997899724079602e-07
epsilon_greedy,44,41,1,1.0,0.9942423251770526,0.5,0.999964,-0.005712674822947461
epsilon_greedy,44,41,2,0.75,0.2500105002100276,0.46875,0.250035,-4.997899724079602e-07
epsilon_greedy,44,42,1,1.0,0.9942423251770526,0.5,0.999964,-0.005712674822947461
epsilon_greedy,44,42,2,0.75,0.2500105002100276,0.46875,0.250035,-4.997899724079602e-07
epsilon_greedy,44,43,1,1.0,0.9942423251770526,0.5,0.999964,-0.005712674822947461
epsilon_greedy,44,43,2,0.75,0.2500105002100276,0.46875,0.250035,-4.997899724079602e-07
epsilon_greedy,44,44,1,1.0,0.9942423251770526,0.5,0.999964,-0.005712674822947461
epsilon_greedy,44,44,2,0.75,0.2500105002100276,0.46875,0.250035,-4.997899724079602e-07
epsilon_greedy,44,45,1,1.0,0.9942423251770526,0.5,0.999964,-0.005712674822947461
epsilon_greedy,44,45,2,0.75,0.2500105002100276,0.46875,0.250035,-4.997899724079602e-07
epsilon_greedy,44,46,1,1.0,0.9942423251770526,0.5,0.999964,-0.005712674822947461
epsilon_greedy,44,46,2,0.75,0.2500105002100276,0.46875,0.250035,-4.997899724079602e-07
epsilon_greedy,44,47,1,1.0,0.9942423251770526,0.5,0.999964,-0.005712674822947461
epsilon_greedy,44,47,2,0.75,0.2500105002100276,0.46875,0.250035,-4.997899724079602e-07
epsilon_greedy,44,48,1,1.0,0.9942423251770526,0.5,0.999964,-0.005712674822947461
epsilon_greedy,44,48,2,0.75,0.2500105002100276,0.46875,0.250035,-4.997899724079602e-07
epsilon_greedy,44,49,1,1.0,1.0000390007740805,0.5625,0.999964,5.4000774080353864e-05
epsilon_greedy,44,49,2,0.75,0.2500105002205283,0.4375,0.2500255,-4.998004725642602e-07
epsilon_greedy,45,0,1,1.0,1.0000390007380793,0.59375,0.999967,5.40007380789298e-05
epsilon_greedy,45,0,2,0.78125,0.2500135002700101,0.53125,0.25001675,2.655121678074579e-10
epsilon_greedy,45,1,1,1.0,0.9942423251770526,0.5,0.999964,-0.005712674822947461
epsilon_greedy,45,1,2,0.75,0.2500105002100276,0.46875,0.250035,-4.997899724079602e-07
epsilon_greedy,45,2,1,1.0,0.9942423251770526,0.5,0.999964,-0.005712674822947461
epsilon_greedy,45,2,2,0.75,0.25001050021002763,0.46875,0.250035,-4.99789972352449e-07
epsilon_greedy,45,3,1,1.0,0.9942423251770526,0.5,0.999964,-0.005712674822947461
epsilon_greedy,45,3,2,0.75,0.25001050021002763,0.46875,0.250035,-4.99789972352449e-07
epsilon_greedy,45,4,1,1.0,0.9942423251770526,0.5,0.999964,-0.005712674822947461
epsilon_greedy,45,4,2,0.75,0.2500105002100276,0.46875,0.250035,-4.997899724079602e-07
epsilon_greedy,45,5,1,1.0,0.9942423251770526,0.5,0.999964,-0.005712674822947461
epsilon_greedy,45,5,2,0.75,0.2500105002100276,0.46875,0.250035,-4.997899724079602e-07
epsilon_greedy,45,6,1,1.0,0.9942423251770526,0.5,0.999964,-0.005712674822947461
epsilon_greedy,45,6,2,0.75,0.2500105002100276,0.46875,0.250035,-4.997899724079602e-07
epsilon_greedy,45,7,1,1.0,0.9942423251770526,0.5,0.999964,-0.005712674822947461
epsilon_greedy,45,7,2,0.75,0.2500105002100276,0.46875,0.250035,-4.997899724079602e-07
epsilon_greedy,45,8,1,1.0,0.9942423251770526,0.5,0.999964,-0.005712674822947461
epsilon_greedy,45,8,2,0.75,0.2500105002100276,0.46875,0.250035,-4.997899724079602e-07
epsilon_greedy,45,9,1,1.0,0.9942423251770526,0.5,0.999964,-0.005712674822947461
epsilon_greedy,45,9,2,0.75,0.2500105002100276,0.46875,0.250035,-4.997899724079602e-07
epsilon_greedy,45,10,1,1.0,0.9942423251770526,0.5,0.999964,-0.005712674822947461
epsilon_greedy,45,10,2,0.75,0.2500105002100276,0.46875,0.250035,-4.997899724079602e-07
epsilon_greedy,45,11,1,1.0,0.9942423251770526,0.5,0.999964,-0.005712674822947461
epsilon_greedy,45,11,2,0.75,0.25001050021002763,0.46875,0.250035,-4.99789972352449e-07
epsilon_greedy,45,12,1,1.0,0.9942423251770526,0.5,0.999964,-0.005712674822947461
epsilon_greedy,45,12,2,0.75,0.25001050021002763,0.46875,0.250035,-4.99789972352449e-07
epsilon_greedy,45,13,1,1.0,0.9942423251770526,0.5,0.999964,-0.005712674822947461
epsilon_greedy,45,13,2,0.75,0.2500105002100276,0.46875,0.250035,-4.997899724079602e-07
epsilon_greedy,45,14,1,1.0,0.9942423251770526,0.5,0.999964,-0.005712674822947461
epsilon_greedy,45,14,2,0.75,0.2500105002100276,0.46875,0.250035,-4.997899724079602e-07
epsilon_greedy,45,15,1,1.0,0.9942423251770526,0.5,0.999964,-0.005712674822947461
epsilon_greedy,45,15,2,0.75,0.2500105002100276,0.46875,0.250035,-4.997899724079602e-07
epsilon_greedy,45,16,1,1.0,0.9942423251770526,0.5,0.999964,-0.005712674822947461
epsilon_greedy,45,16,2,0.75,0.2500105002100276,0.46875,0.250035,-4.997899724079602e-07
epsilon_greedy,45,17,1,1.0,0.9942423251770526,0.5,0.999964,-0.005712674822947461
epsilon_greedy,45,17,2,0.75,0.2500105002100276,0.46875,0.250035,-4.997899724079602e-07
epsilon_greedy,45,18,1,1.0,0.9942423251770526,0.5,0.999964,-0.005712674822947461
epsilon_greedy,45,18,2,0.75,0.2500105002100276,0.46875,0.250035,-4.997899724079602e-07
epsilon_greedy,45,19,1,1.0,0.9942423251770526,0.5,0.999964,-0.005712674822947461
epsilon_greedy,45,19,2,0.75,0.2500105002100276,0.46875,0.250035,-4.997899724079602e-07
epsilon_greedy,45,20,1,1.0,0.9942423251770526,0.5,0.999964,-0.005712674822947461
epsilon_greedy,45,20,2,0.75,0.25001050021002763,0.46875,0.250035,-4.99789972352449e-07
epsilon_greedy,45,21,1,1.0,0.9942423251770526,0.5,0.999964,-0.005712674822947461
epsilon_greedy,45,21,2,0.75,0.25001050021002763,0.46875,0.250035,-4.99789972352449e-07
epsilon_greedy,45,22,1,1.0,0.9942423251770526,0.5,0.999964,-0.005712674822947461
epsilon_greedy,45,22,2,0.75,0.2500105002100276,0.46875,0.250035,-4.997899724079602e-07
epsilon_greedy,45,23,1,1.0,0.9942423251770526,0.5,0.999964,-0.005712674822947461
epsilon_greedy,45,23,2,0.75,0.2500105002100276,0.46875,0.250035,-4.997899724079602e-07
epsilon_greedy,45,24,1,1.0,0.9942423251770526,0.5,0.999964,-0.005712674822947461
epsilon_greedy,45,24,2,0.75,0.2500105002100276,0.46875,0.250035,-4.997899724079602e-07
epsilon_greedy,45,25,1,1.0,0.9942423251770526,0.5,0.999964,-0.005712674822947461
epsilon_greedy,45,25,2,0.75,0.2500105002100276,0.46875,0.250035,-4.997899724079602e-07
epsilon_greedy,45,26,1,1.0,0.9942423251770526,0.5,0.999964,-0.005712674822947461
epsilon_greedy,45,26,2,0.75,0.2500105002100276,0.46875,0.250035,-4.997899724079602e-07
epsilon_greedy,45,27,1,1.0,0.9942423251770526,0.5,0.999964,-0.005712674822947461
epsilon_greedy,45,27,2,0.75,0.2500105002100276,0.46875,0.250035,-4.997899724079602e-07
epsilon_greedy,45,28,1,1.0,0.9942423251770526,0.5,0.999964,-0.005712674822947461
epsilon_greedy,45,28,2,0.75,0.2500105002100276,0.46875,0.250035,-4.997899724079602e-07
epsilon_greedy,45,29,1,1.0,0.9942423251770526,0.5,0.999964,-0.005712674822947461
epsilon_greedy,45,29,2,0.75,0.2500105002100276,0.46875,0.250035,-4.997899724079602e-07
epsilon_greedy,45,30,1,1.0,0.9942423251770526,0.5,0.999964,-0.005712674822947461
epsilon_greedy,45,30,2,0.75,0.2500105002100276,0.46875,0.250035,-4.997899724079602e-07
epsilon_greedy,45,31,1,1.0,0.9942423251770526,0.5,0.999964,-0.005712674822947461
epsilon_greedy,45,31,2,0.75,0.2500105002100276,0.46875,0.250035,-4.997899724079602e-07
epsilon_greedy,45,32,1,1.0,0.9942423251770526,0.5,0.999964,-0.005712674822947461
epsilon_greedy,45,32,2,0.75,0.2500105002100276,0.46875,0.250035,-4.997899724079602e-07
epsilon_greedy,45,33,1,1.0,0.9942423251770526,0.5,0.999964,-0.005712674822947461
epsilon_greedy,45,33,2,0.75,0.2500105002100276,0.46875,0.250035,-4.997899724079602e-07
epsilon_greedy,45,34,1,1.0,0.9942423251770526,0.5,0.999964,-0.005712674822947461
epsilon_greedy,45,34,2,0.75,0.2500105002100276,0.46875,0.250035,-4.997899724079602e-07
epsilon_greedy,45,35,1,1.0,0.9942423251770526,0.5,0.999964,-0.005712674822947461
epsilon_greedy,45,35,2,0.75,0.2500105002100276,0.46875,0.250035,-4.997899724079602e-07
epsilon_greedy,45,36,1,1.0,0.9942423251770526,0.5,0.999964,-0.005712674822947461
epsilon_greedy,45,36,2,0.75,0.2500105002100276,0.46875,0.250035,-4.997899724079602e-07
epsilon_greedy,45,37,1,1.0,0.9942423251770526,0.5,0.999964,-0.005712674822947461
epsilon_greedy,45,37,2,0.75,0.2500105002100276,0.46875,0.250035,-4.997899724079602e-07
epsilon_greedy,45,38,1,1.0,0.9942423251770526,0.5,0.999964,-0.005712674822947461
epsilon_greedy,45,38,2,0.75,0.2500105002100276,0.46875,0.250035,-4.997899724079602e-07
epsilon_greedy,45,39,1,1.0,0.9942423251770526,0.5,0.999964,-0.005712674822947461
epsilon_greedy,45,39,2,0.75,0.2500105002100276,0.46875,0.250035,-4.997899724079602e-07
epsilon_greedy,45,40,1,1.0,0.9942423251770526,0.5,0.999964,-0.005712674822947461
epsilon_greedy,45,40,2,0.75,0.2500105002100276,0.46875,0.250035,-4.997899724079602e-07
epsilon_greedy,45,41,1,1.0,0.9942423251770526,0.5,0.999964,-0.005712674822947461
epsilon_greedy,45,41,2,0.75,0.2500105002100276,0.46875,0.250035,-4.997899724079602e-07
epsilon_greedy,45,42,1,1.0,0.9942423251770526,0.5,0.999964,-0.005712674822947461
epsilon_greedy,45,42,2,0.75,0.2500105002100276,0.46875,0.250035,-4.997899724079602e-07
epsilon_greedy,45,43,1,1.0,0.9942423251770526,0.5,0.999964,-0.005712674822947461
epsilon_greedy,45,43,2,0.75,0.2500105002100276,0.46875,0.250035,-4.997899724079602e-07
epsilon_greedy,45,44,1,1.0,0.9942423251770526,0.5,0.999964,-0.005712674822947461
epsilon_greedy,45,44,2,0.75,0.2500105002100276,0.46875,0.250035,-4.997899724079602e-07
epsilon_greedy,45,45,1,1.0,0.9942423251770526,0.5,0.999964,-0.005712674822947461
epsilon_greedy,45,45,2,0.75,0.2500105002100276,0.46875,0.250035,-4.997899724079602e-07
epsilon_greedy,45,46,1,1.0,0.9942423251770526,0.5,0.999964,-0.005712674822947461
epsilon_greedy,45,46,2,0.75,0.2500105002100276,0.46875,0.250035,-4.997899724079602e-07
epsilon_greedy,45,47,1,1.0,0.9942423251770526,0.5,0.999964,-0.005712674822947461
epsilon_greedy,45,47,2,0.75,0.2500105002100276,0.46875,0.250035,-4.997899724079602e-07
epsilon_greedy,45,48,1,1.0,0.9942423251770526,0.5,0.999964,-0.005712674822947461
epsilon_greedy,45,48,2,0.75,0.2500105002100276,0.46875,0.250035,-4.997899724079602e-07
epsilon_greedy,45,49,1,1.0,1.0000390007740805,0.5625,0.999964,5.4000774080353864e-05
epsilon_greedy,45,49,2,0.75,0.2500105002205283,0.4375,0.2500255,-4.998004725642602e-07
epsilon_greedy,46,0,1,1.0,1.0000390007380793,0.59375,0.999967,5.40007380789298e-05
epsilon_greedy,46,0,2,0.78125,0.2500135002700101,0.53125,0.25001675,2.655121678074579e-10
epsilon_greedy,46,1,1,1.0,0.9942423251770526,0.5,0.999964,-0.005712674822947461
epsilon_greedy,46,1,2,0.75,0.2500105002100276,0.46875,0.250035,-4.997899724079602e-07
epsilon_greedy,46,2,1,1.0,0.9942423251770526,0.5,0.999964,-0.005712674822947461
epsilon_greedy,46,2,2,0.75,0.25001050021002763,0.46875,0.250035,-4.99789972352449e-07
epsilon_greedy,46,3,1,1.0,0.9942423251770526,0.5,0.999964,-0.005712674822947461
epsilon_greedy,46,3,2,0.75,0.25001050021002763,0.46875,0.250035,-4.99789972352449e-07
epsilon_greedy,46,4,1,1.0,0.9942423251770526,0.5,0.999964,-0.005712674822947461
epsilon_greedy,46,4,2,0.75,0.2500105002100276,0.46875,0.250035,-4.997899724079602e-07
epsilon_greedy,46,5,1,1.0,0.9942423251770526,0.5,0.999964,-0.005712674822947461
epsilon_greedy,46,5,2,0.75,0.2500105002100276,0.46875,0.250035,-4.997899724079602e-07
epsilon_greedy,46,6,1,1.0,0.9942423251770526,0.5,0.999964,-0.005712674822947461
epsilon_greedy,46,6,2,0.75,0.2500105002100276,0.46875,0.250035,-4.997899724079602e-07
epsilon_greedy,46,7,1,1.0,0.9942423251770526,0.5,0.999964,-0.005712674822947461
epsilon_greedy,46,7,2,0.75,0.2500105002100276,0.46875,0.250035,-4.997899724079602e-07
epsilon_greedy,46,8,1,1.0,0.9942423251770526,0.5,0.999964,-0.005712674822947461
epsilon_greedy,46,8,2,0.75,0.2500105002100276,0.46875,0.250035,-4.997899724079602e-07
epsilon_greedy,46,9,1,1.0,0.9942423251770526,0.5,0.999964,-0.005712674822947461
epsilon_greedy,46,9,2,0.75,0.2500105002100276,0.46875,0.250035,-4.997899724079602e-07
epsilon_greedy,46,10,1,1.0,0.9942423251770526,0.5,0.999964,-0.005712674822947461
epsilon_greedy,46,10,2,0.75,0.2500105002100276,0.46875,0.250035,-4.997899724079602e-07
epsilon_greedy,46,11,1,1.0,0.9942423251770526,0.5,0.999964,-0.005712674822947461
epsilon_greedy,46,11,2,0.75,0.25001050021002763,0.46875,0.250035,-4.99789972352449e-07
epsilon_greedy,46,12,1,1.0,0.9942423251770526,0.5,0.999964,-0.005712674822947461
epsilon_greedy,46,12,2,0.75,0.25001050021002763,0.46875,0.250035,-4.99789972352449e-07
epsilon_greedy,46,13,1,1.0,0.9942423251770526,0.5,0.999964,-0.005712674822947461
epsilon_greedy,46,13,2,0.75,0.2500105002100276,0.46875,0.250035,-4.997899724079602e-07
epsilon_greedy,46,14,1,1.0,0.9942423251770526,0.5,0.999964,-0.005712674822947461
epsilon_greedy,46,14,2,0.75,0.2500105002100276,0.46875,0.250035,-4.997899724079602e-07
epsilon_greedy,46,15,1,1.0,0.9942423251770526,0.5,0.999964,-0.005712674822947461
epsilon_greedy,46,15,2,0.75,0.2500105002100276,0.46875,0.250035,-4.997899724079602e-07
epsilon_greedy,46,16,1,1.0,0.9942423251770526,0.5,0.999964,-0.005712674822947461
epsilon_greedy,46,16,2,0.75,0.2500105002100276,0.46875,0.250035,-4.997899724079602e-07
epsilon_greedy,46,17,1,1.0,0.9942423251770526,0.5,0.999964,-0.005712674822947461
epsilon_greedy,46,17,2,0.75,0.2500105002100276,0.46875,0.250035,-4.997899724079602e-07
epsilon_greedy,46,18,1,1.0,0.9942423251770526,0.5,0.999964,-0.005712674822947461
epsilon_greedy,46,18,2,0.75,0.2500105002100276,0.46875,0.250035,-4.997899724079602e-07
epsilon_greedy,46,19,1,1.0,0.9942423251770526,0.5,0.999964,-0.005712674822947461
epsilon_greedy,46,19,2,0.75,0.2500105002100276,0.46875,0.250035,-4.997899724079602e-07
epsilon_greedy,46,20,1,1.0,0.9942423251770526,0.5,0.999964,-0.005712674822947461
epsilon_greedy,46,20,2,0.75,0.25001050021002763,0.46875,0.250035,-4.99789972352449e-07
epsilon_greedy,46,21,1,1.0,0.9942423251770526,0.5,0.999964,-0.005712674822947461
epsilon_greedy,46,21,2,0.75,0.25001050021002763,0.46875,0.250035,-4.99789972352449e-07
epsilon_greedy,46,22,1,1.0,0.9942423251770526,0.5,0.999964,-0.005712674822947461
epsilon_greedy,46,22,2,0.75,0.2500105002100276,0.46875,0.250035,-4.997899724079602e-07
epsilon_greedy,46,23,1,1.0,0.9942423251770526,0.5,0.999964,-0.005712674822947461
epsilon_greedy,46,23,2,0.75,0.2500105002100276,0.46875,0.250035,-4.997899724079602e-07
epsilon_greedy,46,24,1,1.0,0.9942423251770526,0.5,0.999964,-0.005712674822947461
epsilon_greedy,46,24,2,0.75,0.2500105002100276,0.46875,0.250035,-4.997899724079602e-07
epsilon_greedy,46,25,1,1.0,0.9942423251770526,0.5,0.999964,-0.005712674822947461
epsilon_greedy,46,25,2,0.75,0.2500105002100276,0.46875,0.250035,-4.997899724079602e-07
epsilon_greedy,46,26,1,1.0,0.9942423251770526,0.5,0.999964,-0.005712674822947461
epsilon_greedy,46,26,2,0.75,0.2500105002100276,0.46875,0.250035,-4.997899724079602e-07
epsilon_greedy,46,27,1,1.0,0.9942423251770526,0.5,0.999964,-0.005712674822947461
epsilon_greedy,46,27,2,0.75,0.2500105002100276,0.46875,0.250035,-4.997899724079602e-07
epsilon_greedy,46,28,1,1.0,0.9942423251770526,0.5,0.999964,-0.005712674822947461
epsilon_greedy,46,28,2,0.75,0.2500105002100276,0.46875,0.250035,-4.997899724079602e-07
epsilon_greedy,46,29,1,1.0,0.9942423251770526,0.5,0.999964,-0.005712674822947461
epsilon_greedy,46,29,2,0.75,0.2500105002100276,0.46875,0.250035,-4.997899724079602e-07
epsilon_greedy,46,30,1,1.0,0.9942423251770526,0.5,0.999964,-0.005712674822947461
epsilon_greedy,46,30,2,0.75,0.2500105002100276,0.46875,0.250035,-4.997899724079602e-07
epsilon_greedy,46,31,1,1.0,0.9942423251770526,0.5,0.999964,-0.005712674822947461
epsilon_greedy,46,31,2,0.75,0.2500105002100276,0.46875,0.250035,-4.997899724079602e-07
epsilon_greedy,46,32,1,1.0,0.9942423251770526,0.5,0.999964,-0.005712674822947461
epsilon_greedy,46,32,2,0.75,0.2500105002100276,0.46875,0.250035,-4.997899724079602e-07
epsilon_greedy,46,33,1,1.0,0.9942423251770526,0.5,0.999964,-0.005712674822947461
epsilon_greedy,46,33,2,0.75,0.2500105002100276,0.46875,0.250035,-4.997899724079602e-07
epsilon_greedy,46,34,1,1.0,0.9942423251770526,0.5,0.999964,-0.005712674822947461
epsilon_greedy,46,34,2,0.75,0.2500105002100276,0.46875,0.250035,-4.997899724079602e-07
epsilon_greedy,46,35,1,1.0,0.9942423251770526,0.5,0.999964,-0.005712674822947461
epsilon_greedy,46,35,2,0.75,0.2500105002100276,0.46875,0.250035,-4.997899724079602e-07
epsilon_greedy,46,36,1,1.0,0.9942423251770526,0.5,0.999964,-0.005712674822947461
epsilon_greedy,46,36,2,0.75,0.2500105002100276,0.46875,0.250035,-4.997899724079602e-07
epsilon_greedy,46,37,1,1.0,0.9942423251770526,0.5,0.999964,-0.005712674822947461
epsilon_greedy,46,37,2,0.75,0.2500105002100276,0.46875,0.250035,-4.997899724079602e-07
epsilon_greedy,46,38,1,1.0,0.9942423251770526,0.5,0.999964,-0.005712674822947461
epsilon_greedy,46,38,2,0.75,0.2500105002100276,0.46875,0.250035,-4.997899724079602e-07
epsilon_greedy,46,39,1,1.0,0.9942423251770526,0.5,0.999964,-0.005712674822947461
epsilon_greedy,46,39,2,0.75,0.2500105002100276,0.46875,0.250035,-4.997899724079602e-07
epsilon_greedy,46,40,1,1.0,0.9942423251770526,0.5,0.999964,-0.005712674822947461
epsilon_greedy,46,40,2,0.75,0.2500105002100276,0.46875,0.250035,-4.997899724079602e-07
epsilon_greedy,46,41,1,1.0,0.9942423251770526,0.5,0.999964,-0.005712674822947461
epsilon_greedy,46,41,2,0.75,0.2500105002100276,0.46875,0.250035,-4.997899724079602e-07
epsilon_greedy,46,42,1,1.0,0.9942423251770526,0.5,0.999964,-0.005712674822947461
epsilon_greedy,46,42,2,0.75,0.2500105002100276,0.46875,0.250035,-4.997899724079602e-07
epsilon_greedy,46,43,1,1.0,0.9942423251770526,0.5,0.999964,-0.005712674822947461
epsilon_greedy,46,43,2,0.75,0.2500105002100276,0.46875,0.250035,-4.997899724079602e-07
epsilon_greedy,46,44,1,1.0,0.9942423251770526,0.5,0.999964,-0.005712674822947461
epsilon_greedy,46,44,2,0.75,0.2500105002100276,0.46875,0.250035,-4.997899724079602e-07
epsilon_greedy,46,45,1,1.0,0.9942423251770526,0.5,0.999964,-0.005712674822947461
epsilon_greedy,46,45,2,0.75,0.2500105002100276,0.46875,0.250035,-4.997899724079602e-07
epsilon_greedy,46,46,1,1.0,0.9942423251770526,0.5,0.999964,-0.005712674822947461
epsilon_greedy,46,46,2,0.75,0.2500105002100276,0.46875,0.250035,-4.997899724079602e-07
epsilon_greedy,46,47,1,1.0,0.9942423251770526,0.5,0.999964,-0.005712674822947461
epsilon_greedy,46,47,2,0.75,0.2500105002100276,0.46875,0.250035,-4.997899724079602e-07
epsilon_greedy,46,48,1,1.0,0.9942423251770526,0.5,0.999964,-0.005712674822947461
epsilon_greedy,46,48,2,0.75,0.2500105002100276,0.46875,0.250035,-4.997899724079602e-07
epsilon_greedy,46,49,1,1.0,1.0000390007740805,0.5625,0.999964,5.4000774080353864e-05
epsilon_greedy,46,49,2,0.75,0.2500105002205283,0.4375,0.2500255,-4.998004725642602e-07
epsilon_greedy,47,0,1,1.0,1.0000390007380793,0.59375,0.999967,5.40007380789298e-05
epsilon_greedy,47,0,2,0.78125,0.2500135002700101,0.53125,0.25001675,2.655121678074579e-10
epsilon_greedy,47,1,1,1.0,0.9942423251770526,0.5,0.999964,-0.005712674822947461
epsilon_greedy,47,1,2,0.75,0.2500105002100276,0.46875,0.250035,-4.997899724079602e-07
epsilon_greedy,47,2,1,1.0,0.9942423251770526,0.5,0.999964,-0.005712674822947461
epsilon_greedy,47,2,2,0.75,0.25001050021002763,0.46875,0.250035,-4.99789972352449e-07
epsilon_greedy,47,3,1,1.0,0.9942423251770526,0.5,0.999964,-0.005712674822947461
epsilon_greedy,47,3,2,0.75,0.25001050021002763,0.46875,0.250035,-4.99789972352449e-07
epsilon_greedy,47,4,1,1.0,0.9942423251770526,0.5,0.999964,-0.005712674822947461
epsilon_greedy,47,4,2,0.75,0.2500105002100276,0.46875,0.250035,-4.997899724079602e-07
epsilon_greedy,47,5,1,1.0,0.9942423251770526,0.5,0.999964,-0.005712674822947461
epsilon_greedy,47,5,2,0.75,0.2500105002100276,0.46875,0.250035,-4.997899724079602e-07
epsilon_greedy,47,6,1,1.0,0.9942423251770526,0.5,0.999964,-0.005712674822947461
epsilon_greedy,47,6,2,0.75,0.2500105002100276,0.46875,0.250035,-4.997899724079602e-07
epsilon_greedy,47,7,1,1.0,0.9942423251770526,0.5,0.999964,-0.005712674822947461
epsilon_greedy,47,7,2,0.75,0.2500105002100276,0.46875,0.250035,-4.997899724079602e-07
epsilon_greedy,47,8,1,1.0,0.9942423251770526,0.5,0.999964,-0.005712674822947461
epsilon_greedy,47,8,2,0.75,0.2500105002100276,0.46875,0.250035,-4.997899724079602e-07
epsilon_greedy,47,9,1,1.0,0.9942423251770526,0.5,0.999964,-0.005712674822947461
epsilon_greedy,47,9,2,0.75,0.2500105002100276,0.46875,0.250035,-4.997899724079602e-07
epsilon_greedy,47,10,1,1.0,0.9942423251770526,0.5,0.999964,-0.005712674822947461
epsilon_greedy,47,10,2,0.75,0.2500105002100276,0.46875,0.250035,-4.997899724079602e-07
epsilon_greedy,47,11,1,1.0,0.9942423251770526,0.5,0.999964,-0.005712674822947461
epsilon_greedy,47,11,2,0.75,0.25001050021002763,0.46875,0.250035,-4.99789972352449e-07
epsilon_greedy,47,12,1,1.0,0.9942423251770526,0.5,0.999964,-0.005712674822947461
epsilon_greedy,47,12,2,0.75,0.25001050021002763,0.46875,0.250035,-4.99789972352449e-07
epsilon_greedy,47,13,1,1.0,0.9942423251770526,0.5,0.999964,-0.005712674822947461
epsilon_greedy,47,13,2,0.75,0.2500105002100276,0.46875,0.250035,-4.997899724079602e-07
epsilon_greedy,47,14,1,1.0,0.9942423251770526,0.5,0.999964,-0.005712674822947461
epsilon_greedy,47,14,2,0.75,0.2500105002100276,0.46875,0.250035,-4.997899724079602e-07
epsilon_greedy,47,15,1,1.0,0.9942423251770526,0.5,0.999964,-0.005712674822947461
epsilon_greedy,47,15,2,0.75,0.2500105002100276,0.46875,0.250035,-4.997899724079602e-07
epsilon_greedy,47,16,1,1.0,0.9942423251770526,0.5,0.999964,-0.005712674822947461
epsilon_greedy,47,16,2,0.75,0.2500105002100276,0.46875,0.250035,-4.997899724079602e-07
epsilon_greedy,47,17,1,1.0,0.9942423251770526,0.5,0.999964,-0.005712674822947461
epsilon_greedy,47,17,2,0.75,0.2500105002100276,0.46875,0.250035,-4.997899724079602e-07
epsilon_greedy,47,18,1,1.0,0.9942423251770526,0.5,0.999964,-0.005712674822947461
epsilon_greedy,47,18,2,0.75,0.2500105002100276,0.46875,0.250035,-4.997899724079602e-07
epsilon_greedy,47,19,1,1.0,0.9942423251770526,0.5,0.999964,-0.005712674822947461
epsilon_greedy,47,19,2,0.75,0.2500105002100276,0.46875,0.250035,-4.997899724079602e-07
epsilon_greedy,47,20,1,1.0,0.9942423251770526,0.5,0.999964,-0.005712674822947461
epsilon_greedy,47,20,2,0.75,0.25001050021002763,0.46875,0.250035,-4.99789972352449e-07
epsilon_greedy,47,21,1,1.0,0.9942423251770526,0.5,0.999964,-0.005712674822947461
epsilon_greedy,47,21,2,0.75,0.25001050021002763,0.46875,0.250035,-4.99789972352449e-07
epsilon_greedy,47,22,1,1.0,0.9942423251770526,0.5,0.999964,-0.005712674822947461
epsilon_greedy,47,22,2,0.75,0.2500105002100276,0.46875,0.250035,-4.997899724079602e-07
epsilon_greedy,47,23,1,1.0,0.9942423251770526,0.5,0.999964,-0.005712674822947461
epsilon_greedy,47,23,2,0.75,0.2500105002100276,0.46875,0.250035,-4.997899724079602e-07
epsilon_greedy,47,24,1,1.0,0.9942423251770526,0.5,0.999964,-0.005712674822947461
epsilon_greedy,47,24,2,0.75,0.2500105002100276,0.46875,0.250035,-4.997899724079602e-07
epsilon_greedy,47,25,1,1.0,0.9942423251770526,0.5,0.999964,-0.005712674822947461
epsilon_greedy,47,25,2,0.75,0.2500105002100276,0.46875,0.250035,-4.997899724079602e-07
epsilon_greedy,47,26,1,1.0,0.9942423251770526,0.5,0.999964,-0.005712674822947461
epsilon_greedy,47,26,2,0.75,0.2500105002100276,0.46875,0.250035,-4.997899724079602e-07
epsilon_greedy,47,27,1,1.0,0.9942423251770526,0.5,0.999964,-0.005712674822947461
epsilon_greedy,47,27,2,0.75,0.2500105002100276,0.46875,0.250035,-4.997899724079602e-07
epsilon_greedy,47,28,1,1.0,0.9942423251770526,0.5,0.999964,-0.005712674822947461
epsilon_greedy,47,28,2,0.75,0.2500105002100276,0.46875,0.250035,-4.997899724079602e-07
epsilon_greedy,47,29,1,1.0,0.9942423251770526,0.5,0.999964,-0.005712674822947461
epsilon_greedy,47,29,2,0.75,0.2500105002100276,0.46875,0.250035,-4.997899724079602e-07
epsilon_greedy,47,30,1,1.0,0.9942423251770526,0.5,0.999964,-0.005712674822947461
epsilon_greedy,47,30,2,0.75,0.2500105002100276,0.46875,0.250035,-4.997899724079602e-07
epsilon_greedy,47,31,1,1.0,0.9942423251770526,0.5,0.999964,-0.005712674822947461
epsilon_greedy,47,31,2,0.75,0.2500105002100276,0.46875,0.250035,-4.997899724079602e-07
epsilon_greedy,47,32,1,1.0,0.9942423251770526,0.5,0.999964,-0.005712674822947461
epsilon_greedy,47,32,2,0.75,0.2500105002100276,0.46875,0.250035,-4.997899724079602e-07
epsilon_greedy,47,33,1,1.0,0.9942423251770526,0.5,0.999964,-0.005712674822947461
epsilon_greedy,47,33,2,0.75,0.2500105002100276,0.46875,0.250035,-4.997899724079602e-07
epsilon_greedy,47,34,1,1.0,0.9942423251770526,0.5,0.999964,-0.005712674822947461
epsilon_greedy,47,34,2,0.75,0.2500105002100276,0.46875,0.250035,-4.997899724079602e-07
epsilon_greedy,47,35,1,1.0,0.9942423251770526,0.5,0.999964,-0.005712674822947461
epsilon_greedy,47,35,2,0.75,0.2500105002100276,0.46875,0.250035,-4.997899724079602e-07
epsilon_greedy,47,36,1,1.0,0.9942423251770526,0.5,0.999964,-0.005712674822947461
epsilon_greedy,47,36,2,0.75,0.2500105002100276,0.46875,0.250035,-4.997899724079602e-07
epsilon_greedy,47,37,1,1.0,0.9942423251770526,0.5,0.999964,-0.005712674822947461
epsilon_greedy,47,37,2,0.75,0.2500105002100276,0.46875,0.250035,-4.997899724079602e-07
epsilon_greedy,47,38,1,1.0,0.9942423251770526,0.5,0.999964,-0.005712674822947461
epsilon_greedy,47,38,2,0.75,0.2500105002100276,0.46875,0.250035,-4.997899724079602e-07
epsilon_greedy,47,39,1,1.0,0.9942423251770526,0.5,0.999964,-0.005712674822947461
epsilon_greedy,47,39,2,0.75,0.2500105002100276,0.46875,0.250035,-4.997899724079602e-07
epsilon_greedy,47,40,1,1.0,0.9942423251770526,0.5,0.999964,-0.005712674822947461
epsilon_greedy,47,40,2,0.75,0.2500105002100276,0.46875,0.250035,-4.997899724079602e-07
epsilon_greedy,47,41,1,1.0,0.9942423251770526,0.5,0.999964,-0.005712674822947461
epsilon_greedy,47,41,2,0.75,0.2500105002100276,0.46875,0.250035,-4.997899724079602e-07
epsilon_greedy,47,42,1,1.0,0.9942423251770526,0.5,0.999964,-0.005712674822947461
epsilon_greedy,47,42,2,0.75,0.2500105002100276,0.46875,0.250035,-4.997899724079602e-07
epsilon_greedy,47,43,1,1.0,0.9942423251770526,0.5,0.999964,-0.005712674822947461
epsilon_greedy,47,43,2,0.75,0.2500105002100276,0.46875,0.250035,-4.997899724079602e-07
epsilon_greedy,47,44,1,1.0,0.9942423251770526,0.5,0.999964,-0.005712674822947461
epsilon_greedy,47,44,2,0.75,0.2500105002100276,0.46875,0.250035,-4.997899724079602e-07
epsilon_greedy,47,45,1,1.0,0.9942423251770526,0.5,0.999964,-0.005712674822947461
epsilon_greedy,47,45,2,0.75,0.2500105002100276,0.46875,0.250035,-4.997899724079602e-07
epsilon_greedy,47,46,1,1.0,0.9942423251770526,0.5,0.999964,-0.005712674822947461
epsilon_greedy,47,46,2,0.75,0.2500105002100276,0.46875,0.250035,-4.997899724079602e-07
epsilon_greedy,47,47,1,1.0,0.9942423251770526,0.5,0.999964,-0.005712674822947461
epsilon_greedy,47,47,2,0.75,0.2500105002100276,0.46875,0.250035,-4.997899724079602e-07
epsilon_greedy,47,48,1,1.0,0.9942423251770526,0.5,0.999964,-0.005712674822947461
epsilon_greedy,47,48,2,0.75,0.2500105002100276,0.46875,0.250035,-4.997899724079602e-07
epsilon_greedy,47,49,1,1.0,1.0000390007740805,0.5625,0.999964,5.4000774080353864e-05
epsilon_greedy,47,49,2,0.75,0.2500105002205283,0.4375,0.2500255,-4.998004725642602e-07
epsilon_greedy,48,0,1,1.0,1.0000390007380793,0.59375,0.999967,5.40007380789298e-05
epsilon_greedy,48,0,2,0.78125,0.2500135002700101,0.53125,0.25001675,2.655121678074579e-10
epsilon_greedy,48,1,1,1.0,0.9942423251770526,0.5,0.999964,-0.005712674822947461
epsilon_greedy,48,1,2,0.75,0.2500105002100276,0.46875,0.250035,-4.997899724079602e-07
epsilon_greedy,48,2,1,1.0,0.9942423251770526,0.5,0.999964,-0.005712674822947461
epsilon_greedy,48,2,2,0.75,0.25001050021002763,0.46875,0.250035,-4.99789972352449e-07
epsilon_greedy,48,3,1,1.0,0.9942423251770526,0.5,0.999964,-0.005712674822947461
epsilon_greedy,48,3,2,0.75,0.25001050021002763,0.46875,0.250035,-4.99789972352449e-07
epsilon_greedy,48,4,1,1.0,0.9942423251770526,0.5,0.999964,-0.005712674822947461
epsilon_greedy,48,4,2,0.75,0.2500105002100276,0.46875,0.250035,-4.997899724079602e-07
epsilon_greedy,48,5,1,1.0,0.9942423251770526,0.5,0.999964,-0.005712674822947461
epsilon_greedy,48,5,2,0.75,0.2500105002100276,0.46875,0.250035,-4.997899724079602e-07
epsilon_greedy,48,6,1,1.0,0.9942423251770526,0.5,0.999964,-0.005712674822947461
epsilon_greedy,48,6,2,0.75,0.2500105002100276,0.46875,0.250035,-4.997899724079602e-07
epsilon_greedy,48,7,1,1.0,0.9942423251770526,0.5,0.999964,-0.005712674822947461
epsilon_greedy,48,7,2,0.75,0.2500105002100276,0.46875,0.250035,-4.997899724079602e-07
epsilon_greedy,48,8,1,1.0,0.9942423251770526,0.5,0.999964,-0.005712674822947461
epsilon_greedy,48,8,2,0.75,0.2500105002100276,0.46875,0.250035,-4.997899724079602e-07
epsilon_greedy,48,9,1,1.0,0.9942423251770526,0.5,0.999964,-0.005712674822947461
epsilon_greedy,48,9,2,0.75,0.2500105002100276,0.46875,0.250035,-4.997899724079602e-07
epsilon_greedy,48,10,1,1.0,0.9942423251770526,0.5,0.999964,-0.005712674822947461
epsilon_greedy,48,10,2,0.75,0.2500105002100276,0.46875,0.250035,-4.997899724079602e-07
epsilon_greedy,48,11,1,1.0,0.9942423251770526,0.5,0.999964,-0.005712674822947461
epsilon_greedy,48,11,2,0.75,0.25001050021002763,0.46875,0.250035,-4.99789972352449e-07
epsilon_greedy,48,12,1,1.0,0.9942423251770526,0.5,0.999964,-0.005712674822947461
epsilon_greedy,48,12,2,0.75,0.25001050021002763,0.46875,0.250035,-4.99789972352449e-07
epsilon_greedy,48,13,1,1.0,0.9942423251770526,0.5,0.999964,-0.005712674822947461
epsilon_greedy,48,13,2,0.75,0.2500105002100276,0.46875,0.250035,-4.997899724079602e-07
epsilon_greedy,48,14,1,1.0,0.9942423251770526,0.5,0.999964,-0.005712674822947461
epsilon_greedy,48,14,2,0.75,0.2500105002100276,0.46875,0.250035,-4.997899724079602e-07
epsilon_greedy,48,15,1,1.0,0.9942423251770526,0.5,0.999964,-0.005712674822947461
epsilon_greedy,48,15,2,0.75,0.2500105002100276,0.46875,0.250035,-4.997899724079602e-07
epsilon_greedy,48,16,1,1.0,0.9942423251770526,0.5,0.999964,-0.005712674822947461
epsilon_greedy,48,16,2,0.75,0.2500105002100276,0.46875,0.250035,-4.997899724079602e-07
epsilon_greedy,48,17,1,1.0,0.9942423251770526,0.5,0.999964,-0.005712674822947461
epsilon_greedy,48,17,2,0.75,0.2500105002100276,0.46875,0.250035,-4.997899724079602e-07
epsilon_greedy,48,18,1,1.0,0.9942423251770526,0.5,0.999964,-0.005712674822947461
epsilon_greedy,48,18,2,0.75,0.2500105002100276,0.46875,0.250035,-4.997899724079602e-07
epsilon_greedy,48,19,1,1.0,0.9942423251770526,0.5,0.999964,-0.005712674822947461
epsilon_greedy,48,19,2,0.75,0.2500105002100276,0.46875,0.250035,-4.997899724079602e-07
epsilon_greedy,48,20,1,1.0,0.9942423251770526,0.5,0.999964,-0.005712674822947461
epsilon_greedy,48,20,2,0.75,0.25001050021002763,0.46875,0.250035,-4.99789972352449e-07
epsilon_greedy,48,21,1,1.0,0.9942423251770526,0.5,0.999964,-0.005712674822947461
epsilon_greedy,48,21,2,0.75,0.25001050021002763,0.46875,0.250035,-4.99789972352449e-07
epsilon_greedy,48,22,1,1.0,0.9942423251770526,0.5,0.999964,-0.005712674822947461
epsilon_greedy,48,22,2,0.75,0.2500105002100276,0.46875,0.250035,-4.997899724079602e-07
epsilon_greedy,48,23,1,1.0,0.9942423251770526,0.5,0.999964,-0.005712674822947461
epsilon_greedy,48,23,2,0.75,0.2500105002100276,0.46875,0.250035,-4.997899724079602e-07
epsilon_greedy,48,24,1,1.0,0.9942423251770526,0.5,0.999964,-0.005712674822947461
epsilon_greedy,48,24,2,0.75,0.2500105002100276,0.46875,0.250035,-4.997899724079602e-07
epsilon_greedy,48,25,1,1.0,0.9942423251770526,0.5,0.999964,-0.005712674822947461
epsilon_greedy,48,25,2,0.75,0.2500105002100276,0.46875,0.250035,-4.997899724079602e-07
epsilon_greedy,48,26,1,1.0,0.9942423251770526,0.5,0.999964,-0.005712674822947461
epsilon_greedy,48,26,2,0.75,0.2500105002100276,0.46875,0.250035,-4.997899724079602e-07
epsilon_greedy,48,27,1,1.0,0.9942423251770526,0.5,0.999964,-0.005712674822947461
epsilon_greedy,48,27,2,0.75,0.2500105002100276,0.46875,0.250035,-4.997899724079602e-07
epsilon_greedy,48,28,1,1.0,0.9942423251770526,0.5,0.999964,-0.005712674822947461
epsilon_greedy,48,28,2,0.75,0.2500105002100276,0.46875,0.250035,-4.997899724079602e-07
epsilon_greedy,48,29,1,1.0,0.9942423251770526,0.5,0.999964,-0.005712674822947461
epsilon_greedy,48,29,2,0.75,0.2500105002100276,0.46875,0.250035,-4.997899724079602e-07
epsilon_greedy,48,30,1,1.0,0.9942423251770526,0.5,0.999964,-0.005712674822947461
epsilon_greedy,48,30,2,0.75,0.2500105002100276,0.46875,0.250035,-4.997899724079602e-07
epsilon_greedy,48,31,1,1.0,0.9942423251770526,0.5,0.999964,-0.005712674822947461
epsilon_greedy,48,31,2,0.75,0.2500105002100276,0.46875,0.250035,-4.997899724079602e-07
epsilon_greedy,48,32,1,1.0,0.9942423251770526,0.5,0.999964,-0.005712674822947461
epsilon_greedy,48,32,2,0.75,0.2500105002100276,0.46875,0.250035,-4.997899724079602e-07
epsilon_greedy,48,33,1,1.0,0.9942423251770526,0.5,0.999964,-0.005712674822947461
epsilon_greedy,48,33,2,0.75,0.2500105002100276,0.46875,0.250035,-4.997899724079602e-07
epsilon_greedy,48,34,1,1.0,0.9942423251770526,0.5,0.999964,-0.005712674822947461
epsilon_greedy,48,34,2,0.75,0.2500105002100276,0.46875,0.250035,-4.997899724079602e-07
epsilon_greedy,48,35,1,1.0,0.9942423251770526,0.5,0.999964,-0.005712674822947461
epsilon_greedy,48,35,2,0.75,0.2500105002100276,0.46875,0.250035,-4.997899724079602e-07
epsilon_greedy,48,36,1,1.0,0.9942423251770526,0.5,0.999964,-0.005712674822947461
epsilon_greedy,48,36,2,0.75,0.2500105002100276,0.46875,0.250035,-4.997899724079602e-07
epsilon_greedy,48,37,1,1.0,0.9942423251770526,0.5,0.999964,-0.005712674822947461
epsilon_greedy,48,37,2,0.75,0.2500105002100276,0.46875,0.250035,-4.997899724079602e-07
epsilon_greedy,48,38,1,1.0,0.9942423251770526,0.5,0.999964,-0.005712674822947461
epsilon_greedy,48,38,2,0.75,0.2500105002100276,0.46875,0.250035,-4.997899724079602e-07
epsilon_greedy,48,39,1,1.0,0.9942423251770526,0.5,0.999964,-0.005712674822947461
epsilon_greedy,48,39,2,0.75,0.2500105002100276,0.46875,0.250035,-4.997899724079602e-07
epsilon_greedy,48,40,1,1.0,0.9942423251770526,0.5,0.999964,-0.005712674822947461
epsilon_greedy,48,40,2,0.75,0.2500105002100276,0.46875,0.250035,-4.997899724079602e-07
epsilon_greedy,48,41,1,1.0,0.9942423251770526,0.5,0.999964,-0.005712674822947461
epsilon_greedy,48,41,2,0.75,0.2500105002100276,0.46875,0.250035,-4.997899724079602e-07
epsilon_greedy,48,42,1,1.0,0.9942423251770526,0.5,0.999964,-0.005712674822947461
epsilon_greedy,48,42,2,0.75,0.2500105002100276,0.46875,0.250035,-4.997899724079602e-07
epsilon_greedy,48,43,1,1.0,0.9942423251770526,0.5,0.999964,-0.005712674822947461
epsilon_greedy,48,43,2,0.75,0.2500105002100276,0.46875,0.250035,-4.997899724079602e-07
epsilon_greedy,48,44,1,1.0,0.9942423251770526,0.5,0.999964,-0.005712674822947461
epsilon_greedy,48,44,2,0.75,0.2500105002100276,0.46875,0.250035,-4.997899724079602e-07
epsilon_greedy,48,45,1,1.0,0.9942423251770526,0.5,0.999964,-0.005712674822947461
epsilon_greedy,48,45,2,0.75,0.2500105002100276,0.46875,0.250035,-4.997899724079602e-07
epsilon_greedy,48,46,1,1.0,0.9942423251770526,0.5,0.999964,-0.005712674822947461
epsilon_greedy,48,46,2,0.75,0.2500105002100276,0.46875,0.250035,-4.997899724079602e-07
epsilon_greedy,48,47,1,1.0,0.9942423251770526,0.5,0.999964,-0.005712674822947461
epsilon_greedy,48,47,2,0.75,0.2500105002100276,0.46875,0.250035,-4.997899724079602e-07
epsilon_greedy,48,48,1,1.0,0.9942423251770526,0.5,0.999964,-0.005712674822947461
epsilon_greedy,48,48,2,0.75,0.2500105002100276,0.46875,0.250035,-4.997899724079602e-07
epsilon_greedy,48,49,1,1.0,1.0000390007740805,0.5625,0.999964,5.4000774080353864e-05
epsilon_greedy,48,49,2,0.75,0.2500105002205283,0.4375,0.2500255,-4.998004725642602e-07
epsilon_greedy,49,0,1,1.0,1.0000390007380793,0.59375,0.999964,5.40007380789298e-05
epsilon_greedy,49,0,2,0.78125,0.25001350025650937,0.5625,0.2500165000000001,7.5025201140555e-07
epsilon_greedy,49,1,1,1.0,0.9942423251770526,0.5,0.9999639999999999,-0.005712674822947461
epsilon_greedy,49,1,2,0.75,0.2500105002100276,0.5,0.25003949999999986,-2.497224806941034e-07
epsilon_greedy,49,2,1,1.0,0.9942423251770526,0.5,0.9999639999999999,-0.005712674822947461
epsilon_greedy,49,2,2,0.75,0.25001050021002763,0.5,0.25003949999999986,-2.497224806941034e-07
epsilon_greedy,49,3,1,1.0,0.9942423251770526,0.5,0.9999639999999999,-0.005712674822947461
epsilon_greedy,49,3,2,0.75,0.25001050021002763,0.5,0.25003949999999986,-2.497224806941034e-07
epsilon_greedy,49,4,1,1.0,0.9942423251770526,0.5,0.9999639999999999,-0.005712674822947461
epsilon_greedy,49,4,2,0.75,0.2500105002100276,0.5,0.25003949999999986,-2.497224806941034e-07
epsilon_greedy,49,5,1,1.0,0.9942423251770526,0.5,0.9999639999999999,-0.005712674822947461
epsilon_greedy,49,5,2,0.75,0.2500105002100276,0.5,0.25003949999999986,-2.497224806941034e-07
epsilon_greedy,49,6,1,1.0,0.9942423251770526,0.5,0.9999639999999999,-0.005712674822947461
epsilon_greedy,49,6,2,0.75,0.2500105002100276,0.5,0.25003949999999986,-2.497224806941034e-07
epsilon_greedy,49,7,1,1.0,0.9942423251770526,0.5,0.9999639999999999,-0.005712674822947461
epsilon_greedy,49,7,2,0.75,0.2500105002100276,0.5,0.25003949999999986,-2.497224806941034e-07
epsilon_greedy,49,8,1,1.0,0.9942423251770526,0.5,0.9999639999999999,-0.005712674822947461
epsilon_greedy,49,8,2,0.75,0.2500105002100276,0.5,0.25003949999999986,-2.497224806941034e-07
epsilon_greedy,49,9,1,1.0,0.9942423251770526,0.5,0.9999639999999999,-0.005712674822947461
epsilon_greedy,49,9,2,0.75,0.2500105002100276,0.5,0.25003949999999986,-2.497224806941034e-07
epsilon_greedy,49,10,1,1.0,0.9942423251770526,0.5,0.9999639999999999,-0.005712674822947461
epsilon_greedy,49,10,2,0.75,0.2500105002100276,0.5,0.25003949999999986,-2.497224806941034e-07
epsilon_greedy,49,11,1,1.0,0.9942423251770526,0.5,0.9999639999999999,-0.005712674822947461
epsilon_greedy,49,11,2,0.75,0.25001050021002763,0.5,0.25003949999999986,-2.497224806941034e-07
epsilon_greedy,49,12,1,1.0,0.9942423251770526,0.5,0.9999639999999999,-0.005712674822947461
epsilon_greedy,49,12,2,0.75,0.25001050021002763,0.5,0.25003949999999986,-2.497224806941034e-07
epsilon_greedy,49,13,1,1.0,0.9942423251770526,0.5,0.9999639999999999,-0.005712674822947461
epsilon_greedy,49,13,2,0.75,0.2500105002100276,0.5,0.25003949999999986,-2.497224806941034e-07
epsilon_greedy,49,14,1,1.0,0.9942423251770526,0.5,0.9999639999999999,-0.005712674822947461
epsilon_greedy,49,14,2,0.75,0.2500105002100276,0.5,0.25003949999999986,-2.497224806941034e-07
epsilon_greedy,49,15,1,1.0,0.9942423251770526,0.5,0.9999639999999999,-0.005712674822947461
epsilon_greedy,49,15,2,0.75,0.2500105002100276,0.5,0.25003949999999986,-2.497224806941034e-07
epsilon_greedy,49,16,1,1.0,0.9942423251770526,0.5,0.9999639999999999,-0.005712674822947461
epsilon_greedy,49,16,2,0.75,0.2500105002100276,0.5,0.25003949999999986,-2.497224806941034e-07
epsilon_greedy,49,17,1,1.0,0.9942423251770526,0.5,0.9999639999999999,-0.005712674822947461
epsilon_greedy,49,17,2,0.75,0.2500105002100276,0.5,0.25003949999999986,-2.497224806941034e-07
epsilon_greedy,49,18,1,1.0,0.9942423251770526,0.5,0.9999639999999999,-0.005712674822947461
epsilon_greedy,49,18,2,0.75,0.2500105002100276,0.5,0.25003949999999986,-2.497224806941034e-07
epsilon_greedy,49,19,1,1.0,0.9942423251770526,0.5,0.9999639999999999,-0.005712674822947461
epsilon_greedy,49,19,2,0.75,0.2500105002100276,0.5,0.25003949999999986,-2.497224806941034e-07
epsilon_greedy,49,20,1,1.0,0.9942423251770526,0.5,0.9999639999999999,-0.005712674822947461
epsilon_greedy,49,20,2,0.75,0.25001050021002763,0.5,0.25003949999999986,-2.497224806941034e-07
epsilon_greedy,49,21,1,1.0,0.9942423251770526,0.5,0.9999639999999999,-0.005712674822947461
epsilon_greedy,49,21,2,0.75,0.25001050021002763,0.5,0.25003949999999986,-2.497224806941034e-07
epsilon_greedy,49,22,1,1.0,0.9942423251770526,0.5,0.9999639999999999,-0.005712674822947461
epsilon_greedy,49,22,2,0.75,0.2500105002100276,0.5,0.25003949999999986,-2.497224806941034e-07
epsilon_greedy,49,23,1,1.0,0.9942423251770526,0.5,0.9999639999999999,-0.005712674822947461
epsilon_greedy,49,23,2,0.75,0.2500105002100276,0.5,0.25003949999999986,-2.497224806941034e-07
epsilon_greedy,49,24,1,1.0,0.9942423251770526,0.5,0.9999639999999999,-0.005712674822947461
epsilon_greedy,49,24,2,0.75,0.2500105002100276,0.5,0.25003949999999986,-2.497224806941034e-07
epsilon_greedy,49,25,1,1.0,0.9942423251770526,0.5,0.9999639999999999,-0.005712674822947461
epsilon_greedy,49,25,2,0.75,0.2500105002100276,0.5,0.25003949999999986,-2.497224806941034e-07
epsilon_greedy,49,26,1,1.0,0.9942423251770526,0.5,0.9999639999999999,-0.005712674822947461
epsilon_greedy,49,26,2,0.75,0.2500105002100276,0.5,0.25003949999999986,-2.497224806941034e-07
epsilon_greedy,49,27,1,1.0,0.9942423251770526,0.5,0.9999639999999999,-0.005712674822947461
epsilon_greedy,49,27,2,0.75,0.2500105002100276,0.5,0.25003949999999986,-2.497224806941034e-07
epsilon_greedy,49,28,1,1.0,0.9942423251770526,0.5,0.9999639999999999,-0.005712674822947461
epsilon_greedy,49,28,2,0.75,0.2500105002100276,0.5,0.25003949999999986,-2.497224806941034e-07
epsilon_greedy,49,29,1,1.0,0.9942423251770526,0.5,0.9999639999999999,-0.005712674822947461
epsilon_greedy,49,29,2,0.75,0.2500105002100276,0.5,0.25003949999999986,-2.497224806941034e-07
epsilon_greedy,49,30,1,1.0,0.9942423251770526,0.5,0.9999639999999999,-0.005712674822947461
epsilon_greedy,49,30,2,0.75,0.2500105002100276,0.5,0.25003949999999986,-2.497224806941034e-07
epsilon_greedy,49,31,1,1.0,0.9942423251770526,0.5,0.9999639999999999,-0.005712674822947461
epsilon_greedy,49,31,2,0.75,0.2500105002100276,0.5,0.25003949999999986,-2.497224806941034e-07
epsilon_greedy,49,32,1,1.0,0.9942423251770526,0.5,0.9999639999999999,-0.005712674822947461
epsilon_greedy,49,32,2,0.75,0.2500105002100276,0.5,0.25003949999999986,-2.497224806941034e-07
epsilon_greedy,49,33,1,1.0,0.9942423251770526,0.5,0.9999639999999999,-0.005712674822947461
epsilon_greedy,49,33,2,0.75,0.2500105002100276,0.5,0.25003949999999986,-2.497224806941034e-07
epsilon_greedy,49,34,1,1.0,0.9942423251770526,0.5,0.9999639999999999,-0.005712674822947461
epsilon_greedy,49,34,2,0.75,0.2500105002100276,0.5,0.25003949999999986,-2.497224806941034e-07
epsilon_greedy,49,35,1,1.0,0.9942423251770526,0.5,0.9999639999999999,-0.005712674822947461
epsilon_greedy,49,35,2,0.75,0.2500105002100276,0.5,0.25003949999999986,-2.497224806941034e-07
epsilon_greedy,49,36,1,1.0,0.9942423251770526,0.5,0.9999639999999999,-0.005712674822947461
epsilon_greedy,49,36,2,0.75,0.2500105002100276,0.5,0.25003949999999986,-2.497224806941034e-07
epsilon_greedy,49,37,1,1.0,0.9942423251770526,0.5,0.9999639999999999,-0.005712674822947461
epsilon_greedy,49,37,2,0.75,0.2500105002100276,0.5,0.25003949999999986,-2.497224806941034e-07
epsilon_greedy,49,38,1,1.0,0.9942423251770526,0.5,0.9999639999999999,-0.005712674822947461
epsilon_greedy,49,38,2,0.75,0.2500105002100276,0.5,0.25003949999999986,-2.497224806941034e-07
epsilon_greedy,49,39,1,1.0,0.9942423251770526,0.5,0.9999639999999999,-0.005712674822947461
epsilon_greedy,49,39,2,0.75,0.2500105002100276,0.5,0.25003949999999986,-2.497224806941034e-07
epsilon_greedy,49,40,1,1.0,0.9942423251770526,0.5,0.9999639999999999,-0.005712674822947461
epsilon_greedy,49,40,2,0.75,0.2500105002100276,0.5,0.25003949999999986,-2.497224806941034e-07
epsilon_greedy,49,41,1,1.0,0.9942423251770526,0.5,0.9999639999999999,-0.005712674822947461
epsilon_greedy,49,41,2,0.75,0.2500105002100276,0.5,0.25003949999999986,-2.497224806941034e-07
epsilon_greedy,49,42,1,1.0,0.9942423251770526,0.5,0.9999639999999999,-0.005712674822947461
epsilon_greedy,49,42,2,0.75,0.2500105002100276,0.5,0.25003949999999986,-2.497224806941034e-07
epsilon_greedy,49,43,1,1.0,0.9942423251770526,0.5,0.9999639999999999,-0.005712674822947461
epsilon_greedy,49,43,2,0.75,0.2500105002100276,0.5,0.25003949999999986,-2.497224806941034e-07
epsilon_greedy,49,44,1,1.0,0.9942423251770526,0.5,0.9999639999999999,-0.005712674822947461
epsilon_greedy,49,44,2,0.75,0.2500105002100276,0.5,0.25003949999999986,-2.497224806941034e-07
epsilon_greedy,49,45,1,1.0,0.9942423251770526,0.5,0.9999639999999999,-0.005712674822947461
epsilon_greedy,49,45,2,0.75,0.2500105002100276,0.5,0.25003949999999986,-2.497224806941034e-07
epsilon_greedy,49,46,1,1.0,0.9942423251770526,0.5,0.9999639999999999,-0.005712674822947461
epsilon_greedy,49,46,2,0.75,0.2500105002100276,0.5,0.25003949999999986,-2.497224806941034e-07
epsilon_greedy,49,47,1,1.0,0.9942423251770526,0.5,0.9999639999999999,-0.005712674822947461
epsilon_greedy,49,47,2,0.75,0.2500105002100276,0.5,0.25003949999999986,-2.497224806941034e-07
epsilon_greedy,49,48,1,1.0,0.9942423251770526,0.5,0.9999639999999999,-0.005712674822947461
epsilon_greedy,49,48,2,0.75,0.2500105002100276,0.5,0.25003949999999986,-2.497224806941034e-07
epsilon_greedy,49,49,1,1.0,1.0000390007740805,0.5625,0.9999639999999999,5.4000774080353864e-05
epsilon_greedy,49,49,2,0.75,0.2500105002205283,0.46875,0.25002899999999995,-4.997794716965487e-07
thompson,0,0,1,1.0,0.5901402742478246,0.0625,0.9992769999999999,-0.4092237257521757
thompson,0,0,2,0.96875,0.2504923050142252,0.53125,0.25044875,0.0003183050142253063
thompson,0,1,1,1.0,0.5901402738395061,0.0625,0.9992769999999999,-0.4092237261604942
thompson,0,1,2,0.96875,0.2504893054760243,0.53125,0.25044875,0.00031530547602443004
thompson,0,2,1,1.0,0.5901402734311358,0.0625,0.9992769999999999,-0.4092237265688644
thompson,0,2,2,0.96875,0.25048630593786614,0.53125,0.25044875,0.00031230593786624183
thompson,0,3,1,1.0,0.5901402730227097,0.0625,0.9992769999999999,-0.4092237269772906
thompson,0,3,2,0.96875,0.2504833063996908,0.53125,0.25044875,0.0003093063996909007
thompson,0,4,1,1.0,0.5901402726143568,0.0625,0.9992769999999999,-0.4092237273856435
thompson,0,4,2,0.96875,0.250480306861521,0.53125,0.25044875,0.00030630686152111064
thompson,0,5,1,1.0,0.5901402722059366,0.0625,0.9992769999999999,-0.4092237277940637
thompson,0,5,2,0.96875,0.25047730732334994,0.53125,0.25044875,0.00030330732335004384
thompson,0,6,1,1.0,0.5901402717975663,0.0625,0.9992769999999999,-0.4092237282024339
thompson,0,6,2,0.96875,0.2504743077851625,0.53125,0.25044875,0.00030030778516260126
thompson,0,7,1,1.0,0.5901402713892512,0.0625,0.9992769999999999,-0.40922372861074907
thompson,0,7,2,0.96875,0.25047130824699404,0.53125,0.25044875,0.0002973082469941435
thompson,0,8,1,1.0,0.5901402709807904,0.0625,0.9992769999999999,-0.4092237290192099
thompson,0,8,2,0.96875,0.2504683087088172,0.53125,0.25044875,0.00029430870881730353
thompson,0,9,1,1.0,0.5901402705723371,0.0625,0.9992769999999999,-0.40922372942766316
thompson,0,9,2,0.96875,0.2504653091706462,0.53125,0.25044875,0.00029130917064629225
thompson,0,10,1,1.0,0.5901402701639937,0.0625,0.9992769999999999,-0.4092237298360065
thompson,0,10,2,0.96875,0.2504623096324772,0.53125,0.25044875,0.00028830963247727937
thompson,0,11,1,1.0,0.5901402697555551,0.0625,0.9992769999999999,-0.40922373024444514
thompson,0,11,2,0.96875,0.25045931009429856,0.53125,0.25044875,0.00028531009429866305
thompson,0,12,1,1.0,0.5901402693471496,0.0625,0.9992769999999999,-0.40922373065285067
thompson,0,12,2,0.96875,0.25045631055613066,0.53125,0.25044875,0.0002823105561307604
thompson,0,13,1,1.0,0.5901402689387427,0.0625,0.9992769999999999,-0.40922373106125753
thompson,0,13,2,0.96875,0.25045331101795,0.53125,0.25044875,0.00027931101795009017
thompson,0,14,1,1.0,0.5901402685304324,0.0625,0.9992769999999999,-0.4092237314695678
thompson,0,14,2,0.96875,0.2504503114797706,0.53125,0.25044875,0.0002763114797706967
thompson,0,15,1,1.0,0.5901402681219934,0.0625,0.9992769999999999,-0.40922373187800687
thompson,0,15,2,0.96875,0.25044731194158226,0.53125,0.25044875,0.00027331194158236594
thompson,0,16,1,1.0,0.5901402677135819,0.0625,0.9992769999999999,-0.4092237322864184
thompson,0,16,2,0.96875,0.2504443124034095,0.53125,0.25044875,0.0002703124034095783
thompson,0,17,1,1.0,0.590140267305189,0.0625,0.9992769999999999,-0.40922373269481127
thompson,0,17,2,0.96875,0.25044131286524596,0.53125,0.25044875,0.000267312865246061
thompson,0,18,1,1.0,0.5901402668968243,0.0625,0.9992769999999999,-0.40922373310317595
thompson,0,18,2,0.96875,0.25043831332706795,0.53125,0.25044875,0.0002643133270680553
thompson,0,19,1,1.0,0.5901402664884132,0.0625,0.9992769999999999,-0.40922373351158703
thompson,0,19,2,0.96875,0.2504353137888986,0.53125,0.25044875,0.0002613137888987094
thompson,0,20,1,1.0,0.5901402660800246,0.0625,0.9992769999999999,-0.4092237339199757
thompson,0,20,2,0.96875,0.250432314250734,0.53125,0.25044875,0.0002583142507340819
thompson,0,21,1,1.0,0.5901402656716039,0.0625,0.9992769999999999,-0.4092237343283963
thompson,0,21,2,0.96875,0.2504293147125522,0.53125,0.25044875,0.0002553147125523014
thompson,0,22,1,1.0,0.5119685843265862,0.0,0.9991150000000003,-0.4872394156734138
thompson,0,22,2,0.96875,0.24890081431802258,0.5,0.25061200000000006,-0.0016991856819772444
thompson,0,23,1,1.0,0.5119685843265862,0.0,0.9991150000000003,-0.4872394156734138
thompson,0,23,2,0.96875,0.24889859690138083,0.5,0.25061200000000006,-0.001701403098618992
thompson,0,24,1,1.0,0.5119685843265862,0.0,0.9991150000000003,-0.4872394156734138
thompson,0,24,2,0.96875,0.24889637948473042,0.5,0.25061200000000006,-0.0017036205152693995
thompson,0,25,1,1.0,0.5119685843265862,0.0,0.9991150000000003,-0.4872394156734138
thompson,0,25,2,0.96875,0.24889416206808845,0.5,0.25061200000000006,-0.0017058379319113692
thompson,0,26,1,1.0,0.5119685843265862,0.0,0.9991150000000003,-0.4872394156734138
thompson,0,26,2,0.96875,0.2488919446514486,0.5,0.25061200000000006,-0.0017080553485512295
thompson,0,27,1,1.0,0.5119685843265862,0.0,0.9991150000000003,-0.4872394156734138
thompson,0,27,2,0.96875,0.2488897272348044,0.5,0.25061200000000006,-0.0017102727651954197
thompson,0,28,1,1.0,0.5119685843265862,0.0,0.9991150000000003,-0.4872394156734138
thompson,0,28,2,0.96875,0.248887509818159,0.5,0.25061200000000006,-0.0017124901818408311
thompson,0,29,1,1.0,0.5119685843265862,0.0,0.9991150000000003,-0.4872394156734138
thompson,0,29,2,0.96875,0.24888529240152646,0.5,0.25061200000000006,-0.001714707598473364
thompson,0,30,1,1.0,0.5119685843265862,0.0,0.9991150000000003,-0.4872394156734138
thompson,0,30,2,0.96875,0.24888307498488516,0.5,0.25061200000000006,-0.0017169250151146676
thompson,0,31,1,1.0,0.5119685843265862,0.0,0.9991150000000003,-0.4872394156734138
thompson,0,31,2,0.96875,0.24888085756823486,0.5,0.25061200000000006,-0.001719142431764964
thompson,0,32,1,1.0,0.5119685843265862,0.0,0.9991150000000003,-0.4872394156734138
thompson,0,32,2,0.96875,0.24887864015158534,0.5,0.25061200000000006,-0.0017213598484144832
thompson,0,33,1,1.0,0.5647761328087318,0.03125,0.9991960000000002,-0.434518867191268
thompson,0,33,2,0.96875,0.2287989190044406,0.46875,0.25055474999999994,-0.021692830995559298
thompson,0,34,1,1.0,0.5647761324002217,0.03125,0.9991960000000002,-0.4345188675997781
thompson,0,34,2,0.96875,0.22879566574859111,0.46875,0.25055474999999994,-0.021696084251408787
thompson,0,35,1,1.0,0.5647761319917638,0.03125,0.9991960000000002,-0.434518868008236
thompson,0,35,2,0.96875,0.2287924124927213,0.46875,0.25055474999999994,-0.021699337507278593
thompson,0,36,1,1.0,0.5647761315832186,0.03125,0.9991960000000002,-0.4345188684167812
thompson,0,36,2,0.96875,0.22878915923687626,0.46875,0.25055474999999994,-0.02170259076312364
thompson,0,37,1,1.0,0.5647761311747662,0.03125,0.9991960000000002,-0.4345188688252336
thompson,0,37,2,0.96875,0.22878590598101267,0.46875,0.25055474999999994,-0.02170584401898723
thompson,0,38,1,1.0,0.5647761307662312,0.03125,0.9991960000000002,-0.4345188692337686
thompson,0,38,2,0.96875,0.22878265272516785,0.46875,0.25055474999999994,-0.021709097274832057
thompson,0,39,1,1.0,0.5647761303577153,0.03125,0.9991960000000002,-0.4345188696422845
thompson,0,39,2,0.96875,0.22877939946929515,0.46875,0.25055474999999994,-0.02171235053070475
thompson,0,40,1,1.0,0.5647761299492581,0.03125,0.9991960000000002,-0.43451887005074175
thompson,0,40,2,0.96875,0.2287761462134259,0.46875,0.25055474999999994,-0.021715603786574
thompson,0,41,1,1.0,0.5647761295406856,0.03125,0.9991960000000002,-0.43451887045931425
thompson,0,41,2,0.96875,0.2287728929575521,0.46875,0.25055474999999994,-0.021718857042447803
thompson,0,42,1,1.0,0.5647761291322823,0.03125,0.9991960000000002,-0.43451887086771757
thompson,0,42,2,0.96875,0.22876963970171071,0.46875,0.25055474999999994,-0.021722110298289188
thompson,0,43,1,1.0,0.564776128723783,0.03125,0.9991960000000002,-0.4345188712762168
thompson,0,43,2,0.96875,0.22876638644584701,0.46875,0.25055474999999994,-0.021725363554152888
thompson,0,44,1,1.0,0.5647761283153029,0.03125,0.9991960000000002,-0.43451887168469694
thompson,0,44,2,0.96875,0.22876313318999997,0.46875,0.25055474999999994,-0.021728616809999934
thompson,0,45,1,1.0,0.5647761279067088,0.03125,0.9991960000000002,-0.434518872093291
thompson,0,45,2,0.96875,0.2287598799341366,0.46875,0.25055474999999994,-0.0217318700658633
thompson,0,46,1,1.0,0.5647761274982274,0.03125,0.9991960000000002,-0.43451887250177246
thompson,0,46,2,0.96875,0.2287566266782699,0.46875,0.25055474999999994,-0.02173512332173
thompson,0,47,1,1.0,0.5647761270898349,0.03125,0.9991960000000002,-0.4345188729101649
thompson,0,47,2,0.96875,0.22875337342241864,0.46875,0.25055474999999994,-0.021738376577581264
thompson,0,48,1,1.0,0.564776126681323,0.03125,0.9991960000000002,-0.4345188733186768
thompson,0,48,2,0.96875,0.22875012016657525,0.46875,0.25055474999999994,-0.021741629833424647
thompson,0,49,1,1.0,0.564776126272814,0.03125,0.9991960000000002,-0.4345188737271858
thompson,0,49,2,0.96875,0.22874686691070878,0.46875,0.25055474999999994,-0.021744883089291123
thompson,1,0,1,1.0,0.5901402738394013,0.0625,0.9992769999999999,-0.409223726160599
thompson,1,0,2,0.96875,0.25048947201886135,0.53125,0.25044875,0.00031547201886145126
thompson,1,1,1,1.0,0.5901402734310828,0.0625,0.9992769999999999,-0.4092237265689175
thompson,1,1,2,0.96875,0.25048647248066047,0.53125,0.25044875,0.000312472480660575
thompson,1,2,1,1.0,0.5901402730227125,0.0625,0.9992769999999999,-0.4092237269772877
thompson,1,2,2,0.96875,0.2504834729425023,0.53125,0.25044875,0.00030947294250238677
thompson,1,3,1,1.0,0.5901402726142864,0.0625,0.9992769999999999,-0.4092237273857139
thompson,1,3,2,0.96875,0.25048047340432694,0.53125,0.25044875,0.0003064734043270456
thompson,1,4,1,1.0,0.5901402722059335,0.0625,0.9992769999999999,-0.4092237277940668
thompson,1,4,2,0.96875,0.25047747386615715,0.53125,0.25044875,0.0003034738661572556
thompson,1,5,1,1.0,0.5901402717975133,0.0625,0.9992769999999999,-0.409223728202487
thompson,1,5,2,0.96875,0.2504744743279861,0.53125,0.25044875,0.0003004743279861888
thompson,1,6,1,1.0,0.590140271389143,0.0625,0.9992769999999999,-0.4092237286108572
thompson,1,6,2,0.96875,0.25047147478979864,0.53125,0.25044875,0.0002974747897987462
thompson,1,7,1,1.0,0.5901402709808279,0.0625,0.9992769999999999,-0.40922372901917237
thompson,1,7,2,0.96875,0.2504684752516302,0.53125,0.25044875,0.0002944752516302884
thompson,1,8,1,1.0,0.5901402705723671,0.0625,0.9992769999999999,-0.4092237294276332
thompson,1,8,2,0.96875,0.25046547571345334,0.53125,0.25044875,0.00029147571345344847
thompson,1,9,1,1.0,0.5901402701639138,0.0625,0.9992769999999999,-0.40922372983608646
thompson,1,9,2,0.96875,0.25046247617528233,0.53125,0.25044875,0.0002884761752824372
thompson,1,10,1,1.0,0.5901402697555704,0.0625,0.9992769999999999,-0.4092237302444298
thompson,1,10,2,0.96875,0.2504594766371133,0.53125,0.25044875,0.0002854766371134243
thompson,1,11,1,1.0,0.5901402693471318,0.0625,0.9992769999999999,-0.40922373065286843
thompson,1,11,2,0.96875,0.2504564770989347,0.53125,0.25044875,0.000282477098934808
thompson,1,12,1,1.0,0.5901402689387263,0.0625,0.9992769999999999,-0.40922373106127397
thompson,1,12,2,0.96875,0.2504534775607668,0.53125,0.25044875,0.00027947756076690533
thompson,1,13,1,1.0,0.5901402685303194,0.0625,0.9992769999999999,-0.40922373146968083
thompson,1,13,2,0.96875,0.25045047802258613,0.53125,0.25044875,0.0002764780225862351
thompson,1,14,1,1.0,0.5901402681220091,0.0625,0.9992769999999999,-0.4092237318779911
thompson,1,14,2,0.96875,0.25044747848440674,0.53125,0.25044875,0.00027347848440684164
thompson,1,15,1,1.0,0.5901402677135701,0.0625,0.9992769999999999,-0.40922373228643016
thompson,1,15,2,0.96875,0.2504444789462184,0.53125,0.25044875,0.0002704789462185109
thompson,1,16,1,1.0,0.5901402673051586,0.0625,0.9992769999999999,-0.4092237326948417
thompson,1,16,2,0.96875,0.2504414794080456,0.53125,0.25044875,0.00026747940804572323
thompson,1,17,1,1.0,0.5901402668967657,0.0625,0.9992769999999999,-0.40922373310323457
thompson,1,17,2,0.96875,0.2504384798698821,0.53125,0.25044875,0.00026447986988220595
thompson,1,18,1,1.0,0.590140266488401,0.0625,0.9992769999999999,-0.40922373351159924
thompson,1,18,2,0.96875,0.2504354803317041,0.53125,0.25044875,0.00026148033170420026
thompson,1,19,1,1.0,0.5901402660799899,0.0625,0.9992769999999999,-0.4092237339200103
thompson,1,19,2,0.96875,0.25043248079353475,0.53125,0.25044875,0.0002584807935348543
thompson,1,20,1,1.0,0.5901402656716013,0.0625,0.9992769999999999,-0.409223734328399
thompson,1,20,2,0.96875,0.2504294812553701,0.53125,0.25044875,0.0002554812553702268
thompson,1,21,1,1.0,0.5901402652631806,0.0625,0.9992769999999999,-0.4092237347368196
thompson,1,21,2,0.96875,0.25042648171718834,0.53125,0.25044875,0.00025248171718844636
thompson,1,22,1,1.0,0.5119685835095384,0.0,0.9991150000000003,-0.48723941649046154
thompson,1,22,2,0.96875,0.2488995701191441,0.5,0.25061200000000006,-0.001700429880855725
thompson,1,23,1,1.0,0.5119685835095384,0.0,0.9991150000000003,-0.48723941649046154
thompson,1,23,2,0.96875,0.24889735270250235,0.5,0.25061200000000006,-0.0017026472974974727
thompson,1,24,1,1.0,0.5119685835095384,0.0,0.9991150000000003,-0.48723941649046154
thompson,1,24,2,0.96875,0.24889513528585194,0.5,0.25061200000000006,-0.00170486471414788
thompson,1,25,1,1.0,0.5119685835095384,0.0,0.9991150000000003,-0.48723941649046154
thompson,1,25,2,0.96875,0.24889291786920997,0.5,0.25061200000000006,-0.0017070821307898498
thompson,1,26,1,1.0,0.5119685835095384,0.0,0.9991150000000003,-0.48723941649046154
thompson,1,26,2,0.96875,0.2488907004525701,0.5,0.25061200000000006,-0.0017092995474297101
thompson,1,27,1,1.0,0.5119685835095384,0.0,0.9991150000000003,-0.48723941649046154
thompson,1,27,2,0.96875,0.24888848303592592,0.5,0.25061200000000006,-0.0017115169640739003
thompson,1,28,1,1.0,0.5119685835095384,0.0,0.9991150000000003,-0.48723941649046154
thompson,1,28,2,0.96875,0.2488862656192805,0.5,0.25061200000000006,-0.0017137343807193117
thompson,1,29,1,1.0,0.5119685835095384,0.0,0.9991150000000003,-0.48723941649046154
thompson,1,29,2,0.96875,0.24888404820264798,0.5,0.25061200000000006,-0.0017159517973518446
thompson,1,30,1,1.0,0.5119685835095384,0.0,0.9991150000000003,-0.48723941649046154
thompson,1,30,2,0.96875,0.24888183078600667,0.5,0.25061200000000006,-0.0017181692139931481
thompson,1,31,1,1.0,0.5119685835095384,0.0,0.9991150000000003,-0.48723941649046154
thompson,1,31,2,0.96875,0.24887961336935638,0.5,0.25061200000000006,-0.0017203866306434445
thompson,1,32,1,1.0,0.5119685835095384,0.0,0.9991150000000003,-0.48723941649046154
thompson,1,32,2,0.96875,0.24887739595270686,0.5,0.25061200000000006,-0.0017226040472929638
thompson,1,33,1,1.0,0.5647761324002966,0.03125,0.9991960000000002,-0.43451886759970326
thompson,1,33,2,0.96875,0.2287989190044406,0.46875,0.25055474999999994,-0.021692830995559298
thompson,1,34,1,1.0,0.5647761319917864,0.03125,0.9991960000000002,-0.4345188680082134
thompson,1,34,2,0.96875,0.22879566574859111,0.46875,0.25055474999999994,-0.021696084251408787
thompson,1,35,1,1.0,0.5647761315833285,0.03125,0.9991960000000002,-0.4345188684166713
thompson,1,35,2,0.96875,0.2287924124927213,0.46875,0.25055474999999994,-0.021699337507278593
thompson,1,36,1,1.0,0.5647761311747833,0.03125,0.9991960000000002,-0.4345188688252165
thompson,1,36,2,0.96875,0.22878915923687626,0.46875,0.25055474999999994,-0.02170259076312364
thompson,1,37,1,1.0,0.5647761307663309,0.03125,0.9991960000000002,-0.4345188692336689
thompson,1,37,2,0.96875,0.22878590598101267,0.46875,0.25055474999999994,-0.02170584401898723
thompson,1,38,1,1.0,0.564776130357796,0.03125,0.9991960000000002,-0.4345188696422039
thompson,1,38,2,0.96875,0.22878265272516785,0.46875,0.25055474999999994,-0.021709097274832057
thompson,1,39,1,1.0,0.5647761299492801,0.03125,0.9991960000000002,-0.43451887005071976
thompson,1,39,2,0.96875,0.22877939946929515,0.46875,0.25055474999999994,-0.02171235053070475
thompson,1,40,1,1.0,0.5647761295408228,0.03125,0.9991960000000002,-0.43451887045917703
thompson,1,40,2,0.96875,0.2287761462134259,0.46875,0.25055474999999994,-0.021715603786574
thompson,1,41,1,1.0,0.5647761291322503,0.03125,0.9991960000000002,-0.43451887086774954
thompson,1,41,2,0.96875,0.2287728929575521,0.46875,0.25055474999999994,-0.021718857042447803
thompson,1,42,1,1.0,0.564776128723847,0.03125,0.9991960000000002,-0.43451887127615285
thompson,1,42,2,0.96875,0.22876963970171071,0.46875,0.25055474999999994,-0.021722110298289188
thompson,1,43,1,1.0,0.5647761283153477,0.03125,0.9991960000000002,-0.4345188716846521
thompson,1,43,2,0.96875,0.22876638644584701,0.46875,0.25055474999999994,-0.021725363554152888
thompson,1,44,1,1.0,0.5647761279068676,0.03125,0.9991960000000002,-0.4345188720931322
thompson,1,44,2,0.96875,0.22876313318999997,0.46875,0.25055474999999994,-0.021728616809999934
thompson,1,45,1,1.0,0.5647761274982736,0.03125,0.9991960000000002,-0.43451887250172627
thompson,1,45,2,0.96875,0.2287598799341366,0.46875,0.25055474999999994,-0.0217318700658633
thompson,1,46,1,1.0,0.5647761270897921,0.03125,0.9991960000000002,-0.43451887291020774
thompson,1,46,2,0.96875,0.2287566266782699,0.46875,0.25055474999999994,-0.02173512332173
thompson,1,47,1,1.0,0.5647761266813996,0.03125,0.9991960000000002,-0.4345188733186002
thompson,1,47,2,0.96875,0.22875337342241864,0.46875,0.25055474999999994,-0.021738376577581264
thompson,1,48,1,1.0,0.5647761262728878,0.03125,0.9991960000000002,-0.43451887372711206
thompson,1,48,2,0.96875,0.22875012016657525,0.46875,0.25055474999999994,-0.021741629833424647
thompson,1,49,1,1.0,0.5647761258643788,0.03125,0.9991960000000002,-0.43451887413562107
thompson,1,49,2,0.96875,0.22874686691070878,0.46875,0.25055474999999994,-0.021744883089291123
thompson,2,0,1,1.0,0.5901402734310062,0.0625,0.9992769999999999,-0.4092237265689941
thompson,2,0,2,0.96875,0.2504866390234961,0.53125,0.25044875,0.0003126390234962084
thompson,2,1,1,1.0,0.5901402730226877,0.0625,0.9992769999999999,-0.4092237269773126
thompson,2,1,2,0.96875,0.25048363948529523,0.53125,0.25044875,0.00030963948529533214
thompson,2,2,1,1.0,0.5901402726143175,0.0625,0.9992769999999999,-0.4092237273856828
thompson,2,2,2,0.96875,0.25048063994713704,0.53125,0.25044875,0.00030663994713714393
thompson,2,3,1,1.0,0.5901402722058913,0.0625,0.9992769999999999,-0.409223727794109
thompson,2,3,2,0.96875,0.2504776404089617,0.53125,0.25044875,0.0003036404089618028
thompson,2,4,1,1.0,0.5901402717975384,0.0625,0.9992769999999999,-0.4092237282024619
thompson,2,4,2,0.96875,0.2504746408707919,0.53125,0.25044875,0.00030064087079201274
thompson,2,5,1,1.0,0.5901402713891182,0.0625,0.9992769999999999,-0.4092237286108821
thompson,2,5,2,0.96875,0.25047164133262084,0.53125,0.25044875,0.00029764133262094594
thompson,2,6,1,1.0,0.590140270980748,0.0625,0.9992769999999999,-0.4092237290192523
thompson,2,6,2,0.96875,0.2504686417944334,0.53125,0.25044875,0.00029464179443350336
thompson,2,7,1,1.0,0.5901402705724328,0.0625,0.9992769999999999,-0.40922372942756746
thompson,2,7,2,0.96875,0.25046564225626494,0.53125,0.25044875,0.0002916422562650456
thompson,2,8,1,1.0,0.590140270163972,0.0625,0.9992769999999999,-0.4092237298360283
thompson,2,8,2,0.96875,0.2504626427180881,0.53125,0.25044875,0.00028864271808820563
thompson,2,9,1,1.0,0.5901402697555187,0.0625,0.9992769999999999,-0.40922373024448155
thompson,2,9,2,0.96875,0.2504596431799171,0.53125,0.25044875,0.00028564317991719435
thompson,2,10,1,1.0,0.5901402693471753,0.0625,0.9992769999999999,-0.4092237306528249
thompson,2,10,2,0.96875,0.2504566436417481,0.53125,0.25044875,0.00028264364174818146
thompson,2,11,1,1.0,0.5901402689387367,0.0625,0.9992769999999999,-0.40922373106126353
thompson,2,11,2,0.96875,0.25045364410356946,0.53125,0.25044875,0.00027964410356956515
thompson,2,12,1,1.0,0.5901402685303312,0.0625,0.9992769999999999,-0.40922373146966906
thompson,2,12,2,0.96875,0.25045064456540156,0.53125,0.25044875,0.0002766445654016625
thompson,2,13,1,1.0,0.5901402681219243,0.0625,0.9992769999999999,-0.4092237318780759
thompson,2,13,2,0.96875,0.2504476450272209,0.53125,0.25044875,0.00027364502722099227
thompson,2,14,1,1.0,0.590140267713614,0.0625,0.9992769999999999,-0.4092237322863862
thompson,2,14,2,0.96875,0.2504446454890415,0.53125,0.25044875,0.0002706454890415988
thompson,2,15,1,1.0,0.590140267305175,0.0625,0.9992769999999999,-0.40922373269482526
thompson,2,15,2,0.96875,0.25044164595085316,0.53125,0.25044875,0.00026764595085326803
thompson,2,16,1,1.0,0.5901402668967635,0.0625,0.9992769999999999,-0.4092237331032368
thompson,2,16,2,0.96875,0.2504386464126804,0.53125,0.25044875,0.0002646464126804804
thompson,2,17,1,1.0,0.5901402664883706,0.0625,0.9992769999999999,-0.40922373351162966
thompson,2,17,2,0.96875,0.25043564687451686,0.53125,0.25044875,0.0002616468745169631
thompson,2,18,1,1.0,0.5901402660800059,0.0625,0.9992769999999999,-0.40922373391999434
thompson,2,18,2,0.96875,0.25043264733633885,0.53125,0.25044875,0.0002586473363389574
thompson,2,19,1,1.0,0.5901402656715948,0.0625,0.9992769999999999,-0.4092237343284054
thompson,2,19,2,0.96875,0.2504296477981695,0.53125,0.25044875,0.0002556477981696115
thompson,2,20,1,1.0,0.5901402652632062,0.0625,0.9992769999999999,-0.4092237347367941
thompson,2,20,2,0.96875,0.2504266482600049,0.53125,0.25044875,0.00025264826000498397
thompson,2,21,1,1.0,0.5901402648547855,0.0625,0.9992769999999999,-0.4092237351452147
thompson,2,21,2,0.96875,0.2504236487218231,0.53125,0.25044875,0.0002496487218232035
thompson,2,22,1,1.0,0.5119685826923952,0.0,0.9991150000000003,-0.4872394173076048
thompson,2,22,2,0.96875,0.24889832592023897,0.5,0.25061200000000006,-0.001701674079760851
thompson,2,23,1,1.0,0.5119685826923952,0.0,0.9991150000000003,-0.4872394173076048
thompson,2,23,2,0.96875,0.24889610850359722,0.5,0.25061200000000006,-0.0017038914964025986
thompson,2,24,1,1.0,0.5119685826923952,0.0,0.9991150000000003,-0.4872394173076048
thompson,2,24,2,0.96875,0.24889389108694682,0.5,0.25061200000000006,-0.001706108913053006
thompson,2,25,1,1.0,0.5119685826923952,0.0,0.9991150000000003,-0.4872394173076048
thompson,2,25,2,0.96875,0.24889167367030485,0.5,0.25061200000000006,-0.0017083263296949758
thompson,2,26,1,1.0,0.5119685826923952,0.0,0.9991150000000003,-0.4872394173076048
thompson,2,26,2,0.96875,0.248889456253665,0.5,0.25061200000000006,-0.001710543746334836
thompson,2,27,1,1.0,0.5119685826923952,0.0,0.9991150000000003,-0.4872394173076048
thompson,2,27,2,0.96875,0.2488872388370208,0.5,0.25061200000000006,-0.0017127611629790263
thompson,2,28,1,1.0,0.5119685826923952,0.0,0.9991150000000003,-0.4872394173076048
thompson,2,28,2,0.96875,0.24888502142037539,0.5,0.25061200000000006,-0.0017149785796244377
thompson,2,29,1,1.0,0.5119685826923952,0.0,0.9991150000000003,-0.4872394173076048
thompson,2,29,2,0.96875,0.24888280400374285,0.5,0.25061200000000006,-0.0017171959962569705
thompson,2,30,1,1.0,0.5119685826923952,0.0,0.9991150000000003,-0.4872394173076048
thompson,2,30,2,0.96875,0.24888058658710155,0.5,0.25061200000000006,-0.001719413412898274
thompson,2,31,1,1.0,0.5119685826923952,0.0,0.9991150000000003,-0.4872394173076048
thompson,2,31,2,0.96875,0.24887836917045125,0.5,0.25061200000000006,-0.0017216308295485705
thompson,2,32,1,1.0,0.5119685826923952,0.0,0.9991150000000003,-0.4872394173076048
thompson,2,32,2,0.96875,0.24887615175380173,0.5,0.25061200000000006,-0.0017238482461980897
thompson,2,33,1,1.0,0.5647761319919812,0.03125,0.9991960000000002,-0.43451886800801864
thompson,2,33,2,0.96875,0.2287989190044406,0.46875,0.25055474999999994,-0.021692830995559298
thompson,2,34,1,1.0,0.5647761315834711,0.03125,0.9991960000000002,-0.43451886841652876
thompson,2,34,2,0.96875,0.22879566574859111,0.46875,0.25055474999999994,-0.021696084251408787
thompson,2,35,1,1.0,0.5647761311750131,0.03125,0.9991960000000002,-0.4345188688249867
thompson,2,35,2,0.96875,0.2287924124927213,0.46875,0.25055474999999994,-0.021699337507278593
thompson,2,36,1,1.0,0.5647761307664679,0.03125,0.9991960000000002,-0.4345188692335319
thompson,2,36,2,0.96875,0.22878915923687626,0.46875,0.25055474999999994,-0.02170259076312364
thompson,2,37,1,1.0,0.5647761303580155,0.03125,0.9991960000000002,-0.4345188696419843
thompson,2,37,2,0.96875,0.22878590598101267,0.46875,0.25055474999999994,-0.02170584401898723
thompson,2,38,1,1.0,0.5647761299494806,0.03125,0.9991960000000002,-0.43451887005051926
thompson,2,38,2,0.96875,0.22878265272516785,0.46875,0.25055474999999994,-0.021709097274832057
thompson,2,39,1,1.0,0.5647761295409647,0.03125,0.9991960000000002,-0.43451887045903514
thompson,2,39,2,0.96875,0.22877939946929515,0.46875,0.25055474999999994,-0.02171235053070475
thompson,2,40,1,1.0,0.5647761291325074,0.03125,0.9991960000000002,-0.4345188708674924
thompson,2,40,2,0.96875,0.2287761462134259,0.46875,0.25055474999999994,-0.021715603786574
thompson,2,41,1,1.0,0.5647761287239349,0.03125,0.9991960000000002,-0.4345188712760649
thompson,2,41,2,0.96875,0.2287728929575521,0.46875,0.25055474999999994,-0.021718857042447803
thompson,2,42,1,1.0,0.5647761283155316,0.03125,0.9991960000000002,-0.43451887168446823
thompson,2,42,2,0.96875,0.22876963970171071,0.46875,0.25055474999999994,-0.021722110298289188
thompson,2,43,1,1.0,0.5647761279070324,0.03125,0.9991960000000002,-0.43451887209296747
thompson,2,43,2,0.96875,0.22876638644584701,0.46875,0.25055474999999994,-0.021725363554152888
thompson,2,44,1,1.0,0.5647761274985522,0.03125,0.9991960000000002,-0.4345188725014476
thompson,2,44,2,0.96875,0.22876313318999997,0.46875,0.25055474999999994,-0.021728616809999934
thompson,2,45,1,1.0,0.5647761270899582,0.03125,0.9991960000000002,-0.43451887291004165
thompson,2,45,2,0.96875,0.2287598799341366,0.46875,0.25055474999999994,-0.0217318700658633
thompson,2,46,1,1.0,0.5647761266814767,0.03125,0.9991960000000002,-0.4345188733185231
thompson,2,46,2,0.96875,0.2287566266782699,0.46875,0.25055474999999994,-0.02173512332173
thompson,2,47,1,1.0,0.5647761262730843,0.03125,0.9991960000000002,-0.43451887372691556
thompson,2,47,2,0.96875,0.22875337342241864,0.46875,0.25055474999999994,-0.021738376577581264
thompson,2,48,1,1.0,0.5647761258645724,0.03125,0.9991960000000002,-0.43451887413542745
thompson,2,48,2,0.96875,0.22875012016657525,0.46875,0.25055474999999994,-0.021741629833424647
thompson,2,49,1,1.0,0.5647761254560634,0.03125,0.9991960000000002,-0.43451887454393645
thompson,2,49,2,0.96875,0.22874686691070878,0.46875,0.25055474999999994,-0.021744883089291123
thompson,3,0,1,1.0,0.5901402730225467,0.0625,0.9992769999999999,-0.4092237269774536
thompson,3,0,2,0.96875,0.2504838060281555,0.53125,0.25044875,0.00030980602815561253
thompson,3,1,1,1.0,0.5901402726142282,0.0625,0.9992769999999999,-0.40922372738577206
thompson,3,1,2,0.96875,0.25048080648995463,0.53125,0.25044875,0.00030680648995473625
thompson,3,2,1,1.0,0.590140272205858,0.0625,0.9992769999999999,-0.4092237277941423
thompson,3,2,2,0.96875,0.25047780695179644,0.53125,0.25044875,0.00030380695179654804
thompson,3,3,1,1.0,0.5901402717974318,0.0625,0.9992769999999999,-0.40922372820256847
thompson,3,3,2,0.96875,0.2504748074136211,0.53125,0.25044875,0.0003008074136212069
thompson,3,4,1,1.0,0.5901402713890789,0.0625,0.9992769999999999,-0.4092237286109214
thompson,3,4,2,0.96875,0.2504718078754513,0.53125,0.25044875,0.00029780787545141685
thompson,3,5,1,1.0,0.5901402709806587,0.0625,0.9992769999999999,-0.40922372901934156
thompson,3,5,2,0.96875,0.25046880833728025,0.53125,0.25044875,0.00029480833728035005
thompson,3,6,1,1.0,0.5901402705722885,0.0625,0.9992769999999999,-0.4092237294277118
thompson,3,6,2,0.96875,0.2504658087990928,0.53125,0.25044875,0.00029180879909290747
thompson,3,7,1,1.0,0.5901402701639733,0.0625,0.9992769999999999,-0.40922372983602695
thompson,3,7,2,0.96875,0.25046280926092435,0.53125,0.25044875,0.0002888092609244497
thompson,3,8,1,1.0,0.5901402697555125,0.0625,0.9992769999999999,-0.40922373024448777
thompson,3,8,2,0.96875,0.2504598097227475,0.53125,0.25044875,0.00028580972274760974
thompson,3,9,1,1.0,0.5901402693470592,0.0625,0.9992769999999999,-0.40922373065294104
thompson,3,9,2,0.96875,0.2504568101845765,0.53125,0.25044875,0.00028281018457659846
thompson,3,10,1,1.0,0.5901402689387159,0.0625,0.9992769999999999,-0.4092237310612844
thompson,3,10,2,0.96875,0.2504538106464075,0.53125,0.25044875,0.00027981064640758557
thompson,3,11,1,1.0,0.5901402685302772,0.0625,0.9992769999999999,-0.409223731469723
thompson,3,11,2,0.96875,0.25045081110822887,0.53125,0.25044875,0.00027681110822896926
thompson,3,12,1,1.0,0.5901402681218717,0.0625,0.9992769999999999,-0.40922373187812855
thompson,3,12,2,0.96875,0.25044781157006096,0.53125,0.25044875,0.0002738115700610666
thompson,3,13,1,1.0,0.5901402677134648,0.0625,0.9992769999999999,-0.4092237322865354
thompson,3,13,2,0.96875,0.2504448120318803,0.53125,0.25044875,0.0002708120318803964
thompson,3,14,1,1.0,0.5901402673051546,0.0625,0.9992769999999999,-0.4092237326948457
thompson,3,14,2,0.96875,0.2504418124937009,0.53125,0.25044875,0.0002678124937010029
thompson,3,15,1,1.0,0.5901402668967155,0.0625,0.9992769999999999,-0.40922373310328475
thompson,3,15,2,0.96875,0.25043881295551257,0.53125,0.25044875,0.00026481295551267214
thompson,3,16,1,1.0,0.590140266488304,0.0625,0.9992769999999999,-0.4092237335116963
thompson,3,16,2,0.96875,0.2504358134173398,0.53125,0.25044875,0.0002618134173398845
thompson,3,17,1,1.0,0.5901402660799111,0.0625,0.9992769999999999,-0.40922373392008915
thompson,3,17,2,0.96875,0.25043281387917626,0.53125,0.25044875,0.0002588138791763672
thompson,3,18,1,1.0,0.5901402656715464,0.0625,0.9992769999999999,-0.4092237343284538
thompson,3,18,2,0.96875,0.25042981434099826,0.53125,0.25044875,0.00025581434099836153
thompson,3,19,1,1.0,0.5901402652631353,0.0625,0.9992769999999999,-0.4092237347368649
thompson,3,19,2,0.96875,0.2504268148028289,0.53125,0.25044875,0.0002528148028290156
thompson,3,20,1,1.0,0.5901402648547467,0.0625,0.9992769999999999,-0.40922373514525356
thompson,3,20,2,0.96875,0.2504238152646643,0.53125,0.25044875,0.0002498152646643881
thompson,3,21,1,1.0,0.5901402644463261,0.0625,0.9992769999999999,-0.4092237355536742
thompson,3,21,2,0.96875,0.2504208157264825,0.53125,0.25044875,0.00024681572648260763
thompson,3,22,1,1.0,0.5119685818753643,0.0,0.9991150000000003,-0.48723941812463567
thompson,3,22,2,0.96875,0.24889708172134772,0.5,0.25061200000000006,-0.001702918278652099
thompson,3,23,1,1.0,0.5119685818753643,0.0,0.9991150000000003,-0.48723941812463567
thompson,3,23,2,0.96875,0.24889486430470598,0.5,0.25061200000000006,-0.0017051356952938468
thompson,3,24,1,1.0,0.5119685818753643,0.0,0.9991150000000003,-0.48723941812463567
thompson,3,24,2,0.96875,0.24889264688805557,0.5,0.25061200000000006,-0.0017073531119442542
thompson,3,25,1,1.0,0.5119685818753643,0.0,0.9991150000000003,-0.48723941812463567
thompson,3,25,2,0.96875,0.2488904294714136,0.5,0.25061200000000006,-0.001709570528586224
thompson,3,26,1,1.0,0.5119685818753643,0.0,0.9991150000000003,-0.48723941812463567
thompson,3,26,2,0.96875,0.24888821205477374,0.5,0.25061200000000006,-0.0017117879452260842
thompson,3,27,1,1.0,0.5119685818753643,0.0,0.9991150000000003,-0.48723941812463567
thompson,3,27,2,0.96875,0.24888599463812955,0.5,0.25061200000000006,-0.0017140053618702744
thompson,3,28,1,1.0,0.5119685818753643,0.0,0.9991150000000003,-0.48723941812463567
thompson,3,28,2,0.96875,0.24888377722148414,0.5,0.25061200000000006,-0.0017162227785156858
thompson,3,29,1,1.0,0.5119685818753643,0.0,0.9991150000000003,-0.48723941812463567
thompson,3,29,2,0.96875,0.2488815598048516,0.5,0.25061200000000006,-0.0017184401951482187
thompson,3,30,1,1.0,0.5119685818753643,0.0,0.9991150000000003,-0.48723941812463567
thompson,3,30,2,0.96875,0.2488793423882103,0.5,0.25061200000000006,-0.0017206576117895223
thompson,3,31,1,1.0,0.5119685818753643,0.0,0.9991150000000003,-0.48723941812463567
thompson,3,31,2,0.96875,0.24887712497156,0.5,0.25061200000000006,-0.0017228750284398187
thompson,3,32,1,1.0,0.5119685818753643,0.0,0.9991150000000003,-0.48723941812463567
thompson,3,32,2,0.96875,0.24887490755491048,0.5,0.25061200000000006,-0.001725092445089338
thompson,3,33,1,1.0,0.564776131583595,0.03125,0.9991960000000002,-0.43451886841640486
thompson,3,33,2,0.96875,0.2287989190044406,0.46875,0.25055474999999994,-0.021692830995559298
thompson,3,34,1,1.0,0.5647761311750849,0.03125,0.9991960000000002,-0.43451886882491497
thompson,3,34,2,0.96875,0.22879566574859111,0.46875,0.25055474999999994,-0.021696084251408787
thompson,3,35,1,1.0,0.5647761307666269,0.03125,0.9991960000000002,-0.4345188692333729
thompson,3,35,2,0.96875,0.2287924124927213,0.46875,0.25055474999999994,-0.021699337507278593
thompson,3,36,1,1.0,0.5647761303580817,0.03125,0.9991960000000002,-0.4345188696419181
thompson,3,36,2,0.96875,0.22878915923687626,0.46875,0.25055474999999994,-0.02170259076312364
thompson,3,37,1,1.0,0.5647761299496293,0.03125,0.9991960000000002,-0.4345188700503705
thompson,3,37,2,0.96875,0.22878590598101267,0.46875,0.25055474999999994,-0.02170584401898723
thompson,3,38,1,1.0,0.5647761295410944,0.03125,0.9991960000000002,-0.43451887045890547
thompson,3,38,2,0.96875,0.22878265272516785,0.46875,0.25055474999999994,-0.021709097274832057
thompson,3,39,1,1.0,0.5647761291325785,0.03125,0.9991960000000002,-0.43451887086742136
thompson,3,39,2,0.96875,0.22877939946929515,0.46875,0.25055474999999994,-0.02171235053070475
thompson,3,40,1,1.0,0.5647761287241212,0.03125,0.9991960000000002,-0.4345188712758786
thompson,3,40,2,0.96875,0.2287761462134259,0.46875,0.25055474999999994,-0.021715603786574
thompson,3,41,1,1.0,0.5647761283155487,0.03125,0.9991960000000002,-0.43451887168445114
thompson,3,41,2,0.96875,0.2287728929575521,0.46875,0.25055474999999994,-0.021718857042447803
thompson,3,42,1,1.0,0.5647761279071454,0.03125,0.9991960000000002,-0.43451887209285445
thompson,3,42,2,0.96875,0.22876963970171071,0.46875,0.25055474999999994,-0.021722110298289188
thompson,3,43,1,1.0,0.5647761274986461,0.03125,0.9991960000000002,-0.4345188725013537
thompson,3,43,2,0.96875,0.22876638644584701,0.46875,0.25055474999999994,-0.021725363554152888
thompson,3,44,1,1.0,0.564776127090166,0.03125,0.9991960000000002,-0.4345188729098338
thompson,3,44,2,0.96875,0.22876313318999997,0.46875,0.25055474999999994,-0.021728616809999934
thompson,3,45,1,1.0,0.564776126681572,0.03125,0.9991960000000002,-0.43451887331842787
thompson,3,45,2,0.96875,0.2287598799341366,0.46875,0.25055474999999994,-0.0217318700658633
thompson,3,46,1,1.0,0.5647761262730905,0.03125,0.9991960000000002,-0.43451887372690934
thompson,3,46,2,0.96875,0.2287566266782699,0.46875,0.25055474999999994,-0.02173512332173
thompson,3,47,1,1.0,0.564776125864698,0.03125,0.9991960000000002,-0.43451887413530177
thompson,3,47,2,0.96875,0.22875337342241864,0.46875,0.25055474999999994,-0.021738376577581264
thompson,3,48,1,1.0,0.5647761254561862,0.03125,0.9991960000000002,-0.43451887454381366
thompson,3,48,2,0.96875,0.22875012016657525,0.46875,0.25055474999999994,-0.021741629833424647
thompson,3,49,1,1.0,0.5647761250476772,0.03125,0.9991960000000002,-0.43451887495232266
thompson,3,49,2,0.96875,0.22874686691070878,0.46875,0.25055474999999994,-0.021744883089291123
thompson,4,0,1,1.0,0.5901402726141454,0.0625,0.9992769999999999,-0.4092237273858549
thompson,4,0,2,0.96875,0.2504809730327856,0.53125,0.25044875,0.00030697303278570676
thompson,4,1,1,1.0,0.5901402722058269,0.0625,0.9992769999999999,-0.4092237277941734
thompson,4,1,2,0.96875,0.2504779734945847,0.53125,0.25044875,0.00030397349458483047
thompson,4,2,1,1.0,0.5901402717974567,0.0625,0.9992769999999999,-0.4092237282025436
thompson,4,2,2,0.96875,0.25047497395642654,0.53125,0.25044875,0.00030097395642664226
thompson,4,3,1,1.0,0.5901402713890305,0.0625,0.9992769999999999,-0.4092237286109698
thompson,4,3,2,0.96875,0.2504719744182512,0.53125,0.25044875,0.0002979744182513011
thompson,4,4,1,1.0,0.5901402709806776,0.0625,0.9992769999999999,-0.4092237290193227
thompson,4,4,2,0.96875,0.2504689748800814,0.53125,0.25044875,0.00029497488008151107
thompson,4,5,1,1.0,0.5901402705722574,0.0625,0.9992769999999999,-0.4092237294277429
thompson,4,5,2,0.96875,0.25046597534191034,0.53125,0.25044875,0.0002919753419104443
thompson,4,6,1,1.0,0.5901402701638871,0.0625,0.9992769999999999,-0.4092237298361131
thompson,4,6,2,0.96875,0.2504629758037229,0.53125,0.25044875,0.0002889758037230017
thompson,4,7,1,1.0,0.590140269755572,0.0625,0.9992769999999999,-0.40922373024442826
thompson,4,7,2,0.96875,0.25045997626555444,0.53125,0.25044875,0.0002859762655545439
thompson,4,8,1,1.0,0.5901402693471112,0.0625,0.9992769999999999,-0.4092237306528891
thompson,4,8,2,0.96875,0.2504569767273776,0.53125,0.25044875,0.00028297672737770396
thompson,4,9,1,1.0,0.5901402689386579,0.0625,0.9992769999999999,-0.40922373106134236
thompson,4,9,2,0.96875,0.2504539771892066,0.53125,0.25044875,0.0002799771892066927
thompson,4,10,1,1.0,0.5901402685303145,0.0625,0.9992769999999999,-0.4092237314696857
thompson,4,10,2,0.96875,0.2504509776510376,0.53125,0.25044875,0.0002769776510376798
thompson,4,11,1,1.0,0.5901402681218759,0.0625,0.9992769999999999,-0.40922373187812433
thompson,4,11,2,0.96875,0.25044797811285896,0.53125,0.25044875,0.0002739781128590635
thompson,4,12,1,1.0,0.5901402677134704,0.0625,0.9992769999999999,-0.40922373228652986
thompson,4,12,2,0.96875,0.25044497857469106,0.53125,0.25044875,0.0002709785746911608
thompson,4,13,1,1.0,0.5901402673050635,0.0625,0.9992769999999999,-0.4092237326949367
thompson,4,13,2,0.96875,0.2504419790365104,0.53125,0.25044875,0.0002679790365104906
thompson,4,14,1,1.0,0.5901402668967533,0.0625,0.9992769999999999,-0.409223733103247
thompson,4,14,2,0.96875,0.250438979498331,0.53125,0.25044875,0.00026497949833109713
thompson,4,15,1,1.0,0.5901402664883142,0.0625,0.9992769999999999,-0.40922373351168606
thompson,4,15,2,0.96875,0.25043597996014266,0.53125,0.25044875,0.00026197996014276637
thompson,4,16,1,1.0,0.5901402660799027,0.0625,0.9992769999999999,-0.4092237339200976
thompson,4,16,2,0.96875,0.2504329804219699,0.53125,0.25044875,0.0002589804219699787
thompson,4,17,1,1.0,0.5901402656715098,0.0625,0.9992769999999999,-0.40922373432849046
thompson,4,17,2,0.96875,0.25042998088380636,0.53125,0.25044875,0.00025598088380646145
thompson,4,18,1,1.0,0.5901402652631451,0.0625,0.9992769999999999,-0.40922373473685514
thompson,4,18,2,0.96875,0.25042698134562835,0.53125,0.25044875,0.00025298134562845576
thompson,4,19,1,1.0,0.590140264854734,0.0625,0.9992769999999999,-0.4092237351452662
thompson,4,19,2,0.96875,0.250423981807459,0.53125,0.25044875,0.0002499818074591098
thompson,4,20,1,1.0,0.5901402644463454,0.0625,0.9992769999999999,-0.4092237355536549
thompson,4,20,2,0.96875,0.2504209822692944,0.53125,0.25044875,0.0002469822692944823
thompson,4,21,1,1.0,0.5901402640379247,0.0625,0.9992769999999999,-0.4092237359620755
thompson,4,21,2,0.96875,0.2504179827311126,0.53125,0.25044875,0.00024398273111270186
thompson,4,22,1,1.0,0.51196858105846,0.0,0.9991150000000003,-0.48723941894154
thompson,4,22,2,0.96875,0.24889583752246325,0.5,0.25061200000000006,-0.001704162477536575
thompson,4,23,1,1.0,0.51196858105846,0.0,0.9991150000000003,-0.48723941894154
thompson,4,23,2,0.96875,0.2488936201058215,0.5,0.25061200000000006,-0.0017063798941783226
thompson,4,24,1,1.0,0.51196858105846,0.0,0.9991150000000003,-0.48723941894154
thompson,4,24,2,0.96875,0.2488914026891711,0.5,0.25061200000000006,-0.00170859731082873
thompson,4,25,1,1.0,0.51196858105846,0.0,0.9991150000000003,-0.48723941894154
thompson,4,25,2,0.96875,0.24888918527252912,0.5,0.25061200000000006,-0.0017108147274706997
thompson,4,26,1,1.0,0.51196858105846,0.0,0.9991150000000003,-0.48723941894154
thompson,4,26,2,0.96875,0.24888696785588926,0.5,0.25061200000000006,-0.00171303214411056
thompson,4,27,1,1.0,0.51196858105846,0.0,0.9991150000000003,-0.48723941894154
thompson,4,27,2,0.96875,0.24888475043924507,0.5,0.25061200000000006,-0.0017152495607547502
thompson,4,28,1,1.0,0.51196858105846,0.0,0.9991150000000003,-0.48723941894154
thompson,4,28,2,0.96875,0.24888253302259966,0.5,0.25061200000000006,-0.0017174669774001616
thompson,4,29,1,1.0,0.51196858105846,0.0,0.9991150000000003,-0.48723941894154
thompson,4,29,2,0.96875,0.24888031560596713,0.5,0.25061200000000006,-0.0017196843940326945
thompson,4,30,1,1.0,0.51196858105846,0.0,0.9991150000000003,-0.48723941894154
thompson,4,30,2,0.96875,0.24887809818932582,0.5,0.25061200000000006,-0.001721901810673998
thompson,4,31,1,1.0,0.51196858105846,0.0,0.9991150000000003,-0.48723941894154
thompson,4,31,2,0.96875,0.24887588077267553,0.5,0.25061200000000006,-0.0017241192273242945
thompson,4,32,1,1.0,0.51196858105846,0.0,0.9991150000000003,-0.48723941894154
thompson,4,32,2,0.96875,0.248873663356026,0.5,0.25061200000000006,-0.0017263366439738137
thompson,4,33,1,1.0,0.5647761311752021,0.03125,0.9991960000000002,-0.43451886882479773
thompson,4,33,2,0.96875,0.2287989190044406,0.46875,0.25055474999999994,-0.021692830995559298
thompson,4,34,1,1.0,0.564776130766692,0.03125,0.9991960000000002,-0.43451886923330785
thompson,4,34,2,0.96875,0.22879566574859111,0.46875,0.25055474999999994,-0.021696084251408787
thompson,4,35,1,1.0,0.564776130358234,0.03125,0.9991960000000002,-0.4345188696417658
thompson,4,35,2,0.96875,0.2287924124927213,0.46875,0.25055474999999994,-0.021699337507278593
thompson,4,36,1,1.0,0.5647761299496888,0.03125,0.9991960000000002,-0.434518870050311
thompson,4,36,2,0.96875,0.22878915923687626,0.46875,0.25055474999999994,-0.02170259076312364
thompson,4,37,1,1.0,0.5647761295412365,0.03125,0.9991960000000002,-0.43451887045876336
thompson,4,37,2,0.96875,0.22878590598101267,0.46875,0.25055474999999994,-0.02170584401898723
thompson,4,38,1,1.0,0.5647761291327015,0.03125,0.9991960000000002,-0.43451887086729835
thompson,4,38,2,0.96875,0.22878265272516785,0.46875,0.25055474999999994,-0.021709097274832057
thompson,4,39,1,1.0,0.5647761287241856,0.03125,0.9991960000000002,-0.43451887127581423
thompson,4,39,2,0.96875,0.22877939946929515,0.46875,0.25055474999999994,-0.02171235053070475
thompson,4,40,1,1.0,0.5647761283157283,0.03125,0.9991960000000002,-0.4345188716842715
thompson,4,40,2,0.96875,0.2287761462134259,0.46875,0.25055474999999994,-0.021715603786574
thompson,4,41,1,1.0,0.5647761279071558,0.03125,0.9991960000000002,-0.434518872092844
thompson,4,41,2,0.96875,0.2287728929575521,0.46875,0.25055474999999994,-0.021718857042447803
thompson,4,42,1,1.0,0.5647761274987525,0.03125,0.9991960000000002,-0.4345188725012473
thompson,4,42,2,0.96875,0.22876963970171071,0.46875,0.25055474999999994,-0.021722110298289188
thompson,4,43,1,1.0,0.5647761270902533,0.03125,0.9991960000000002,-0.43451887290974656
thompson,4,43,2,0.96875,0.22876638644584701,0.46875,0.25055474999999994,-0.021725363554152888
thompson,4,44,1,1.0,0.5647761266817731,0.03125,0.9991960000000002,-0.4345188733182267
thompson,4,44,2,0.96875,0.22876313318999997,0.46875,0.25055474999999994,-0.021728616809999934
thompson,4,45,1,1.0,0.5647761262731791,0.03125,0.9991960000000002,-0.43451887372682074
thompson,4,45,2,0.96875,0.2287598799341366,0.46875,0.25055474999999994,-0.0217318700658633
thompson,4,46,1,1.0,0.5647761258646976,0.03125,0.9991960000000002,-0.4345188741353022
thompson,4,46,2,0.96875,0.2287566266782699,0.46875,0.25055474999999994,-0.02173512332173
thompson,4,47,1,1.0,0.5647761254563052,0.03125,0.9991960000000002,-0.43451887454369464
thompson,4,47,2,0.96875,0.22875337342241864,0.46875,0.25055474999999994,-0.021738376577581264
thompson,4,48,1,1.0,0.5647761250477933,0.03125,0.9991960000000002,-0.43451887495220654
thompson,4,48,2,0.96875,0.22875012016657525,0.46875,0.25055474999999994,-0.021741629833424647
thompson,4,49,1,1.0,0.5647761246392843,0.03125,0.9991960000000002,-0.43451887536071554
thompson,4,49,2,0.96875,0.22874686691070878,0.46875,0.25055474999999994,-0.021744883089291123
thompson,5,0,1,1.0,0.5901402722056943,0.0625,0.9992769999999999,-0.40922372779430594
thompson,5,0,2,0.96875,0.2504781400374196,0.53125,0.25044875,0.00030414003741968676
thompson,5,1,1,1.0,0.5901402717973758,0.0625,0.9992769999999999,-0.4092237282026244
thompson,5,1,2,0.96875,0.2504751404992187,0.53125,0.25044875,0.0003011404992188105
thompson,5,2,1,1.0,0.5901402713890056,0.0625,0.9992769999999999,-0.40922372861099465
thompson,5,2,2,0.96875,0.2504721409610605,0.53125,0.25044875,0.00029814096106062227
thompson,5,3,1,1.0,0.5901402709805794,0.0625,0.9992769999999999,-0.40922372901942083
thompson,5,3,2,0.96875,0.2504691414228852,0.53125,0.25044875,0.0002951414228852811
thompson,5,4,1,1.0,0.5901402705722265,0.0625,0.9992769999999999,-0.40922372942777374
thompson,5,4,2,0.96875,0.2504661418847154,0.53125,0.25044875,0.0002921418847154911
thompson,5,5,1,1.0,0.5901402701638063,0.0625,0.9992769999999999,-0.40922372983619393
thompson,5,5,2,0.96875,0.2504631423465443,0.53125,0.25044875,0.0002891423465444243
thompson,5,6,1,1.0,0.5901402697554361,0.0625,0.9992769999999999,-0.40922373024456415
thompson,5,6,2,0.96875,0.2504601428083569,0.53125,0.25044875,0.0002861428083569817
thompson,5,7,1,1.0,0.5901402693471209,0.0625,0.9992769999999999,-0.4092237306528793
thompson,5,7,2,0.96875,0.2504571432701884,0.53125,0.25044875,0.0002831432701885239
thompson,5,8,1,1.0,0.5901402689386601,0.0625,0.9992769999999999,-0.40922373106134013
thompson,5,8,2,0.96875,0.2504541437320116,0.53125,0.25044875,0.00028014373201168397
thompson,5,9,1,1.0,0.5901402685302068,0.0625,0.9992769999999999,-0.4092237314697934
thompson,5,9,2,0.96875,0.25045114419384057,0.53125,0.25044875,0.0002771441938406727
thompson,5,10,1,1.0,0.5901402681218635,0.0625,0.9992769999999999,-0.40922373187813676
thompson,5,10,2,0.96875,0.25044814465567156,0.53125,0.25044875,0.0002741446556716598
thompson,5,11,1,1.0,0.5901402677134249,0.0625,0.9992769999999999,-0.4092237322865754
thompson,5,11,2,0.96875,0.25044514511749294,0.53125,0.25044875,0.0002711451174930435
thompson,5,12,1,1.0,0.5901402673050193,0.0625,0.9992769999999999,-0.4092237326949809
thompson,5,12,2,0.96875,0.25044214557932504,0.53125,0.25044875,0.0002681455793251408
thompson,5,13,1,1.0,0.5901402668966125,0.0625,0.9992769999999999,-0.4092237331033878
thompson,5,13,2,0.96875,0.25043914604114437,0.53125,0.25044875,0.0002651460411444706
thompson,5,14,1,1.0,0.5901402664883022,0.0625,0.9992769999999999,-0.40922373351169805
thompson,5,14,2,0.96875,0.250436146502965,0.53125,0.25044875,0.00026214650296507713
thompson,5,15,1,1.0,0.5901402660798631,0.0625,0.9992769999999999,-0.4092237339201371
thompson,5,15,2,0.96875,0.25043314696477664,0.53125,0.25044875,0.00025914696477674637
thompson,5,16,1,1.0,0.5901402656714516,0.0625,0.9992769999999999,-0.40922373432854864
thompson,5,16,2,0.96875,0.25043014742660386,0.53125,0.25044875,0.00025614742660395873
thompson,5,17,1,1.0,0.5901402652630587,0.0625,0.9992769999999999,-0.4092237347369415
thompson,5,17,2,0.96875,0.25042714788844034,0.53125,0.25044875,0.00025314788844044145
thompson,5,18,1,1.0,0.5901402648546941,0.0625,0.9992769999999999,-0.4092237351453062
thompson,5,18,2,0.96875,0.25042414835026233,0.53125,0.25044875,0.00025014835026243576
thompson,5,19,1,1.0,0.590140264446283,0.0625,0.9992769999999999,-0.40922373555371727
thompson,5,19,2,0.96875,0.250421148812093,0.53125,0.25044875,0.0002471488120930898
thompson,5,20,1,1.0,0.5901402640378943,0.0625,0.9992769999999999,-0.40922373596210593
thompson,5,20,2,0.96875,0.25041814927392836,0.53125,0.25044875,0.0002441492739284623
thompson,5,21,1,1.0,0.5901402636294737,0.0625,0.9992769999999999,-0.40922373637052656
thompson,5,21,2,0.96875,0.2504151497357466,0.53125,0.25044875,0.00024114973574668186
thompson,5,22,1,1.0,0.5119685802412688,0.0,0.9991150000000003,-0.4872394197587312
thompson,5,22,2,0.96875,0.24889459332355246,0.5,0.25061200000000006,-0.001705406676447363
thompson,5,23,1,1.0,0.5119685802412688,0.0,0.9991150000000003,-0.4872394197587312
thompson,5,23,2,0.96875,0.2488923759069107,0.5,0.25061200000000006,-0.0017076240930891107
thompson,5,24,1,1.0,0.5119685802412688,0.0,0.9991150000000003,-0.4872394197587312
thompson,5,24,2,0.96875,0.2488901584902603,0.5,0.25061200000000006,-0.001709841509739518
thompson,5,25,1,1.0,0.5119685802412688,0.0,0.9991150000000003,-0.4872394197587312
thompson,5,25,2,0.96875,0.24888794107361834,0.5,0.25061200000000006,-0.0017120589263814878
thompson,5,26,1,1.0,0.5119685802412688,0.0,0.9991150000000003,-0.4872394197587312
thompson,5,26,2,0.96875,0.24888572365697847,0.5,0.25061200000000006,-0.0017142763430213481
thompson,5,27,1,1.0,0.5119685802412688,0.0,0.9991150000000003,-0.4872394197587312
thompson,5,27,2,0.96875,0.24888350624033428,0.5,0.25061200000000006,-0.0017164937596655383
thompson,5,28,1,1.0,0.5119685802412688,0.0,0.9991150000000003,-0.4872394197587312
thompson,5,28,2,0.96875,0.24888128882368887,0.5,0.25061200000000006,-0.0017187111763109497
thompson,5,29,1,1.0,0.5119685802412688,0.0,0.9991150000000003,-0.4872394197587312
thompson,5,29,2,0.96875,0.24887907140705634,0.5,0.25061200000000006,-0.0017209285929434825
thompson,5,30,1,1.0,0.5119685802412688,0.0,0.9991150000000003,-0.4872394197587312
thompson,5,30,2,0.96875,0.24887685399041504,0.5,0.25061200000000006,-0.0017231460095847861
thompson,5,31,1,1.0,0.5119685802412688,0.0,0.9991150000000003,-0.4872394197587312
thompson,5,31,2,0.96875,0.24887463657376474,0.5,0.25061200000000006,-0.0017253634262350825
thompson,5,32,1,1.0,0.5119685802412688,0.0,0.9991150000000003,-0.4872394197587312
thompson,5,32,2,0.96875,0.24887241915711522,0.5,0.25061200000000006,-0.0017275808428846018
thompson,5,33,1,1.0,0.5647761307667915,0.03125,0.9991960000000002,-0.43451886923320837
thompson,5,33,2,0.96875,0.2287989190044406,0.46875,0.25055474999999994,-0.021692830995559298
thompson,5,34,1,1.0,0.5647761303582813,0.03125,0.9991960000000002,-0.4345188696417185
thompson,5,34,2,0.96875,0.22879566574859111,0.46875,0.25055474999999994,-0.021696084251408787
thompson,5,35,1,1.0,0.5647761299498234,0.03125,0.9991960000000002,-0.4345188700501764
thompson,5,35,2,0.96875,0.2287924124927213,0.46875,0.25055474999999994,-0.021699337507278593
thompson,5,36,1,1.0,0.5647761295412782,0.03125,0.9991960000000002,-0.4345188704587216
thompson,5,36,2,0.96875,0.22878915923687626,0.46875,0.25055474999999994,-0.02170259076312364
thompson,5,37,1,1.0,0.5647761291328258,0.03125,0.9991960000000002,-0.434518870867174
thompson,5,37,2,0.96875,0.22878590598101267,0.46875,0.25055474999999994,-0.02170584401898723
thompson,5,38,1,1.0,0.5647761287242908,0.03125,0.9991960000000002,-0.434518871275709
thompson,5,38,2,0.96875,0.22878265272516785,0.46875,0.25055474999999994,-0.021709097274832057
thompson,5,39,1,1.0,0.564776128315775,0.03125,0.9991960000000002,-0.43451887168422487
thompson,5,39,2,0.96875,0.22877939946929515,0.46875,0.25055474999999994,-0.02171235053070475
thompson,5,40,1,1.0,0.5647761279073177,0.03125,0.9991960000000002,-0.43451887209268214
thompson,5,40,2,0.96875,0.2287761462134259,0.46875,0.25055474999999994,-0.021715603786574
thompson,5,41,1,1.0,0.5647761274987452,0.03125,0.9991960000000002,-0.43451887250125465
thompson,5,41,2,0.96875,0.2287728929575521,0.46875,0.25055474999999994,-0.021718857042447803
thompson,5,42,1,1.0,0.5647761270903419,0.03125,0.9991960000000002,-0.43451887290965796
thompson,5,42,2,0.96875,0.22876963970171071,0.46875,0.25055474999999994,-0.021722110298289188
thompson,5,43,1,1.0,0.5647761266818426,0.03125,0.9991960000000002,-0.4345188733181572
thompson,5,43,2,0.96875,0.22876638644584701,0.46875,0.25055474999999994,-0.021725363554152888
thompson,5,44,1,1.0,0.5647761262733625,0.03125,0.9991960000000002,-0.43451887372663733
thompson,5,44,2,0.96875,0.22876313318999997,0.46875,0.25055474999999994,-0.021728616809999934
thompson,5,45,1,1.0,0.5647761258647684,0.03125,0.9991960000000002,-0.4345188741352314
thompson,5,45,2,0.96875,0.2287598799341366,0.46875,0.25055474999999994,-0.0217318700658633
thompson,5,46,1,1.0,0.564776125456287,0.03125,0.9991960000000002,-0.43451887454371285
thompson,5,46,2,0.96875,0.2287566266782699,0.46875,0.25055474999999994,-0.02173512332173
thompson,5,47,1,1.0,0.5647761250478945,0.03125,0.9991960000000002,-0.4345188749521053
thompson,5,47,2,0.96875,0.22875337342241864,0.46875,0.25055474999999994,-0.021738376577581264
thompson,5,48,1,1.0,0.5647761246393826,0.03125,0.9991960000000002,-0.4345188753606172
thompson,5,48,2,0.96875,0.22875012016657525,0.46875,0.25055474999999994,-0.021741629833424647
thompson,5,49,1,1.0,0.5647761242308736,0.03125,0.9991960000000002,-0.4345188757691262
thompson,5,49,2,0.96875,0.22874686691070878,0.46875,0.25055474999999994,-0.021744883089291123
thompson,6,0,1,1.0,0.5901402717973119,0.0625,0.9992769999999999,-0.4092237282026884
thompson,6,0,2,0.96875,0.25047530704207055,0.53125,0.25044875,0.0003013070420706532
thompson,6,1,1,1.0,0.5901402713889934,0.0625,0.9992769999999999,-0.40922372861100687
thompson,6,1,2,0.96875,0.2504723075038697,0.53125,0.25044875,0.0002983075038697769
thompson,6,2,1,1.0,0.5901402709806232,0.0625,0.9992769999999999,-0.4092237290193771
thompson,6,2,2,0.96875,0.2504693079657115,0.53125,0.25044875,0.0002953079657115887
thompson,6,3,1,1.0,0.590140270572197,0.0625,0.9992769999999999,-0.4092237294278033
thompson,6,3,2,0.96875,0.25046630842753614,0.53125,0.25044875,0.00029230842753624753
thompson,6,4,1,1.0,0.5901402701638441,0.0625,0.9992769999999999,-0.4092237298361562
thompson,6,4,2,0.96875,0.25046330888936635,0.53125,0.25044875,0.0002893088893664575
thompson,6,5,1,1.0,0.5901402697554239,0.0625,0.9992769999999999,-0.40922373024457637
thompson,6,5,2,0.96875,0.2504603093511953,0.53125,0.25044875,0.0002863093511953907
thompson,6,6,1,1.0,0.5901402693470537,0.0625,0.9992769999999999,-0.4092237306529466
thompson,6,6,2,0.96875,0.25045730981300784,0.53125,0.25044875,0.0002833098130079481
thompson,6,7,1,1.0,0.5901402689387385,0.0625,0.9992769999999999,-0.40922373106126175
thompson,6,7,2,0.96875,0.2504543102748394,0.53125,0.25044875,0.00028031027483949034
thompson,6,8,1,1.0,0.5901402685302777,0.0625,0.9992769999999999,-0.4092237314697226
thompson,6,8,2,0.96875,0.25045131073666255,0.53125,0.25044875,0.0002773107366626504
thompson,6,9,1,1.0,0.5901402681218244,0.0625,0.9992769999999999,-0.40922373187817584
thompson,6,9,2,0.96875,0.25044831119849154,0.53125,0.25044875,0.0002743111984916391
thompson,6,10,1,1.0,0.590140267713481,0.0625,0.9992769999999999,-0.4092237322865192
thompson,6,10,2,0.96875,0.2504453116603225,0.53125,0.25044875,0.0002713116603226262
thompson,6,11,1,1.0,0.5901402673050424,0.0625,0.9992769999999999,-0.4092237326949578
thompson,6,11,2,0.96875,0.2504423121221439,0.53125,0.25044875,0.0002683121221440099
thompson,6,12,1,1.0,0.5901402668966369,0.0625,0.9992769999999999,-0.40922373310336335
thompson,6,12,2,0.96875,0.250439312583976,0.53125,0.25044875,0.00026531258397610724
thompson,6,13,1,1.0,0.59014026648823,0.0625,0.9992769999999999,-0.4092237335117702
thompson,6,13,2,0.96875,0.25043631304579533,0.53125,0.25044875,0.000262313045795437
thompson,6,14,1,1.0,0.5901402660799198,0.0625,0.9992769999999999,-0.4092237339200805
thompson,6,14,2,0.96875,0.25043331350761594,0.53125,0.25044875,0.00025931350761604355
thompson,6,15,1,1.0,0.5901402656714807,0.0625,0.9992769999999999,-0.40922373432851955
thompson,6,15,2,0.96875,0.2504303139694276,0.53125,0.25044875,0.0002563139694277128
thompson,6,16,1,1.0,0.5901402652630692,0.0625,0.9992769999999999,-0.4092237347369311
thompson,6,16,2,0.96875,0.2504273144312548,0.53125,0.25044875,0.00025331443125492514
thompson,6,17,1,1.0,0.5901402648546763,0.0625,0.9992769999999999,-0.40922373514532395
thompson,6,17,2,0.96875,0.2504243148930913,0.53125,0.25044875,0.00025031489309140786
thompson,6,18,1,1.0,0.5901402644463116,0.0625,0.9992769999999999,-0.40922373555368863
thompson,6,18,2,0.96875,0.2504213153549133,0.53125,0.25044875,0.0002473153549134022
thompson,6,19,1,1.0,0.5901402640379005,0.0625,0.9992769999999999,-0.4092237359620997
thompson,6,19,2,0.96875,0.25041831581674395,0.53125,0.25044875,0.0002443158167440562
thompson,6,20,1,1.0,0.5901402636295119,0.0625,0.9992769999999999,-0.40922373637048837
thompson,6,20,2,0.96875,0.2504153162785793,0.53125,0.25044875,0.00024131627857942872
thompson,6,21,1,1.0,0.5901402632210913,0.0625,0.9992769999999999,-0.409223736778909
thompson,6,21,2,0.96875,0.25041231674039754,0.53125,0.25044875,0.00023831674039764827
thompson,6,22,1,1.0,0.5119685794243218,0.0,0.9991150000000003,-0.48723942057567815
thompson,6,22,2,0.96875,0.24889334912469097,0.5,0.25061200000000006,-0.0017066508753088572
thompson,6,23,1,1.0,0.5119685794243218,0.0,0.9991150000000003,-0.48723942057567815
thompson,6,23,2,0.96875,0.24889113170804922,0.5,0.25061200000000006,-0.0017088682919506049
thompson,6,24,1,1.0,0.5119685794243218,0.0,0.9991150000000003,-0.48723942057567815
thompson,6,24,2,0.96875,0.2488889142913988,0.5,0.25061200000000006,-0.0017110857086010123
thompson,6,25,1,1.0,0.5119685794243218,0.0,0.9991150000000003,-0.48723942057567815
thompson,6,25,2,0.96875,0.24888669687475684,0.5,0.25061200000000006,-0.001713303125242982
thompson,6,26,1,1.0,0.5119685794243218,0.0,0.9991150000000003,-0.48723942057567815
thompson,6,26,2,0.96875,0.24888447945811698,0.5,0.25061200000000006,-0.0017155205418828423
thompson,6,27,1,1.0,0.5119685794243218,0.0,0.9991150000000003,-0.48723942057567815
thompson,6,27,2,0.96875,0.2488822620414728,0.5,0.25061200000000006,-0.0017177379585270325
thompson,6,28,1,1.0,0.5119685794243218,0.0,0.9991150000000003,-0.48723942057567815
thompson,6,28,2,0.96875,0.24888004462482738,0.5,0.25061200000000006,-0.001719955375172444
thompson,6,29,1,1.0,0.5119685794243218,0.0,0.9991150000000003,-0.48723942057567815
thompson,6,29,2,0.96875,0.24887782720819485,0.5,0.25061200000000006,-0.0017221727918049767
thompson,6,30,1,1.0,0.5119685794243218,0.0,0.9991150000000003,-0.48723942057567815
thompson,6,30,2,0.96875,0.24887560979155354,0.5,0.25061200000000006,-0.0017243902084462803
thompson,6,31,1,1.0,0.5119685794243218,0.0,0.9991150000000003,-0.48723942057567815
thompson,6,31,2,0.96875,0.24887339237490325,0.5,0.25061200000000006,-0.0017266076250965767
thompson,6,32,1,1.0,0.5119685794243218,0.0,0.9991150000000003,-0.48723942057567815
thompson,6,32,2,0.96875,0.24887117495825373,0.5,0.25061200000000006,-0.001728825041746096
thompson,6,33,1,1.0,0.5647761303584177,0.03125,0.9991960000000002,-0.43451886964158215
thompson,6,33,2,0.96875,0.2287989190044406,0.46875,0.25055474999999994,-0.021692830995559298
thompson,6,34,1,1.0,0.5647761299499076,0.03125,0.9991960000000002,-0.43451887005009227
thompson,6,34,2,0.96875,0.22879566574859111,0.46875,0.25055474999999994,-0.021696084251408787
thompson,6,35,1,1.0,0.5647761295414496,0.03125,0.9991960000000002,-0.4345188704585502
thompson,6,35,2,0.96875,0.2287924124927213,0.46875,0.25055474999999994,-0.021699337507278593
thompson,6,36,1,1.0,0.5647761291329044,0.03125,0.9991960000000002,-0.4345188708670954
thompson,6,36,2,0.96875,0.22878915923687626,0.46875,0.25055474999999994,-0.02170259076312364
thompson,6,37,1,1.0,0.564776128724452,0.03125,0.9991960000000002,-0.4345188712755478
thompson,6,37,2,0.96875,0.22878590598101267,0.46875,0.25055474999999994,-0.02170584401898723
thompson,6,38,1,1.0,0.5647761283159171,0.03125,0.9991960000000002,-0.43451887168408276
thompson,6,38,2,0.96875,0.22878265272516785,0.46875,0.25055474999999994,-0.021709097274832057
thompson,6,39,1,1.0,0.5647761279074012,0.03125,0.9991960000000002,-0.43451887209259865
thompson,6,39,2,0.96875,0.22877939946929515,0.46875,0.25055474999999994,-0.02171235053070475
thompson,6,40,1,1.0,0.5647761274989439,0.03125,0.9991960000000002,-0.4345188725010559
thompson,6,40,2,0.96875,0.2287761462134259,0.46875,0.25055474999999994,-0.021715603786574
thompson,6,41,1,1.0,0.5647761270903714,0.03125,0.9991960000000002,-0.43451887290962843
thompson,6,41,2,0.96875,0.2287728929575521,0.46875,0.25055474999999994,-0.021718857042447803
thompson,6,42,1,1.0,0.5647761266819681,0.03125,0.9991960000000002,-0.43451887331803174
thompson,6,42,2,0.96875,0.22876963970171071,0.46875,0.25055474999999994,-0.021722110298289188
thompson,6,43,1,1.0,0.5647761262734688,0.03125,0.9991960000000002,-0.434518873726531
thompson,6,43,2,0.96875,0.22876638644584701,0.46875,0.25055474999999994,-0.021725363554152888
thompson,6,44,1,1.0,0.5647761258649887,0.03125,0.9991960000000002,-0.4345188741350111
thompson,6,44,2,0.96875,0.22876313318999997,0.46875,0.25055474999999994,-0.021728616809999934
thompson,6,45,1,1.0,0.5647761254563947,0.03125,0.9991960000000002,-0.43451887454360516
thompson,6,45,2,0.96875,0.2287598799341366,0.46875,0.25055474999999994,-0.0217318700658633
thompson,6,46,1,1.0,0.5647761250479132,0.03125,0.9991960000000002,-0.43451887495208663
thompson,6,46,2,0.96875,0.2287566266782699,0.46875,0.25055474999999994,-0.02173512332173
thompson,6,47,1,1.0,0.5647761246395208,0.03125,0.9991960000000002,-0.43451887536047906
thompson,6,47,2,0.96875,0.22875337342241864,0.46875,0.25055474999999994,-0.021738376577581264
thompson,6,48,1,1.0,0.5647761242310089,0.03125,0.9991960000000002,-0.43451887576899095
thompson,6,48,2,0.96875,0.22875012016657525,0.46875,0.25055474999999994,-0.021741629833424647
thompson,6,49,1,1.0,0.5647761238224999,0.03125,0.9991960000000002,-0.43451887617749996
thompson,6,49,2,0.96875,0.22874686691070878,0.46875,0.25055474999999994,-0.021744883089291123
thompson,7,0,1,1.0,0.5901402713888975,0.0625,0.9992769999999999,-0.4092237286111028
thompson,7,0,2,0.96875,0.25047247404670653,0.53125,0.25044875,0.0002984740467066316
thompson,7,1,1,1.0,0.590140270980579,0.0625,0.9992769999999999,-0.4092237290194213
thompson,7,1,2,0.96875,0.25046947450850565,0.53125,0.25044875,0.0002954745085057553
thompson,7,2,1,1.0,0.5901402705722087,0.0625,0.9992769999999999,-0.4092237294277915
thompson,7,2,2,0.96875,0.25046647497034746,0.53125,0.25044875,0.0002924749703475671
thompson,7,3,1,1.0,0.5901402701637826,0.0625,0.9992769999999999,-0.4092237298362177
thompson,7,3,2,0.96875,0.2504634754321721,0.53125,0.25044875,0.00028947543217222593
thompson,7,4,1,1.0,0.5901402697554297,0.0625,0.9992769999999999,-0.4092237302445706
thompson,7,4,2,0.96875,0.25046047589400233,0.53125,0.25044875,0.0002864758940024359
thompson,7,5,1,1.0,0.5901402693470095,0.0625,0.9992769999999999,-0.4092237306529908
thompson,7,5,2,0.96875,0.25045747635583127,0.53125,0.25044875,0.0002834763558313691
thompson,7,6,1,1.0,0.5901402689386392,0.0625,0.9992769999999999,-0.409223731061361
thompson,7,6,2,0.96875,0.2504544768176438,0.53125,0.25044875,0.0002804768176439265
thompson,7,7,1,1.0,0.5901402685303241,0.0625,0.9992769999999999,-0.40922373146967617
thompson,7,7,2,0.96875,0.25045147727947537,0.53125,0.25044875,0.00027747727947546874
thompson,7,8,1,1.0,0.5901402681218633,0.0625,0.9992769999999999,-0.409223731878137
thompson,7,8,2,0.96875,0.2504484777412985,0.53125,0.25044875,0.0002744777412986288
thompson,7,9,1,1.0,0.59014026771341,0.0625,0.9992769999999999,-0.40922373228659026
thompson,7,9,2,0.96875,0.2504454782031275,0.53125,0.25044875,0.0002714782031276175
thompson,7,10,1,1.0,0.5901402673050666,0.0625,0.9992769999999999,-0.4092237326949336
thompson,7,10,2,0.96875,0.2504424786649585,0.53125,0.25044875,0.0002684786649586046
thompson,7,11,1,1.0,0.590140266896628,0.0625,0.9992769999999999,-0.40922373310337223
thompson,7,11,2,0.96875,0.2504394791267799,0.53125,0.25044875,0.0002654791267799883
thompson,7,12,1,1.0,0.5901402664882225,0.0625,0.9992769999999999,-0.40922373351177777
thompson,7,12,2,0.96875,0.250436479588612,0.53125,0.25044875,0.00026247958861208565
thompson,7,13,1,1.0,0.5901402660798156,0.0625,0.9992769999999999,-0.40922373392018463
thompson,7,13,2,0.96875,0.2504334800504313,0.53125,0.25044875,0.0002594800504314154
thompson,7,14,1,1.0,0.5901402656715053,0.0625,0.9992769999999999,-0.4092237343284949
thompson,7,14,2,0.96875,0.2504304805122519,0.53125,0.25044875,0.00025648051225202195
thompson,7,15,1,1.0,0.5901402652630663,0.0625,0.9992769999999999,-0.40922373473693396
thompson,7,15,2,0.96875,0.2504274809740636,0.53125,0.25044875,0.0002534809740636912
thompson,7,16,1,1.0,0.5901402648546548,0.0625,0.9992769999999999,-0.4092237351453455
thompson,7,16,2,0.96875,0.2504244814358908,0.53125,0.25044875,0.00025048143589090355
thompson,7,17,1,1.0,0.5901402644462619,0.0625,0.9992769999999999,-0.40922373555373837
thompson,7,17,2,0.96875,0.2504214818977273,0.53125,0.25044875,0.00024748189772738627
thompson,7,18,1,1.0,0.5901402640378972,0.0625,0.9992769999999999,-0.40922373596210304
thompson,7,18,2,0.96875,0.2504184823595493,0.53125,0.25044875,0.0002444823595493806
thompson,7,19,1,1.0,0.5901402636294861,0.0625,0.9992769999999999,-0.4092237363705141
thompson,7,19,2,0.96875,0.25041548282137993,0.53125,0.25044875,0.00024148282138003463
thompson,7,20,1,1.0,0.5901402632210975,0.0625,0.9992769999999999,-0.4092237367789028
thompson,7,20,2,0.96875,0.2504124832832153,0.53125,0.25044875,0.00023848328321540713
thompson,7,21,1,1.0,0.5901402628126768,0.0625,0.9992769999999999,-0.4092237371873234
thompson,7,21,2,0.96875,0.2504094837450335,0.53125,0.25044875,0.00023548374503362668
thompson,7,22,1,1.0,0.511968578607181,0.0,0.9991150000000003,-0.48723942139281895
thompson,7,22,2,0.96875,0.2488921049257845,0.5,0.25061200000000006,-0.0017078950742153154
thompson,7,23,1,1.0,0.511968578607181,0.0,0.9991150000000003,-0.48723942139281895
thompson,7,23,2,0.96875,0.24888988750914276,0.5,0.25061200000000006,-0.001710112490857063
thompson,7,24,1,1.0,0.511968578607181,0.0,0.9991150000000003,-0.48723942139281895
thompson,7,24,2,0.96875,0.24888767009249235,0.5,0.25061200000000006,-0.0017123299075074705
thompson,7,25,1,1.0,0.511968578607181,0.0,0.9991150000000003,-0.48723942139281895
thompson,7,25,2,0.96875,0.24888545267585038,0.5,0.25061200000000006,-0.0017145473241494402
thompson,7,26,1,1.0,0.511968578607181,0.0,0.9991150000000003,-0.48723942139281895
thompson,7,26,2,0.96875,0.24888323525921052,0.5,0.25061200000000006,-0.0017167647407893005
thompson,7,27,1,1.0,0.511968578607181,0.0,0.9991150000000003,-0.48723942139281895
thompson,7,27,2,0.96875,0.24888101784256633,0.5,0.25061200000000006,-0.0017189821574334907
thompson,7,28,1,1.0,0.511968578607181,0.0,0.9991150000000003,-0.48723942139281895
thompson,7,28,2,0.96875,0.24887880042592092,0.5,0.25061200000000006,-0.0017211995740789021
thompson,7,29,1,1.0,0.511968578607181,0.0,0.9991150000000003,-0.48723942139281895
thompson,7,29,2,0.96875,0.2488765830092884,0.5,0.25061200000000006,-0.001723416990711435
thompson,7,30,1,1.0,0.511968578607181,0.0,0.9991150000000003,-0.48723942139281895
thompson,7,30,2,0.96875,0.24887436559264708,0.5,0.25061200000000006,-0.0017256344073527385
thompson,7,31,1,1.0,0.511968578607181,0.0,0.9991150000000003,-0.48723942139281895
thompson,7,31,2,0.96875,0.2488721481759968,0.5,0.25061200000000006,-0.001727851824003035
thompson,7,32,1,1.0,0.511968578607181,0.0,0.9991150000000003,-0.48723942139281895
thompson,7,32,2,0.96875,0.24886993075934727,0.5,0.25061200000000006,-0.0017300692406525542
thompson,7,33,1,1.0,0.5647761299499522,0.03125,0.9991960000000002,-0.43451887005004763
thompson,7,33,2,0.96875,0.2287989190044406,0.46875,0.25055474999999994,-0.021692830995559298
thompson,7,34,1,1.0,0.5647761295414421,0.03125,0.9991960000000002,-0.43451887045855775
thompson,7,34,2,0.96875,0.22879566574859111,0.46875,0.25055474999999994,-0.021696084251408787
thompson,7,35,1,1.0,0.5647761291329841,0.03125,0.9991960000000002,-0.4345188708670157
thompson,7,35,2,0.96875,0.2287924124927213,0.46875,0.25055474999999994,-0.021699337507278593
thompson,7,36,1,1.0,0.5647761287244389,0.03125,0.9991960000000002,-0.4345188712755609
thompson,7,36,2,0.96875,0.22878915923687626,0.46875,0.25055474999999994,-0.02170259076312364
thompson,7,37,1,1.0,0.5647761283159866,0.03125,0.9991960000000002,-0.43451887168401326
thompson,7,37,2,0.96875,0.22878590598101267,0.46875,0.25055474999999994,-0.02170584401898723
thompson,7,38,1,1.0,0.5647761279074516,0.03125,0.9991960000000002,-0.43451887209254825
thompson,7,38,2,0.96875,0.22878265272516785,0.46875,0.25055474999999994,-0.021709097274832057
thompson,7,39,1,1.0,0.5647761274989357,0.03125,0.9991960000000002,-0.43451887250106414
thompson,7,39,2,0.96875,0.22877939946929515,0.46875,0.25055474999999994,-0.02171235053070475
thompson,7,40,1,1.0,0.5647761270904784,0.03125,0.9991960000000002,-0.4345188729095214
thompson,7,40,2,0.96875,0.2287761462134259,0.46875,0.25055474999999994,-0.021715603786574
thompson,7,41,1,1.0,0.5647761266819059,0.03125,0.9991960000000002,-0.4345188733180939
thompson,7,41,2,0.96875,0.2287728929575521,0.46875,0.25055474999999994,-0.021718857042447803
thompson,7,42,1,1.0,0.5647761262735026,0.03125,0.9991960000000002,-0.4345188737264972
thompson,7,42,2,0.96875,0.22876963970171071,0.46875,0.25055474999999994,-0.021722110298289188
thompson,7,43,1,1.0,0.5647761258650034,0.03125,0.9991960000000002,-0.43451887413499646
thompson,7,43,2,0.96875,0.22876638644584701,0.46875,0.25055474999999994,-0.021725363554152888
thompson,7,44,1,1.0,0.5647761254565232,0.03125,0.9991960000000002,-0.4345188745434766
thompson,7,44,2,0.96875,0.22876313318999997,0.46875,0.25055474999999994,-0.021728616809999934
thompson,7,45,1,1.0,0.5647761250479292,0.03125,0.9991960000000002,-0.43451887495207064
thompson,7,45,2,0.96875,0.2287598799341366,0.46875,0.25055474999999994,-0.0217318700658633
thompson,7,46,1,1.0,0.5647761246394477,0.03125,0.9991960000000002,-0.4345188753605521
thompson,7,46,2,0.96875,0.2287566266782699,0.46875,0.25055474999999994,-0.02173512332173
thompson,7,47,1,1.0,0.5647761242310553,0.03125,0.9991960000000002,-0.43451887576894455
thompson,7,47,2,0.96875,0.22875337342241864,0.46875,0.25055474999999994,-0.021738376577581264
thompson,7,48,1,1.0,0.5647761238225434,0.03125,0.9991960000000002,-0.43451887617745644
thompson,7,48,2,0.96875,0.22875012016657525,0.46875,0.25055474999999994,-0.021741629833424647
thompson,7,49,1,1.0,0.5647761234140344,0.03125,0.9991960000000002,-0.43451887658596544
thompson,7,49,2,0.96875,0.22874686691070878,0.46875,0.25055474999999994,-0.021744883089291123
thompson,8,0,1,1.0,0.5901402709804919,0.0625,0.9992769999999999,-0.4092237290195083
thompson,8,0,2,0.96875,0.250469641051353,0.53125,0.25044875,0.0002956410513531016
thompson,8,1,1,1.0,0.5901402705721734,0.0625,0.9992769999999999,-0.4092237294278268
thompson,8,1,2,0.96875,0.2504666415131521,0.53125,0.25044875,0.0002926415131522253
thompson,8,2,1,1.0,0.5901402701638032,0.0625,0.9992769999999999,-0.40922372983619704
thompson,8,2,2,0.96875,0.25046364197499393,0.53125,0.25044875,0.0002896419749940371
thompson,8,3,1,1.0,0.590140269755377,0.0625,0.9992769999999999,-0.4092237302446232
thompson,8,3,2,0.96875,0.2504606424368186,0.53125,0.25044875,0.00028664243681869594
thompson,8,4,1,1.0,0.5901402693470241,0.0625,0.9992769999999999,-0.4092237306529761
thompson,8,4,2,0.96875,0.2504576428986488,0.53125,0.25044875,0.0002836428986489059
thompson,8,5,1,1.0,0.5901402689386039,0.0625,0.9992769999999999,-0.4092237310613963
thompson,8,5,2,0.96875,0.25045464336047774,0.53125,0.25044875,0.0002806433604778391
thompson,8,6,1,1.0,0.5901402685302337,0.0625,0.9992769999999999,-0.40922373146976654
thompson,8,6,2,0.96875,0.2504516438222903,0.53125,0.25044875,0.0002776438222903965
thompson,8,7,1,1.0,0.5901402681219186,0.0625,0.9992769999999999,-0.4092237318780817
thompson,8,7,2,0.96875,0.25044864428412184,0.53125,0.25044875,0.00027464428412193875
thompson,8,8,1,1.0,0.5901402677134577,0.0625,0.9992769999999999,-0.4092237322865425
thompson,8,8,2,0.96875,0.250445644745945,0.53125,0.25044875,0.0002716447459450988
thompson,8,9,1,1.0,0.5901402673050045,0.0625,0.9992769999999999,-0.4092237326949958
thompson,8,9,2,0.96875,0.250442645207774,0.53125,0.25044875,0.0002686452077740875
thompson,8,10,1,1.0,0.5901402668966611,0.0625,0.9992769999999999,-0.40922373310333915
thompson,8,10,2,0.96875,0.25043964566960497,0.53125,0.25044875,0.00026564566960507463
thompson,8,11,1,1.0,0.5901402664882225,0.0625,0.9992769999999999,-0.40922373351177777
thompson,8,11,2,0.96875,0.25043664613142635,0.53125,0.25044875,0.0002626461314264583
thompson,8,12,1,1.0,0.590140266079817,0.0625,0.9992769999999999,-0.4092237339201833
thompson,8,12,2,0.96875,0.25043364659325845,0.53125,0.25044875,0.00025964659325855566
thompson,8,13,1,1.0,0.5901402656714101,0.0625,0.9992769999999999,-0.40922373432859016
thompson,8,13,2,0.96875,0.2504306470550778,0.53125,0.25044875,0.00025664705507788543
thompson,8,14,1,1.0,0.5901402652630998,0.0625,0.9992769999999999,-0.40922373473690044
thompson,8,14,2,0.96875,0.2504276475168984,0.53125,0.25044875,0.00025364751689849196
thompson,8,15,1,1.0,0.5901402648546608,0.0625,0.9992769999999999,-0.4092237351453395
thompson,8,15,2,0.96875,0.25042464797871006,0.53125,0.25044875,0.0002506479787101612
thompson,8,16,1,1.0,0.5901402644462492,0.0625,0.9992769999999999,-0.409223735553751
thompson,8,16,2,0.96875,0.25042164844053727,0.53125,0.25044875,0.00024764844053737356
thompson,8,17,1,1.0,0.5901402640378564,0.0625,0.9992769999999999,-0.4092237359621439
thompson,8,17,2,0.96875,0.25041864890237375,0.53125,0.25044875,0.0002446489023738563
thompson,8,18,1,1.0,0.5901402636294917,0.0625,0.9992769999999999,-0.4092237363705086
thompson,8,18,2,0.96875,0.25041564936419575,0.53125,0.25044875,0.0002416493641958506
thompson,8,19,1,1.0,0.5901402632210806,0.0625,0.9992769999999999,-0.40922373677891966
thompson,8,19,2,0.96875,0.2504126498260264,0.53125,0.25044875,0.00023864982602650464
thompson,8,20,1,1.0,0.5901402628126919,0.0625,0.9992769999999999,-0.4092237371873083
thompson,8,20,2,0.96875,0.2504096502878618,0.53125,0.25044875,0.00023565028786187714
thompson,8,21,1,1.0,0.5901402624042713,0.0625,0.9992769999999999,-0.40922373759572894
thompson,8,21,2,0.96875,0.25040665074968,0.53125,0.25044875,0.0002326507496800967
thompson,8,22,1,1.0,0.511968577790183,0.0,0.9991150000000003,-0.487239422209817
thompson,8,22,2,0.96875,0.2488908607268937,0.5,0.25061200000000006,-0.0017091392731061195
thompson,8,23,1,1.0,0.511968577790183,0.0,0.9991150000000003,-0.487239422209817
thompson,8,23,2,0.96875,0.24888864331025196,0.5,0.25061200000000006,-0.0017113566897478671
thompson,8,24,1,1.0,0.511968577790183,0.0,0.9991150000000003,-0.487239422209817
thompson,8,24,2,0.96875,0.24888642589360155,0.5,0.25061200000000006,-0.0017135741063982746
thompson,8,25,1,1.0,0.511968577790183,0.0,0.9991150000000003,-0.487239422209817
thompson,8,25,2,0.96875,0.24888420847695958,0.5,0.25061200000000006,-0.0017157915230402443
thompson,8,26,1,1.0,0.511968577790183,0.0,0.9991150000000003,-0.487239422209817
thompson,8,26,2,0.96875,0.24888199106031972,0.5,0.25061200000000006,-0.0017180089396801046
thompson,8,27,1,1.0,0.511968577790183,0.0,0.9991150000000003,-0.487239422209817
thompson,8,27,2,0.96875,0.24887977364367553,0.5,0.25061200000000006,-0.0017202263563242948
thompson,8,28,1,1.0,0.511968577790183,0.0,0.9991150000000003,-0.487239422209817
thompson,8,28,2,0.96875,0.24887755622703012,0.5,0.25061200000000006,-0.0017224437729697062
thompson,8,29,1,1.0,0.511968577790183,0.0,0.9991150000000003,-0.487239422209817
thompson,8,29,2,0.96875,0.24887533881039758,0.5,0.25061200000000006,-0.001724661189602239
thompson,8,30,1,1.0,0.511968577790183,0.0,0.9991150000000003,-0.487239422209817
thompson,8,30,2,0.96875,0.24887312139375628,0.5,0.25061200000000006,-0.0017268786062435426
thompson,8,31,1,1.0,0.511968577790183,0.0,0.9991150000000003,-0.487239422209817
thompson,8,31,2,0.96875,0.24887090397710598,0.5,0.25061200000000006,-0.001729096022893839
thompson,8,32,1,1.0,0.511968577790183,0.0,0.9991150000000003,-0.487239422209817
thompson,8,32,2,0.96875,0.24886868656045646,0.5,0.25061200000000006,-0.0017313134395433583
thompson,8,33,1,1.0,0.5647761295415988,0.03125,0.9991960000000002,-0.434518870458401
thompson,8,33,2,0.96875,0.2287989190044406,0.46875,0.25055474999999994,-0.021692830995559298
thompson,8,34,1,1.0,0.5647761291330887,0.03125,0.9991960000000002,-0.4345188708669111
thompson,8,34,2,0.96875,0.22879566574859111,0.46875,0.25055474999999994,-0.021696084251408787
thompson,8,35,1,1.0,0.5647761287246308,0.03125,0.9991960000000002,-0.43451887127536903
thompson,8,35,2,0.96875,0.2287924124927213,0.46875,0.25055474999999994,-0.021699337507278593
thompson,8,36,1,1.0,0.5647761283160856,0.03125,0.9991960000000002,-0.43451887168391423
thompson,8,36,2,0.96875,0.22878915923687626,0.46875,0.25055474999999994,-0.02170259076312364
thompson,8,37,1,1.0,0.5647761279076332,0.03125,0.9991960000000002,-0.4345188720923666
thompson,8,37,2,0.96875,0.22878590598101267,0.46875,0.25055474999999994,-0.02170584401898723
thompson,8,38,1,1.0,0.5647761274990982,0.03125,0.9991960000000002,-0.4345188725009016
thompson,8,38,2,0.96875,0.22878265272516785,0.46875,0.25055474999999994,-0.021709097274832057
thompson,8,39,1,1.0,0.5647761270905823,0.03125,0.9991960000000002,-0.4345188729094175
thompson,8,39,2,0.96875,0.22877939946929515,0.46875,0.25055474999999994,-0.02171235053070475
thompson,8,40,1,1.0,0.5647761266821251,0.03125,0.9991960000000002,-0.43451887331787475
thompson,8,40,2,0.96875,0.2287761462134259,0.46875,0.25055474999999994,-0.021715603786574
thompson,8,41,1,1.0,0.5647761262735526,0.03125,0.9991960000000002,-0.43451887372644726
thompson,8,41,2,0.96875,0.2287728929575521,0.46875,0.25055474999999994,-0.021718857042447803
thompson,8,42,1,1.0,0.5647761258651492,0.03125,0.9991960000000002,-0.4345188741348506
thompson,8,42,2,0.96875,0.22876963970171071,0.46875,0.25055474999999994,-0.021722110298289188
thompson,8,43,1,1.0,0.56477612545665,0.03125,0.9991960000000002,-0.4345188745433498
thompson,8,43,2,0.96875,0.22876638644584701,0.46875,0.25055474999999994,-0.021725363554152888
thompson,8,44,1,1.0,0.5647761250481699,0.03125,0.9991960000000002,-0.43451887495182995
thompson,8,44,2,0.96875,0.22876313318999997,0.46875,0.25055474999999994,-0.021728616809999934
thompson,8,45,1,1.0,0.5647761246395758,0.03125,0.9991960000000002,-0.434518875360424
thompson,8,45,2,0.96875,0.2287598799341366,0.46875,0.25055474999999994,-0.0217318700658633
thompson,8,46,1,1.0,0.5647761242310944,0.03125,0.9991960000000002,-0.43451887576890547
thompson,8,46,2,0.96875,0.2287566266782699,0.46875,0.25055474999999994,-0.02173512332173
thompson,8,47,1,1.0,0.5647761238227019,0.03125,0.9991960000000002,-0.4345188761772979
thompson,8,47,2,0.96875,0.22875337342241864,0.46875,0.25055474999999994,-0.021738376577581264
thompson,8,48,1,1.0,0.56477612341419,0.03125,0.9991960000000002,-0.4345188765858098
thompson,8,48,2,0.96875,0.22875012016657525,0.46875,0.25055474999999994,-0.021741629833424647
thompson,8,49,1,1.0,0.564776123005681,0.03125,0.9991960000000002,-0.4345188769943188
thompson,8,49,2,0.96875,0.22874686691070878,0.46875,0.25055474999999994,-0.021744883089291123
thompson,9,0,1,1.0,0.5901402705720817,0.0625,0.9992769999999999,-0.4092237294279185
thompson,9,0,2,0.96875,0.250466808055977,0.53125,0.25044875,0.0002928080559770896
thompson,9,1,1,1.0,0.5901402701637632,0.0625,0.9992769999999999,-0.409223729836237
thompson,9,1,2,0.96875,0.2504638085177761,0.53125,0.25044875,0.0002898085177762133
thompson,9,2,1,1.0,0.590140269755393,0.0625,0.9992769999999999,-0.40922373024460723
thompson,9,2,2,0.96875,0.2504608089796179,0.53125,0.25044875,0.0002868089796180251
thompson,9,3,1,1.0,0.5901402693469668,0.0625,0.9992769999999999,-0.4092237306530334
thompson,9,3,2,0.96875,0.2504578094414426,0.53125,0.25044875,0.00028380944144268394
thompson,9,4,1,1.0,0.5901402689386139,0.0625,0.9992769999999999,-0.4092237310613863
thompson,9,4,2,0.96875,0.2504548099032728,0.53125,0.25044875,0.0002808099032728939
thompson,9,5,1,1.0,0.5901402685301937,0.0625,0.9992769999999999,-0.4092237314698065
thompson,9,5,2,0.96875,0.2504518103651017,0.53125,0.25044875,0.0002778103651018271
thompson,9,6,1,1.0,0.5901402681218235,0.0625,0.9992769999999999,-0.40922373187817673
thompson,9,6,2,0.96875,0.2504488108269143,0.53125,0.25044875,0.0002748108269143845
thompson,9,7,1,1.0,0.5901402677135084,0.0625,0.9992769999999999,-0.4092237322864919
thompson,9,7,2,0.96875,0.2504458112887458,0.53125,0.25044875,0.00027181128874592675
thompson,9,8,1,1.0,0.5901402673050475,0.0625,0.9992769999999999,-0.4092237326949527
thompson,9,8,2,0.96875,0.250442811750569,0.53125,0.25044875,0.0002688117505690868
thompson,9,9,1,1.0,0.5901402668965943,0.0625,0.9992769999999999,-0.409223733103406
thompson,9,9,2,0.96875,0.25043981221239797,0.53125,0.25044875,0.0002658122123980755
thompson,9,10,1,1.0,0.5901402664882509,0.0625,0.9992769999999999,-0.40922373351174934
thompson,9,10,2,0.96875,0.25043681267422896,0.53125,0.25044875,0.0002628126742290626
thompson,9,11,1,1.0,0.5901402660798123,0.0625,0.9992769999999999,-0.40922373392018796
thompson,9,11,2,0.96875,0.25043381313605034,0.53125,0.25044875,0.0002598131360504463
thompson,9,12,1,1.0,0.5901402656714068,0.0625,0.9992769999999999,-0.4092237343285935
thompson,9,12,2,0.96875,0.25043081359788244,0.53125,0.25044875,0.00025681359788254365
thompson,9,13,1,1.0,0.5901402652629999,0.0625,0.9992769999999999,-0.40922373473700036
thompson,9,13,2,0.96875,0.25042781405970177,0.53125,0.25044875,0.00025381405970187343
thompson,9,14,1,1.0,0.5901402648546896,0.0625,0.9992769999999999,-0.40922373514531063
thompson,9,14,2,0.96875,0.2504248145215224,0.53125,0.25044875,0.00025081452152247996
thompson,9,15,1,1.0,0.5901402644462506,0.0625,0.9992769999999999,-0.4092237355537497
thompson,9,15,2,0.96875,0.25042181498333405,0.53125,0.25044875,0.0002478149833341492
thompson,9,16,1,1.0,0.590140264037839,0.0625,0.9992769999999999,-0.4092237359621612
thompson,9,16,2,0.96875,0.25041881544516126,0.53125,0.25044875,0.00024481544516136156
thompson,9,17,1,1.0,0.5901402636294462,0.0625,0.9992769999999999,-0.4092237363705541
thompson,9,17,2,0.96875,0.25041581590699774,0.53125,0.25044875,0.00024181590699784428
thompson,9,18,1,1.0,0.5901402632210815,0.0625,0.9992769999999999,-0.40922373677891877
thompson,9,18,2,0.96875,0.25041281636881974,0.53125,0.25044875,0.0002388163688198386
thompson,9,19,1,1.0,0.5901402628126704,0.0625,0.9992769999999999,-0.40922373718732985
thompson,9,19,2,0.96875,0.2504098168306504,0.53125,0.25044875,0.00023581683065049264
thompson,9,20,1,1.0,0.5901402624042817,0.0625,0.9992769999999999,-0.4092237375957185
thompson,9,20,2,0.96875,0.25040681729248576,0.53125,0.25044875,0.00023281729248586513
thompson,9,21,1,1.0,0.5901402619958611,0.0625,0.9992769999999999,-0.40922373800413914
thompson,9,21,2,0.96875,0.250403817754304,0.53125,0.25044875,0.0002298177543040847
thompson,9,22,1,1.0,0.5119685769730815,0.0,0.9991150000000003,-0.4872394230269185
thompson,9,22,2,0.96875,0.24888961652799335,0.5,0.25061200000000006,-0.0017103834720064715
thompson,9,23,1,1.0,0.5119685769730815,0.0,0.9991150000000003,-0.4872394230269185
thompson,9,23,2,0.96875,0.2488873991113516,0.5,0.25061200000000006,-0.0017126008886482191
thompson,9,24,1,1.0,0.5119685769730815,0.0,0.9991150000000003,-0.4872394230269185
thompson,9,24,2,0.96875,0.2488851816947012,0.5,0.25061200000000006,-0.0017148183052986266
thompson,9,25,1,1.0,0.5119685769730815,0.0,0.9991150000000003,-0.4872394230269185
thompson,9,25,2,0.96875,0.24888296427805923,0.5,0.25061200000000006,-0.0017170357219405963
thompson,9,26,1,1.0,0.5119685769730815,0.0,0.9991150000000003,-0.4872394230269185
thompson,9,26,2,0.96875,0.24888074686141937,0.5,0.25061200000000006,-0.0017192531385804566
thompson,9,27,1,1.0,0.5119685769730815,0.0,0.9991150000000003,-0.4872394230269185
thompson,9,27,2,0.96875,0.24887852944477518,0.5,0.25061200000000006,-0.0017214705552246468
thompson,9,28,1,1.0,0.5119685769730815,0.0,0.9991150000000003,-0.4872394230269185
thompson,9,28,2,0.96875,0.24887631202812976,0.5,0.25061200000000006,-0.0017236879718700582
thompson,9,29,1,1.0,0.5119685769730815,0.0,0.9991150000000003,-0.4872394230269185
thompson,9,29,2,0.96875,0.24887409461149723,0.5,0.25061200000000006,-0.001725905388502591
thompson,9,30,1,1.0,0.5119685769730815,0.0,0.9991150000000003,-0.4872394230269185
thompson,9,30,2,0.96875,0.24887187719485593,0.5,0.25061200000000006,-0.0017281228051438946
thompson,9,31,1,1.0,0.5119685769730815,0.0,0.9991150000000003,-0.4872394230269185
thompson,9,31,2,0.96875,0.24886965977820563,0.5,0.25061200000000006,-0.001730340221794191
thompson,9,32,1,1.0,0.5119685769730815,0.0,0.9991150000000003,-0.4872394230269185
thompson,9,32,2,0.96875,0.2488674423615561,0.5,0.25061200000000006,-0.0017325576384437102
thompson,9,33,1,1.0,0.56477612913315,0.03125,0.9991960000000002,-0.4345188708668498
thompson,9,33,2,0.96875,0.2287989190044406,0.46875,0.25055474999999994,-0.021692830995559298
thompson,9,34,1,1.0,0.5647761287246399,0.03125,0.9991960000000002,-0.43451887127535993
thompson,9,34,2,0.96875,0.22879566574859111,0.46875,0.25055474999999994,-0.021696084251408787
thompson,9,35,1,1.0,0.564776128316182,0.03125,0.9991960000000002,-0.43451887168381786
thompson,9,35,2,0.96875,0.2287924124927213,0.46875,0.25055474999999994,-0.021699337507278593
thompson,9,36,1,1.0,0.5647761279076368,0.03125,0.9991960000000002,-0.43451887209236306
thompson,9,36,2,0.96875,0.22878915923687626,0.46875,0.25055474999999994,-0.02170259076312364
thompson,9,37,1,1.0,0.5647761274991844,0.03125,0.9991960000000002,-0.43451887250081545
thompson,9,37,2,0.96875,0.22878590598101267,0.46875,0.25055474999999994,-0.02170584401898723
thompson,9,38,1,1.0,0.5647761270906494,0.03125,0.9991960000000002,-0.43451887290935043
thompson,9,38,2,0.96875,0.22878265272516785,0.46875,0.25055474999999994,-0.021709097274832057
thompson,9,39,1,1.0,0.5647761266821335,0.03125,0.9991960000000002,-0.4345188733178663
thompson,9,39,2,0.96875,0.22877939946929515,0.46875,0.25055474999999994,-0.02171235053070475
thompson,9,40,1,1.0,0.5647761262736762,0.03125,0.9991960000000002,-0.4345188737263236
thompson,9,40,2,0.96875,0.2287761462134259,0.46875,0.25055474999999994,-0.021715603786574
thompson,9,41,1,1.0,0.5647761258651037,0.03125,0.9991960000000002,-0.4345188741348961
thompson,9,41,2,0.96875,0.2287728929575521,0.46875,0.25055474999999994,-0.021718857042447803
thompson,9,42,1,1.0,0.5647761254567004,0.03125,0.9991960000000002,-0.4345188745432994
thompson,9,42,2,0.96875,0.22876963970171071,0.46875,0.25055474999999994,-0.021722110298289188
thompson,9,43,1,1.0,0.5647761250482012,0.03125,0.9991960000000002,-0.43451887495179864
thompson,9,43,2,0.96875,0.22876638644584701,0.46875,0.25055474999999994,-0.021725363554152888
thompson,9,44,1,1.0,0.564776124639721,0.03125,0.9991960000000002,-0.4345188753602788
thompson,9,44,2,0.96875,0.22876313318999997,0.46875,0.25055474999999994,-0.021728616809999934
thompson,9,45,1,1.0,0.564776124231127,0.03125,0.9991960000000002,-0.4345188757688728
thompson,9,45,2,0.96875,0.2287598799341366,0.46875,0.25055474999999994,-0.0217318700658633
thompson,9,46,1,1.0,0.5647761238226455,0.03125,0.9991960000000002,-0.4345188761773543
thompson,9,46,2,0.96875,0.2287566266782699,0.46875,0.25055474999999994,-0.02173512332173
thompson,9,47,1,1.0,0.5647761234142531,0.03125,0.9991960000000002,-0.4345188765857467
thompson,9,47,2,0.96875,0.22875337342241864,0.46875,0.25055474999999994,-0.021738376577581264
thompson,9,48,1,1.0,0.5647761230057412,0.03125,0.9991960000000002,-0.4345188769942586
thompson,9,48,2,0.96875,0.22875012016657525,0.46875,0.25055474999999994,-0.021741629833424647
thompson,9,49,1,1.0,0.5647761225972322,0.03125,0.9991960000000002,-0.4345188774027676
thompson,9,49,2,0.96875,0.22874686691070878,0.46875,0.25055474999999994,-0.021744883089291123
thompson,10,0,1,1.0,0.5901402701636902,0.0625,0.9992769999999999,-0.40922372983631006
thompson,10,0,2,0.96875,0.25046397506063495,0.53125,0.25044875,0.0002899750606350504
thompson,10,1,1,1.0,0.5901402697553717,0.0625,0.9992769999999999,-0.40922373024462855
thompson,10,1,2,0.96875,0.25046097552243407,0.53125,0.25044875,0.0002869755224341741
thompson,10,2,1,1.0,0.5901402693470015,0.0625,0.9992769999999999,-0.4092237306529988
thompson,10,2,2,0.96875,0.2504579759842759,0.53125,0.25044875,0.0002839759842759859
thompson,10,3,1,1.0,0.5901402689385753,0.0625,0.9992769999999999,-0.40922373106142496
thompson,10,3,2,0.96875,0.25045497644610054,0.53125,0.25044875,0.00028097644610064476
thompson,10,4,1,1.0,0.5901402685302224,0.0625,0.9992769999999999,-0.40922373146977786
thompson,10,4,2,0.96875,0.25045197690793075,0.53125,0.25044875,0.0002779769079308547
thompson,10,5,1,1.0,0.5901402681218022,0.0625,0.9992769999999999,-0.40922373187819805
thompson,10,5,2,0.96875,0.2504489773697597,0.53125,0.25044875,0.0002749773697597879
thompson,10,6,1,1.0,0.590140267713432,0.0625,0.9992769999999999,-0.4092237322865683
thompson,10,6,2,0.96875,0.25044597783157224,0.53125,0.25044875,0.00027197783157234534
thompson,10,7,1,1.0,0.5901402673051168,0.0625,0.9992769999999999,-0.40922373269488344
thompson,10,7,2,0.96875,0.2504429782934038,0.53125,0.25044875,0.00026897829340388757
thompson,10,8,1,1.0,0.590140266896656,0.0625,0.9992769999999999,-0.40922373310334426
thompson,10,8,2,0.96875,0.25043997875522694,0.53125,0.25044875,0.0002659787552270476
thompson,10,9,1,1.0,0.5901402664882027,0.0625,0.9992769999999999,-0.4092237335117975
thompson,10,9,2,0.96875,0.25043697921705593,0.53125,0.25044875,0.00026297921705603633
thompson,10,10,1,1.0,0.5901402660798594,0.0625,0.9992769999999999,-0.4092237339201409
thompson,10,10,2,0.96875,0.2504339796788869,0.53125,0.25044875,0.00025997967888702345
thompson,10,11,1,1.0,0.5901402656714207,0.0625,0.9992769999999999,-0.4092237343285795
thompson,10,11,2,0.96875,0.2504309801407083,0.53125,0.25044875,0.00025698014070840713
thompson,10,12,1,1.0,0.5901402652630152,0.0625,0.9992769999999999,-0.40922373473698503
thompson,10,12,2,0.96875,0.2504279806025404,0.53125,0.25044875,0.0002539806025405045
thompson,10,13,1,1.0,0.5901402648546084,0.0625,0.9992769999999999,-0.4092237351453919
thompson,10,13,2,0.96875,0.25042498106435973,0.53125,0.25044875,0.00025098106435983425
thompson,10,14,1,1.0,0.5901402644462981,0.0625,0.9992769999999999,-0.4092237355537022
thompson,10,14,2,0.96875,0.25042198152618034,0.53125,0.25044875,0.0002479815261804408
thompson,10,15,1,1.0,0.590140264037859,0.0625,0.9992769999999999,-0.40922373596214123
thompson,10,15,2,0.96875,0.250418981987992,0.53125,0.25044875,0.00024498198799211
thompson,10,16,1,1.0,0.5901402636294475,0.0625,0.9992769999999999,-0.40922373637055276
thompson,10,16,2,0.96875,0.2504159824498192,0.53125,0.25044875,0.00024198244981932238
thompson,10,17,1,1.0,0.5901402632210546,0.0625,0.9992769999999999,-0.40922373677894563
thompson,10,17,2,0.96875,0.2504129829116557,0.53125,0.25044875,0.0002389829116558051
thompson,10,18,1,1.0,0.5901402628126899,0.0625,0.9992769999999999,-0.4092237371873103
thompson,10,18,2,0.96875,0.2504099833734777,0.53125,0.25044875,0.0002359833734777994
thompson,10,19,1,1.0,0.5901402624042789,0.0625,0.9992769999999999,-0.4092237375957214
thompson,10,19,2,0.96875,0.25040698383530835,0.53125,0.25044875,0.00023298383530845346
thompson,10,20,1,1.0,0.5901402619958902,0.0625,0.9992769999999999,-0.40922373800411005
thompson,10,20,2,0.96875,0.2504039842971437,0.53125,0.25044875,0.00022998429714382596
thompson,10,21,1,1.0,0.5901402615874696,0.0625,0.9992769999999999,-0.4092237384125307
thompson,10,21,2,0.96875,0.25040098475896194,0.53125,0.25044875,0.0002269847589620455
thompson,10,22,1,1.0,0.5119685761560235,0.0,0.9991150000000003,-0.48723942384397645
thompson,10,22,2,0.96875,0.24888837232910677,0.5,0.25061200000000006,-0.0017116276708930567
thompson,10,23,1,1.0,0.5119685761560235,0.0,0.9991150000000003,-0.48723942384397645
thompson,10,23,2,0.96875,0.24888615491246502,0.5,0.25061200000000006,-0.0017138450875348044
thompson,10,24,1,1.0,0.5119685761560235,0.0,0.9991150000000003,-0.48723942384397645
thompson,10,24,2,0.96875,0.2488839374958146,0.5,0.25061200000000006,-0.0017160625041852118
thompson,10,25,1,1.0,0.5119685761560235,0.0,0.9991150000000003,-0.48723942384397645
thompson,10,25,2,0.96875,0.24888172007917264,0.5,0.25061200000000006,-0.0017182799208271815
thompson,10,26,1,1.0,0.5119685761560235,0.0,0.9991150000000003,-0.48723942384397645
thompson,10,26,2,0.96875,0.24887950266253278,0.5,0.25061200000000006,-0.0017204973374670418
thompson,10,27,1,1.0,0.5119685761560235,0.0,0.9991150000000003,-0.48723942384397645
thompson,10,27,2,0.96875,0.2488772852458886,0.5,0.25061200000000006,-0.001722714754111232
thompson,10,28,1,1.0,0.5119685761560235,0.0,0.9991150000000003,-0.48723942384397645
thompson,10,28,2,0.96875,0.24887506782924318,0.5,0.25061200000000006,-0.0017249321707566434
thompson,10,29,1,1.0,0.5119685761560235,0.0,0.9991150000000003,-0.48723942384397645
thompson,10,29,2,0.96875,0.24887285041261065,0.5,0.25061200000000006,-0.0017271495873891762
thompson,10,30,1,1.0,0.5119685761560235,0.0,0.9991150000000003,-0.48723942384397645
thompson,10,30,2,0.96875,0.24887063299596934,0.5,0.25061200000000006,-0.0017293670040304798
thompson,10,31,1,1.0,0.5119685761560235,0.0,0.9991150000000003,-0.48723942384397645
thompson,10,31,2,0.96875,0.24886841557931905,0.5,0.25061200000000006,-0.0017315844206807762
thompson,10,32,1,1.0,0.5119685761560235,0.0,0.9991150000000003,-0.48723942384397645
thompson,10,32,2,0.96875,0.24886619816266953,0.5,0.25061200000000006,-0.0017338018373302955
thompson,10,33,1,1.0,0.564776128724776,0.03125,0.9991960000000002,-0.4345188712752238
thompson,10,33,2,0.96875,0.2287989190044406,0.46875,0.25055474999999994,-0.021692830995559298
thompson,10,34,1,1.0,0.5647761283162659,0.03125,0.9991960000000002,-0.43451887168373393
thompson,10,34,2,0.96875,0.22879566574859111,0.46875,0.25055474999999994,-0.021696084251408787
thompson,10,35,1,1.0,0.564776127907808,0.03125,0.9991960000000002,-0.43451887209219187
thompson,10,35,2,0.96875,0.2287924124927213,0.46875,0.25055474999999994,-0.021699337507278593
thompson,10,36,1,1.0,0.5647761274992628,0.03125,0.9991960000000002,-0.43451887250073706
thompson,10,36,2,0.96875,0.22878915923687626,0.46875,0.25055474999999994,-0.02170259076312364
thompson,10,37,1,1.0,0.5647761270908104,0.03125,0.9991960000000002,-0.43451887290918945
thompson,10,37,2,0.96875,0.22878590598101267,0.46875,0.25055474999999994,-0.02170584401898723
thompson,10,38,1,1.0,0.5647761266822754,0.03125,0.9991960000000002,-0.43451887331772443
thompson,10,38,2,0.96875,0.22878265272516785,0.46875,0.25055474999999994,-0.021709097274832057
thompson,10,39,1,1.0,0.5647761262737595,0.03125,0.9991960000000002,-0.4345188737262403
thompson,10,39,2,0.96875,0.22877939946929515,0.46875,0.25055474999999994,-0.02171235053070475
thompson,10,40,1,1.0,0.5647761258653022,0.03125,0.9991960000000002,-0.4345188741346976
thompson,10,40,2,0.96875,0.2287761462134259,0.46875,0.25055474999999994,-0.021715603786574
thompson,10,41,1,1.0,0.5647761254567297,0.03125,0.9991960000000002,-0.4345188745432701
thompson,10,41,2,0.96875,0.2287728929575521,0.46875,0.25055474999999994,-0.021718857042447803
thompson,10,42,1,1.0,0.5647761250483264,0.03125,0.9991960000000002,-0.4345188749516734
thompson,10,42,2,0.96875,0.22876963970171071,0.46875,0.25055474999999994,-0.021722110298289188
thompson,10,43,1,1.0,0.5647761246398272,0.03125,0.9991960000000002,-0.43451887536017264
thompson,10,43,2,0.96875,0.22876638644584701,0.46875,0.25055474999999994,-0.021725363554152888
thompson,10,44,1,1.0,0.564776124231347,0.03125,0.9991960000000002,-0.4345188757686528
thompson,10,44,2,0.96875,0.22876313318999997,0.46875,0.25055474999999994,-0.021728616809999934
thompson,10,45,1,1.0,0.564776123822753,0.03125,0.9991960000000002,-0.4345188761772468
thompson,10,45,2,0.96875,0.2287598799341366,0.46875,0.25055474999999994,-0.0217318700658633
thompson,10,46,1,1.0,0.5647761234142715,0.03125,0.9991960000000002,-0.4345188765857283
thompson,10,46,2,0.96875,0.2287566266782699,0.46875,0.25055474999999994,-0.02173512332173
thompson,10,47,1,1.0,0.5647761230058791,0.03125,0.9991960000000002,-0.43451887699412073
thompson,10,47,2,0.96875,0.22875337342241864,0.46875,0.25055474999999994,-0.021738376577581264
thompson,10,48,1,1.0,0.5647761225973672,0.03125,0.9991960000000002,-0.4345188774026326
thompson,10,48,2,0.96875,0.22875012016657525,0.46875,0.25055474999999994,-0.021741629833424647
thompson,10,49,1,1.0,0.5647761221888582,0.03125,0.9991960000000002,-0.4345188778111416
thompson,10,49,2,0.96875,0.22874686691070878,0.46875,0.25055474999999994,-0.021744883089291123
thompson,11,0,1,1.0,0.5901402697552429,0.0625,0.9992769999999999,-0.40922373024475733
thompson,11,0,2,0.96875,0.25046114206526493,0.53125,0.25044875,0.0002871420652650336
thompson,11,1,1,1.0,0.5901402693469244,0.0625,0.9992769999999999,-0.4092237306530758
thompson,11,1,2,0.96875,0.25045814252706405,0.53125,0.25044875,0.0002841425270641573
thompson,11,2,1,1.0,0.5901402689385542,0.0625,0.9992769999999999,-0.40922373106144605
thompson,11,2,2,0.96875,0.25045514298890587,0.53125,0.25044875,0.0002811429889059691
thompson,11,3,1,1.0,0.590140268530128,0.0625,0.9992769999999999,-0.40922373146987223
thompson,11,3,2,0.96875,0.2504521434507305,0.53125,0.25044875,0.00027814345073062796
thompson,11,4,1,1.0,0.5901402681217751,0.0625,0.9992769999999999,-0.40922373187822514
thompson,11,4,2,0.96875,0.25044914391256073,0.53125,0.25044875,0.0002751439125608379
thompson,11,5,1,1.0,0.5901402677133549,0.0625,0.9992769999999999,-0.4092237322866453
thompson,11,5,2,0.96875,0.25044614437438967,0.53125,0.25044875,0.0002721443743897711
thompson,11,6,1,1.0,0.5901402673049847,0.0625,0.9992769999999999,-0.40922373269501555
thompson,11,6,2,0.96875,0.2504431448362022,0.53125,0.25044875,0.00026914483620232854
thompson,11,7,1,1.0,0.5901402668966695,0.0625,0.9992769999999999,-0.4092237331033307
thompson,11,7,2,0.96875,0.25044014529803377,0.53125,0.25044875,0.00026614529803387077
thompson,11,8,1,1.0,0.5901402664882087,0.0625,0.9992769999999999,-0.40922373351179153
thompson,11,8,2,0.96875,0.2504371457598569,0.53125,0.25044875,0.0002631457598570308
thompson,11,9,1,1.0,0.5901402660797554,0.0625,0.9992769999999999,-0.4092237339202448
thompson,11,9,2,0.96875,0.2504341462216859,0.53125,0.25044875,0.00026014622168601953
thompson,11,10,1,1.0,0.5901402656714121,0.0625,0.9992769999999999,-0.40922373432858816
thompson,11,10,2,0.96875,0.2504311466835169,0.53125,0.25044875,0.00025714668351700665
thompson,11,11,1,1.0,0.5901402652629735,0.0625,0.9992769999999999,-0.4092237347370268
thompson,11,11,2,0.96875,0.2504281471453383,0.53125,0.25044875,0.00025414714533839033
thompson,11,12,1,1.0,0.5901402648545679,0.0625,0.9992769999999999,-0.4092237351454323
thompson,11,12,2,0.96875,0.2504251476071704,0.53125,0.25044875,0.0002511476071704877
thompson,11,13,1,1.0,0.5901402644461611,0.0625,0.9992769999999999,-0.4092237355538392
thompson,11,13,2,0.96875,0.2504221480689897,0.53125,0.25044875,0.00024814806898981745
thompson,11,14,1,1.0,0.5901402640378508,0.0625,0.9992769999999999,-0.40922373596214945
thompson,11,14,2,0.96875,0.2504191485308103,0.53125,0.25044875,0.000245148530810424
thompson,11,15,1,1.0,0.5901402636294117,0.0625,0.9992769999999999,-0.4092237363705885
thompson,11,15,2,0.96875,0.250416148992622,0.53125,0.25044875,0.00024214899262209322
thompson,11,16,1,1.0,0.5901402632210002,0.0625,0.9992769999999999,-0.40922373677900004
thompson,11,16,2,0.96875,0.2504131494544492,0.53125,0.25044875,0.00023914945444930558
thompson,11,17,1,1.0,0.5901402628126073,0.0625,0.9992769999999999,-0.4092237371873929
thompson,11,17,2,0.96875,0.2504101499162857,0.53125,0.25044875,0.0002361499162857883
thompson,11,18,1,1.0,0.5901402624042427,0.0625,0.9992769999999999,-0.4092237375957576
thompson,11,18,2,0.96875,0.2504071503781077,0.53125,0.25044875,0.0002331503781077826
thompson,11,19,1,1.0,0.5901402619958316,0.0625,0.9992769999999999,-0.40922373800416867
thompson,11,19,2,0.96875,0.25040415083993833,0.53125,0.25044875,0.00023015083993843666
thompson,11,20,1,1.0,0.5901402615874429,0.0625,0.9992769999999999,-0.4092237384125573
thompson,11,20,2,0.96875,0.2504011513017737,0.53125,0.25044875,0.00022715130177380916
thompson,11,21,1,1.0,0.5901402611790223,0.0625,0.9992769999999999,-0.40922373882097796
thompson,11,21,2,0.96875,0.2503981517635919,0.53125,0.25044875,0.0002241517635920287
thompson,11,22,1,1.0,0.51196857533895,0.0,0.9991150000000003,-0.48723942466104997
thompson,11,22,2,0.96875,0.2488871281302062,0.5,0.25061200000000006,-0.0017128718697936307
thompson,11,23,1,1.0,0.51196857533895,0.0,0.9991150000000003,-0.48723942466104997
thompson,11,23,2,0.96875,0.24888491071356444,0.5,0.25061200000000006,-0.0017150892864353784
thompson,11,24,1,1.0,0.51196857533895,0.0,0.9991150000000003,-0.48723942466104997
thompson,11,24,2,0.96875,0.24888269329691404,0.5,0.25061200000000006,-0.0017173067030857858
thompson,11,25,1,1.0,0.51196857533895,0.0,0.9991150000000003,-0.48723942466104997
thompson,11,25,2,0.96875,0.24888047588027207,0.5,0.25061200000000006,-0.0017195241197277555
thompson,11,26,1,1.0,0.51196857533895,0.0,0.9991150000000003,-0.48723942466104997
thompson,11,26,2,0.96875,0.2488782584636322,0.5,0.25061200000000006,-0.0017217415363676158
thompson,11,27,1,1.0,0.51196857533895,0.0,0.9991150000000003,-0.48723942466104997
thompson,11,27,2,0.96875,0.24887604104698802,0.5,0.25061200000000006,-0.001723958953011806
thompson,11,28,1,1.0,0.51196857533895,0.0,0.9991150000000003,-0.48723942466104997
thompson,11,28,2,0.96875,0.2488738236303426,0.5,0.25061200000000006,-0.0017261763696572174
thompson,11,29,1,1.0,0.51196857533895,0.0,0.9991150000000003,-0.48723942466104997
thompson,11,29,2,0.96875,0.24887160621371007,0.5,0.25061200000000006,-0.0017283937862897503
thompson,11,30,1,1.0,0.51196857533895,0.0,0.9991150000000003,-0.48723942466104997
thompson,11,30,2,0.96875,0.24886938879706877,0.5,0.25061200000000006,-0.0017306112029310539
thompson,11,31,1,1.0,0.51196857533895,0.0,0.9991150000000003,-0.48723942466104997
thompson,11,31,2,0.96875,0.24886717138041847,0.5,0.25061200000000006,-0.0017328286195813503
thompson,11,32,1,1.0,0.51196857533895,0.0,0.9991150000000003,-0.48723942466104997
thompson,11,32,2,0.96875,0.24886495396376895,0.5,0.25061200000000006,-0.0017350460362308695
thompson,11,33,1,1.0,0.5647761283164029,0.03125,0.9991960000000002,-0.43451887168359693
thompson,11,33,2,0.96875,0.2287989190044406,0.46875,0.25055474999999994,-0.021692830995559298
thompson,11,34,1,1.0,0.5647761279078928,0.03125,0.9991960000000002,-0.43451887209210704
thompson,11,34,2,0.96875,0.22879566574859111,0.46875,0.25055474999999994,-0.021696084251408787
thompson,11,35,1,1.0,0.5647761274994348,0.03125,0.9991960000000002,-0.434518872500565
thompson,11,35,2,0.96875,0.2287924124927213,0.46875,0.25055474999999994,-0.021699337507278593
thompson,11,36,1,1.0,0.5647761270908896,0.03125,0.9991960000000002,-0.4345188729091102
thompson,11,36,2,0.96875,0.22878915923687626,0.46875,0.25055474999999994,-0.02170259076312364
thompson,11,37,1,1.0,0.5647761266824373,0.03125,0.9991960000000002,-0.43451887331756256
thompson,11,37,2,0.96875,0.22878590598101267,0.46875,0.25055474999999994,-0.02170584401898723
thompson,11,38,1,1.0,0.5647761262739023,0.03125,0.9991960000000002,-0.43451887372609754
thompson,11,38,2,0.96875,0.22878265272516785,0.46875,0.25055474999999994,-0.021709097274832057
thompson,11,39,1,1.0,0.5647761258653864,0.03125,0.9991960000000002,-0.43451887413461343
thompson,11,39,2,0.96875,0.22877939946929515,0.46875,0.25055474999999994,-0.02171235053070475
thompson,11,40,1,1.0,0.5647761254569291,0.03125,0.9991960000000002,-0.4345188745430707
thompson,11,40,2,0.96875,0.2287761462134259,0.46875,0.25055474999999994,-0.021715603786574
thompson,11,41,1,1.0,0.5647761250483566,0.03125,0.9991960000000002,-0.4345188749516432
thompson,11,41,2,0.96875,0.2287728929575521,0.46875,0.25055474999999994,-0.021718857042447803
thompson,11,42,1,1.0,0.5647761246399533,0.03125,0.9991960000000002,-0.4345188753600465
thompson,11,42,2,0.96875,0.22876963970171071,0.46875,0.25055474999999994,-0.021722110298289188
thompson,11,43,1,1.0,0.5647761242314541,0.03125,0.9991960000000002,-0.43451887576854575
thompson,11,43,2,0.96875,0.22876638644584701,0.46875,0.25055474999999994,-0.021725363554152888
thompson,11,44,1,1.0,0.5647761238229739,0.03125,0.9991960000000002,-0.4345188761770259
thompson,11,44,2,0.96875,0.22876313318999997,0.46875,0.25055474999999994,-0.021728616809999934
thompson,11,45,1,1.0,0.5647761234143799,0.03125,0.9991960000000002,-0.43451887658561994
thompson,11,45,2,0.96875,0.2287598799341366,0.46875,0.25055474999999994,-0.0217318700658633
thompson,11,46,1,1.0,0.5647761230058984,0.03125,0.9991960000000002,-0.4345188769941014
thompson,11,46,2,0.96875,0.2287566266782699,0.46875,0.25055474999999994,-0.02173512332173
thompson,11,47,1,1.0,0.564776122597506,0.03125,0.9991960000000002,-0.43451887740249384
thompson,11,47,2,0.96875,0.22875337342241864,0.46875,0.25055474999999994,-0.021738376577581264
thompson,11,48,1,1.0,0.5647761221889941,0.03125,0.9991960000000002,-0.43451887781100573
thompson,11,48,2,0.96875,0.22875012016657525,0.46875,0.25055474999999994,-0.021741629833424647
thompson,11,49,1,1.0,0.5647761217804851,0.03125,0.9991960000000002,-0.43451887821951474
thompson,11,49,2,0.96875,0.22874686691070878,0.46875,0.25055474999999994,-0.021744883089291123
thompson,12,0,1,1.0,0.5901402693468156,0.0625,0.9992769999999999,-0.4092237306531846
thompson,12,0,2,0.96875,0.2504583090699007,0.53125,0.25044875,0.00028430906990078997
thompson,12,1,1,1.0,0.5901402689384971,0.0625,0.9992769999999999,-0.4092237310615031
thompson,12,1,2,0.96875,0.2504553095316998,0.53125,0.25044875,0.0002813095316999137
thompson,12,2,1,1.0,0.5901402685301269,0.0625,0.9992769999999999,-0.40922373146987334
thompson,12,2,2,0.96875,0.2504523099935416,0.53125,0.25044875,0.0002783099935417255
thompson,12,3,1,1.0,0.5901402681217007,0.0625,0.9992769999999999,-0.4092237318782995
thompson,12,3,2,0.96875,0.2504493104553663,0.53125,0.25044875,0.0002753104553663843
thompson,12,4,1,1.0,0.5901402677133478,0.0625,0.9992769999999999,-0.40922373228665243
thompson,12,4,2,0.96875,0.2504463109171965,0.53125,0.25044875,0.0002723109171965943
thompson,12,5,1,1.0,0.5901402673049276,0.0625,0.9992769999999999,-0.4092237326950726
thompson,12,5,2,0.96875,0.2504433113790254,0.53125,0.25044875,0.0002693113790255275
thompson,12,6,1,1.0,0.5901402668965574,0.0625,0.9992769999999999,-0.40922373310344284
thompson,12,6,2,0.96875,0.250440311840838,0.53125,0.25044875,0.0002663118408380849
thompson,12,7,1,1.0,0.5901402664882422,0.0625,0.9992769999999999,-0.409223733511758
thompson,12,7,2,0.96875,0.2504373123026695,0.53125,0.25044875,0.00026331230266962713
thompson,12,8,1,1.0,0.5901402660797814,0.0625,0.9992769999999999,-0.4092237339202188
thompson,12,8,2,0.96875,0.2504343127644927,0.53125,0.25044875,0.0002603127644927872
thompson,12,9,1,1.0,0.5901402656713282,0.0625,0.9992769999999999,-0.4092237343286721
thompson,12,9,2,0.96875,0.2504313132263217,0.53125,0.25044875,0.0002573132263217759
thompson,12,10,1,1.0,0.5901402652629848,0.0625,0.9992769999999999,-0.40922373473701545
thompson,12,10,2,0.96875,0.25042831368815266,0.53125,0.25044875,0.000254313688152763
thompson,12,11,1,1.0,0.5901402648545462,0.0625,0.9992769999999999,-0.40922373514545407
thompson,12,11,2,0.96875,0.25042531414997404,0.53125,0.25044875,0.0002513141499741467
thompson,12,12,1,1.0,0.5901402644461406,0.0625,0.9992769999999999,-0.4092237355538596
thompson,12,12,2,0.96875,0.25042231461180614,0.53125,0.25044875,0.00024831461180624403
thompson,12,13,1,1.0,0.5901402640377338,0.0625,0.9992769999999999,-0.40922373596226647
thompson,12,13,2,0.96875,0.25041931507362547,0.53125,0.25044875,0.0002453150736255738
thompson,12,14,1,1.0,0.5901402636294235,0.0625,0.9992769999999999,-0.40922373637057674
thompson,12,14,2,0.96875,0.2504163155354461,0.53125,0.25044875,0.00024231553544618034
thompson,12,15,1,1.0,0.5901402632209845,0.0625,0.9992769999999999,-0.4092237367790158
thompson,12,15,2,0.96875,0.25041331599725775,0.53125,0.25044875,0.00023931599725784958
thompson,12,16,1,1.0,0.5901402628125729,0.0625,0.9992769999999999,-0.4092237371874273
thompson,12,16,2,0.96875,0.25041031645908496,0.53125,0.25044875,0.00023631645908506194
thompson,12,17,1,1.0,0.59014026240418,0.0625,0.9992769999999999,-0.4092237375958202
thompson,12,17,2,0.96875,0.25040731692092144,0.53125,0.25044875,0.00023331692092154466
thompson,12,18,1,1.0,0.5901402619958154,0.0625,0.9992769999999999,-0.4092237380041849
thompson,12,18,2,0.96875,0.25040431738274344,0.53125,0.25044875,0.00023031738274353897
thompson,12,19,1,1.0,0.5901402615874043,0.0625,0.9992769999999999,-0.40922373841259596
thompson,12,19,2,0.96875,0.2504013178445741,0.53125,0.25044875,0.00022731784457419302
thompson,12,20,1,1.0,0.5901402611790156,0.0625,0.9992769999999999,-0.4092237388209846
thompson,12,20,2,0.96875,0.25039831830640946,0.53125,0.25044875,0.00022431830640956552
thompson,12,21,1,1.0,0.590140260770595,0.0625,0.9992769999999999,-0.40922373922940525
thompson,12,21,2,0.96875,0.2503953187682277,0.53125,0.25044875,0.00022131876822778507
thompson,12,22,1,1.0,0.5119685745218787,0.0,0.9991150000000003,-0.48723942547812127
thompson,12,22,2,0.96875,0.24888588393130973,0.5,0.25061200000000006,-0.001714116068690097
thompson,12,23,1,1.0,0.5119685745218787,0.0,0.9991150000000003,-0.48723942547812127
thompson,12,23,2,0.96875,0.24888366651466798,0.5,0.25061200000000006,-0.0017163334853318446
thompson,12,24,1,1.0,0.5119685745218787,0.0,0.9991150000000003,-0.48723942547812127
thompson,12,24,2,0.96875,0.24888144909801757,0.5,0.25061200000000006,-0.001718550901982252
thompson,12,25,1,1.0,0.5119685745218787,0.0,0.9991150000000003,-0.48723942547812127
thompson,12,25,2,0.96875,0.2488792316813756,0.5,0.25061200000000006,-0.0017207683186242217
thompson,12,26,1,1.0,0.5119685745218787,0.0,0.9991150000000003,-0.48723942547812127
thompson,12,26,2,0.96875,0.24887701426473574,0.5,0.25061200000000006,-0.001722985735264082
thompson,12,27,1,1.0,0.5119685745218787,0.0,0.9991150000000003,-0.48723942547812127
thompson,12,27,2,0.96875,0.24887479684809155,0.5,0.25061200000000006,-0.0017252031519082722
thompson,12,28,1,1.0,0.5119685745218787,0.0,0.9991150000000003,-0.48723942547812127
thompson,12,28,2,0.96875,0.24887257943144614,0.5,0.25061200000000006,-0.0017274205685536836
thompson,12,29,1,1.0,0.5119685745218787,0.0,0.9991150000000003,-0.48723942547812127
thompson,12,29,2,0.96875,0.2488703620148136,0.5,0.25061200000000006,-0.0017296379851862165
thompson,12,30,1,1.0,0.5119685745218787,0.0,0.9991150000000003,-0.48723942547812127
thompson,12,30,2,0.96875,0.2488681445981723,0.5,0.25061200000000006,-0.00173185540182752
thompson,12,31,1,1.0,0.5119685745218787,0.0,0.9991150000000003,-0.48723942547812127
thompson,12,31,2,0.96875,0.248865927181522,0.5,0.25061200000000006,-0.0017340728184778165
thompson,12,32,1,1.0,0.5119685745218787,0.0,0.9991150000000003,-0.48723942547812127
thompson,12,32,2,0.96875,0.2488637097648725,0.5,0.25061200000000006,-0.0017362902351273357
thompson,12,33,1,1.0,0.5647761279080824,0.03125,0.9991960000000002,-0.4345188720919174
thompson,12,33,2,0.96875,0.2287989190044406,0.46875,0.25055474999999994,-0.021692830995559298
thompson,12,34,1,1.0,0.5647761274995723,0.03125,0.9991960000000002,-0.43451887250042753
thompson,12,34,2,0.96875,0.22879566574859111,0.46875,0.25055474999999994,-0.021696084251408787
thompson,12,35,1,1.0,0.5647761270911144,0.03125,0.9991960000000002,-0.43451887290888547
thompson,12,35,2,0.96875,0.2287924124927213,0.46875,0.25055474999999994,-0.021699337507278593
thompson,12,36,1,1.0,0.5647761266825692,0.03125,0.9991960000000002,-0.43451887331743067
thompson,12,36,2,0.96875,0.22878915923687626,0.46875,0.25055474999999994,-0.02170259076312364
thompson,12,37,1,1.0,0.5647761262741168,0.03125,0.9991960000000002,-0.43451887372588305
thompson,12,37,2,0.96875,0.22878590598101267,0.46875,0.25055474999999994,-0.02170584401898723
thompson,12,38,1,1.0,0.5647761258655818,0.03125,0.9991960000000002,-0.43451887413441803
thompson,12,38,2,0.96875,0.22878265272516785,0.46875,0.25055474999999994,-0.021709097274832057
thompson,12,39,1,1.0,0.5647761254570659,0.03125,0.9991960000000002,-0.4345188745429339
thompson,12,39,2,0.96875,0.22877939946929515,0.46875,0.25055474999999994,-0.02171235053070475
thompson,12,40,1,1.0,0.5647761250486086,0.03125,0.9991960000000002,-0.4345188749513912
thompson,12,40,2,0.96875,0.2287761462134259,0.46875,0.25055474999999994,-0.021715603786574
thompson,12,41,1,1.0,0.5647761246400361,0.03125,0.9991960000000002,-0.4345188753599637
thompson,12,41,2,0.96875,0.2287728929575521,0.46875,0.25055474999999994,-0.021718857042447803
thompson,12,42,1,1.0,0.5647761242316328,0.03125,0.9991960000000002,-0.434518875768367
thompson,12,42,2,0.96875,0.22876963970171071,0.46875,0.25055474999999994,-0.021722110298289188
thompson,12,43,1,1.0,0.5647761238231336,0.03125,0.9991960000000002,-0.43451887617686624
thompson,12,43,2,0.96875,0.22876638644584701,0.46875,0.25055474999999994,-0.021725363554152888
thompson,12,44,1,1.0,0.5647761234146534,0.03125,0.9991960000000002,-0.4345188765853464
thompson,12,44,2,0.96875,0.22876313318999997,0.46875,0.25055474999999994,-0.021728616809999934
thompson,12,45,1,1.0,0.5647761230060594,0.03125,0.9991960000000002,-0.43451887699394043
thompson,12,45,2,0.96875,0.2287598799341366,0.46875,0.25055474999999994,-0.0217318700658633
thompson,12,46,1,1.0,0.5647761225975779,0.03125,0.9991960000000002,-0.4345188774024219
thompson,12,46,2,0.96875,0.2287566266782699,0.46875,0.25055474999999994,-0.02173512332173
thompson,12,47,1,1.0,0.5647761221891855,0.03125,0.9991960000000002,-0.43451887781081433
thompson,12,47,2,0.96875,0.22875337342241864,0.46875,0.25055474999999994,-0.021738376577581264
thompson,12,48,1,1.0,0.5647761217806736,0.03125,0.9991960000000002,-0.4345188782193262
thompson,12,48,2,0.96875,0.22875012016657525,0.46875,0.25055474999999994,-0.021741629833424647
thompson,12,49,1,1.0,0.5647761213721646,0.03125,0.9991960000000002,-0.4345188786278352
thompson,12,49,2,0.96875,0.22874686691070878,0.46875,0.25055474999999994,-0.021744883089291123
thompson,13,0,1,1.0,0.5901402689383792,0.0625,0.9992769999999999,-0.409223731061621
thompson,13,0,2,0.96875,0.2504554760745286,0.53125,0.25044875,0.00028147607452871926
thompson,13,1,1,1.0,0.5901402685300607,0.0625,0.9992769999999999,-0.4092237314699395
thompson,13,1,2,0.96875,0.25045247653632774,0.53125,0.25044875,0.00027847653632784297
thompson,13,2,1,1.0,0.5901402681216905,0.0625,0.9992769999999999,-0.40922373187830974
thompson,13,2,2,0.96875,0.25044947699816955,0.53125,0.25044875,0.00027547699816965476
thompson,13,3,1,1.0,0.5901402677132643,0.0625,0.9992769999999999,-0.4092237322867359
thompson,13,3,2,0.96875,0.2504464774599942,0.53125,0.25044875,0.0002724774599943136
thompson,13,4,1,1.0,0.5901402673049114,0.0625,0.9992769999999999,-0.4092237326950888
thompson,13,4,2,0.96875,0.2504434779218244,0.53125,0.25044875,0.00026947792182452357
thompson,13,5,1,1.0,0.5901402668964912,0.0625,0.9992769999999999,-0.409223733103509
thompson,13,5,2,0.96875,0.25044047838365335,0.53125,0.25044875,0.0002664783836534568
thompson,13,6,1,1.0,0.590140266488121,0.0625,0.9992769999999999,-0.40922373351187924
thompson,13,6,2,0.96875,0.2504374788454659,0.53125,0.25044875,0.0002634788454660142
thompson,13,7,1,1.0,0.5901402660798059,0.0625,0.9992769999999999,-0.4092237339201944
thompson,13,7,2,0.96875,0.25043447930729745,0.53125,0.25044875,0.0002604793072975564
thompson,13,8,1,1.0,0.590140265671345,0.0625,0.9992769999999999,-0.4092237343286552
thompson,13,8,2,0.96875,0.2504314797691206,0.53125,0.25044875,0.00025747976912071646
thompson,13,9,1,1.0,0.5901402652628918,0.0625,0.9992769999999999,-0.4092237347371085
thompson,13,9,2,0.96875,0.2504284802309496,0.53125,0.25044875,0.0002544802309497052
thompson,13,10,1,1.0,0.5901402648545484,0.0625,0.9992769999999999,-0.40922373514545185
thompson,13,10,2,0.96875,0.2504254806927806,0.53125,0.25044875,0.0002514806927806923
thompson,13,11,1,1.0,0.5901402644461098,0.0625,0.9992769999999999,-0.40922373555389047
thompson,13,11,2,0.96875,0.250422481154602,0.53125,0.25044875,0.000248481154602076
thompson,13,12,1,1.0,0.5901402640377043,0.0625,0.9992769999999999,-0.409223735962296
thompson,13,12,2,0.96875,0.25041948161643407,0.53125,0.25044875,0.0002454816164341733
thompson,13,13,1,1.0,0.5901402636292974,0.0625,0.9992769999999999,-0.40922373637070286
thompson,13,13,2,0.96875,0.2504164820782534,0.53125,0.25044875,0.0002424820782535031
thompson,13,14,1,1.0,0.5901402632209871,0.0625,0.9992769999999999,-0.40922373677901314
thompson,13,14,2,0.96875,0.250413482540074,0.53125,0.25044875,0.00023948254007410963
thompson,13,15,1,1.0,0.590140262812548,0.0625,0.9992769999999999,-0.4092237371874522
thompson,13,15,2,0.96875,0.2504104830018857,0.53125,0.25044875,0.00023648300188577887
thompson,13,16,1,1.0,0.5901402624041365,0.0625,0.9992769999999999,-0.4092237375958637
thompson,13,16,2,0.96875,0.2504074834637129,0.53125,0.25044875,0.00023348346371299122
thompson,13,17,1,1.0,0.5901402619957437,0.0625,0.9992769999999999,-0.4092237380042566
thompson,13,17,2,0.96875,0.25040448392554937,0.53125,0.25044875,0.00023048392554947394
thompson,13,18,1,1.0,0.590140261587379,0.0625,0.9992769999999999,-0.4092237384126213
thompson,13,18,2,0.96875,0.25040148438737136,0.53125,0.25044875,0.00022748438737146826
thompson,13,19,1,1.0,0.5901402611789679,0.0625,0.9992769999999999,-0.40922373882103236
thompson,13,19,2,0.96875,0.250398484849202,0.53125,0.25044875,0.0002244848492021223
thompson,13,20,1,1.0,0.5901402607705792,0.0625,0.9992769999999999,-0.409223739229421
thompson,13,20,2,0.96875,0.2503954853110374,0.53125,0.25044875,0.0002214853110374948
thompson,13,21,1,1.0,0.5901402603621586,0.0625,0.9992769999999999,-0.40922373963784164
thompson,13,21,2,0.96875,0.2503924857728556,0.53125,0.25044875,0.00021848577285571436
thompson,13,22,1,1.0,0.5119685737047885,0.0,0.9991150000000003,-0.48723942629521144
thompson,13,22,2,0.96875,0.24888463973241948,0.5,0.25061200000000006,-0.0017153602675803459
thompson,13,23,1,1.0,0.5119685737047885,0.0,0.9991150000000003,-0.48723942629521144
thompson,13,23,2,0.96875,0.24888242231577773,0.5,0.25061200000000006,-0.0017175776842220936
thompson,13,24,1,1.0,0.5119685737047885,0.0,0.9991150000000003,-0.48723942629521144
thompson,13,24,2,0.96875,0.24888020489912732,0.5,0.25061200000000006,-0.001719795100872501
thompson,13,25,1,1.0,0.5119685737047885,0.0,0.9991150000000003,-0.48723942629521144
thompson,13,25,2,0.96875,0.24887798748248535,0.5,0.25061200000000006,-0.0017220125175144707
thompson,13,26,1,1.0,0.5119685737047885,0.0,0.9991150000000003,-0.48723942629521144
thompson,13,26,2,0.96875,0.2488757700658455,0.5,0.25061200000000006,-0.001724229934154331
thompson,13,27,1,1.0,0.5119685737047885,0.0,0.9991150000000003,-0.48723942629521144
thompson,13,27,2,0.96875,0.2488735526492013,0.5,0.25061200000000006,-0.0017264473507985212
thompson,13,28,1,1.0,0.5119685737047885,0.0,0.9991150000000003,-0.48723942629521144
thompson,13,28,2,0.96875,0.2488713352325559,0.5,0.25061200000000006,-0.0017286647674439326
thompson,13,29,1,1.0,0.5119685737047885,0.0,0.9991150000000003,-0.48723942629521144
thompson,13,29,2,0.96875,0.24886911781592336,0.5,0.25061200000000006,-0.0017308821840764654
thompson,13,30,1,1.0,0.5119685737047885,0.0,0.9991150000000003,-0.48723942629521144
thompson,13,30,2,0.96875,0.24886690039928205,0.5,0.25061200000000006,-0.001733099600717769
thompson,13,31,1,1.0,0.5119685737047885,0.0,0.9991150000000003,-0.48723942629521144
thompson,13,31,2,0.96875,0.24886468298263176,0.5,0.25061200000000006,-0.0017353170173680654
thompson,13,32,1,1.0,0.5119685737047885,0.0,0.9991150000000003,-0.48723942629521144
thompson,13,32,2,0.96875,0.24886246556598224,0.5,0.25061200000000006,-0.0017375344340175847
thompson,13,33,1,1.0,0.5647761274996105,0.03125,0.9991960000000002,-0.43451887250038934
thompson,13,33,2,0.96875,0.2287989190044406,0.46875,0.25055474999999994,-0.021692830995559298
thompson,13,34,1,1.0,0.5647761270911004,0.03125,0.9991960000000002,-0.43451887290889946
thompson,13,34,2,0.96875,0.22879566574859111,0.46875,0.25055474999999994,-0.021696084251408787
thompson,13,35,1,1.0,0.5647761266826424,0.03125,0.9991960000000002,-0.4345188733173574
thompson,13,35,2,0.96875,0.2287924124927213,0.46875,0.25055474999999994,-0.021699337507278593
thompson,13,36,1,1.0,0.5647761262740972,0.03125,0.9991960000000002,-0.4345188737259026
thompson,13,36,2,0.96875,0.22878915923687626,0.46875,0.25055474999999994,-0.02170259076312364
thompson,13,37,1,1.0,0.5647761258656449,0.03125,0.9991960000000002,-0.43451887413435497
thompson,13,37,2,0.96875,0.22878590598101267,0.46875,0.25055474999999994,-0.02170584401898723
thompson,13,38,1,1.0,0.5647761254571099,0.03125,0.9991960000000002,-0.43451887454288995
thompson,13,38,2,0.96875,0.22878265272516785,0.46875,0.25055474999999994,-0.021709097274832057
thompson,13,39,1,1.0,0.564776125048594,0.03125,0.9991960000000002,-0.43451887495140584
thompson,13,39,2,0.96875,0.22877939946929515,0.46875,0.25055474999999994,-0.02171235053070475
thompson,13,40,1,1.0,0.5647761246401367,0.03125,0.9991960000000002,-0.4345188753598631
thompson,13,40,2,0.96875,0.2287761462134259,0.46875,0.25055474999999994,-0.021715603786574
thompson,13,41,1,1.0,0.5647761242315642,0.03125,0.9991960000000002,-0.4345188757684356
thompson,13,41,2,0.96875,0.2287728929575521,0.46875,0.25055474999999994,-0.021718857042447803
thompson,13,42,1,1.0,0.5647761238231609,0.03125,0.9991960000000002,-0.43451887617683893
thompson,13,42,2,0.96875,0.22876963970171071,0.46875,0.25055474999999994,-0.021722110298289188
thompson,13,43,1,1.0,0.5647761234146617,0.03125,0.9991960000000002,-0.43451887658533817
thompson,13,43,2,0.96875,0.22876638644584701,0.46875,0.25055474999999994,-0.021725363554152888
thompson,13,44,1,1.0,0.5647761230061815,0.03125,0.9991960000000002,-0.4345188769938183
thompson,13,44,2,0.96875,0.22876313318999997,0.46875,0.25055474999999994,-0.021728616809999934
thompson,13,45,1,1.0,0.5647761225975875,0.03125,0.9991960000000002,-0.43451887740241235
thompson,13,45,2,0.96875,0.2287598799341366,0.46875,0.25055474999999994,-0.0217318700658633
thompson,13,46,1,1.0,0.564776122189106,0.03125,0.9991960000000002,-0.4345188778108938
thompson,13,46,2,0.96875,0.2287566266782699,0.46875,0.25055474999999994,-0.02173512332173
thompson,13,47,1,1.0,0.5647761217807136,0.03125,0.9991960000000002,-0.43451887821928625
thompson,13,47,2,0.96875,0.22875337342241864,0.46875,0.25055474999999994,-0.021738376577581264
thompson,13,48,1,1.0,0.5647761213722017,0.03125,0.9991960000000002,-0.43451887862779814
thompson,13,48,2,0.96875,0.22875012016657525,0.46875,0.25055474999999994,-0.021741629833424647
thompson,13,49,1,1.0,0.5647761209636927,0.03125,0.9991960000000002,-0.43451887903630715
thompson,13,49,2,0.96875,0.22874686691070878,0.46875,0.25055474999999994,-0.021744883089291123
thompson,14,0,1,1.0,0.5901402685300581,0.0625,0.9992769999999999,-0.4092237314699422
thompson,14,0,2,0.96875,0.2504526430791746,0.53125,0.25044875,0.00027864307917468967
thompson,14,1,1,1.0,0.5901402681217396,0.0625,0.9992769999999999,-0.40922373187826067
thompson,14,1,2,0.96875,0.2504496435409737,0.53125,0.25044875,0.0002756435409738134
thompson,14,2,1,1.0,0.5901402677133694,0.0625,0.9992769999999999,-0.4092237322866309
thompson,14,2,2,0.96875,0.2504466440028155,0.53125,0.25044875,0.0002726440028156252
thompson,14,3,1,1.0,0.5901402673049432,0.0625,0.9992769999999999,-0.4092237326950571
thompson,14,3,2,0.96875,0.2504436444646402,0.53125,0.25044875,0.000269644464640284
thompson,14,4,1,1.0,0.5901402668965903,0.0625,0.9992769999999999,-0.40922373310341
thompson,14,4,2,0.96875,0.2504406449264704,0.53125,0.25044875,0.000266644926470494
thompson,14,5,1,1.0,0.5901402664881701,0.0625,0.9992769999999999,-0.40922373351183017
thompson,14,5,2,0.96875,0.2504376453882993,0.53125,0.25044875,0.0002636453882994272
thompson,14,6,1,1.0,0.5901402660797999,0.0625,0.9992769999999999,-0.4092237339202004
thompson,14,6,2,0.96875,0.2504346458501119,0.53125,0.25044875,0.0002606458501119846
thompson,14,7,1,1.0,0.5901402656714847,0.0625,0.9992769999999999,-0.40922373432851555
thompson,14,7,2,0.96875,0.2504316463119434,0.53125,0.25044875,0.00025764631194352683
thompson,14,8,1,1.0,0.5901402652630239,0.0625,0.9992769999999999,-0.4092237347369764
thompson,14,8,2,0.96875,0.2504286467737666,0.53125,0.25044875,0.0002546467737666869
thompson,14,9,1,1.0,0.5901402648545706,0.0625,0.9992769999999999,-0.40922373514542965
thompson,14,9,2,0.96875,0.25042564723559557,0.53125,0.25044875,0.0002516472355956756
thompson,14,10,1,1.0,0.5901402644462272,0.0625,0.9992769999999999,-0.409223735553773
thompson,14,10,2,0.96875,0.25042264769742656,0.53125,0.25044875,0.0002486476974266627
thompson,14,11,1,1.0,0.5901402640377886,0.0625,0.9992769999999999,-0.4092237359622116
thompson,14,11,2,0.96875,0.25041964815924794,0.53125,0.25044875,0.0002456481592480464
thompson,14,12,1,1.0,0.5901402636293831,0.0625,0.9992769999999999,-0.40922373637061715
thompson,14,12,2,0.96875,0.25041664862108004,0.53125,0.25044875,0.00024264862108014373
thompson,14,13,1,1.0,0.5901402632209762,0.0625,0.9992769999999999,-0.409223736779024
thompson,14,13,2,0.96875,0.25041364908289937,0.53125,0.25044875,0.0002396490828994735
thompson,14,14,1,1.0,0.590140262812666,0.0625,0.9992769999999999,-0.4092237371873343
thompson,14,14,2,0.96875,0.25041064954472,0.53125,0.25044875,0.00023664954472008004
thompson,14,15,1,1.0,0.5901402624042269,0.0625,0.9992769999999999,-0.40922373759577335
thompson,14,15,2,0.96875,0.25040765000653165,0.53125,0.25044875,0.00023365000653174928
thompson,14,16,1,1.0,0.5901402619958154,0.0625,0.9992769999999999,-0.4092237380041849
thompson,14,16,2,0.96875,0.25040465046835886,0.53125,0.25044875,0.00023065046835896164
thompson,14,17,1,1.0,0.5901402615874225,0.0625,0.9992769999999999,-0.40922373841257775
thompson,14,17,2,0.96875,0.25040165093019534,0.53125,0.25044875,0.00022765093019544436
thompson,14,18,1,1.0,0.5901402611790578,0.0625,0.9992769999999999,-0.40922373882094243
thompson,14,18,2,0.96875,0.25039865139201734,0.53125,0.25044875,0.00022465139201743867
thompson,14,19,1,1.0,0.5901402607706467,0.0625,0.9992769999999999,-0.4092237392293535
thompson,14,19,2,0.96875,0.250395651853848,0.53125,0.25044875,0.00022165185384809272
thompson,14,20,1,1.0,0.5901402603622581,0.0625,0.9992769999999999,-0.40922373963774217
thompson,14,20,2,0.96875,0.25039265231568336,0.53125,0.25044875,0.00021865231568346521
thompson,14,21,1,1.0,0.5901402599538375,0.0625,0.9992769999999999,-0.4092237400461628
thompson,14,21,2,0.96875,0.2503896527775016,0.53125,0.25044875,0.00021565277750168477
thompson,14,22,1,1.0,0.5119685728878274,0.0,0.9991150000000003,-0.4872394271121726
thompson,14,22,2,0.96875,0.2488833955335502,0.5,0.25061200000000006,-0.0017166044664496116
thompson,14,23,1,1.0,0.5119685728878274,0.0,0.9991150000000003,-0.4872394271121726
thompson,14,23,2,0.96875,0.24888117811690846,0.5,0.25061200000000006,-0.0017188218830913593
thompson,14,24,1,1.0,0.5119685728878274,0.0,0.9991150000000003,-0.4872394271121726
thompson,14,24,2,0.96875,0.24887896070025806,0.5,0.25061200000000006,-0.0017210392997417667
thompson,14,25,1,1.0,0.5119685728878274,0.0,0.9991150000000003,-0.4872394271121726
thompson,14,25,2,0.96875,0.2488767432836161,0.5,0.25061200000000006,-0.0017232567163837365
thompson,14,26,1,1.0,0.5119685728878274,0.0,0.9991150000000003,-0.4872394271121726
thompson,14,26,2,0.96875,0.24887452586697623,0.5,0.25061200000000006,-0.0017254741330235968
thompson,14,27,1,1.0,0.5119685728878274,0.0,0.9991150000000003,-0.4872394271121726
thompson,14,27,2,0.96875,0.24887230845033204,0.5,0.25061200000000006,-0.001727691549667787
thompson,14,28,1,1.0,0.5119685728878274,0.0,0.9991150000000003,-0.4872394271121726
thompson,14,28,2,0.96875,0.24887009103368662,0.5,0.25061200000000006,-0.0017299089663131983
thompson,14,29,1,1.0,0.5119685728878274,0.0,0.9991150000000003,-0.4872394271121726
thompson,14,29,2,0.96875,0.2488678736170541,0.5,0.25061200000000006,-0.0017321263829457312
thompson,14,30,1,1.0,0.5119685728878274,0.0,0.9991150000000003,-0.4872394271121726
thompson,14,30,2,0.96875,0.2488656562004128,0.5,0.25061200000000006,-0.0017343437995870348
thompson,14,31,1,1.0,0.5119685728878274,0.0,0.9991150000000003,-0.4872394271121726
thompson,14,31,2,0.96875,0.2488634387837625,0.5,0.25061200000000006,-0.0017365612162373312
thompson,14,32,1,1.0,0.5119685728878274,0.0,0.9991150000000003,-0.4872394271121726
thompson,14,32,2,0.96875,0.24886122136711297,0.5,0.25061200000000006,-0.0017387786328868504
thompson,14,33,1,1.0,0.564776127091276,0.03125,0.9991960000000002,-0.4345188729087238
thompson,14,33,2,0.96875,0.2287989190044406,0.46875,0.25055474999999994,-0.021692830995559298
thompson,14,34,1,1.0,0.5647761266827659,0.03125,0.9991960000000002,-0.43451887331723393
thompson,14,34,2,0.96875,0.22879566574859111,0.46875,0.25055474999999994,-0.021696084251408787
thompson,14,35,1,1.0,0.564776126274308,0.03125,0.9991960000000002,-0.43451887372569187
thompson,14,35,2,0.96875,0.2287924124927213,0.46875,0.25055474999999994,-0.021699337507278593
thompson,14,36,1,1.0,0.5647761258657628,0.03125,0.9991960000000002,-0.43451887413423707
thompson,14,36,2,0.96875,0.22878915923687626,0.46875,0.25055474999999994,-0.02170259076312364
thompson,14,37,1,1.0,0.5647761254573104,0.03125,0.9991960000000002,-0.43451887454268945
thompson,14,37,2,0.96875,0.22878590598101267,0.46875,0.25055474999999994,-0.02170584401898723
thompson,14,38,1,1.0,0.5647761250487754,0.03125,0.9991960000000002,-0.43451887495122443
thompson,14,38,2,0.96875,0.22878265272516785,0.46875,0.25055474999999994,-0.021709097274832057
thompson,14,39,1,1.0,0.5647761246402595,0.03125,0.9991960000000002,-0.4345188753597403
thompson,14,39,2,0.96875,0.22877939946929515,0.46875,0.25055474999999994,-0.02171235053070475
thompson,14,40,1,1.0,0.5647761242318022,0.03125,0.9991960000000002,-0.4345188757681976
thompson,14,40,2,0.96875,0.2287761462134259,0.46875,0.25055474999999994,-0.021715603786574
thompson,14,41,1,1.0,0.5647761238232297,0.03125,0.9991960000000002,-0.4345188761767701
thompson,14,41,2,0.96875,0.2287728929575521,0.46875,0.25055474999999994,-0.021718857042447803
thompson,14,42,1,1.0,0.5647761234148264,0.03125,0.9991960000000002,-0.4345188765851734
thompson,14,42,2,0.96875,0.22876963970171071,0.46875,0.25055474999999994,-0.021722110298289188
thompson,14,43,1,1.0,0.5647761230063272,0.03125,0.9991960000000002,-0.43451887699367264
thompson,14,43,2,0.96875,0.22876638644584701,0.46875,0.25055474999999994,-0.021725363554152888
thompson,14,44,1,1.0,0.564776122597847,0.03125,0.9991960000000002,-0.4345188774021528
thompson,14,44,2,0.96875,0.22876313318999997,0.46875,0.25055474999999994,-0.021728616809999934
thompson,14,45,1,1.0,0.564776122189253,0.03125,0.9991960000000002,-0.43451887781074683
thompson,14,45,2,0.96875,0.2287598799341366,0.46875,0.25055474999999994,-0.0217318700658633
thompson,14,46,1,1.0,0.5647761217807715,0.03125,0.9991960000000002,-0.4345188782192283
thompson,14,46,2,0.96875,0.2287566266782699,0.46875,0.25055474999999994,-0.02173512332173
thompson,14,47,1,1.0,0.5647761213723791,0.03125,0.9991960000000002,-0.43451887862762073
thompson,14,47,2,0.96875,0.22875337342241864,0.46875,0.25055474999999994,-0.021738376577581264
thompson,14,48,1,1.0,0.5647761209638672,0.03125,0.9991960000000002,-0.4345188790361326
thompson,14,48,2,0.96875,0.22875012016657525,0.46875,0.25055474999999994,-0.021741629833424647
thompson,14,49,1,1.0,0.5647761205553582,0.03125,0.9991960000000002,-0.4345188794446416
thompson,14,49,2,0.96875,0.22874686691070878,0.46875,0.25055474999999994,-0.021744883089291123
thompson,15,0,1,1.0,0.5901402681215782,0.0625,0.9992769999999999,-0.4092237318784221
thompson,15,0,2,0.96875,0.2504498100838068,0.53125,0.25044875,0.0002758100838068933
thompson,15,1,1,1.0,0.5901402677132597,0.0625,0.9992769999999999,-0.4092237322867406
thompson,15,1,2,0.96875,0.2504468105456059,0.53125,0.25044875,0.00027281054560601703
thompson,15,2,1,1.0,0.5901402673048894,0.0625,0.9992769999999999,-0.4092237326951108
thompson,15,2,2,0.96875,0.2504438110074477,0.53125,0.25044875,0.0002698110074478288
thompson,15,3,1,1.0,0.5901402668964633,0.0625,0.9992769999999999,-0.409223733103537
thompson,15,3,2,0.96875,0.2504408114692724,0.53125,0.25044875,0.00026681146927248767
thompson,15,4,1,1.0,0.5901402664881104,0.0625,0.9992769999999999,-0.4092237335118899
thompson,15,4,2,0.96875,0.2504378119311026,0.53125,0.25044875,0.00026381193110269763
thompson,15,5,1,1.0,0.5901402660796902,0.0625,0.9992769999999999,-0.4092237339203101
thompson,15,5,2,0.96875,0.2504348123929315,0.53125,0.25044875,0.00026081239293163083
thompson,15,6,1,1.0,0.5901402656713199,0.0625,0.9992769999999999,-0.4092237343286803
thompson,15,6,2,0.96875,0.2504318128547441,0.53125,0.25044875,0.00025781285474418825
thompson,15,7,1,1.0,0.5901402652630048,0.0625,0.9992769999999999,-0.40922373473699547
thompson,15,7,2,0.96875,0.2504288133165756,0.53125,0.25044875,0.0002548133165757305
thompson,15,8,1,1.0,0.590140264854544,0.0625,0.9992769999999999,-0.4092237351454563
thompson,15,8,2,0.96875,0.2504258137783988,0.53125,0.25044875,0.0002518137783988905
thompson,15,9,1,1.0,0.5901402644460907,0.0625,0.9992769999999999,-0.40922373555390956
thompson,15,9,2,0.96875,0.2504228142402278,0.53125,0.25044875,0.00024881424022787924
thompson,15,10,1,1.0,0.5901402640377473,0.0625,0.9992769999999999,-0.4092237359622529
thompson,15,10,2,0.96875,0.25041981470205876,0.53125,0.25044875,0.00024581470205886635
thompson,15,11,1,1.0,0.5901402636293087,0.0625,0.9992769999999999,-0.40922373637069154
thompson,15,11,2,0.96875,0.25041681516388015,0.53125,0.25044875,0.00024281516388025004
thompson,15,12,1,1.0,0.5901402632209032,0.0625,0.9992769999999999,-0.40922373677909707
thompson,15,12,2,0.96875,0.25041381562571224,0.53125,0.25044875,0.00023981562571234738
thompson,15,13,1,1.0,0.5901402628124963,0.0625,0.9992769999999999,-0.40922373718750393
thompson,15,13,2,0.96875,0.2504108160875316,0.53125,0.25044875,0.00023681608753167716
thompson,15,14,1,1.0,0.590140262404186,0.0625,0.9992769999999999,-0.4092237375958142
thompson,15,14,2,0.96875,0.2504078165493522,0.53125,0.25044875,0.0002338165493522837
thompson,15,15,1,1.0,0.590140261995747,0.0625,0.9992769999999999,-0.40922373800425327
thompson,15,15,2,0.96875,0.25040481701116385,0.53125,0.25044875,0.00023081701116395292
thompson,15,16,1,1.0,0.5901402615873355,0.0625,0.9992769999999999,-0.4092237384126648
thompson,15,16,2,0.96875,0.25040181747299106,0.53125,0.25044875,0.00022781747299116528
thompson,15,17,1,1.0,0.5901402611789426,0.0625,0.9992769999999999,-0.40922373882105767
thompson,15,17,2,0.96875,0.25039881793482754,0.53125,0.25044875,0.000224817934827648
thompson,15,18,1,1.0,0.5901402607705779,0.0625,0.9992769999999999,-0.40922373922942235
thompson,15,18,2,0.96875,0.25039581839664954,0.53125,0.25044875,0.0002218183966496423
thompson,15,19,1,1.0,0.5901402603621668,0.0625,0.9992769999999999,-0.40922373963783343
thompson,15,19,2,0.96875,0.2503928188584802,0.53125,0.25044875,0.00021881885848029636
thompson,15,20,1,1.0,0.5901402599537782,0.0625,0.9992769999999999,-0.4092237400462221
thompson,15,20,2,0.96875,0.25038981932031557,0.53125,0.25044875,0.00021581932031566886
thompson,15,21,1,1.0,0.5901402595453575,0.0625,0.9992769999999999,-0.4092237404546427
thompson,15,21,2,0.96875,0.2503868197821338,0.53125,0.25044875,0.0002128197821338884
thompson,15,22,1,1.0,0.5119685720707556,0.0,0.9991150000000003,-0.48723942792924435
thompson,15,22,2,0.96875,0.24888215133464708,0.5,0.25061200000000006,-0.0017178486653527392
thompson,15,23,1,1.0,0.5119685720707556,0.0,0.9991150000000003,-0.48723942792924435
thompson,15,23,2,0.96875,0.24887993391800534,0.5,0.25061200000000006,-0.0017200660819944869
thompson,15,24,1,1.0,0.5119685720707556,0.0,0.9991150000000003,-0.48723942792924435
thompson,15,24,2,0.96875,0.24887771650135493,0.5,0.25061200000000006,-0.0017222834986448943
thompson,15,25,1,1.0,0.5119685720707556,0.0,0.9991150000000003,-0.48723942792924435
thompson,15,25,2,0.96875,0.24887549908471296,0.5,0.25061200000000006,-0.001724500915286864
thompson,15,26,1,1.0,0.5119685720707556,0.0,0.9991150000000003,-0.48723942792924435
thompson,15,26,2,0.96875,0.2488732816680731,0.5,0.25061200000000006,-0.0017267183319267243
thompson,15,27,1,1.0,0.5119685720707556,0.0,0.9991150000000003,-0.48723942792924435
thompson,15,27,2,0.96875,0.2488710642514289,0.5,0.25061200000000006,-0.0017289357485709145
thompson,15,28,1,1.0,0.5119685720707556,0.0,0.9991150000000003,-0.48723942792924435
thompson,15,28,2,0.96875,0.2488688468347835,0.5,0.25061200000000006,-0.001731153165216326
thompson,15,29,1,1.0,0.5119685720707556,0.0,0.9991150000000003,-0.48723942792924435
thompson,15,29,2,0.96875,0.24886662941815096,0.5,0.25061200000000006,-0.0017333705818488587
thompson,15,30,1,1.0,0.5119685720707556,0.0,0.9991150000000003,-0.48723942792924435
thompson,15,30,2,0.96875,0.24886441200150966,0.5,0.25061200000000006,-0.0017355879984901623
thompson,15,31,1,1.0,0.5119685720707556,0.0,0.9991150000000003,-0.48723942792924435
thompson,15,31,2,0.96875,0.24886219458485936,0.5,0.25061200000000006,-0.0017378054151404587
thompson,15,32,1,1.0,0.5119685720707556,0.0,0.9991150000000003,-0.48723942792924435
thompson,15,32,2,0.96875,0.24885997716820984,0.5,0.25061200000000006,-0.001740022831789978
thompson,15,33,1,1.0,0.5647761266828207,0.03125,0.9991960000000002,-0.4345188733171791
thompson,15,33,2,0.96875,0.2287989190044406,0.46875,0.25055474999999994,-0.021692830995559298
thompson,15,34,1,1.0,0.5647761262743106,0.03125,0.9991960000000002,-0.4345188737256892
thompson,15,34,2,0.96875,0.22879566574859111,0.46875,0.25055474999999994,-0.021696084251408787
thompson,15,35,1,1.0,0.5647761258658527,0.03125,0.9991960000000002,-0.43451887413414714
thompson,15,35,2,0.96875,0.2287924124927213,0.46875,0.25055474999999994,-0.021699337507278593
thompson,15,36,1,1.0,0.5647761254573075,0.03125,0.9991960000000002,-0.43451887454269233
thompson,15,36,2,0.96875,0.22878915923687626,0.46875,0.25055474999999994,-0.02170259076312364
thompson,15,37,1,1.0,0.5647761250488551,0.03125,0.9991960000000002,-0.4345188749511447
thompson,15,37,2,0.96875,0.22878590598101267,0.46875,0.25055474999999994,-0.02170584401898723
thompson,15,38,1,1.0,0.5647761246403201,0.03125,0.9991960000000002,-0.4345188753596797
thompson,15,38,2,0.96875,0.22878265272516785,0.46875,0.25055474999999994,-0.021709097274832057
thompson,15,39,1,1.0,0.5647761242318042,0.03125,0.9991960000000002,-0.4345188757681956
thompson,15,39,2,0.96875,0.22877939946929515,0.46875,0.25055474999999994,-0.02171235053070475
thompson,15,40,1,1.0,0.564776123823347,0.03125,0.9991960000000002,-0.43451887617665286
thompson,15,40,2,0.96875,0.2287761462134259,0.46875,0.25055474999999994,-0.021715603786574
thompson,15,41,1,1.0,0.5647761234147745,0.03125,0.9991960000000002,-0.43451887658522537
thompson,15,41,2,0.96875,0.2287728929575521,0.46875,0.25055474999999994,-0.021718857042447803
thompson,15,42,1,1.0,0.5647761230063711,0.03125,0.9991960000000002,-0.4345188769936287
thompson,15,42,2,0.96875,0.22876963970171071,0.46875,0.25055474999999994,-0.021722110298289188
thompson,15,43,1,1.0,0.5647761225978719,0.03125,0.9991960000000002,-0.4345188774021279
thompson,15,43,2,0.96875,0.22876638644584701,0.46875,0.25055474999999994,-0.021725363554152888
thompson,15,44,1,1.0,0.5647761221893918,0.03125,0.9991960000000002,-0.43451887781060805
thompson,15,44,2,0.96875,0.22876313318999997,0.46875,0.25055474999999994,-0.021728616809999934
thompson,15,45,1,1.0,0.5647761217807977,0.03125,0.9991960000000002,-0.4345188782192021
thompson,15,45,2,0.96875,0.2287598799341366,0.46875,0.25055474999999994,-0.0217318700658633
thompson,15,46,1,1.0,0.5647761213723163,0.03125,0.9991960000000002,-0.43451887862768357
thompson,15,46,2,0.96875,0.2287566266782699,0.46875,0.25055474999999994,-0.02173512332173
thompson,15,47,1,1.0,0.5647761209639238,0.03125,0.9991960000000002,-0.434518879036076
thompson,15,47,2,0.96875,0.22875337342241864,0.46875,0.25055474999999994,-0.021738376577581264
thompson,15,48,1,1.0,0.5647761205554119,0.03125,0.9991960000000002,-0.4345188794445879
thompson,15,48,2,0.96875,0.22875012016657525,0.46875,0.25055474999999994,-0.021741629833424647
thompson,15,49,1,1.0,0.5647761201469029,0.03125,0.9991960000000002,-0.4345188798530969
thompson,15,49,2,0.96875,0.22874686691070878,0.46875,0.25055474999999994,-0.021744883089291123
thompson,16,0,1,1.0,0.5901402677131626,0.0625,0.9992769999999999,-0.4092237322868376
thompson,16,0,2,0.96875,0.2504469770884582,0.53125,0.25044875,0.0002729770884583038
thompson,16,1,1,1.0,0.5901402673048441,0.0625,0.9992769999999999,-0.4092237326951561
thompson,16,1,2,0.96875,0.2504439775502573,0.53125,0.25044875,0.00026997755025742753
thompson,16,2,1,1.0,0.5901402668964739,0.0625,0.9992769999999999,-0.40922373310352633
thompson,16,2,2,0.96875,0.25044097801209914,0.53125,0.25044875,0.0002669780120992393
thompson,16,3,1,1.0,0.5901402664880477,0.0625,0.9992769999999999,-0.4092237335119525
thompson,16,3,2,0.96875,0.2504379784739238,0.53125,0.25044875,0.00026397847392389817
thompson,16,4,1,1.0,0.5901402660796948,0.0625,0.9992769999999999,-0.4092237339203054
thompson,16,4,2,0.96875,0.250434978935754,0.53125,0.25044875,0.00026097893575410813
thompson,16,5,1,1.0,0.5901402656712746,0.0625,0.9992769999999999,-0.4092237343287256
thompson,16,5,2,0.96875,0.25043197939758294,0.53125,0.25044875,0.00025797939758304134
thompson,16,6,1,1.0,0.5901402652629044,0.0625,0.9992769999999999,-0.40922373473709583
thompson,16,6,2,0.96875,0.2504289798593955,0.53125,0.25044875,0.00025497985939559875
thompson,16,7,1,1.0,0.5901402648545893,0.0625,0.9992769999999999,-0.409223735145411
thompson,16,7,2,0.96875,0.25042598032122704,0.53125,0.25044875,0.000251980321227141
thompson,16,8,1,1.0,0.5901402644461284,0.0625,0.9992769999999999,-0.4092237355538718
thompson,16,8,2,0.96875,0.2504229807830502,0.53125,0.25044875,0.000248980783050301
thompson,16,9,1,1.0,0.5901402640376752,0.0625,0.9992769999999999,-0.4092237359623251
thompson,16,9,2,0.96875,0.2504199812448792,0.53125,0.25044875,0.00024598124487928974
thompson,16,10,1,1.0,0.5901402636293318,0.0625,0.9992769999999999,-0.40922373637066844
thompson,16,10,2,0.96875,0.2504169817067102,0.53125,0.25044875,0.00024298170671027686
thompson,16,11,1,1.0,0.5901402632208932,0.0625,0.9992769999999999,-0.40922373677910706
thompson,16,11,2,0.96875,0.25041398216853156,0.53125,0.25044875,0.00023998216853166054
thompson,16,12,1,1.0,0.5901402628124877,0.0625,0.9992769999999999,-0.4092237371875126
thompson,16,12,2,0.96875,0.25041098263036365,0.53125,0.25044875,0.00023698263036375788
thompson,16,13,1,1.0,0.5901402624040808,0.0625,0.9992769999999999,-0.40922373759591946
thompson,16,13,2,0.96875,0.250407983092183,0.53125,0.25044875,0.00023398309218308766
thompson,16,14,1,1.0,0.5901402619957705,0.0625,0.9992769999999999,-0.40922373800422973
thompson,16,14,2,0.96875,0.2504049835540036,0.53125,0.25044875,0.0002309835540036942
thompson,16,15,1,1.0,0.5901402615873315,0.0625,0.9992769999999999,-0.4092237384126688
thompson,16,15,2,0.96875,0.25040198401581526,0.53125,0.25044875,0.00022798401581536343
thompson,16,16,1,1.0,0.5901402611789199,0.0625,0.9992769999999999,-0.4092237388210803
thompson,16,16,2,0.96875,0.2503989844776425,0.53125,0.25044875,0.00022498447764257579
thompson,16,17,1,1.0,0.5901402607705271,0.0625,0.9992769999999999,-0.4092237392294732
thompson,16,17,2,0.96875,0.25039598493947895,0.53125,0.25044875,0.0002219849394790585
thompson,16,18,1,1.0,0.5901402603621624,0.0625,0.9992769999999999,-0.40922373963783787
thompson,16,18,2,0.96875,0.25039298540130095,0.53125,0.25044875,0.00021898540130105282
thompson,16,19,1,1.0,0.5901402599537513,0.0625,0.9992769999999999,-0.40922374004624895
thompson,16,19,2,0.96875,0.2503899858631316,0.53125,0.25044875,0.00021598586313170687
thompson,16,20,1,1.0,0.5901402595453626,0.0625,0.9992769999999999,-0.4092237404546376
thompson,16,20,2,0.96875,0.250386986324967,0.53125,0.25044875,0.00021298632496707937
thompson,16,21,1,1.0,0.590140259136942,0.0625,0.9992769999999999,-0.40922374086305824
thompson,16,21,2,0.96875,0.2503839867867852,0.53125,0.25044875,0.00020998678678529892
thompson,16,22,1,1.0,0.5119685712537112,0.0,0.9991150000000003,-0.4872394287462888
thompson,16,22,2,0.96875,0.24888090713575828,0.5,0.25061200000000006,-0.0017190928642415448
thompson,16,23,1,1.0,0.5119685712537112,0.0,0.9991150000000003,-0.4872394287462888
thompson,16,23,2,0.96875,0.24887868971911653,0.5,0.25061200000000006,-0.0017213102808832925
thompson,16,24,1,1.0,0.5119685712537112,0.0,0.9991150000000003,-0.4872394287462888
thompson,16,24,2,0.96875,0.24887647230246612,0.5,0.25061200000000006,-0.0017235276975337
thompson,16,25,1,1.0,0.5119685712537112,0.0,0.9991150000000003,-0.4872394287462888
thompson,16,25,2,0.96875,0.24887425488582415,0.5,0.25061200000000006,-0.0017257451141756697
thompson,16,26,1,1.0,0.5119685712537112,0.0,0.9991150000000003,-0.4872394287462888
thompson,16,26,2,0.96875,0.2488720374691843,0.5,0.25061200000000006,-0.00172796253081553
thompson,16,27,1,1.0,0.5119685712537112,0.0,0.9991150000000003,-0.4872394287462888
thompson,16,27,2,0.96875,0.2488698200525401,0.5,0.25061200000000006,-0.0017301799474597201
thompson,16,28,1,1.0,0.5119685712537112,0.0,0.9991150000000003,-0.4872394287462888
thompson,16,28,2,0.96875,0.2488676026358947,0.5,0.25061200000000006,-0.0017323973641051316
thompson,16,29,1,1.0,0.5119685712537112,0.0,0.9991150000000003,-0.4872394287462888
thompson,16,29,2,0.96875,0.24886538521926216,0.5,0.25061200000000006,-0.0017346147807376644
thompson,16,30,1,1.0,0.5119685712537112,0.0,0.9991150000000003,-0.4872394287462888
thompson,16,30,2,0.96875,0.24886316780262085,0.5,0.25061200000000006,-0.001736832197378968
thompson,16,31,1,1.0,0.5119685712537112,0.0,0.9991150000000003,-0.4872394287462888
thompson,16,31,2,0.96875,0.24886095038597056,0.5,0.25061200000000006,-0.0017390496140292644
thompson,16,32,1,1.0,0.5119685712537112,0.0,0.9991150000000003,-0.4872394287462888
thompson,16,32,2,0.96875,0.24885873296932104,0.5,0.25061200000000006,-0.0017412670306787836
thompson,16,33,1,1.0,0.5647761262743914,0.03125,0.9991960000000002,-0.4345188737256084
thompson,16,33,2,0.96875,0.2287989190044406,0.46875,0.25055474999999994,-0.021692830995559298
thompson,16,34,1,1.0,0.5647761258658813,0.03125,0.9991960000000002,-0.4345188741341185
thompson,16,34,2,0.96875,0.22879566574859111,0.46875,0.25055474999999994,-0.021696084251408787
thompson,16,35,1,1.0,0.5647761254574234,0.03125,0.9991960000000002,-0.4345188745425764
thompson,16,35,2,0.96875,0.2287924124927213,0.46875,0.25055474999999994,-0.021699337507278593
thompson,16,36,1,1.0,0.5647761250488782,0.03125,0.9991960000000002,-0.4345188749511216
thompson,16,36,2,0.96875,0.22878915923687626,0.46875,0.25055474999999994,-0.02170259076312364
thompson,16,37,1,1.0,0.5647761246404258,0.03125,0.9991960000000002,-0.434518875359574
thompson,16,37,2,0.96875,0.22878590598101267,0.46875,0.25055474999999994,-0.02170584401898723
thompson,16,38,1,1.0,0.5647761242318908,0.03125,0.9991960000000002,-0.434518875768109
thompson,16,38,2,0.96875,0.22878265272516785,0.46875,0.25055474999999994,-0.021709097274832057
thompson,16,39,1,1.0,0.5647761238233749,0.03125,0.9991960000000002,-0.4345188761766249
thompson,16,39,2,0.96875,0.22877939946929515,0.46875,0.25055474999999994,-0.02171235053070475
thompson,16,40,1,1.0,0.5647761234149177,0.03125,0.9991960000000002,-0.43451887658508215
thompson,16,40,2,0.96875,0.2287761462134259,0.46875,0.25055474999999994,-0.021715603786574
thompson,16,41,1,1.0,0.5647761230063452,0.03125,0.9991960000000002,-0.43451887699365466
thompson,16,41,2,0.96875,0.2287728929575521,0.46875,0.25055474999999994,-0.021718857042447803
thompson,16,42,1,1.0,0.5647761225979419,0.03125,0.9991960000000002,-0.43451887740205797
thompson,16,42,2,0.96875,0.22876963970171071,0.46875,0.25055474999999994,-0.021722110298289188
thompson,16,43,1,1.0,0.5647761221894426,0.03125,0.9991960000000002,-0.4345188778105572
thompson,16,43,2,0.96875,0.22876638644584701,0.46875,0.25055474999999994,-0.021725363554152888
thompson,16,44,1,1.0,0.5647761217809625,0.03125,0.9991960000000002,-0.43451887821903734
thompson,16,44,2,0.96875,0.22876313318999997,0.46875,0.25055474999999994,-0.021728616809999934
thompson,16,45,1,1.0,0.5647761213723684,0.03125,0.9991960000000002,-0.4345188786276314
thompson,16,45,2,0.96875,0.2287598799341366,0.46875,0.25055474999999994,-0.0217318700658633
thompson,16,46,1,1.0,0.564776120963887,0.03125,0.9991960000000002,-0.43451887903611286
thompson,16,46,2,0.96875,0.2287566266782699,0.46875,0.25055474999999994,-0.02173512332173
thompson,16,47,1,1.0,0.5647761205554945,0.03125,0.9991960000000002,-0.4345188794445053
thompson,16,47,2,0.96875,0.22875337342241864,0.46875,0.25055474999999994,-0.021738376577581264
thompson,16,48,1,1.0,0.5647761201469826,0.03125,0.9991960000000002,-0.4345188798530172
thompson,16,48,2,0.96875,0.22875012016657525,0.46875,0.25055474999999994,-0.021741629833424647
thompson,16,49,1,1.0,0.5647761197384736,0.03125,0.9991960000000002,-0.4345188802615262
thompson,16,49,2,0.96875,0.22874686691070878,0.46875,0.25055474999999994,-0.021744883089291123
thompson,17,0,1,1.0,0.5901402673047906,0.0625,0.9992769999999999,-0.4092237326952096
thompson,17,0,2,0.96875,0.25044414409310173,0.53125,0.25044875,0.00027014409310183174
thompson,17,1,1,1.0,0.5901402668964721,0.0625,0.9992769999999999,-0.4092237331035281
thompson,17,1,2,0.96875,0.25044114455490085,0.53125,0.25044875,0.00026714455490095546
thompson,17,2,1,1.0,0.5901402664881019,0.0625,0.9992769999999999,-0.40922373351189834
thompson,17,2,2,0.96875,0.25043814501674266,0.53125,0.25044875,0.00026414501674276725
thompson,17,3,1,1.0,0.5901402660796757,0.0625,0.9992769999999999,-0.4092237339203245
thompson,17,3,2,0.96875,0.2504351454785673,0.53125,0.25044875,0.0002611454785674261
thompson,17,4,1,1.0,0.5901402656713228,0.0625,0.9992769999999999,-0.4092237343286774
thompson,17,4,2,0.96875,0.25043214594039753,0.53125,0.25044875,0.00025814594039763605
thompson,17,5,1,1.0,0.5901402652629026,0.0625,0.9992769999999999,-0.4092237347370976
thompson,17,5,2,0.96875,0.25042914640222647,0.53125,0.25044875,0.00025514640222656926
thompson,17,6,1,1.0,0.5901402648545324,0.0625,0.9992769999999999,-0.40922373514546784
thompson,17,6,2,0.96875,0.250426146864039,0.53125,0.25044875,0.00025214686403912667
thompson,17,7,1,1.0,0.5901402644462173,0.0625,0.9992769999999999,-0.409223735553783
thompson,17,7,2,0.96875,0.25042314732587057,0.53125,0.25044875,0.0002491473258706689
thompson,17,8,1,1.0,0.5901402640377564,0.0625,0.9992769999999999,-0.4092237359622438
thompson,17,8,2,0.96875,0.2504201477876937,0.53125,0.25044875,0.00024614778769382895
thompson,17,9,1,1.0,0.5901402636293032,0.0625,0.9992769999999999,-0.4092237363706971
thompson,17,9,2,0.96875,0.2504171482495227,0.53125,0.25044875,0.00024314824952281766
thompson,17,10,1,1.0,0.5901402632209598,0.0625,0.9992769999999999,-0.40922373677904045
thompson,17,10,2,0.96875,0.2504141487113537,0.53125,0.25044875,0.00024014871135380478
thompson,17,11,1,1.0,0.5901402628125212,0.0625,0.9992769999999999,-0.40922373718747906
thompson,17,11,2,0.96875,0.2504111491731751,0.53125,0.25044875,0.00023714917317518847
thompson,17,12,1,1.0,0.5901402624041157,0.0625,0.9992769999999999,-0.4092237375958846
thompson,17,12,2,0.96875,0.2504081496350072,0.53125,0.25044875,0.0002341496350072858
thompson,17,13,1,1.0,0.5901402619957088,0.0625,0.9992769999999999,-0.40922373800429146
thompson,17,13,2,0.96875,0.2504051500968265,0.53125,0.25044875,0.00023115009682661558
thompson,17,14,1,1.0,0.5901402615873985,0.0625,0.9992769999999999,-0.40922373841260173
thompson,17,14,2,0.96875,0.2504021505586471,0.53125,0.25044875,0.0002281505586472221
thompson,17,15,1,1.0,0.5901402611789595,0.0625,0.9992769999999999,-0.4092237388210408
thompson,17,15,2,0.96875,0.2503991510204588,0.53125,0.25044875,0.00022515102045889135
thompson,17,16,1,1.0,0.5901402607705479,0.0625,0.9992769999999999,-0.4092237392294523
thompson,17,16,2,0.96875,0.250396151482286,0.53125,0.25044875,0.0002221514822861037
thompson,17,17,1,1.0,0.5901402603621551,0.0625,0.9992769999999999,-0.4092237396378452
thompson,17,17,2,0.96875,0.2503931519441225,0.53125,0.25044875,0.00021915194412258643
thompson,17,18,1,1.0,0.5901402599537904,0.0625,0.9992769999999999,-0.40922374004620987
thompson,17,18,2,0.96875,0.2503901524059445,0.53125,0.25044875,0.00021615240594458074
thompson,17,19,1,1.0,0.5901402595453793,0.0625,0.9992769999999999,-0.40922374045462095
thompson,17,19,2,0.96875,0.25038715286777513,0.53125,0.25044875,0.0002131528677752348
thompson,17,20,1,1.0,0.5901402591369906,0.0625,0.9992769999999999,-0.4092237408630096
thompson,17,20,2,0.96875,0.2503841533296105,0.53125,0.25044875,0.0002101533296106073
thompson,17,21,1,1.0,0.59014025872857,0.0625,0.9992769999999999,-0.40922374127143024
thompson,17,21,2,0.96875,0.2503811537914287,0.53125,0.25044875,0.00020715379142882684
thompson,17,22,1,1.0,0.5119685704365329,0.0,0.9991150000000003,-0.4872394295634671
thompson,17,22,2,0.96875,0.24887966293684927,0.5,0.25061200000000006,-0.0017203370631505566
thompson,17,23,1,1.0,0.5119685704365329,0.0,0.9991150000000003,-0.4872394295634671
thompson,17,23,2,0.96875,0.24887744552020752,0.5,0.25061200000000006,-0.0017225544797923042
thompson,17,24,1,1.0,0.5119685704365329,0.0,0.9991150000000003,-0.4872394295634671
thompson,17,24,2,0.96875,0.2488752281035571,0.5,0.25061200000000006,-0.0017247718964427117
thompson,17,25,1,1.0,0.5119685704365329,0.0,0.9991150000000003,-0.4872394295634671
thompson,17,25,2,0.96875,0.24887301068691514,0.5,0.25061200000000006,-0.0017269893130846814
thompson,17,26,1,1.0,0.5119685704365329,0.0,0.9991150000000003,-0.4872394295634671
thompson,17,26,2,0.96875,0.24887079327027528,0.5,0.25061200000000006,-0.0017292067297245417
thompson,17,27,1,1.0,0.5119685704365329,0.0,0.9991150000000003,-0.4872394295634671
thompson,17,27,2,0.96875,0.2488685758536311,0.5,0.25061200000000006,-0.0017314241463687319
thompson,17,28,1,1.0,0.5119685704365329,0.0,0.9991150000000003,-0.4872394295634671
thompson,17,28,2,0.96875,0.24886635843698568,0.5,0.25061200000000006,-0.0017336415630141433
thompson,17,29,1,1.0,0.5119685704365329,0.0,0.9991150000000003,-0.4872394295634671
thompson,17,29,2,0.96875,0.24886414102035315,0.5,0.25061200000000006,-0.0017358589796466761
thompson,17,30,1,1.0,0.5119685704365329,0.0,0.9991150000000003,-0.4872394295634671
thompson,17,30,2,0.96875,0.24886192360371184,0.5,0.25061200000000006,-0.0017380763962879797
thompson,17,31,1,1.0,0.5119685704365329,0.0,0.9991150000000003,-0.4872394295634671
thompson,17,31,2,0.96875,0.24885970618706155,0.5,0.25061200000000006,-0.0017402938129382761
thompson,17,32,1,1.0,0.5119685704365329,0.0,0.9991150000000003,-0.4872394295634671
thompson,17,32,2,0.96875,0.24885748877041203,0.5,0.25061200000000006,-0.0017425112295877954
thompson,17,33,1,1.0,0.5647761258659966,0.03125,0.9991960000000002,-0.43451887413400325
thompson,17,33,2,0.96875,0.2287989190044406,0.46875,0.25055474999999994,-0.021692830995559298
thompson,17,34,1,1.0,0.5647761254574865,0.03125,0.9991960000000002,-0.43451887454251337
thompson,17,34,2,0.96875,0.22879566574859111,0.46875,0.25055474999999994,-0.021696084251408787
thompson,17,35,1,1.0,0.5647761250490285,0.03125,0.9991960000000002,-0.4345188749509713
thompson,17,35,2,0.96875,0.2287924124927213,0.46875,0.25055474999999994,-0.021699337507278593
thompson,17,36,1,1.0,0.5647761246404833,0.03125,0.9991960000000002,-0.4345188753595165
thompson,17,36,2,0.96875,0.22878915923687626,0.46875,0.25055474999999994,-0.02170259076312364
thompson,17,37,1,1.0,0.5647761242320309,0.03125,0.9991960000000002,-0.4345188757679689
thompson,17,37,2,0.96875,0.22878590598101267,0.46875,0.25055474999999994,-0.02170584401898723
thompson,17,38,1,1.0,0.564776123823496,0.03125,0.9991960000000002,-0.43451887617650387
thompson,17,38,2,0.96875,0.22878265272516785,0.46875,0.25055474999999994,-0.021709097274832057
thompson,17,39,1,1.0,0.5647761234149801,0.03125,0.9991960000000002,-0.43451887658501975
thompson,17,39,2,0.96875,0.22877939946929515,0.46875,0.25055474999999994,-0.02171235053070475
thompson,17,40,1,1.0,0.5647761230065228,0.03125,0.9991960000000002,-0.434518876993477
thompson,17,40,2,0.96875,0.2287761462134259,0.46875,0.25055474999999994,-0.021715603786574
thompson,17,41,1,1.0,0.5647761225979503,0.03125,0.9991960000000002,-0.43451887740204953
thompson,17,41,2,0.96875,0.2287728929575521,0.46875,0.25055474999999994,-0.021718857042447803
thompson,17,42,1,1.0,0.564776122189547,0.03125,0.9991960000000002,-0.43451887781045284
thompson,17,42,2,0.96875,0.22876963970171071,0.46875,0.25055474999999994,-0.021722110298289188
thompson,17,43,1,1.0,0.5647761217810477,0.03125,0.9991960000000002,-0.4345188782189521
thompson,17,43,2,0.96875,0.22876638644584701,0.46875,0.25055474999999994,-0.021725363554152888
thompson,17,44,1,1.0,0.5647761213725676,0.03125,0.9991960000000002,-0.4345188786274322
thompson,17,44,2,0.96875,0.22876313318999997,0.46875,0.25055474999999994,-0.021728616809999934
thompson,17,45,1,1.0,0.5647761209639736,0.03125,0.9991960000000002,-0.43451887903602626
thompson,17,45,2,0.96875,0.2287598799341366,0.46875,0.25055474999999994,-0.0217318700658633
thompson,17,46,1,1.0,0.5647761205554921,0.03125,0.9991960000000002,-0.43451887944450773
thompson,17,46,2,0.96875,0.2287566266782699,0.46875,0.25055474999999994,-0.02173512332173
thompson,17,47,1,1.0,0.5647761201470997,0.03125,0.9991960000000002,-0.43451887985290016
thompson,17,47,2,0.96875,0.22875337342241864,0.46875,0.25055474999999994,-0.021738376577581264
thompson,17,48,1,1.0,0.5647761197385878,0.03125,0.9991960000000002,-0.43451888026141205
thompson,17,48,2,0.96875,0.22875012016657525,0.46875,0.25055474999999994,-0.021741629833424647
thompson,17,49,1,1.0,0.5647761193300788,0.03125,0.9991960000000002,-0.43451888066992106
thompson,17,49,2,0.96875,0.22874686691070878,0.46875,0.25055474999999994,-0.021744883089291123
thompson,18,0,1,1.0,0.5901402668963611,0.0625,0.9992769999999999,-0.40922373310363913
thompson,18,0,2,0.96875,0.25044131109772994,0.53125,0.25044875,0.0002673110977300386
thompson,18,1,1,1.0,0.5901402664880426,0.0625,0.9992769999999999,-0.4092237335119576
thompson,18,1,2,0.96875,0.25043831155952906,0.53125,0.25044875,0.0002643115595291623
thompson,18,2,1,1.0,0.5901402660796724,0.0625,0.9992769999999999,-0.40922373392032785
thompson,18,2,2,0.96875,0.25043531202137087,0.53125,0.25044875,0.0002613120213709741
thompson,18,3,1,1.0,0.5901402656712462,0.0625,0.9992769999999999,-0.40922373432875403
thompson,18,3,2,0.96875,0.25043231248319553,0.53125,0.25044875,0.00025831248319563294
thompson,18,4,1,1.0,0.5901402652628933,0.0625,0.9992769999999999,-0.40922373473710694
thompson,18,4,2,0.96875,0.25042931294502574,0.53125,0.25044875,0.0002553129450258429
thompson,18,5,1,1.0,0.5901402648544731,0.0625,0.9992769999999999,-0.4092237351455271
thompson,18,5,2,0.96875,0.2504263134068547,0.53125,0.25044875,0.0002523134068547761
thompson,18,6,1,1.0,0.5901402644461029,0.0625,0.9992769999999999,-0.40922373555389735
thompson,18,6,2,0.96875,0.25042331386866723,0.53125,0.25044875,0.0002493138686673335
thompson,18,7,1,1.0,0.5901402640377877,0.0625,0.9992769999999999,-0.4092237359622125
thompson,18,7,2,0.96875,0.25042031433049877,0.53125,0.25044875,0.00024631433049887574
thompson,18,8,1,1.0,0.5901402636293269,0.0625,0.9992769999999999,-0.40922373637067333
thompson,18,8,2,0.96875,0.25041731479232193,0.53125,0.25044875,0.0002433147923220358
thompson,18,9,1,1.0,0.5901402632208737,0.0625,0.9992769999999999,-0.4092237367791266
thompson,18,9,2,0.96875,0.2504143152541509,0.53125,0.25044875,0.0002403152541510245
thompson,18,10,1,1.0,0.5901402628125303,0.0625,0.9992769999999999,-0.40922373718746996
thompson,18,10,2,0.96875,0.2504113157159819,0.53125,0.25044875,0.00023731571598201162
thompson,18,11,1,1.0,0.5901402624040917,0.0625,0.9992769999999999,-0.4092237375959086
thompson,18,11,2,0.96875,0.2504083161778033,0.53125,0.25044875,0.0002343161778033953
thompson,18,12,1,1.0,0.5901402619956861,0.0625,0.9992769999999999,-0.4092237380043141
thompson,18,12,2,0.96875,0.2504053166396354,0.53125,0.25044875,0.00023131663963549265
thompson,18,13,1,1.0,0.5901402615872793,0.0625,0.9992769999999999,-0.40922373841272097
thompson,18,13,2,0.96875,0.2504023171014547,0.53125,0.25044875,0.00022831710145482242
thompson,18,14,1,1.0,0.590140261178969,0.0625,0.9992769999999999,-0.40922373882103125
thompson,18,14,2,0.96875,0.2503993175632753,0.53125,0.25044875,0.00022531756327542896
thompson,18,15,1,1.0,0.59014026077053,0.0625,0.9992769999999999,-0.4092237392294703
thompson,18,15,2,0.96875,0.250396318025087,0.53125,0.25044875,0.0002223180250870982
thompson,18,16,1,1.0,0.5901402603621184,0.0625,0.9992769999999999,-0.40922373963788183
thompson,18,16,2,0.96875,0.2503933184869142,0.53125,0.25044875,0.00021931848691431055
thompson,18,17,1,1.0,0.5901402599537255,0.0625,0.9992769999999999,-0.4092237400462747
thompson,18,17,2,0.96875,0.2503903189487507,0.53125,0.25044875,0.00021631894875079327
thompson,18,18,1,1.0,0.5901402595453609,0.0625,0.9992769999999999,-0.4092237404546394
thompson,18,18,2,0.96875,0.2503873194105727,0.53125,0.25044875,0.00021331941057278758
thompson,18,19,1,1.0,0.5901402591369498,0.0625,0.9992769999999999,-0.40922374086305047
thompson,18,19,2,0.96875,0.25038431987240334,0.53125,0.25044875,0.00021031987240344163
thompson,18,20,1,1.0,0.5901402587285611,0.0625,0.9992769999999999,-0.4092237412714391
thompson,18,20,2,0.96875,0.2503813203342387,0.53125,0.25044875,0.00020732033423881413
thompson,18,21,1,1.0,0.5901402583201405,0.0625,0.9992769999999999,-0.40922374167985975
thompson,18,21,2,0.96875,0.25037832079605693,0.53125,0.25044875,0.00020432079605703368
thompson,18,22,1,1.0,0.5119685696195635,0.0,0.9991150000000003,-0.4872394303804365
thompson,18,22,2,0.96875,0.2488784187379781,0.5,0.25061200000000006,-0.0017215812620217097
thompson,18,23,1,1.0,0.5119685696195635,0.0,0.9991150000000003,-0.4872394303804365
thompson,18,23,2,0.96875,0.24887620132133637,0.5,0.25061200000000006,-0.0017237986786634574
thompson,18,24,1,1.0,0.5119685696195635,0.0,0.9991150000000003,-0.4872394303804365
thompson,18,24,2,0.96875,0.24887398390468596,0.5,0.25061200000000006,-0.0017260160953138648
thompson,18,25,1,1.0,0.5119685696195635,0.0,0.9991150000000003,-0.4872394303804365
thompson,18,25,2,0.96875,0.248871766488044,0.5,0.25061200000000006,-0.0017282335119558345
thompson,18,26,1,1.0,0.5119685696195635,0.0,0.9991150000000003,-0.4872394303804365
thompson,18,26,2,0.96875,0.24886954907140413,0.5,0.25061200000000006,-0.0017304509285956948
thompson,18,27,1,1.0,0.5119685696195635,0.0,0.9991150000000003,-0.4872394303804365
thompson,18,27,2,0.96875,0.24886733165475994,0.5,0.25061200000000006,-0.001732668345239885
thompson,18,28,1,1.0,0.5119685696195635,0.0,0.9991150000000003,-0.4872394303804365
thompson,18,28,2,0.96875,0.24886511423811453,0.5,0.25061200000000006,-0.0017348857618852964
thompson,18,29,1,1.0,0.5119685696195635,0.0,0.9991150000000003,-0.4872394303804365
thompson,18,29,2,0.96875,0.248862896821482,0.5,0.25061200000000006,-0.0017371031785178292
thompson,18,30,1,1.0,0.5119685696195635,0.0,0.9991150000000003,-0.4872394303804365
thompson,18,30,2,0.96875,0.2488606794048407,0.5,0.25061200000000006,-0.0017393205951591328
thompson,18,31,1,1.0,0.5119685696195635,0.0,0.9991150000000003,-0.4872394303804365
thompson,18,31,2,0.96875,0.2488584619881904,0.5,0.25061200000000006,-0.0017415380118094292
thompson,18,32,1,1.0,0.5119685696195635,0.0,0.9991150000000003,-0.4872394303804365
thompson,18,32,2,0.96875,0.24885624457154087,0.5,0.25061200000000006,-0.0017437554284589485
thompson,18,33,1,1.0,0.5647761254576359,0.03125,0.9991960000000002,-0.43451887454236393
thompson,18,33,2,0.96875,0.2287989190044406,0.46875,0.25055474999999994,-0.021692830995559298
thompson,18,34,1,1.0,0.5647761250491258,0.03125,0.9991960000000002,-0.43451887495087405
thompson,18,34,2,0.96875,0.22879566574859111,0.46875,0.25055474999999994,-0.021696084251408787
thompson,18,35,1,1.0,0.5647761246406678,0.03125,0.9991960000000002,-0.434518875359332
thompson,18,35,2,0.96875,0.2287924124927213,0.46875,0.25055474999999994,-0.021699337507278593
thompson,18,36,1,1.0,0.5647761242321226,0.03125,0.9991960000000002,-0.4345188757678772
thompson,18,36,2,0.96875,0.22878915923687626,0.46875,0.25055474999999994,-0.02170259076312364
thompson,18,37,1,1.0,0.5647761238236703,0.03125,0.9991960000000002,-0.43451887617632956
thompson,18,37,2,0.96875,0.22878590598101267,0.46875,0.25055474999999994,-0.02170584401898723
thompson,18,38,1,1.0,0.5647761234151353,0.03125,0.9991960000000002,-0.43451887658486454
thompson,18,38,2,0.96875,0.22878265272516785,0.46875,0.25055474999999994,-0.021709097274832057
thompson,18,39,1,1.0,0.5647761230066194,0.03125,0.9991960000000002,-0.43451887699338043
thompson,18,39,2,0.96875,0.22877939946929515,0.46875,0.25055474999999994,-0.02171235053070475
thompson,18,40,1,1.0,0.5647761225981621,0.03125,0.9991960000000002,-0.4345188774018377
thompson,18,40,2,0.96875,0.2287761462134259,0.46875,0.25055474999999994,-0.021715603786574
thompson,18,41,1,1.0,0.5647761221895896,0.03125,0.9991960000000002,-0.4345188778104102
thompson,18,41,2,0.96875,0.2287728929575521,0.46875,0.25055474999999994,-0.021718857042447803
thompson,18,42,1,1.0,0.5647761217811863,0.03125,0.9991960000000002,-0.4345188782188135
thompson,18,42,2,0.96875,0.22876963970171071,0.46875,0.25055474999999994,-0.021722110298289188
thompson,18,43,1,1.0,0.5647761213726871,0.03125,0.9991960000000002,-0.43451887862731275
thompson,18,43,2,0.96875,0.22876638644584701,0.46875,0.25055474999999994,-0.021725363554152888
thompson,18,44,1,1.0,0.5647761209642069,0.03125,0.9991960000000002,-0.4345188790357929
thompson,18,44,2,0.96875,0.22876313318999997,0.46875,0.25055474999999994,-0.021728616809999934
thompson,18,45,1,1.0,0.5647761205556129,0.03125,0.9991960000000002,-0.43451887944438694
thompson,18,45,2,0.96875,0.2287598799341366,0.46875,0.25055474999999994,-0.0217318700658633
thompson,18,46,1,1.0,0.5647761201471314,0.03125,0.9991960000000002,-0.4345188798528684
thompson,18,46,2,0.96875,0.2287566266782699,0.46875,0.25055474999999994,-0.02173512332173
thompson,18,47,1,1.0,0.564776119738739,0.03125,0.9991960000000002,-0.43451888026126084
thompson,18,47,2,0.96875,0.22875337342241864,0.46875,0.25055474999999994,-0.021738376577581264
thompson,18,48,1,1.0,0.5647761193302271,0.03125,0.9991960000000002,-0.43451888066977273
thompson,18,48,2,0.96875,0.22875012016657525,0.46875,0.25055474999999994,-0.021741629833424647
thompson,18,49,1,1.0,0.5647761189217181,0.03125,0.9991960000000002,-0.43451888107828174
thompson,18,49,2,0.96875,0.22874686691070878,0.46875,0.25055474999999994,-0.021744883089291123
thompson,19,0,1,1.0,0.5901402664879252,0.0625,0.9992769999999999,-0.4092237335120751
thompson,19,0,2,0.96875,0.2504384781023742,0.53125,0.25044875,0.00026447810237428815
thompson,19,1,1,1.0,0.5901402660796067,0.0625,0.9992769999999999,-0.4092237339203936
thompson,19,1,2,0.96875,0.2504354785641733,0.53125,0.25044875,0.00026147856417341186
thompson,19,2,1,1.0,0.5901402656712365,0.0625,0.9992769999999999,-0.4092237343287638
thompson,19,2,2,0.96875,0.2504324790260151,0.53125,0.25044875,0.00025847902601522366
thompson,19,3,1,1.0,0.5901402652628103,0.0625,0.9992769999999999,-0.40922373473719
thompson,19,3,2,0.96875,0.2504294794878398,0.53125,0.25044875,0.0002554794878398825
thompson,19,4,1,1.0,0.5901402648544574,0.0625,0.9992769999999999,-0.4092237351455429
thompson,19,4,2,0.96875,0.25042647994967,0.53125,0.25044875,0.00025247994967009246
thompson,19,5,1,1.0,0.5901402644460372,0.0625,0.9992769999999999,-0.4092237355539631
thompson,19,5,2,0.96875,0.2504234804114989,0.53125,0.25044875,0.00024948041149902567
thompson,19,6,1,1.0,0.590140264037667,0.0625,0.9992769999999999,-0.4092237359623333
thompson,19,6,2,0.96875,0.2504204808733115,0.53125,0.25044875,0.0002464808733115831
thompson,19,7,1,1.0,0.5901402636293518,0.0625,0.9992769999999999,-0.40922373637064846
thompson,19,7,2,0.96875,0.250417481335143,0.53125,0.25044875,0.0002434813351431253
thompson,19,8,1,1.0,0.590140263220891,0.0625,0.9992769999999999,-0.4092237367791093
thompson,19,8,2,0.96875,0.2504144817969662,0.53125,0.25044875,0.00024048179696628535
thompson,19,9,1,1.0,0.5901402628124377,0.0625,0.9992769999999999,-0.40922373718756255
thompson,19,9,2,0.96875,0.25041148225879517,0.53125,0.25044875,0.00023748225879527407
thompson,19,10,1,1.0,0.5901402624040943,0.0625,0.9992769999999999,-0.4092237375959059
thompson,19,10,2,0.96875,0.25040848272062616,0.53125,0.25044875,0.0002344827206262612
thompson,19,11,1,1.0,0.5901402619956557,0.0625,0.9992769999999999,-0.40922373800434453
thompson,19,11,2,0.96875,0.25040548318244754,0.53125,0.25044875,0.00023148318244764488
thompson,19,12,1,1.0,0.5901402615872502,0.0625,0.9992769999999999,-0.40922373841275006
thompson,19,12,2,0.96875,0.25040248364427964,0.53125,0.25044875,0.00022848364427974222
thompson,19,13,1,1.0,0.5901402611788433,0.0625,0.9992769999999999,-0.4092237388211569
thompson,19,13,2,0.96875,0.25039948410609897,0.53125,0.25044875,0.000225484106099072
thompson,19,14,1,1.0,0.590140260770533,0.0625,0.9992769999999999,-0.4092237392294672
thompson,19,14,2,0.96875,0.2503964845679196,0.53125,0.25044875,0.00022248456791967852
thompson,19,15,1,1.0,0.590140260362094,0.0625,0.9992769999999999,-0.40922373963790626
thompson,19,15,2,0.96875,0.25039348502973124,0.53125,0.25044875,0.00021948502973134776
thompson,19,16,1,1.0,0.5901402599536825,0.0625,0.9992769999999999,-0.4092237400463178
thompson,19,16,2,0.96875,0.25039048549155846,0.53125,0.25044875,0.00021648549155856012
thompson,19,17,1,1.0,0.5901402595452896,0.0625,0.9992769999999999,-0.40922374045471066
thompson,19,17,2,0.96875,0.25038748595339494,0.53125,0.25044875,0.00021348595339504284
thompson,19,18,1,1.0,0.5901402591369249,0.0625,0.9992769999999999,-0.40922374086307534
thompson,19,18,2,0.96875,0.25038448641521693,0.53125,0.25044875,0.00021048641521703715
thompson,19,19,1,1.0,0.5901402587285138,0.0625,0.9992769999999999,-0.4092237412714864
thompson,19,19,2,0.96875,0.2503814868770476,0.53125,0.25044875,0.0002074868770476912
thompson,19,20,1,1.0,0.5901402583201252,0.0625,0.9992769999999999,-0.4092237416798751
thompson,19,20,2,0.96875,0.25037848733888296,0.53125,0.25044875,0.0002044873388830637
thompson,19,21,1,1.0,0.5901402579117045,0.0625,0.9992769999999999,-0.4092237420882957
thompson,19,21,2,0.96875,0.2503754878007012,0.53125,0.25044875,0.00020148780070128325
thompson,19,22,1,1.0,0.5119685688024895,0.0,0.9991150000000003,-0.48723943119751045
thompson,19,22,2,0.96875,0.24887717453907254,0.5,0.25061200000000006,-0.0017228254609272797
thompson,19,23,1,1.0,0.5119685688024895,0.0,0.9991150000000003,-0.48723943119751045
thompson,19,23,2,0.96875,0.2488749571224308,0.5,0.25061200000000006,-0.0017250428775690274
thompson,19,24,1,1.0,0.5119685688024895,0.0,0.9991150000000003,-0.48723943119751045
thompson,19,24,2,0.96875,0.2488727397057804,0.5,0.25061200000000006,-0.0017272602942194348
thompson,19,25,1,1.0,0.5119685688024895,0.0,0.9991150000000003,-0.48723943119751045
thompson,19,25,2,0.96875,0.24887052228913842,0.5,0.25061200000000006,-0.0017294777108614046
thompson,19,26,1,1.0,0.5119685688024895,0.0,0.9991150000000003,-0.48723943119751045
thompson,19,26,2,0.96875,0.24886830487249856,0.5,0.25061200000000006,-0.0017316951275012649
thompson,19,27,1,1.0,0.5119685688024895,0.0,0.9991150000000003,-0.48723943119751045
thompson,19,27,2,0.96875,0.24886608745585437,0.5,0.25061200000000006,-0.001733912544145455
thompson,19,28,1,1.0,0.5119685688024895,0.0,0.9991150000000003,-0.48723943119751045
thompson,19,28,2,0.96875,0.24886387003920896,0.5,0.25061200000000006,-0.0017361299607908665
thompson,19,29,1,1.0,0.5119685688024895,0.0,0.9991150000000003,-0.48723943119751045
thompson,19,29,2,0.96875,0.24886165262257642,0.5,0.25061200000000006,-0.0017383473774233993
thompson,19,30,1,1.0,0.5119685688024895,0.0,0.9991150000000003,-0.48723943119751045
thompson,19,30,2,0.96875,0.24885943520593512,0.5,0.25061200000000006,-0.0017405647940647029
thompson,19,31,1,1.0,0.5119685688024895,0.0,0.9991150000000003,-0.48723943119751045
thompson,19,31,2,0.96875,0.24885721778928482,0.5,0.25061200000000006,-0.0017427822107149993
thompson,19,32,1,1.0,0.5119685688024895,0.0,0.9991150000000003,-0.48723943119751045
thompson,19,32,2,0.96875,0.2488550003726353,0.5,0.25061200000000006,-0.0017449996273645185
thompson,19,33,1,1.0,0.5647761250491886,0.03125,0.9991960000000002,-0.4345188749508112
thompson,19,33,2,0.96875,0.2287989190044406,0.46875,0.25055474999999994,-0.021692830995559298
thompson,19,34,1,1.0,0.5647761246406785,0.03125,0.9991960000000002,-0.4345188753593213
thompson,19,34,2,0.96875,0.22879566574859111,0.46875,0.25055474999999994,-0.021696084251408787
thompson,19,35,1,1.0,0.5647761242322206,0.03125,0.9991960000000002,-0.43451887576777926
thompson,19,35,2,0.96875,0.2287924124927213,0.46875,0.25055474999999994,-0.021699337507278593
thompson,19,36,1,1.0,0.5647761238236754,0.03125,0.9991960000000002,-0.43451887617632445
thompson,19,36,2,0.96875,0.22878915923687626,0.46875,0.25055474999999994,-0.02170259076312364
thompson,19,37,1,1.0,0.564776123415223,0.03125,0.9991960000000002,-0.43451887658477684
thompson,19,37,2,0.96875,0.22878590598101267,0.46875,0.25055474999999994,-0.02170584401898723
thompson,19,38,1,1.0,0.564776123006688,0.03125,0.9991960000000002,-0.4345188769933118
thompson,19,38,2,0.96875,0.22878265272516785,0.46875,0.25055474999999994,-0.021709097274832057
thompson,19,39,1,1.0,0.5647761225981721,0.03125,0.9991960000000002,-0.4345188774018277
thompson,19,39,2,0.96875,0.22877939946929515,0.46875,0.25055474999999994,-0.02171235053070475
thompson,19,40,1,1.0,0.5647761221897148,0.03125,0.9991960000000002,-0.434518877810285
thompson,19,40,2,0.96875,0.2287761462134259,0.46875,0.25055474999999994,-0.021715603786574
thompson,19,41,1,1.0,0.5647761217811423,0.03125,0.9991960000000002,-0.4345188782188575
thompson,19,41,2,0.96875,0.2287728929575521,0.46875,0.25055474999999994,-0.021718857042447803
thompson,19,42,1,1.0,0.564776121372739,0.03125,0.9991960000000002,-0.4345188786272608
thompson,19,42,2,0.96875,0.22876963970171071,0.46875,0.25055474999999994,-0.021722110298289188
thompson,19,43,1,1.0,0.5647761209642398,0.03125,0.9991960000000002,-0.43451887903576003
thompson,19,43,2,0.96875,0.22876638644584701,0.46875,0.25055474999999994,-0.021725363554152888
thompson,19,44,1,1.0,0.5647761205557597,0.03125,0.9991960000000002,-0.43451887944424017
thompson,19,44,2,0.96875,0.22876313318999997,0.46875,0.25055474999999994,-0.021728616809999934
thompson,19,45,1,1.0,0.5647761201471656,0.03125,0.9991960000000002,-0.4345188798528342
thompson,19,45,2,0.96875,0.2287598799341366,0.46875,0.25055474999999994,-0.0217318700658633
thompson,19,46,1,1.0,0.5647761197386841,0.03125,0.9991960000000002,-0.4345188802613157
thompson,19,46,2,0.96875,0.2287566266782699,0.46875,0.25055474999999994,-0.02173512332173
thompson,19,47,1,1.0,0.5647761193302917,0.03125,0.9991960000000002,-0.4345188806697081
thompson,19,47,2,0.96875,0.22875337342241864,0.46875,0.25055474999999994,-0.021738376577581264
thompson,19,48,1,1.0,0.5647761189217798,0.03125,0.9991960000000002,-0.43451888107822
thompson,19,48,2,0.96875,0.22875012016657525,0.46875,0.25055474999999994,-0.021741629833424647
thompson,19,49,1,1.0,0.5647761185132708,0.03125,0.9991960000000002,-0.434518881486729
thompson,19,49,2,0.96875,0.22874686691070878,0.46875,0.25055474999999994,-0.021744883089291123
thompson,20,0,1,1.0,0.5901402660795361,0.0625,0.9992769999999999,-0.4092237339204642
thompson,20,0,2,0.96875,0.25043564510701516,0.53125,0.25044875,0.00026164510701526256
thompson,20,1,1,1.0,0.5901402656712176,0.0625,0.9992769999999999,-0.4092237343287827
thompson,20,1,2,0.96875,0.2504326455688143,0.53125,0.25044875,0.0002586455688143863
thompson,20,2,1,1.0,0.5901402652628474,0.0625,0.9992769999999999,-0.4092237347371529
thompson,20,2,2,0.96875,0.2504296460306561,0.53125,0.25044875,0.00025564603065619806
thompson,20,3,1,1.0,0.5901402648544212,0.0625,0.9992769999999999,-0.4092237351455791
thompson,20,3,2,0.96875,0.25042664649248075,0.53125,0.25044875,0.0002526464924808569
thompson,20,4,1,1.0,0.5901402644460683,0.0625,0.9992769999999999,-0.409223735553932
thompson,20,4,2,0.96875,0.25042364695431096,0.53125,0.25044875,0.00024964695431106687
thompson,20,5,1,1.0,0.5901402640376481,0.0625,0.9992769999999999,-0.4092237359623522
thompson,20,5,2,0.96875,0.2504206474161399,0.53125,0.25044875,0.0002466474161400001
thompson,20,6,1,1.0,0.5901402636292779,0.0625,0.9992769999999999,-0.4092237363707224
thompson,20,6,2,0.96875,0.25041764787795245,0.53125,0.25044875,0.0002436478779525575
thompson,20,7,1,1.0,0.5901402632209627,0.0625,0.9992769999999999,-0.40922373677903756
thompson,20,7,2,0.96875,0.250414648339784,0.53125,0.25044875,0.00024064833978409972
thompson,20,8,1,1.0,0.5901402628125019,0.0625,0.9992769999999999,-0.4092237371874984
thompson,20,8,2,0.96875,0.25041164880160716,0.53125,0.25044875,0.00023764880160725976
thompson,20,9,1,1.0,0.5901402624040486,0.0625,0.9992769999999999,-0.40922373759595165
thompson,20,9,2,0.96875,0.25040864926343614,0.53125,0.25044875,0.00023464926343624848
thompson,20,10,1,1.0,0.5901402619957052,0.0625,0.9992769999999999,-0.409223738004295
thompson,20,10,2,0.96875,0.25040564972526713,0.53125,0.25044875,0.0002316497252672356
thompson,20,11,1,1.0,0.5901402615872666,0.0625,0.9992769999999999,-0.40922373841273363
thompson,20,11,2,0.96875,0.2504026501870885,0.53125,0.25044875,0.00022865018708861928
thompson,20,12,1,1.0,0.5901402611788611,0.0625,0.9992769999999999,-0.40922373882113916
thompson,20,12,2,0.96875,0.2503996506489206,0.53125,0.25044875,0.00022565064892071662
thompson,20,13,1,1.0,0.5901402607704542,0.0625,0.9992769999999999,-0.409223739229546
thompson,20,13,2,0.96875,0.25039665111073994,0.53125,0.25044875,0.0002226511107400464
thompson,20,14,1,1.0,0.590140260362144,0.0625,0.9992769999999999,-0.4092237396378563
thompson,20,14,2,0.96875,0.25039365157256055,0.53125,0.25044875,0.00021965157256065293
thompson,20,15,1,1.0,0.5901402599537049,0.0625,0.9992769999999999,-0.40922374004629536
thompson,20,15,2,0.96875,0.2503906520343722,0.53125,0.25044875,0.00021665203437232217
thompson,20,16,1,1.0,0.5901402595452934,0.0625,0.9992769999999999,-0.4092237404547069
thompson,20,16,2,0.96875,0.25038765249619943,0.53125,0.25044875,0.00021365249619953453
thompson,20,17,1,1.0,0.5901402591369005,0.0625,0.9992769999999999,-0.40922374086309976
thompson,20,17,2,0.96875,0.2503846529580359,0.53125,0.25044875,0.00021065295803601725
thompson,20,18,1,1.0,0.5901402587285358,0.0625,0.9992769999999999,-0.40922374127146444
thompson,20,18,2,0.96875,0.2503816534198579,0.53125,0.25044875,0.00020765341985801156
thompson,20,19,1,1.0,0.5901402583201247,0.0625,0.9992769999999999,-0.4092237416798755
thompson,20,19,2,0.96875,0.25037865388168856,0.53125,0.25044875,0.0002046538816886656
thompson,20,20,1,1.0,0.5901402579117361,0.0625,0.9992769999999999,-0.4092237420882642
thompson,20,20,2,0.96875,0.25037565434352393,0.53125,0.25044875,0.0002016543435240381
thompson,20,21,1,1.0,0.5901402575033154,0.0625,0.9992769999999999,-0.4092237424966848
thompson,20,21,2,0.96875,0.25037265480534215,0.53125,0.25044875,0.00019865480534225766
thompson,20,22,1,1.0,0.5119685679855184,0.0,0.9991150000000003,-0.4872394320144816
thompson,20,22,2,0.96875,0.2488759303402045,0.5,0.25061200000000006,-0.0017240696597953242
thompson,20,23,1,1.0,0.5119685679855184,0.0,0.9991150000000003,-0.4872394320144816
thompson,20,23,2,0.96875,0.24887371292356275,0.5,0.25061200000000006,-0.001726287076437072
thompson,20,24,1,1.0,0.5119685679855184,0.0,0.9991150000000003,-0.4872394320144816
thompson,20,24,2,0.96875,0.24887149550691234,0.5,0.25061200000000006,-0.0017285044930874793
thompson,20,25,1,1.0,0.5119685679855184,0.0,0.9991150000000003,-0.4872394320144816
thompson,20,25,2,0.96875,0.24886927809027037,0.5,0.25061200000000006,-0.001730721909729449
thompson,20,26,1,1.0,0.5119685679855184,0.0,0.9991150000000003,-0.4872394320144816
thompson,20,26,2,0.96875,0.2488670606736305,0.5,0.25061200000000006,-0.0017329393263693094
thompson,20,27,1,1.0,0.5119685679855184,0.0,0.9991150000000003,-0.4872394320144816
thompson,20,27,2,0.96875,0.24886484325698632,0.5,0.25061200000000006,-0.0017351567430134995
thompson,20,28,1,1.0,0.5119685679855184,0.0,0.9991150000000003,-0.4872394320144816
thompson,20,28,2,0.96875,0.2488626258403409,0.5,0.25061200000000006,-0.001737374159658911
thompson,20,29,1,1.0,0.5119685679855184,0.0,0.9991150000000003,-0.4872394320144816
thompson,20,29,2,0.96875,0.24886040842370838,0.5,0.25061200000000006,-0.0017395915762914438
thompson,20,30,1,1.0,0.5119685679855184,0.0,0.9991150000000003,-0.4872394320144816
thompson,20,30,2,0.96875,0.24885819100706708,0.5,0.25061200000000006,-0.0017418089929327474
thompson,20,31,1,1.0,0.5119685679855184,0.0,0.9991150000000003,-0.4872394320144816
thompson,20,31,2,0.96875,0.24885597359041678,0.5,0.25061200000000006,-0.0017440264095830438
thompson,20,32,1,1.0,0.5119685679855184,0.0,0.9991150000000003,-0.4872394320144816
thompson,20,32,2,0.96875,0.24885375617376726,0.5,0.25061200000000006,-0.001746243826232563
thompson,20,33,1,1.0,0.5647761246408186,0.03125,0.9991960000000002,-0.4345188753591812
thompson,20,33,2,0.96875,0.2287989190044406,0.46875,0.25055474999999994,-0.021692830995559298
thompson,20,34,1,1.0,0.5647761242323085,0.03125,0.9991960000000002,-0.4345188757676913
thompson,20,34,2,0.96875,0.22879566574859111,0.46875,0.25055474999999994,-0.021696084251408787
thompson,20,35,1,1.0,0.5647761238238506,0.03125,0.9991960000000002,-0.43451887617614926
thompson,20,35,2,0.96875,0.2287924124927213,0.46875,0.25055474999999994,-0.021699337507278593
thompson,20,36,1,1.0,0.5647761234153054,0.03125,0.9991960000000002,-0.43451887658469446
thompson,20,36,2,0.96875,0.22878915923687626,0.46875,0.25055474999999994,-0.02170259076312364
thompson,20,37,1,1.0,0.564776123006853,0.03125,0.9991960000000002,-0.43451887699314684
thompson,20,37,2,0.96875,0.22878590598101267,0.46875,0.25055474999999994,-0.02170584401898723
thompson,20,38,1,1.0,0.564776122598318,0.03125,0.9991960000000002,-0.4345188774016818
thompson,20,38,2,0.96875,0.22878265272516785,0.46875,0.25055474999999994,-0.021709097274832057
thompson,20,39,1,1.0,0.5647761221898021,0.03125,0.9991960000000002,-0.4345188778101977
thompson,20,39,2,0.96875,0.22877939946929515,0.46875,0.25055474999999994,-0.02171235053070475
thompson,20,40,1,1.0,0.5647761217813448,0.03125,0.9991960000000002,-0.434518878218655
thompson,20,40,2,0.96875,0.2287761462134259,0.46875,0.25055474999999994,-0.021715603786574
thompson,20,41,1,1.0,0.5647761213727723,0.03125,0.9991960000000002,-0.4345188786272275
thompson,20,41,2,0.96875,0.2287728929575521,0.46875,0.25055474999999994,-0.021718857042447803
thompson,20,42,1,1.0,0.564776120964369,0.03125,0.9991960000000002,-0.4345188790356308
thompson,20,42,2,0.96875,0.22876963970171071,0.46875,0.25055474999999994,-0.021722110298289188
thompson,20,43,1,1.0,0.5647761205558698,0.03125,0.9991960000000002,-0.43451887944413004
thompson,20,43,2,0.96875,0.22876638644584701,0.46875,0.25055474999999994,-0.021725363554152888
thompson,20,44,1,1.0,0.5647761201473896,0.03125,0.9991960000000002,-0.4345188798526102
thompson,20,44,2,0.96875,0.22876313318999997,0.46875,0.25055474999999994,-0.021728616809999934
thompson,20,45,1,1.0,0.5647761197387956,0.03125,0.9991960000000002,-0.4345188802612042
thompson,20,45,2,0.96875,0.2287598799341366,0.46875,0.25055474999999994,-0.0217318700658633
thompson,20,46,1,1.0,0.5647761193303141,0.03125,0.9991960000000002,-0.4345188806696857
thompson,20,46,2,0.96875,0.2287566266782699,0.46875,0.25055474999999994,-0.02173512332173
thompson,20,47,1,1.0,0.5647761189219217,0.03125,0.9991960000000002,-0.4345188810780781
thompson,20,47,2,0.96875,0.22875337342241864,0.46875,0.25055474999999994,-0.021738376577581264
thompson,20,48,1,1.0,0.5647761185134098,0.03125,0.9991960000000002,-0.43451888148659
thompson,20,48,2,0.96875,0.22875012016657525,0.46875,0.25055474999999994,-0.021741629833424647
thompson,20,49,1,1.0,0.5647761181049008,0.03125,0.9991960000000002,-0.434518881895099
thompson,20,49,2,0.96875,0.22874686691070878,0.46875,0.25055474999999994,-0.021744883089291123
thompson,21,0,1,1.0,0.5901402656711061,0.0625,0.9992769999999999,-0.40922373432889414
thompson,21,0,2,0.96875,0.25043281211166424,0.53125,0.25044875,0.0002588121116643416
thompson,21,1,1,1.0,0.5901402652627876,0.0625,0.9992769999999999,-0.40922373473721263
thompson,21,1,2,0.96875,0.25042981257346336,0.53125,0.25044875,0.0002558125734634653
thompson,21,2,1,1.0,0.5901402648544174,0.0625,0.9992769999999999,-0.40922373514558286
thompson,21,2,2,0.96875,0.2504268130353052,0.53125,0.25044875,0.0002528130353052771
thompson,21,3,1,1.0,0.5901402644459912,0.0625,0.9992769999999999,-0.40922373555400904
thompson,21,3,2,0.96875,0.25042381349712983,0.53125,0.25044875,0.00024981349712993595
thompson,21,4,1,1.0,0.5901402640376383,0.0625,0.9992769999999999,-0.40922373596236195
thompson,21,4,2,0.96875,0.25042081395896004,0.53125,0.25044875,0.0002468139589601459
thompson,21,5,1,1.0,0.5901402636292181,0.0625,0.9992769999999999,-0.40922373637078213
thompson,21,5,2,0.96875,0.250417814420789,0.53125,0.25044875,0.0002438144207890791
thompson,21,6,1,1.0,0.5901402632208479,0.0625,0.9992769999999999,-0.40922373677915236
thompson,21,6,2,0.96875,0.25041481488260153,0.53125,0.25044875,0.00024081488260163653
thompson,21,7,1,1.0,0.5901402628125327,0.0625,0.9992769999999999,-0.4092237371874675
thompson,21,7,2,0.96875,0.2504118153444331,0.53125,0.25044875,0.00023781534443317875
thompson,21,8,1,1.0,0.5901402624040719,0.0625,0.9992769999999999,-0.40922373759592834
thompson,21,8,2,0.96875,0.25040881580625624,0.53125,0.25044875,0.0002348158062563388
thompson,21,9,1,1.0,0.5901402619956186,0.0625,0.9992769999999999,-0.4092237380043816
thompson,21,9,2,0.96875,0.2504058162680852,0.53125,0.25044875,0.00023181626808532751
thompson,21,10,1,1.0,0.5901402615872753,0.0625,0.9992769999999999,-0.40922373841272497
thompson,21,10,2,0.96875,0.2504028167299162,0.53125,0.25044875,0.00022881672991631463
thompson,21,11,1,1.0,0.5901402611788367,0.0625,0.9992769999999999,-0.4092237388211636
thompson,21,11,2,0.96875,0.2503998171917376,0.53125,0.25044875,0.00022581719173769832
thompson,21,12,1,1.0,0.5901402607704311,0.0625,0.9992769999999999,-0.4092237392295691
thompson,21,12,2,0.96875,0.2503968176535697,0.53125,0.25044875,0.00022281765356979566
thompson,21,13,1,1.0,0.5901402603620243,0.0625,0.9992769999999999,-0.409223739637976
thompson,21,13,2,0.96875,0.250393818115389,0.53125,0.25044875,0.00021981811538912543
thompson,21,14,1,1.0,0.590140259953714,0.0625,0.9992769999999999,-0.40922374004628626
thompson,21,14,2,0.96875,0.25039081857720963,0.53125,0.25044875,0.00021681857720973197
thompson,21,15,1,1.0,0.5901402595452749,0.0625,0.9992769999999999,-0.4092237404547253
thompson,21,15,2,0.96875,0.2503878190390213,0.53125,0.25044875,0.0002138190390214012
thompson,21,16,1,1.0,0.5901402591368634,0.0625,0.9992769999999999,-0.40922374086313684
thompson,21,16,2,0.96875,0.2503848195008485,0.53125,0.25044875,0.00021081950084861356
thompson,21,17,1,1.0,0.5901402587284705,0.0625,0.9992769999999999,-0.4092237412715297
thompson,21,17,2,0.96875,0.250381819962685,0.53125,0.25044875,0.00020781996268509628
thompson,21,18,1,1.0,0.5901402583201059,0.0625,0.9992769999999999,-0.4092237416798944
thompson,21,18,2,0.96875,0.250378820424507,0.53125,0.25044875,0.0002048204245070906
thompson,21,19,1,1.0,0.5901402579116948,0.0625,0.9992769999999999,-0.4092237420883055
thompson,21,19,2,0.96875,0.25037582088633764,0.53125,0.25044875,0.00020182088633774464
thompson,21,20,1,1.0,0.5901402575033061,0.0625,0.9992769999999999,-0.40922374249669413
thompson,21,20,2,0.96875,0.250372821348173,0.53125,0.25044875,0.00019882134817311714
thompson,21,21,1,1.0,0.5901402570948855,0.0625,0.9992769999999999,-0.40922374290511476
thompson,21,21,2,0.96875,0.25036982180999123,0.53125,0.25044875,0.0001958218099913367
thompson,21,22,1,1.0,0.5119685671684009,0.0,0.9991150000000003,-0.4872394328315991
thompson,21,22,2,0.96875,0.24887468614129982,0.5,0.25061200000000006,-0.001725313858700006
thompson,21,23,1,1.0,0.5119685671684009,0.0,0.9991150000000003,-0.4872394328315991
thompson,21,23,2,0.96875,0.24887246872465807,0.5,0.25061200000000006,-0.0017275312753417538
thompson,21,24,1,1.0,0.5119685671684009,0.0,0.9991150000000003,-0.4872394328315991
thompson,21,24,2,0.96875,0.24887025130800766,0.5,0.25061200000000006,-0.0017297486919921612
thompson,21,25,1,1.0,0.5119685671684009,0.0,0.9991150000000003,-0.4872394328315991
thompson,21,25,2,0.96875,0.2488680338913657,0.5,0.25061200000000006,-0.001731966108634131
thompson,21,26,1,1.0,0.5119685671684009,0.0,0.9991150000000003,-0.4872394328315991
thompson,21,26,2,0.96875,0.24886581647472583,0.5,0.25061200000000006,-0.0017341835252739912
thompson,21,27,1,1.0,0.5119685671684009,0.0,0.9991150000000003,-0.4872394328315991
thompson,21,27,2,0.96875,0.24886359905808164,0.5,0.25061200000000006,-0.0017364009419181814
thompson,21,28,1,1.0,0.5119685671684009,0.0,0.9991150000000003,-0.4872394328315991
thompson,21,28,2,0.96875,0.24886138164143623,0.5,0.25061200000000006,-0.0017386183585635928
thompson,21,29,1,1.0,0.5119685671684009,0.0,0.9991150000000003,-0.4872394328315991
thompson,21,29,2,0.96875,0.2488591642248037,0.5,0.25061200000000006,-0.0017408357751961256
thompson,21,30,1,1.0,0.5119685671684009,0.0,0.9991150000000003,-0.4872394328315991
thompson,21,30,2,0.96875,0.2488569468081624,0.5,0.25061200000000006,-0.0017430531918374292
thompson,21,31,1,1.0,0.5119685671684009,0.0,0.9991150000000003,-0.4872394328315991
thompson,21,31,2,0.96875,0.2488547293915121,0.5,0.25061200000000006,-0.0017452706084877256
thompson,21,32,1,1.0,0.5119685671684009,0.0,0.9991150000000003,-0.4872394328315991
thompson,21,32,2,0.96875,0.24885251197486258,0.5,0.25061200000000006,-0.0017474880251372449
thompson,21,33,1,1.0,0.564776124232438,0.03125,0.9991960000000002,-0.4345188757675619
thompson,21,33,2,0.96875,0.2287989190044406,0.46875,0.25055474999999994,-0.021692830995559298
thompson,21,34,1,1.0,0.5647761238239278,0.03125,0.9991960000000002,-0.434518876176072
thompson,21,34,2,0.96875,0.22879566574859111,0.46875,0.25055474999999994,-0.021696084251408787
thompson,21,35,1,1.0,0.5647761234154699,0.03125,0.9991960000000002,-0.4345188765845299
thompson,21,35,2,0.96875,0.2287924124927213,0.46875,0.25055474999999994,-0.021699337507278593
thompson,21,36,1,1.0,0.5647761230069247,0.03125,0.9991960000000002,-0.4345188769930751
thompson,21,36,2,0.96875,0.22878915923687626,0.46875,0.25055474999999994,-0.02170259076312364
thompson,21,37,1,1.0,0.5647761225984723,0.03125,0.9991960000000002,-0.4345188774015275
thompson,21,37,2,0.96875,0.22878590598101267,0.46875,0.25055474999999994,-0.02170584401898723
thompson,21,38,1,1.0,0.5647761221899373,0.03125,0.9991960000000002,-0.4345188778100625
thompson,21,38,2,0.96875,0.22878265272516785,0.46875,0.25055474999999994,-0.021709097274832057
thompson,21,39,1,1.0,0.5647761217814214,0.03125,0.9991960000000002,-0.4345188782185784
thompson,21,39,2,0.96875,0.22877939946929515,0.46875,0.25055474999999994,-0.02171235053070475
thompson,21,40,1,1.0,0.5647761213729642,0.03125,0.9991960000000002,-0.43451887862703564
thompson,21,40,2,0.96875,0.2287761462134259,0.46875,0.25055474999999994,-0.021715603786574
thompson,21,41,1,1.0,0.5647761209643917,0.03125,0.9991960000000002,-0.43451887903560815
thompson,21,41,2,0.96875,0.2287728929575521,0.46875,0.25055474999999994,-0.021718857042447803
thompson,21,42,1,1.0,0.5647761205559884,0.03125,0.9991960000000002,-0.43451887944401146
thompson,21,42,2,0.96875,0.22876963970171071,0.46875,0.25055474999999994,-0.021722110298289188
thompson,21,43,1,1.0,0.5647761201474891,0.03125,0.9991960000000002,-0.4345188798525107
thompson,21,43,2,0.96875,0.22876638644584701,0.46875,0.25055474999999994,-0.021725363554152888
thompson,21,44,1,1.0,0.564776119739009,0.03125,0.9991960000000002,-0.43451888026099084
thompson,21,44,2,0.96875,0.22876313318999997,0.46875,0.25055474999999994,-0.021728616809999934
thompson,21,45,1,1.0,0.5647761193304149,0.03125,0.9991960000000002,-0.4345188806695849
thompson,21,45,2,0.96875,0.2287598799341366,0.46875,0.25055474999999994,-0.0217318700658633
thompson,21,46,1,1.0,0.5647761189219335,0.03125,0.9991960000000002,-0.43451888107806635
thompson,21,46,2,0.96875,0.2287566266782699,0.46875,0.25055474999999994,-0.02173512332173
thompson,21,47,1,1.0,0.564776118513541,0.03125,0.9991960000000002,-0.4345188814864588
thompson,21,47,2,0.96875,0.22875337342241864,0.46875,0.25055474999999994,-0.021738376577581264
thompson,21,48,1,1.0,0.5647761181050291,0.03125,0.9991960000000002,-0.4345188818949707
thompson,21,48,2,0.96875,0.22875012016657525,0.46875,0.25055474999999994,-0.021741629833424647
thompson,21,49,1,1.0,0.5647761176965201,0.03125,0.9991960000000002,-0.4345188823034797
thompson,21,49,2,0.96875,0.22874686691070878,0.46875,0.25055474999999994,-0.021744883089291123
thompson,22,0,1,1.0,0.5901402652627488,0.0625,0.999277,-0.4092237347372515
thompson,22,0,2,0.96875,0.25042997911629544,0.53125,0.25044875,0.00025597911629554604
thompson,22,1,1,1.0,0.5901402648544303,0.0625,0.999277,-0.40922373514557
thompson,22,1,2,0.96875,0.25042697957809457,0.53125,0.25044875,0.00025297957809466975
thompson,22,2,1,1.0,0.59014026444606,0.0625,0.999277,-0.4092237355539402
thompson,22,2,2,0.96875,0.2504239800399364,0.53125,0.25044875,0.00024998003993648155
thompson,22,3,1,1.0,0.5901402640376339,0.0625,0.999277,-0.4092237359623664
thompson,22,3,2,0.96875,0.25042098050176104,0.53125,0.25044875,0.0002469805017611404
thompson,22,4,1,1.0,0.590140263629281,0.0625,0.999277,-0.4092237363707193
thompson,22,4,2,0.96875,0.25041798096359125,0.53125,0.25044875,0.00024398096359135035
thompson,22,5,1,1.0,0.5901402632208608,0.0625,0.999277,-0.4092237367791395
thompson,22,5,2,0.96875,0.2504149814254202,0.53125,0.25044875,0.00024098142542028356
thompson,22,6,1,1.0,0.5901402628124905,0.0625,0.999277,-0.4092237371875097
thompson,22,6,2,0.96875,0.25041198188723274,0.53125,0.25044875,0.00023798188723284097
thompson,22,7,1,1.0,0.5901402624041754,0.0625,0.999277,-0.40922373759582487
thompson,22,7,2,0.96875,0.2504089823490643,0.53125,0.25044875,0.0002349823490643832
thompson,22,8,1,1.0,0.5901402619957146,0.0625,0.999277,-0.4092237380042857
thompson,22,8,2,0.96875,0.25040598281088744,0.53125,0.25044875,0.00023198281088754324
thompson,22,9,1,1.0,0.5901402615872613,0.0625,0.999277,-0.40922373841273896
thompson,22,9,2,0.96875,0.25040298327271643,0.53125,0.25044875,0.00022898327271653196
thompson,22,10,1,1.0,0.5901402611789179,0.0625,0.999277,-0.4092237388210823
thompson,22,10,2,0.96875,0.2503999837345474,0.53125,0.25044875,0.00022598373454751908
thompson,22,11,1,1.0,0.5901402607704793,0.0625,0.999277,-0.40922373922952093
thompson,22,11,2,0.96875,0.2503969841963688,0.53125,0.25044875,0.00022298419636890277
thompson,22,12,1,1.0,0.5901402603620738,0.0625,0.999277,-0.40922373963792646
thompson,22,12,2,0.96875,0.2503939846582009,0.53125,0.25044875,0.0002199846582010001
thompson,22,13,1,1.0,0.5901402599536669,0.0625,0.999277,-0.40922374004633333
thompson,22,13,2,0.96875,0.2503909851200202,0.53125,0.25044875,0.00021698512002032988
thompson,22,14,1,1.0,0.5901402595453566,0.0625,0.999277,-0.4092237404546436
thompson,22,14,2,0.96875,0.25038798558184083,0.53125,0.25044875,0.0002139855818409364
thompson,22,15,1,1.0,0.5901402591369176,0.0625,0.999277,-0.40922374086308266
thompson,22,15,2,0.96875,0.2503849860436525,0.53125,0.25044875,0.00021098604365260565
thompson,22,16,1,1.0,0.5901402587285061,0.0625,0.999277,-0.4092237412714942
thompson,22,16,2,0.96875,0.2503819865054797,0.53125,0.25044875,0.000207986505479818
thompson,22,17,1,1.0,0.5901402583201132,0.0625,0.999277,-0.40922374167988707
thompson,22,17,2,0.96875,0.2503789869673162,0.53125,0.25044875,0.00020498696731630073
thompson,22,18,1,1.0,0.5901402579117485,0.0625,0.999277,-0.40922374208825174
thompson,22,18,2,0.96875,0.2503759874291382,0.53125,0.25044875,0.00020198742913829504
thompson,22,19,1,1.0,0.5901402575033374,0.0625,0.999277,-0.4092237424966628
thompson,22,19,2,0.96875,0.25037298789096885,0.53125,0.25044875,0.0001989878909689491
thompson,22,20,1,1.0,0.5901402570949488,0.0625,0.999277,-0.4092237429050515
thompson,22,20,2,0.96875,0.2503699883528042,0.53125,0.25044875,0.00019598835280432159
thompson,22,21,1,1.0,0.5901402566865281,0.0625,0.999277,-0.4092237433134721
thompson,22,21,2,0.96875,0.25036698881462244,0.53125,0.25044875,0.00019298881462254114
thompson,22,22,1,1.0,0.51195054234895,0.0,0.9991150000000003,-0.4872574576510501
thompson,22,22,2,0.96875,0.25161722402202,0.5,0.25061124999999995,0.0010242240220201815
thompson,22,23,1,1.0,0.51195054234895,0.0,0.9991150000000003,-0.4872574576510501
thompson,22,23,2,0.96875,0.2516150066053783,0.5,0.25061124999999995,0.0010220066053784338
thompson,22,24,1,1.0,0.51195054234895,0.0,0.9991150000000003,-0.4872574576510501
thompson,22,24,2,0.96875,0.25161278918872787,0.5,0.25061124999999995,0.0010197891887280264
thompson,22,25,1,1.0,0.51195054234895,0.0,0.9991150000000003,-0.4872574576510501
thompson,22,25,2,0.96875,0.2516105717720859,0.5,0.25061124999999995,0.0010175717720860566
thompson,22,26,1,1.0,0.51195054234895,0.0,0.9991150000000003,-0.4872574576510501
thompson,22,26,2,0.96875,0.25160835435544604,0.5,0.25061124999999995,0.0010153543554461963
thompson,22,27,1,1.0,0.51195054234895,0.0,0.9991150000000003,-0.4872574576510501
thompson,22,27,2,0.96875,0.25160613693880185,0.5,0.25061124999999995,0.0010131369388020062
thompson,22,28,1,1.0,0.51195054234895,0.0,0.9991150000000003,-0.4872574576510501
thompson,22,28,2,0.96875,0.25160391952215644,0.5,0.25061124999999995,0.0010109195221565948
thompson,22,29,1,1.0,0.51195054234895,0.0,0.9991150000000003,-0.4872574576510501
thompson,22,29,2,0.96875,0.2516017021055239,0.5,0.25061124999999995,0.001008702105524062
thompson,22,30,1,1.0,0.51195054234895,0.0,0.9991150000000003,-0.4872574576510501
thompson,22,30,2,0.96875,0.2515994846888826,0.5,0.25061124999999995,0.0010064846888827583
thompson,22,31,1,1.0,0.51195054234895,0.0,0.9991150000000003,-0.4872574576510501
thompson,22,31,2,0.96875,0.2515972672722323,0.5,0.25061124999999995,0.001004267272232462
thompson,22,32,1,1.0,0.51195054234895,0.0,0.9991150000000003,-0.4872574576510501
thompson,22,32,2,0.96875,0.2515950498555828,0.5,0.25061124999999995,0.0010020498555829427
thompson,22,33,1,1.0,0.564776123824066,0.03125,0.9991960000000002,-0.4345188761759339
thompson,22,33,2,0.96875,0.2287989190044406,0.46875,0.25055474999999994,-0.021692830995559298
thompson,22,34,1,1.0,0.5647761234155558,0.03125,0.9991960000000002,-0.434518876584444
thompson,22,34,2,0.96875,0.22879566574859111,0.46875,0.25055474999999994,-0.021696084251408787
thompson,22,35,1,1.0,0.5647761230070979,0.03125,0.9991960000000002,-0.4345188769929019
thompson,22,35,2,0.96875,0.2287924124927213,0.46875,0.25055474999999994,-0.021699337507278593
thompson,22,36,1,1.0,0.5647761225985527,0.03125,0.9991960000000002,-0.4345188774014471
thompson,22,36,2,0.96875,0.22878915923687626,0.46875,0.25055474999999994,-0.02170259076312364
thompson,22,37,1,1.0,0.5647761221901003,0.03125,0.9991960000000002,-0.4345188778098995
thompson,22,37,2,0.96875,0.22878590598101267,0.46875,0.25055474999999994,-0.02170584401898723
thompson,22,38,1,1.0,0.5647761217815653,0.03125,0.9991960000000002,-0.4345188782184345
thompson,22,38,2,0.96875,0.22878265272516785,0.46875,0.25055474999999994,-0.021709097274832057
thompson,22,39,1,1.0,0.5647761213730494,0.03125,0.9991960000000002,-0.4345188786269504
thompson,22,39,2,0.96875,0.22877939946929515,0.46875,0.25055474999999994,-0.02171235053070475
thompson,22,40,1,1.0,0.5647761209645922,0.03125,0.9991960000000002,-0.43451887903540765
thompson,22,40,2,0.96875,0.2287761462134259,0.46875,0.25055474999999994,-0.021715603786574
thompson,22,41,1,1.0,0.5647761205560197,0.03125,0.9991960000000002,-0.43451887944398015
thompson,22,41,2,0.96875,0.2287728929575521,0.46875,0.25055474999999994,-0.021718857042447803
thompson,22,42,1,1.0,0.5647761201476164,0.03125,0.9991960000000002,-0.43451887985238347
thompson,22,42,2,0.96875,0.22876963970171071,0.46875,0.25055474999999994,-0.021722110298289188
thompson,22,43,1,1.0,0.5647761197391171,0.03125,0.9991960000000002,-0.4345188802608827
thompson,22,43,2,0.96875,0.22876638644584701,0.46875,0.25055474999999994,-0.021725363554152888
thompson,22,44,1,1.0,0.564776119330637,0.03125,0.9991960000000002,-0.43451888066936284
thompson,22,44,2,0.96875,0.22876313318999997,0.46875,0.25055474999999994,-0.021728616809999934
thompson,22,45,1,1.0,0.5647761189220429,0.03125,0.9991960000000002,-0.4345188810779569
thompson,22,45,2,0.96875,0.2287598799341366,0.46875,0.25055474999999994,-0.0217318700658633
thompson,22,46,1,1.0,0.5647761185135615,0.03125,0.9991960000000002,-0.43451888148643836
thompson,22,46,2,0.96875,0.2287566266782699,0.46875,0.25055474999999994,-0.02173512332173
thompson,22,47,1,1.0,0.564776118105169,0.03125,0.9991960000000002,-0.4345188818948308
thompson,22,47,2,0.96875,0.22875337342241864,0.46875,0.25055474999999994,-0.021738376577581264
thompson,22,48,1,1.0,0.5647761176966571,0.03125,0.9991960000000002,-0.4345188823033427
thompson,22,48,2,0.96875,0.22875012016657525,0.46875,0.25055474999999994,-0.021741629833424647
thompson,22,49,1,1.0,0.5647761172881481,0.03125,0.9991960000000002,-0.4345188827118517
thompson,22,49,2,0.96875,0.22874686691070878,0.46875,0.25055474999999994,-0.021744883089291123
thompson,23,0,1,1.0,0.5901402648542986,0.0625,0.999277,-0.40922373514570165
thompson,23,0,2,0.96875,0.25042714612092976,0.53125,0.25044875,0.0002531461209298591
thompson,23,1,1,1.0,0.5901402644459801,0.0625,0.999277,-0.40922373555402014
thompson,23,1,2,0.96875,0.2504241465827289,0.53125,0.25044875,0.0002501465827289828
thompson,23,2,1,1.0,0.5901402640376099,0.0625,0.999277,-0.40922373596239037
thompson,23,2,2,0.96875,0.2504211470445707,0.53125,0.25044875,0.0002471470445707946
thompson,23,3,1,1.0,0.5901402636291837,0.0625,0.999277,-0.40922373637081655
thompson,23,3,2,0.96875,0.25041814750639535,0.53125,0.25044875,0.00024414750639545346
thompson,23,4,1,1.0,0.5901402632208308,0.0625,0.999277,-0.40922373677916946
thompson,23,4,2,0.96875,0.25041514796822556,0.53125,0.25044875,0.00024114796822566342
thompson,23,5,1,1.0,0.5901402628124106,0.0625,0.999277,-0.40922373718758964
thompson,23,5,2,0.96875,0.2504121484300545,0.53125,0.25044875,0.00023814843005459663
thompson,23,6,1,1.0,0.5901402624040404,0.0625,0.999277,-0.40922373759595987
thompson,23,6,2,0.96875,0.25040914889186705,0.53125,0.25044875,0.00023514889186715404
thompson,23,7,1,1.0,0.5901402619957252,0.0625,0.999277,-0.40922373800427503
thompson,23,7,2,0.96875,0.2504061493536986,0.53125,0.25044875,0.00023214935369869627
thompson,23,8,1,1.0,0.5901402615872644,0.0625,0.999277,-0.40922373841273585
thompson,23,8,2,0.96875,0.25040314981552175,0.53125,0.25044875,0.00022914981552185631
thompson,23,9,1,1.0,0.5901402611788111,0.0625,0.999277,-0.4092237388211891
thompson,23,9,2,0.96875,0.25040015027735074,0.53125,0.25044875,0.00022615027735084503
thompson,23,10,1,1.0,0.5901402607704678,0.0625,0.999277,-0.4092237392295325
thompson,23,10,2,0.96875,0.25039715073918173,0.53125,0.25044875,0.00022315073918183215
thompson,23,11,1,1.0,0.5901402603620292,0.0625,0.999277,-0.4092237396379711
thompson,23,11,2,0.96875,0.2503941512010031,0.53125,0.25044875,0.00022015120100321584
thompson,23,12,1,1.0,0.5901402599536236,0.0625,0.999277,-0.4092237400463766
thompson,23,12,2,0.96875,0.2503911516628352,0.53125,0.25044875,0.00021715166283531318
thompson,23,13,1,1.0,0.5901402595452168,0.0625,0.999277,-0.4092237404547835
thompson,23,13,2,0.96875,0.25038815212465454,0.53125,0.25044875,0.00021415212465464295
thompson,23,14,1,1.0,0.5901402591369065,0.0625,0.999277,-0.40922374086309377
thompson,23,14,2,0.96875,0.25038515258647515,0.53125,0.25044875,0.00021115258647524948
thompson,23,15,1,1.0,0.5901402587284674,0.0625,0.999277,-0.4092237412715328
thompson,23,15,2,0.96875,0.2503821530482868,0.53125,0.25044875,0.00020815304828691872
thompson,23,16,1,1.0,0.5901402583200559,0.0625,0.999277,-0.40922374167994435
thompson,23,16,2,0.96875,0.250379153510114,0.53125,0.25044875,0.00020515351011413108
thompson,23,17,1,1.0,0.590140257911663,0.0625,0.999277,-0.40922374208833723
thompson,23,17,2,0.96875,0.2503761539719505,0.53125,0.25044875,0.0002021539719506138
thompson,23,18,1,1.0,0.5901402575032983,0.0625,0.999277,-0.4092237424967019
thompson,23,18,2,0.96875,0.2503731544337725,0.53125,0.25044875,0.0001991544337726081
thompson,23,19,1,1.0,0.5901402570948873,0.0625,0.999277,-0.409223742905113
thompson,23,19,2,0.96875,0.25037015489560316,0.53125,0.25044875,0.00019615489560326216
thompson,23,20,1,1.0,0.5901402566864986,0.0625,0.999277,-0.40922374331350164
thompson,23,20,2,0.96875,0.25036715535743853,0.53125,0.25044875,0.00019315535743863466
thompson,23,21,1,1.0,0.590140256278078,0.0625,0.999277,-0.4092237437219223
thompson,23,21,2,0.96875,0.25036415581925675,0.53125,0.25044875,0.0001901558192568542
thompson,23,22,1,1.0,0.5119505415319624,0.0,0.9991150000000003,-0.4872574584680377
thompson,23,22,2,0.96875,0.25161595664697356,0.5,0.25061124999999995,0.0010229566469737161
thompson,23,23,1,1.0,0.5119505415319624,0.0,0.9991150000000003,-0.4872574584680377
thompson,23,23,2,0.96875,0.2516137392303318,0.5,0.25061124999999995,0.0010207392303319685
thompson,23,24,1,1.0,0.5119505415319624,0.0,0.9991150000000003,-0.4872574584680377
thompson,23,24,2,0.96875,0.2516115218136814,0.5,0.25061124999999995,0.001018521813681561
thompson,23,25,1,1.0,0.5119505415319624,0.0,0.9991150000000003,-0.4872574584680377
thompson,23,25,2,0.96875,0.25160930439703943,0.5,0.25061124999999995,0.0010163043970395913
thompson,23,26,1,1.0,0.5119505415319624,0.0,0.9991150000000003,-0.4872574584680377
thompson,23,26,2,0.96875,0.2516070869803996,0.5,0.25061124999999995,0.001014086980399731
thompson,23,27,1,1.0,0.5119505415319624,0.0,0.9991150000000003,-0.4872574584680377
thompson,23,27,2,0.96875,0.2516048695637554,0.5,0.25061124999999995,0.0010118695637555408
thompson,23,28,1,1.0,0.5119505415319624,0.0,0.9991150000000003,-0.4872574584680377
thompson,23,28,2,0.96875,0.25160265214711,0.5,0.25061124999999995,0.0010096521471101294
thompson,23,29,1,1.0,0.5119505415319624,0.0,0.9991150000000003,-0.4872574584680377
thompson,23,29,2,0.96875,0.25160043473047744,0.5,0.25061124999999995,0.0010074347304775966
thompson,23,30,1,1.0,0.5119505415319624,0.0,0.9991150000000003,-0.4872574584680377
thompson,23,30,2,0.96875,0.25159821731383614,0.5,0.25061124999999995,0.001005217313836293
thompson,23,31,1,1.0,0.5119505415319624,0.0,0.9991150000000003,-0.4872574584680377
thompson,23,31,2,0.96875,0.25159599989718584,0.5,0.25061124999999995,0.0010029998971859966
thompson,23,32,1,1.0,0.5119505415319624,0.0,0.9991150000000003,-0.4872574584680377
thompson,23,32,2,0.96875,0.2515937824805363,0.5,0.25061124999999995,0.0010007824805364773
thompson,23,33,1,1.0,0.5647761234156315,0.03125,0.9991960000000002,-0.4345188765843683
thompson,23,33,2,0.96875,0.2287989190044406,0.46875,0.25055474999999994,-0.021692830995559298
thompson,23,34,1,1.0,0.5647761230071214,0.03125,0.9991960000000002,-0.4345188769928784
thompson,23,34,2,0.96875,0.22879566574859111,0.46875,0.25055474999999994,-0.021696084251408787
thompson,23,35,1,1.0,0.5647761225986635,0.03125,0.9991960000000002,-0.4345188774013363
thompson,23,35,2,0.96875,0.2287924124927213,0.46875,0.25055474999999994,-0.021699337507278593
thompson,23,36,1,1.0,0.5647761221901183,0.03125,0.9991960000000002,-0.4345188778098815
thompson,23,36,2,0.96875,0.22878915923687626,0.46875,0.25055474999999994,-0.02170259076312364
thompson,23,37,1,1.0,0.5647761217816659,0.03125,0.9991960000000002,-0.4345188782183339
thompson,23,37,2,0.96875,0.22878590598101267,0.46875,0.25055474999999994,-0.02170584401898723
thompson,23,38,1,1.0,0.5647761213731309,0.03125,0.9991960000000002,-0.4345188786268689
thompson,23,38,2,0.96875,0.22878265272516785,0.46875,0.25055474999999994,-0.021709097274832057
thompson,23,39,1,1.0,0.564776120964615,0.03125,0.9991960000000002,-0.4345188790353848
thompson,23,39,2,0.96875,0.22877939946929515,0.46875,0.25055474999999994,-0.02171235053070475
thompson,23,40,1,1.0,0.5647761205561578,0.03125,0.9991960000000002,-0.43451887944384204
thompson,23,40,2,0.96875,0.2287761462134259,0.46875,0.25055474999999994,-0.021715603786574
thompson,23,41,1,1.0,0.5647761201475853,0.03125,0.9991960000000002,-0.43451887985241455
thompson,23,41,2,0.96875,0.2287728929575521,0.46875,0.25055474999999994,-0.021718857042447803
thompson,23,42,1,1.0,0.564776119739182,0.03125,0.9991960000000002,-0.43451888026081786
thompson,23,42,2,0.96875,0.22876963970171071,0.46875,0.25055474999999994,-0.021722110298289188
thompson,23,43,1,1.0,0.5647761193306827,0.03125,0.9991960000000002,-0.4345188806693171
thompson,23,43,2,0.96875,0.22876638644584701,0.46875,0.25055474999999994,-0.021725363554152888
thompson,23,44,1,1.0,0.5647761189222026,0.03125,0.9991960000000002,-0.43451888107779724
thompson,23,44,2,0.96875,0.22876313318999997,0.46875,0.25055474999999994,-0.021728616809999934
thompson,23,45,1,1.0,0.5647761185136085,0.03125,0.9991960000000002,-0.4345188814863913
thompson,23,45,2,0.96875,0.2287598799341366,0.46875,0.25055474999999994,-0.0217318700658633
thompson,23,46,1,1.0,0.5647761181051271,0.03125,0.9991960000000002,-0.43451888189487275
thompson,23,46,2,0.96875,0.2287566266782699,0.46875,0.25055474999999994,-0.02173512332173
thompson,23,47,1,1.0,0.5647761176967346,0.03125,0.9991960000000002,-0.4345188823032652
thompson,23,47,2,0.96875,0.22875337342241864,0.46875,0.25055474999999994,-0.021738376577581264
thompson,23,48,1,1.0,0.5647761172882227,0.03125,0.9991960000000002,-0.4345188827117771
thompson,23,48,2,0.96875,0.22875012016657525,0.46875,0.25055474999999994,-0.021741629833424647
thompson,23,49,1,1.0,0.5647761168797137,0.03125,0.9991960000000002,-0.4345188831202861
thompson,23,49,2,0.96875,0.22874686691070878,0.46875,0.25055474999999994,-0.021744883089291123
thompson,24,0,1,1.0,0.5901402644458769,0.0625,0.999277,-0.4092237355541234
thompson,24,0,2,0.96875,0.25042431312559044,0.53125,0.25044875,0.00025031312559054
thompson,24,1,1,1.0,0.5901402640375584,0.0625,0.999277,-0.4092237359624419
thompson,24,1,2,0.96875,0.25042131358738956,0.53125,0.25044875,0.0002473135873896637
thompson,24,2,1,1.0,0.5901402636291881,0.0625,0.999277,-0.4092237363708121
thompson,24,2,2,0.96875,0.25041831404923137,0.53125,0.25044875,0.0002443140492314755
thompson,24,3,1,1.0,0.590140263220762,0.0625,0.999277,-0.4092237367792383
thompson,24,3,2,0.96875,0.25041531451105603,0.53125,0.25044875,0.00024131451105613433
thompson,24,4,1,1.0,0.590140262812409,0.0625,0.999277,-0.4092237371875912
thompson,24,4,2,0.96875,0.25041231497288624,0.53125,0.25044875,0.0002383149728863443
thompson,24,5,1,1.0,0.5901402624039889,0.0625,0.999277,-0.4092237375960114
thompson,24,5,2,0.96875,0.2504093154347152,0.53125,0.25044875,0.0002353154347152775
thompson,24,6,1,1.0,0.5901402619956186,0.0625,0.999277,-0.4092237380043816
thompson,24,6,2,0.96875,0.25040631589652773,0.53125,0.25044875,0.0002323158965278349
thompson,24,7,1,1.0,0.5901402615873035,0.0625,0.999277,-0.40922373841269677
thompson,24,7,2,0.96875,0.2504033163583593,0.53125,0.25044875,0.00022931635835937714
thompson,24,8,1,1.0,0.5901402611788427,0.0625,0.999277,-0.4092237388211576
thompson,24,8,2,0.96875,0.25040031682018243,0.53125,0.25044875,0.00022631682018253718
thompson,24,9,1,1.0,0.5901402607703894,0.0625,0.999277,-0.40922373922961086
thompson,24,9,2,0.96875,0.2503973172820114,0.53125,0.25044875,0.0002233172820115259
thompson,24,10,1,1.0,0.590140260362046,0.0625,0.999277,-0.4092237396379542
thompson,24,10,2,0.96875,0.2503943177438424,0.53125,0.25044875,0.00022031774384251301
thompson,24,11,1,1.0,0.5901402599536074,0.0625,0.999277,-0.40922374004639284
thompson,24,11,2,0.96875,0.2503913182056638,0.53125,0.25044875,0.0002173182056638967
thompson,24,12,1,1.0,0.5901402595452019,0.0625,0.999277,-0.40922374045479837
thompson,24,12,2,0.96875,0.2503883186674959,0.53125,0.25044875,0.00021431866749599404
thompson,24,13,1,1.0,0.590140259136795,0.0625,0.999277,-0.40922374086320523
thompson,24,13,2,0.96875,0.2503853191293152,0.53125,0.25044875,0.00021131912931532382
thompson,24,14,1,1.0,0.5901402587284847,0.0625,0.999277,-0.4092237412715155
thompson,24,14,2,0.96875,0.2503823195911358,0.53125,0.25044875,0.00020831959113593035
thompson,24,15,1,1.0,0.5901402583200457,0.0625,0.999277,-0.40922374167995457
thompson,24,15,2,0.96875,0.2503793200529475,0.53125,0.25044875,0.00020532005294759959
thompson,24,16,1,1.0,0.5901402579116342,0.0625,0.999277,-0.4092237420883661
thompson,24,16,2,0.96875,0.2503763205147747,0.53125,0.25044875,0.00020232051477481194
thompson,24,17,1,1.0,0.5901402575032413,0.0625,0.999277,-0.40922374249675897
thompson,24,17,2,0.96875,0.2503733209766112,0.53125,0.25044875,0.00019932097661129466
thompson,24,18,1,1.0,0.5901402570948766,0.0625,0.999277,-0.40922374290512364
thompson,24,18,2,0.96875,0.2503703214384332,0.53125,0.25044875,0.00019632143843328898
thompson,24,19,1,1.0,0.5901402566864655,0.0625,0.999277,-0.4092237433135347
thompson,24,19,2,0.96875,0.25036732190026384,0.53125,0.25044875,0.00019332190026394303
thompson,24,20,1,1.0,0.5901402562780769,0.0625,0.999277,-0.4092237437219234
thompson,24,20,2,0.96875,0.2503643223620992,0.53125,0.25044875,0.00019032236209931552
thompson,24,21,1,1.0,0.5901402558696562,0.0625,0.999277,-0.409223744130344
thompson,24,21,2,0.96875,0.25036132282391743,0.53125,0.25044875,0.00018732282391753508
thompson,24,22,1,1.0,0.5119505407148167,0.0,0.9991150000000003,-0.4872574592851834
thompson,24,22,2,0.96875,0.2516146892718961,0.5,0.25061124999999995,0.0010216892718962756
thompson,24,23,1,1.0,0.5119505407148167,0.0,0.9991150000000003,-0.4872574592851834
thompson,24,23,2,0.96875,0.25161247185525437,0.5,0.25061124999999995,0.0010194718552545279
thompson,24,24,1,1.0,0.5119505407148167,0.0,0.9991150000000003,-0.4872574592851834
thompson,24,24,2,0.96875,0.25161025443860396,0.5,0.25061124999999995,0.0010172544386041205
thompson,24,25,1,1.0,0.5119505407148167,0.0,0.9991150000000003,-0.4872574592851834
thompson,24,25,2,0.96875,0.251608037021962,0.5,0.25061124999999995,0.0010150370219621507
thompson,24,26,1,1.0,0.5119505407148167,0.0,0.9991150000000003,-0.4872574592851834
thompson,24,26,2,0.96875,0.25160581960532213,0.5,0.25061124999999995,0.0010128196053222904
thompson,24,27,1,1.0,0.5119505407148167,0.0,0.9991150000000003,-0.4872574592851834
thompson,24,27,2,0.96875,0.25160360218867794,0.5,0.25061124999999995,0.0010106021886781003
thompson,24,28,1,1.0,0.5119505407148167,0.0,0.9991150000000003,-0.4872574592851834
thompson,24,28,2,0.96875,0.25160138477203253,0.5,0.25061124999999995,0.0010083847720326888
thompson,24,29,1,1.0,0.5119505407148167,0.0,0.9991150000000003,-0.4872574592851834
thompson,24,29,2,0.96875,0.2515991673554,0.5,0.25061124999999995,0.001006167355400156
thompson,24,30,1,1.0,0.5119505407148167,0.0,0.9991150000000003,-0.4872574592851834
thompson,24,30,2,0.96875,0.2515969499387587,0.5,0.25061124999999995,0.0010039499387588524
thompson,24,31,1,1.0,0.5119505407148167,0.0,0.9991150000000003,-0.4872574592851834
thompson,24,31,2,0.96875,0.2515947325221084,0.5,0.25061124999999995,0.001001732522108556
thompson,24,32,1,1.0,0.5119505407148167,0.0,0.9991150000000003,-0.4872574592851834
thompson,24,32,2,0.96875,0.2515925151054589,0.5,0.25061124999999995,0.0009995151054590368
thompson,24,33,1,1.0,0.5647761230072336,0.03125,0.9991960000000002,-0.43451887699276626
thompson,24,33,2,0.96875,0.2287989190044406,0.46875,0.25055474999999994,-0.021692830995559298
thompson,24,34,1,1.0,0.5647761225987235,0.03125,0.9991960000000002,-0.43451887740127637
thompson,24,34,2,0.96875,0.22879566574859111,0.46875,0.25055474999999994,-0.021696084251408787
thompson,24,35,1,1.0,0.5647761221902655,0.03125,0.9991960000000002,-0.4345188778097343
thompson,24,35,2,0.96875,0.2287924124927213,0.46875,0.25055474999999994,-0.021699337507278593
thompson,24,36,1,1.0,0.5647761217817203,0.03125,0.9991960000000002,-0.4345188782182795
thompson,24,36,2,0.96875,0.22878915923687626,0.46875,0.25055474999999994,-0.02170259076312364
thompson,24,37,1,1.0,0.5647761213732679,0.03125,0.9991960000000002,-0.4345188786267319
thompson,24,37,2,0.96875,0.22878590598101267,0.46875,0.25055474999999994,-0.02170584401898723
thompson,24,38,1,1.0,0.564776120964733,0.03125,0.9991960000000002,-0.43451887903526687
thompson,24,38,2,0.96875,0.22878265272516785,0.46875,0.25055474999999994,-0.021709097274832057
thompson,24,39,1,1.0,0.5647761205562171,0.03125,0.9991960000000002,-0.43451887944378276
thompson,24,39,2,0.96875,0.22877939946929515,0.46875,0.25055474999999994,-0.02171235053070475
thompson,24,40,1,1.0,0.5647761201477598,0.03125,0.9991960000000002,-0.43451887985224
thompson,24,40,2,0.96875,0.2287761462134259,0.46875,0.25055474999999994,-0.021715603786574
thompson,24,41,1,1.0,0.5647761197391873,0.03125,0.9991960000000002,-0.43451888026081253
thompson,24,41,2,0.96875,0.2287728929575521,0.46875,0.25055474999999994,-0.021718857042447803
thompson,24,42,1,1.0,0.564776119330784,0.03125,0.9991960000000002,-0.43451888066921585
thompson,24,42,2,0.96875,0.22876963970171071,0.46875,0.25055474999999994,-0.021722110298289188
thompson,24,43,1,1.0,0.5647761189222847,0.03125,0.9991960000000002,-0.4345188810777151
thompson,24,43,2,0.96875,0.22876638644584701,0.46875,0.25055474999999994,-0.021725363554152888
thompson,24,44,1,1.0,0.5647761185138046,0.03125,0.9991960000000002,-0.4345188814861952
thompson,24,44,2,0.96875,0.22876313318999997,0.46875,0.25055474999999994,-0.021728616809999934
thompson,24,45,1,1.0,0.5647761181052106,0.03125,0.9991960000000002,-0.43451888189478927
thompson,24,45,2,0.96875,0.2287598799341366,0.46875,0.25055474999999994,-0.0217318700658633
thompson,24,46,1,1.0,0.5647761176967291,0.03125,0.9991960000000002,-0.43451888230327074
thompson,24,46,2,0.96875,0.2287566266782699,0.46875,0.25055474999999994,-0.02173512332173
thompson,24,47,1,1.0,0.5647761172883367,0.03125,0.9991960000000002,-0.43451888271166317
thompson,24,47,2,0.96875,0.22875337342241864,0.46875,0.25055474999999994,-0.021738376577581264
thompson,24,48,1,1.0,0.5647761168798248,0.03125,0.9991960000000002,-0.43451888312017506
thompson,24,48,2,0.96875,0.22875012016657525,0.46875,0.25055474999999994,-0.021741629833424647
thompson,24,49,1,1.0,0.5647761164713158,0.03125,0.9991960000000002,-0.43451888352868406
thompson,24,49,2,0.96875,0.22874686691070878,0.46875,0.25055474999999994,-0.021744883089291123
thompson,25,0,1,1.0,0.5901402640374782,0.0625,0.999277,-0.40922373596252204
thompson,25,0,2,0.96875,0.25042148013020726,0.53125,0.25044875,0.00024748013020736703
thompson,25,1,1,1.0,0.5901402636291597,0.0625,0.999277,-0.40922373637084053
thompson,25,1,2,0.96875,0.2504184805920064,0.53125,0.25044875,0.00024448059200649075
thompson,25,2,1,1.0,0.5901402632207895,0.0625,0.999277,-0.40922373677921076
thompson,25,2,2,0.96875,0.2504154810538482,0.53125,0.25044875,0.00024148105384830254
thompson,25,3,1,1.0,0.5901402628123633,0.0625,0.999277,-0.40922373718763694
thompson,25,3,2,0.96875,0.25041248151567286,0.53125,0.25044875,0.00023848151567296139
thompson,25,4,1,1.0,0.5901402624040104,0.0625,0.999277,-0.40922373759598984
thompson,25,4,2,0.96875,0.25040948197750307,0.53125,0.25044875,0.00023548197750317135
thompson,25,5,1,1.0,0.5901402619955902,0.0625,0.999277,-0.40922373800441003
thompson,25,5,2,0.96875,0.250406482439332,0.53125,0.25044875,0.00023248243933210455
thompson,25,6,1,1.0,0.59014026158722,0.0625,0.999277,-0.40922373841278026
thompson,25,6,2,0.96875,0.25040348290114456,0.53125,0.25044875,0.00022948290114466197
thompson,25,7,1,1.0,0.5901402611789048,0.0625,0.999277,-0.4092237388210954
thompson,25,7,2,0.96875,0.2504004833629761,0.53125,0.25044875,0.0002264833629762042
thompson,25,8,1,1.0,0.590140260770444,0.0625,0.999277,-0.40922373922955624
thompson,25,8,2,0.96875,0.25039748382479926,0.53125,0.25044875,0.00022348382479936424
thompson,25,9,1,1.0,0.5901402603619907,0.0625,0.999277,-0.4092237396380095
thompson,25,9,2,0.96875,0.25039448428662825,0.53125,0.25044875,0.00022048428662835295
thompson,25,10,1,1.0,0.5901402599536474,0.0625,0.999277,-0.40922374004635287
thompson,25,10,2,0.96875,0.25039148474845924,0.53125,0.25044875,0.00021748474845934007
thompson,25,11,1,1.0,0.5901402595452088,0.0625,0.999277,-0.4092237404547915
thompson,25,11,2,0.96875,0.2503884852102806,0.53125,0.25044875,0.00021448521028072376
thompson,25,12,1,1.0,0.5901402591368032,0.0625,0.999277,-0.409223740863197
thompson,25,12,2,0.96875,0.2503854856721127,0.53125,0.25044875,0.0002114856721128211
thompson,25,13,1,1.0,0.5901402587283964,0.0625,0.999277,-0.4092237412716039
thompson,25,13,2,0.96875,0.25038248613393205,0.53125,0.25044875,0.00020848613393215087
thompson,25,14,1,1.0,0.5901402583200861,0.0625,0.999277,-0.40922374167991415
thompson,25,14,2,0.96875,0.25037948659575265,0.53125,0.25044875,0.0002054865957527574
thompson,25,15,1,1.0,0.590140257911647,0.0625,0.999277,-0.4092237420883532
thompson,25,15,2,0.96875,0.2503764870575643,0.53125,0.25044875,0.00020248705756442664
thompson,25,16,1,1.0,0.5901402575032355,0.0625,0.999277,-0.40922374249676474
thompson,25,16,2,0.96875,0.25037348751939154,0.53125,0.25044875,0.000199487519391639
thompson,25,17,1,1.0,0.5901402570948426,0.0625,0.999277,-0.4092237429051576
thompson,25,17,2,0.96875,0.250370487981228,0.53125,0.25044875,0.00019648798122812172
thompson,25,18,1,1.0,0.590140256686478,0.0625,0.999277,-0.4092237433135223
thompson,25,18,2,0.96875,0.25036748844305,0.53125,0.25044875,0.00019348844305011603
thompson,25,19,1,1.0,0.5901402562780669,0.0625,0.999277,-0.4092237437219334
thompson,25,19,2,0.96875,0.25036448890488067,0.53125,0.25044875,0.00019048890488077008
thompson,25,20,1,1.0,0.5901402558696782,0.0625,0.999277,-0.40922374413032203
thompson,25,20,2,0.96875,0.25036148936671604,0.53125,0.25044875,0.00018748936671614258
thompson,25,21,1,1.0,0.5901402554612576,0.0625,0.999277,-0.40922374453874266
thompson,25,21,2,0.96875,0.25035848982853426,0.53125,0.25044875,0.00018448982853436213
thompson,25,22,1,1.0,0.5119505398977925,0.0,0.9991150000000003,-0.4872574601022076
thompson,25,22,2,0.96875,0.25161342189683256,0.5,0.25061124999999995,0.0010204218968327128
thompson,25,23,1,1.0,0.5119505398977925,0.0,0.9991150000000003,-0.4872574601022076
thompson,25,23,2,0.96875,0.2516112044801908,0.5,0.25061124999999995,0.001018204480190965
thompson,25,24,1,1.0,0.5119505398977925,0.0,0.9991150000000003,-0.4872574601022076
thompson,25,24,2,0.96875,0.2516089870635404,0.5,0.25061124999999995,0.0010159870635405577
thompson,25,25,1,1.0,0.5119505398977925,0.0,0.9991150000000003,-0.4872574601022076
thompson,25,25,2,0.96875,0.25160676964689843,0.5,0.25061124999999995,0.001013769646898588
thompson,25,26,1,1.0,0.5119505398977925,0.0,0.9991150000000003,-0.4872574601022076
thompson,25,26,2,0.96875,0.25160455223025857,0.5,0.25061124999999995,0.0010115522302587276
thompson,25,27,1,1.0,0.5119505398977925,0.0,0.9991150000000003,-0.4872574601022076
thompson,25,27,2,0.96875,0.2516023348136144,0.5,0.25061124999999995,0.0010093348136145375
thompson,25,28,1,1.0,0.5119505398977925,0.0,0.9991150000000003,-0.4872574601022076
thompson,25,28,2,0.96875,0.25160011739696897,0.5,0.25061124999999995,0.001007117396969126
thompson,25,29,1,1.0,0.5119505398977925,0.0,0.9991150000000003,-0.4872574601022076
thompson,25,29,2,0.96875,0.25159789998033644,0.5,0.25061124999999995,0.0010048999803365932
thompson,25,30,1,1.0,0.5119505398977925,0.0,0.9991150000000003,-0.4872574601022076
thompson,25,30,2,0.96875,0.25159568256369513,0.5,0.25061124999999995,0.0010026825636952896
thompson,25,31,1,1.0,0.5119505398977925,0.0,0.9991150000000003,-0.4872574601022076
thompson,25,31,2,0.96875,0.25159346514704484,0.5,0.25061124999999995,0.0010004651470449932
thompson,25,32,1,1.0,0.5119505398977925,0.0,0.9991150000000003,-0.4872574601022076
thompson,25,32,2,0.96875,0.2515912477303953,0.5,0.25061124999999995,0.000998247730395474
thompson,25,33,1,1.0,0.5647761225988014,0.03125,0.9991960000000002,-0.43451887740119843
thompson,25,33,2,0.96875,0.2287989190044406,0.46875,0.25055474999999994,-0.021692830995559298
thompson,25,34,1,1.0,0.5647761221902913,0.03125,0.9991960000000002,-0.43451887780970855
thompson,25,34,2,0.96875,0.22879566574859111,0.46875,0.25055474999999994,-0.021696084251408787
thompson,25,35,1,1.0,0.5647761217818333,0.03125,0.9991960000000002,-0.4345188782181665
thompson,25,35,2,0.96875,0.2287924124927213,0.46875,0.25055474999999994,-0.021699337507278593
thompson,25,36,1,1.0,0.5647761213732881,0.03125,0.9991960000000002,-0.4345188786267117
thompson,25,36,2,0.96875,0.22878915923687626,0.46875,0.25055474999999994,-0.02170259076312364
thompson,25,37,1,1.0,0.5647761209648358,0.03125,0.9991960000000002,-0.43451887903516406
thompson,25,37,2,0.96875,0.22878590598101267,0.46875,0.25055474999999994,-0.02170584401898723
thompson,25,38,1,1.0,0.5647761205563008,0.03125,0.9991960000000002,-0.43451887944369905
thompson,25,38,2,0.96875,0.22878265272516785,0.46875,0.25055474999999994,-0.021709097274832057
thompson,25,39,1,1.0,0.5647761201477849,0.03125,0.9991960000000002,-0.43451887985221493
thompson,25,39,2,0.96875,0.22877939946929515,0.46875,0.25055474999999994,-0.02171235053070475
thompson,25,40,1,1.0,0.5647761197393276,0.03125,0.9991960000000002,-0.4345188802606722
thompson,25,40,2,0.96875,0.2287761462134259,0.46875,0.25055474999999994,-0.021715603786574
thompson,25,41,1,1.0,0.5647761193307551,0.03125,0.9991960000000002,-0.4345188806692447
thompson,25,41,2,0.96875,0.2287728929575521,0.46875,0.25055474999999994,-0.021718857042447803
thompson,25,42,1,1.0,0.5647761189223518,0.03125,0.9991960000000002,-0.434518881077648
thompson,25,42,2,0.96875,0.22876963970171071,0.46875,0.25055474999999994,-0.021722110298289188
thompson,25,43,1,1.0,0.5647761185138526,0.03125,0.9991960000000002,-0.43451888148614726
thompson,25,43,2,0.96875,0.22876638644584701,0.46875,0.25055474999999994,-0.021725363554152888
thompson,25,44,1,1.0,0.5647761181053724,0.03125,0.9991960000000002,-0.4345188818946274
thompson,25,44,2,0.96875,0.22876313318999997,0.46875,0.25055474999999994,-0.021728616809999934
thompson,25,45,1,1.0,0.5647761176967784,0.03125,0.9991960000000002,-0.43451888230322144
thompson,25,45,2,0.96875,0.2287598799341366,0.46875,0.25055474999999994,-0.0217318700658633
thompson,25,46,1,1.0,0.5647761172882969,0.03125,0.9991960000000002,-0.4345188827117029
thompson,25,46,2,0.96875,0.2287566266782699,0.46875,0.25055474999999994,-0.02173512332173
thompson,25,47,1,1.0,0.5647761168799045,0.03125,0.9991960000000002,-0.43451888312009534
thompson,25,47,2,0.96875,0.22875337342241864,0.46875,0.25055474999999994,-0.021738376577581264
thompson,25,48,1,1.0,0.5647761164713926,0.03125,0.9991960000000002,-0.43451888352860724
thompson,25,48,2,0.96875,0.22875012016657525,0.46875,0.25055474999999994,-0.021741629833424647
thompson,25,49,1,1.0,0.5647761160628836,0.03125,0.9991960000000002,-0.43451888393711624
thompson,25,49,2,0.96875,0.22874686691070878,0.46875,0.25055474999999994,-0.021744883089291123
thompson,26,0,1,1.0,0.5901402636290696,0.0625,0.999277,-0.4092237363709307
thompson,26,0,2,0.96875,0.2504186471348465,0.53125,0.25044875,0.0002446471348466206
thompson,26,1,1,1.0,0.5901402632207511,0.0625,0.999277,-0.40922373677924917
thompson,26,1,2,0.96875,0.25041564759664564,0.53125,0.25044875,0.0002416475966457443
thompson,26,2,1,1.0,0.5901402628123809,0.0625,0.999277,-0.4092237371876194
thompson,26,2,2,0.96875,0.25041264805848745,0.53125,0.25044875,0.0002386480584875561
thompson,26,3,1,1.0,0.5901402624039547,0.0625,0.999277,-0.4092237375960456
thompson,26,3,2,0.96875,0.2504096485203121,0.53125,0.25044875,0.00023564852031221495
thompson,26,4,1,1.0,0.5901402619956018,0.0625,0.999277,-0.4092237380043985
thompson,26,4,2,0.96875,0.2504066489821423,0.53125,0.25044875,0.0002326489821424249
thompson,26,5,1,1.0,0.5901402615871816,0.0625,0.999277,-0.40922373841281867
thompson,26,5,2,0.96875,0.25040364944397125,0.53125,0.25044875,0.00022964944397135811
thompson,26,6,1,1.0,0.5901402611788114,0.0625,0.999277,-0.4092237388211889
thompson,26,6,2,0.96875,0.2504006499057838,0.53125,0.25044875,0.00022664990578391553
thompson,26,7,1,1.0,0.5901402607704962,0.0625,0.999277,-0.40922373922950406
thompson,26,7,2,0.96875,0.25039765036761535,0.53125,0.25044875,0.00022365036761545776
thompson,26,8,1,1.0,0.5901402603620354,0.0625,0.999277,-0.4092237396379649
thompson,26,8,2,0.96875,0.2503946508294385,0.53125,0.25044875,0.0002206508294386178
thompson,26,9,1,1.0,0.5901402599535821,0.0625,0.999277,-0.40922374004641815
thompson,26,9,2,0.96875,0.2503916512912675,0.53125,0.25044875,0.00021765129126760652
thompson,26,10,1,1.0,0.5901402595452387,0.0625,0.999277,-0.4092237404547615
thompson,26,10,2,0.96875,0.2503886517530985,0.53125,0.25044875,0.00021465175309859363
thompson,26,11,1,1.0,0.5901402591368001,0.0625,0.999277,-0.4092237408632001
thompson,26,11,2,0.96875,0.2503856522149199,0.53125,0.25044875,0.00021165221491997732
thompson,26,12,1,1.0,0.5901402587283946,0.0625,0.999277,-0.40922374127160566
thompson,26,12,2,0.96875,0.25038265267675197,0.53125,0.25044875,0.00020865267675207466
thompson,26,13,1,1.0,0.5901402583199877,0.0625,0.999277,-0.4092237416800125
thompson,26,13,2,0.96875,0.2503796531385713,0.53125,0.25044875,0.00020565313857140444
thompson,26,14,1,1.0,0.5901402579116775,0.0625,0.999277,-0.4092237420883228
thompson,26,14,2,0.96875,0.2503766536003919,0.53125,0.25044875,0.00020265360039201097
thompson,26,15,1,1.0,0.5901402575032384,0.0625,0.999277,-0.40922374249676186
thompson,26,15,2,0.96875,0.2503736540622036,0.53125,0.25044875,0.0001996540622036802
thompson,26,16,1,1.0,0.5901402570948269,0.0625,0.999277,-0.4092237429051734
thompson,26,16,2,0.96875,0.2503706545240308,0.53125,0.25044875,0.00019665452403089256
thompson,26,17,1,1.0,0.590140256686434,0.0625,0.999277,-0.40922374331356626
thompson,26,17,2,0.96875,0.25036765498586727,0.53125,0.25044875,0.00019365498586737528
thompson,26,18,1,1.0,0.5901402562780693,0.0625,0.999277,-0.40922374372193093
thompson,26,18,2,0.96875,0.25036465544768927,0.53125,0.25044875,0.0001906554476893696
thompson,26,19,1,1.0,0.5901402558696582,0.0625,0.999277,-0.409223744130342
thompson,26,19,2,0.96875,0.2503616559095199,0.53125,0.25044875,0.00018765590952002364
thompson,26,20,1,1.0,0.5901402554612696,0.0625,0.999277,-0.40922374453873067
thompson,26,20,2,0.96875,0.2503586563713553,0.53125,0.25044875,0.00018465637135539614
thompson,26,21,1,1.0,0.590140255052849,0.0625,0.999277,-0.4092237449471513
thompson,26,21,2,0.96875,0.2503556568331735,0.53125,0.25044875,0.0001816568331736157
thompson,26,22,1,1.0,0.5119505390807398,0.0,0.9991150000000003,-0.48725746091926025
thompson,26,22,2,0.96875,0.2516121545217779,0.5,0.25061124999999995,0.0010191545217780318
thompson,26,23,1,1.0,0.5119505390807398,0.0,0.9991150000000003,-0.48725746091926025
thompson,26,23,2,0.96875,0.2516099371051361,0.5,0.25061124999999995,0.001016937105136284
thompson,26,24,1,1.0,0.5119505390807398,0.0,0.9991150000000003,-0.48725746091926025
thompson,26,24,2,0.96875,0.2516077196884857,0.5,0.25061124999999995,0.0010147196884858767
thompson,26,25,1,1.0,0.5119505390807398,0.0,0.9991150000000003,-0.48725746091926025
thompson,26,25,2,0.96875,0.25160550227184375,0.5,0.25061124999999995,0.001012502271843907
thompson,26,26,1,1.0,0.5119505390807398,0.0,0.9991150000000003,-0.48725746091926025
thompson,26,26,2,0.96875,0.2516032848552039,0.5,0.25061124999999995,0.0010102848552040467
thompson,26,27,1,1.0,0.5119505390807398,0.0,0.9991150000000003,-0.48725746091926025
thompson,26,27,2,0.96875,0.2516010674385597,0.5,0.25061124999999995,0.0010080674385598565
thompson,26,28,1,1.0,0.5119505390807398,0.0,0.9991150000000003,-0.48725746091926025
thompson,26,28,2,0.96875,0.2515988500219143,0.5,0.25061124999999995,0.001005850021914445
thompson,26,29,1,1.0,0.5119505390807398,0.0,0.9991150000000003,-0.48725746091926025
thompson,26,29,2,0.96875,0.25159663260528176,0.5,0.25061124999999995,0.0010036326052819122
thompson,26,30,1,1.0,0.5119505390807398,0.0,0.9991150000000003,-0.48725746091926025
thompson,26,30,2,0.96875,0.25159441518864045,0.5,0.25061124999999995,0.0010014151886406086
thompson,26,31,1,1.0,0.5119505390807398,0.0,0.9991150000000003,-0.48725746091926025
thompson,26,31,2,0.96875,0.25159219777199016,0.5,0.25061124999999995,0.0009991977719903122
thompson,26,32,1,1.0,0.5119505390807398,0.0,0.9991150000000003,-0.48725746091926025
thompson,26,32,2,0.96875,0.25158998035534064,0.5,0.25061124999999995,0.000996980355340793
thompson,26,33,1,1.0,0.5647761221904254,0.03125,0.9991960000000002,-0.43451887780957443
thompson,26,33,2,0.96875,0.2287989190044406,0.46875,0.25055474999999994,-0.021692830995559298
thompson,26,34,1,1.0,0.5647761217819153,0.03125,0.9991960000000002,-0.43451887821808455
thompson,26,34,2,0.96875,0.22879566574859111,0.46875,0.25055474999999994,-0.021696084251408787
thompson,26,35,1,1.0,0.5647761213734573,0.03125,0.9991960000000002,-0.4345188786265425
thompson,26,35,2,0.96875,0.2287924124927213,0.46875,0.25055474999999994,-0.021699337507278593
thompson,26,36,1,1.0,0.5647761209649121,0.03125,0.9991960000000002,-0.4345188790350877
thompson,26,36,2,0.96875,0.22878915923687626,0.46875,0.25055474999999994,-0.02170259076312364
thompson,26,37,1,1.0,0.5647761205564598,0.03125,0.9991960000000002,-0.43451887944354006
thompson,26,37,2,0.96875,0.22878590598101267,0.46875,0.25055474999999994,-0.02170584401898723
thompson,26,38,1,1.0,0.5647761201479248,0.03125,0.9991960000000002,-0.43451887985207505
thompson,26,38,2,0.96875,0.22878265272516785,0.46875,0.25055474999999994,-0.021709097274832057
thompson,26,39,1,1.0,0.5647761197394089,0.03125,0.9991960000000002,-0.43451888026059093
thompson,26,39,2,0.96875,0.22877939946929515,0.46875,0.25055474999999994,-0.02171235053070475
thompson,26,40,1,1.0,0.5647761193309516,0.03125,0.9991960000000002,-0.4345188806690482
thompson,26,40,2,0.96875,0.2287761462134259,0.46875,0.25055474999999994,-0.021715603786574
thompson,26,41,1,1.0,0.5647761189223791,0.03125,0.9991960000000002,-0.4345188810776207
thompson,26,41,2,0.96875,0.2287728929575521,0.46875,0.25055474999999994,-0.021718857042447803
thompson,26,42,1,1.0,0.5647761185139758,0.03125,0.9991960000000002,-0.434518881486024
thompson,26,42,2,0.96875,0.22876963970171071,0.46875,0.25055474999999994,-0.021722110298289188
thompson,26,43,1,1.0,0.5647761181054766,0.03125,0.9991960000000002,-0.43451888189452326
thompson,26,43,2,0.96875,0.22876638644584701,0.46875,0.25055474999999994,-0.021725363554152888
thompson,26,44,1,1.0,0.5647761176969964,0.03125,0.9991960000000002,-0.4345188823030034
thompson,26,44,2,0.96875,0.22876313318999997,0.46875,0.25055474999999994,-0.021728616809999934
thompson,26,45,1,1.0,0.5647761172884024,0.03125,0.9991960000000002,-0.43451888271159744
thompson,26,45,2,0.96875,0.2287598799341366,0.46875,0.25055474999999994,-0.0217318700658633
thompson,26,46,1,1.0,0.5647761168799209,0.03125,0.9991960000000002,-0.4345188831200789
thompson,26,46,2,0.96875,0.2287566266782699,0.46875,0.25055474999999994,-0.02173512332173
thompson,26,47,1,1.0,0.5647761164715285,0.03125,0.9991960000000002,-0.43451888352847134
thompson,26,47,2,0.96875,0.22875337342241864,0.46875,0.25055474999999994,-0.021738376577581264
thompson,26,48,1,1.0,0.5647761160630166,0.03125,0.9991960000000002,-0.43451888393698324
thompson,26,48,2,0.96875,0.22875012016657525,0.46875,0.25055474999999994,-0.021741629833424647
thompson,26,49,1,1.0,0.5647761156545076,0.03125,0.9991960000000002,-0.43451888434549224
thompson,26,49,2,0.96875,0.22874686691070878,0.46875,0.25055474999999994,-0.021744883089291123
thompson,27,0,1,1.0,0.5901402632206685,0.0625,0.999277,-0.40922373677933177
thompson,27,0,2,0.96875,0.25041581413950226,0.53125,0.25044875,0.00024181413950236097
thompson,27,1,1,1.0,0.59014026281235,0.0625,0.999277,-0.40922373718765026
thompson,27,1,2,0.96875,0.2504128146013014,0.53125,0.25044875,0.00023881460130148469
thompson,27,2,1,1.0,0.5901402624039798,0.0625,0.999277,-0.4092237375960205
thompson,27,2,2,0.96875,0.2504098150631432,0.53125,0.25044875,0.00023581506314329648
thompson,27,3,1,1.0,0.5901402619955536,0.0625,0.999277,-0.40922373800444667
thompson,27,3,2,0.96875,0.25040681552496785,0.53125,0.25044875,0.00023281552496795532
thompson,27,4,1,1.0,0.5901402615872007,0.0625,0.999277,-0.4092237384127996
thompson,27,4,2,0.96875,0.25040381598679806,0.53125,0.25044875,0.00022981598679816528
thompson,27,5,1,1.0,0.5901402611787805,0.0625,0.999277,-0.40922373882121976
thompson,27,5,2,0.96875,0.250400816448627,0.53125,0.25044875,0.0002268164486270985
thompson,27,6,1,1.0,0.5901402607704103,0.0625,0.999277,-0.40922373922959
thompson,27,6,2,0.96875,0.25039781691043955,0.53125,0.25044875,0.0002238169104396559
thompson,27,7,1,1.0,0.5901402603620951,0.0625,0.999277,-0.40922373963790515
thompson,27,7,2,0.96875,0.2503948173722711,0.53125,0.25044875,0.00022081737227119813
thompson,27,8,1,1.0,0.5901402599536343,0.0625,0.999277,-0.40922374004636597
thompson,27,8,2,0.96875,0.25039181783409425,0.53125,0.25044875,0.00021781783409435818
thompson,27,9,1,1.0,0.590140259545181,0.0625,0.999277,-0.40922374045481924
thompson,27,9,2,0.96875,0.25038881829592324,0.53125,0.25044875,0.0002148182959233469
thompson,27,10,1,1.0,0.5901402591368377,0.0625,0.999277,-0.4092237408631626
thompson,27,10,2,0.96875,0.25038581875775423,0.53125,0.25044875,0.000211818757754334
thompson,27,11,1,1.0,0.590140258728399,0.0625,0.999277,-0.4092237412716012
thompson,27,11,2,0.96875,0.2503828192195756,0.53125,0.25044875,0.0002088192195757177
thompson,27,12,1,1.0,0.5901402583199935,0.0625,0.999277,-0.40922374168000675
thompson,27,12,2,0.96875,0.2503798196814077,0.53125,0.25044875,0.00020581968140781504
thompson,27,13,1,1.0,0.5901402579115866,0.0625,0.999277,-0.4092237420884136
thompson,27,13,2,0.96875,0.25037682014322704,0.53125,0.25044875,0.0002028201432271448
thompson,27,14,1,1.0,0.5901402575032764,0.0625,0.999277,-0.4092237424967239
thompson,27,14,2,0.96875,0.25037382060504765,0.53125,0.25044875,0.00019982060504775134
thompson,27,15,1,1.0,0.5901402570948373,0.0625,0.999277,-0.40922374290516295
thompson,27,15,2,0.96875,0.2503708210668593,0.53125,0.25044875,0.00019682106685942058
thompson,27,16,1,1.0,0.5901402566864258,0.0625,0.999277,-0.4092237433135745
thompson,27,16,2,0.96875,0.25036782152868653,0.53125,0.25044875,0.00019382152868663294
thompson,27,17,1,1.0,0.5901402562780329,0.0625,0.999277,-0.40922374372196735
thompson,27,17,2,0.96875,0.250364821990523,0.53125,0.25044875,0.00019082199052311566
thompson,27,18,1,1.0,0.5901402558696682,0.0625,0.999277,-0.409223744130332
thompson,27,18,2,0.96875,0.250361822452345,0.53125,0.25044875,0.00018782245234510997
thompson,27,19,1,1.0,0.5901402554612571,0.0625,0.999277,-0.4092237445387431
thompson,27,19,2,0.96875,0.25035882291417566,0.53125,0.25044875,0.00018482291417576402
thompson,27,20,1,1.0,0.5901402550528685,0.0625,0.999277,-0.40922374494713176
thompson,27,20,2,0.96875,0.25035582337601103,0.53125,0.25044875,0.00018182337601113652
thompson,27,21,1,1.0,0.5901402546444479,0.0625,0.999277,-0.4092237453555524
thompson,27,21,2,0.96875,0.25035282383782925,0.53125,0.25044875,0.00017882383782935607
thompson,27,22,1,1.0,0.5119505382636894,0.0,0.9991150000000003,-0.4872574617363107
thompson,27,22,2,0.96875,0.2516108871467222,0.5,0.25061124999999995,0.0010178871467223516
thompson,27,23,1,1.0,0.5119505382636894,0.0,0.9991150000000003,-0.4872574617363107
thompson,27,23,2,0.96875,0.25160866973008045,0.5,0.25061124999999995,0.001015669730080604
thompson,27,24,1,1.0,0.5119505382636894,0.0,0.9991150000000003,-0.4872574617363107
thompson,27,24,2,0.96875,0.25160645231343004,0.5,0.25061124999999995,0.0010134523134301965
thompson,27,25,1,1.0,0.5119505382636894,0.0,0.9991150000000003,-0.4872574617363107
thompson,27,25,2,0.96875,0.25160423489678807,0.5,0.25061124999999995,0.0010112348967882268
thompson,27,26,1,1.0,0.5119505382636894,0.0,0.9991150000000003,-0.4872574617363107
thompson,27,26,2,0.96875,0.2516020174801482,0.5,0.25061124999999995,0.0010090174801483665
thompson,27,27,1,1.0,0.5119505382636894,0.0,0.9991150000000003,-0.4872574617363107
thompson,27,27,2,0.96875,0.251599800063504,0.5,0.25061124999999995,0.0010068000635041763
thompson,27,28,1,1.0,0.5119505382636894,0.0,0.9991150000000003,-0.4872574617363107
thompson,27,28,2,0.96875,0.2515975826468586,0.5,0.25061124999999995,0.0010045826468587649
thompson,27,29,1,1.0,0.5119505382636894,0.0,0.9991150000000003,-0.4872574617363107
thompson,27,29,2,0.96875,0.2515953652302261,0.5,0.25061124999999995,0.001002365230226232
thompson,27,30,1,1.0,0.5119505382636894,0.0,0.9991150000000003,-0.4872574617363107
thompson,27,30,2,0.96875,0.25159314781358477,0.5,0.25061124999999995,0.0010001478135849284
thompson,27,31,1,1.0,0.5119505382636894,0.0,0.9991150000000003,-0.4872574617363107
thompson,27,31,2,0.96875,0.2515909303969345,0.5,0.25061124999999995,0.000997930396934632
thompson,27,32,1,1.0,0.5119505382636894,0.0,0.9991150000000003,-0.4872574617363107
thompson,27,32,2,0.96875,0.25158871298028496,0.5,0.25061124999999995,0.0009957129802851128
thompson,27,33,1,1.0,0.5647761217820922,0.03125,0.9991960000000002,-0.4345188782179076
thompson,27,33,2,0.96875,0.2287989190044406,0.46875,0.25055474999999994,-0.021692830995559298
thompson,27,34,1,1.0,0.5647761213735821,0.03125,0.9991960000000002,-0.4345188786264177
thompson,27,34,2,0.96875,0.22879566574859111,0.46875,0.25055474999999994,-0.021696084251408787
thompson,27,35,1,1.0,0.5647761209651242,0.03125,0.9991960000000002,-0.4345188790348756
thompson,27,35,2,0.96875,0.2287924124927213,0.46875,0.25055474999999994,-0.021699337507278593
thompson,27,36,1,1.0,0.564776120556579,0.03125,0.9991960000000002,-0.4345188794434208
thompson,27,36,2,0.96875,0.22878915923687626,0.46875,0.25055474999999994,-0.02170259076312364
thompson,27,37,1,1.0,0.5647761201481266,0.03125,0.9991960000000002,-0.4345188798518732
thompson,27,37,2,0.96875,0.22878590598101267,0.46875,0.25055474999999994,-0.02170584401898723
thompson,27,38,1,1.0,0.5647761197395916,0.03125,0.9991960000000002,-0.4345188802604082
thompson,27,38,2,0.96875,0.22878265272516785,0.46875,0.25055474999999994,-0.021709097274832057
thompson,27,39,1,1.0,0.5647761193310757,0.03125,0.9991960000000002,-0.4345188806689241
thompson,27,39,2,0.96875,0.22877939946929515,0.46875,0.25055474999999994,-0.02171235053070475
thompson,27,40,1,1.0,0.5647761189226185,0.03125,0.9991960000000002,-0.43451888107738135
thompson,27,40,2,0.96875,0.2287761462134259,0.46875,0.25055474999999994,-0.021715603786574
thompson,27,41,1,1.0,0.564776118514046,0.03125,0.9991960000000002,-0.43451888148595386
thompson,27,41,2,0.96875,0.2287728929575521,0.46875,0.25055474999999994,-0.021718857042447803
thompson,27,42,1,1.0,0.5647761181056427,0.03125,0.9991960000000002,-0.43451888189435717
thompson,27,42,2,0.96875,0.22876963970171071,0.46875,0.25055474999999994,-0.021722110298289188
thompson,27,43,1,1.0,0.5647761176971434,0.03125,0.9991960000000002,-0.4345188823028564
thompson,27,43,2,0.96875,0.22876638644584701,0.46875,0.25055474999999994,-0.021725363554152888
thompson,27,44,1,1.0,0.5647761172886633,0.03125,0.9991960000000002,-0.43451888271133654
thompson,27,44,2,0.96875,0.22876313318999997,0.46875,0.25055474999999994,-0.021728616809999934
thompson,27,45,1,1.0,0.5647761168800692,0.03125,0.9991960000000002,-0.4345188831199306
thompson,27,45,2,0.96875,0.2287598799341366,0.46875,0.25055474999999994,-0.0217318700658633
thompson,27,46,1,1.0,0.5647761164715878,0.03125,0.9991960000000002,-0.43451888352841206
thompson,27,46,2,0.96875,0.2287566266782699,0.46875,0.25055474999999994,-0.02173512332173
thompson,27,47,1,1.0,0.5647761160631953,0.03125,0.9991960000000002,-0.4345188839368045
thompson,27,47,2,0.96875,0.22875337342241864,0.46875,0.25055474999999994,-0.021738376577581264
thompson,27,48,1,1.0,0.5647761156546834,0.03125,0.9991960000000002,-0.4345188843453164
thompson,27,48,2,0.96875,0.22875012016657525,0.46875,0.25055474999999994,-0.021741629833424647
thompson,27,49,1,1.0,0.5647761152461744,0.03125,0.9991960000000002,-0.4345188847538254
thompson,27,49,2,0.96875,0.22874686691070878,0.46875,0.25055474999999994,-0.021744883089291123
thompson,28,0,1,1.0,0.5901402628122718,0.0625,0.999277,-0.4092237371877284
thompson,28,0,2,0.96875,0.2504129811441348,0.53125,0.25044875,0.00023898114413489768
thompson,28,1,1,1.0,0.5901402624039533,0.0625,0.999277,-0.4092237375960469
thompson,28,1,2,0.96875,0.2504099816059339,0.53125,0.25044875,0.0002359816059340214
thompson,28,2,1,1.0,0.5901402619955831,0.0625,0.999277,-0.40922373800441714
thompson,28,2,2,0.96875,0.25040698206777573,0.53125,0.25044875,0.0002329820677758332
thompson,28,3,1,1.0,0.5901402615871569,0.0625,0.999277,-0.4092237384128433
thompson,28,3,2,0.96875,0.2504039825296004,0.53125,0.25044875,0.00022998252960049204
thompson,28,4,1,1.0,0.590140261178804,0.0625,0.999277,-0.4092237388211962
thompson,28,4,2,0.96875,0.2504009829914306,0.53125,0.25044875,0.000226982991430702
thompson,28,5,1,1.0,0.5901402607703838,0.0625,0.999277,-0.4092237392296164
thompson,28,5,2,0.96875,0.25039798345325953,0.53125,0.25044875,0.0002239834532596352
thompson,28,6,1,1.0,0.5901402603620136,0.0625,0.999277,-0.40922373963798664
thompson,28,6,2,0.96875,0.2503949839150721,0.53125,0.25044875,0.00022098391507219262
thompson,28,7,1,1.0,0.5901402599536985,0.0625,0.999277,-0.4092237400463018
thompson,28,7,2,0.96875,0.25039198437690363,0.53125,0.25044875,0.00021798437690373484
thompson,28,8,1,1.0,0.5901402595452376,0.0625,0.999277,-0.4092237404547626
thompson,28,8,2,0.96875,0.2503889848387268,0.53125,0.25044875,0.0002149848387268949
thompson,28,9,1,1.0,0.5901402591367844,0.0625,0.999277,-0.4092237408632159
thompson,28,9,2,0.96875,0.2503859853005558,0.53125,0.25044875,0.0002119853005558836
thompson,28,10,1,1.0,0.590140258728441,0.0625,0.999277,-0.40922374127155925
thompson,28,10,2,0.96875,0.25038298576238677,0.53125,0.25044875,0.00020898576238687072
thompson,28,11,1,1.0,0.5901402583200024,0.0625,0.999277,-0.40922374167999787
thompson,28,11,2,0.96875,0.25037998622420815,0.53125,0.25044875,0.0002059862242082544
thompson,28,12,1,1.0,0.5901402579115969,0.0625,0.999277,-0.4092237420884034
thompson,28,12,2,0.96875,0.25037698668604025,0.53125,0.25044875,0.00020298668604035175
thompson,28,13,1,1.0,0.59014025750319,0.0625,0.999277,-0.40922374249681026
thompson,28,13,2,0.96875,0.2503739871478596,0.53125,0.25044875,0.00019998714785968152
thompson,28,14,1,1.0,0.5901402570948797,0.0625,0.999277,-0.40922374290512054
thompson,28,14,2,0.96875,0.2503709876096802,0.53125,0.25044875,0.00019698760968028806
thompson,28,15,1,1.0,0.5901402566864407,0.0625,0.999277,-0.4092237433135596
thompson,28,15,2,0.96875,0.25036798807149185,0.53125,0.25044875,0.0001939880714919573
thompson,28,16,1,1.0,0.5901402562780291,0.0625,0.999277,-0.4092237437219711
thompson,28,16,2,0.96875,0.25036498853331907,0.53125,0.25044875,0.00019098853331916965
thompson,28,17,1,1.0,0.5901402558696363,0.0625,0.999277,-0.409223744130364
thompson,28,17,2,0.96875,0.25036198899515555,0.53125,0.25044875,0.00018798899515565237
thompson,28,18,1,1.0,0.5901402554612716,0.0625,0.999277,-0.4092237445387287
thompson,28,18,2,0.96875,0.25035898945697754,0.53125,0.25044875,0.00018498945697764668
thompson,28,19,1,1.0,0.5901402550528605,0.0625,0.999277,-0.40922374494713976
thompson,28,19,2,0.96875,0.2503559899188082,0.53125,0.25044875,0.00018198991880830073
thompson,28,20,1,1.0,0.5901402546444718,0.0625,0.999277,-0.4092237453555284
thompson,28,20,2,0.96875,0.25035299038064357,0.53125,0.25044875,0.00017899038064367323
thompson,28,21,1,1.0,0.5901402542360512,0.0625,0.999277,-0.40922374576394904
thompson,28,21,2,0.96875,0.2503499908424618,0.53125,0.25044875,0.00017599084246189278
thompson,28,22,1,1.0,0.5119505374466092,0.0,0.9991150000000003,-0.48725746255339086
thompson,28,22,2,0.96875,0.2516096197716525,0.5,0.25061124999999995,0.0010166197716526826
thompson,28,23,1,1.0,0.5119505374466092,0.0,0.9991150000000003,-0.48725746255339086
thompson,28,23,2,0.96875,0.2516074023550108,0.5,0.25061124999999995,0.001014402355010935
thompson,28,24,1,1.0,0.5119505374466092,0.0,0.9991150000000003,-0.48725746255339086
thompson,28,24,2,0.96875,0.25160518493836037,0.5,0.25061124999999995,0.0010121849383605275
thompson,28,25,1,1.0,0.5119505374466092,0.0,0.9991150000000003,-0.48725746255339086
thompson,28,25,2,0.96875,0.2516029675217184,0.5,0.25061124999999995,0.0010099675217185577
thompson,28,26,1,1.0,0.5119505374466092,0.0,0.9991150000000003,-0.48725746255339086
thompson,28,26,2,0.96875,0.25160075010507854,0.5,0.25061124999999995,0.0010077501050786974
thompson,28,27,1,1.0,0.5119505374466092,0.0,0.9991150000000003,-0.48725746255339086
thompson,28,27,2,0.96875,0.25159853268843435,0.5,0.25061124999999995,0.0010055326884345073
thompson,28,28,1,1.0,0.5119505374466092,0.0,0.9991150000000003,-0.48725746255339086
thompson,28,28,2,0.96875,0.25159631527178894,0.5,0.25061124999999995,0.0010033152717890959
thompson,28,29,1,1.0,0.5119505374466092,0.0,0.9991150000000003,-0.48725746255339086
thompson,28,29,2,0.96875,0.2515940978551564,0.5,0.25061124999999995,0.001001097855156563
thompson,28,30,1,1.0,0.5119505374466092,0.0,0.9991150000000003,-0.48725746255339086
thompson,28,30,2,0.96875,0.2515918804385151,0.5,0.25061124999999995,0.0009988804385152594
thompson,28,31,1,1.0,0.5119505374466092,0.0,0.9991150000000003,-0.48725746255339086
thompson,28,31,2,0.96875,0.2515896630218648,0.5,0.25061124999999995,0.000996663021864963
thompson,28,32,1,1.0,0.5119505374466092,0.0,0.9991150000000003,-0.48725746255339086
thompson,28,32,2,0.96875,0.2515874456052153,0.5,0.25061124999999995,0.0009944456052154438
thompson,28,33,1,1.0,0.5647761213736823,0.03125,0.9991960000000002,-0.43451887862631755
thompson,28,33,2,0.96875,0.2287989190044406,0.46875,0.25055474999999994,-0.021692830995559298
thompson,28,34,1,1.0,0.5647761209651722,0.03125,0.9991960000000002,-0.43451887903482767
thompson,28,34,2,0.96875,0.22879566574859111,0.46875,0.25055474999999994,-0.021696084251408787
thompson,28,35,1,1.0,0.5647761205567142,0.03125,0.9991960000000002,-0.4345188794432856
thompson,28,35,2,0.96875,0.2287924124927213,0.46875,0.25055474999999994,-0.021699337507278593
thompson,28,36,1,1.0,0.564776120148169,0.03125,0.9991960000000002,-0.4345188798518308
thompson,28,36,2,0.96875,0.22878915923687626,0.46875,0.25055474999999994,-0.02170259076312364
thompson,28,37,1,1.0,0.5647761197397166,0.03125,0.9991960000000002,-0.4345188802602832
thompson,28,37,2,0.96875,0.22878590598101267,0.46875,0.25055474999999994,-0.02170584401898723
thompson,28,38,1,1.0,0.5647761193311817,0.03125,0.9991960000000002,-0.43451888066881816
thompson,28,38,2,0.96875,0.22878265272516785,0.46875,0.25055474999999994,-0.021709097274832057
thompson,28,39,1,1.0,0.5647761189226658,0.03125,0.9991960000000002,-0.43451888107733405
thompson,28,39,2,0.96875,0.22877939946929515,0.46875,0.25055474999999994,-0.02171235053070475
thompson,28,40,1,1.0,0.5647761185142085,0.03125,0.9991960000000002,-0.4345188814857913
thompson,28,40,2,0.96875,0.2287761462134259,0.46875,0.25055474999999994,-0.021715603786574
thompson,28,41,1,1.0,0.564776118105636,0.03125,0.9991960000000002,-0.43451888189436383
thompson,28,41,2,0.96875,0.2287728929575521,0.46875,0.25055474999999994,-0.021718857042447803
thompson,28,42,1,1.0,0.5647761176972327,0.03125,0.9991960000000002,-0.43451888230276714
thompson,28,42,2,0.96875,0.22876963970171071,0.46875,0.25055474999999994,-0.021722110298289188
thompson,28,43,1,1.0,0.5647761172887334,0.03125,0.9991960000000002,-0.4345188827112664
thompson,28,43,2,0.96875,0.22876638644584701,0.46875,0.25055474999999994,-0.021725363554152888
thompson,28,44,1,1.0,0.5647761168802533,0.03125,0.9991960000000002,-0.4345188831197465
thompson,28,44,2,0.96875,0.22876313318999997,0.46875,0.25055474999999994,-0.021728616809999934
thompson,28,45,1,1.0,0.5647761164716593,0.03125,0.9991960000000002,-0.43451888352834056
thompson,28,45,2,0.96875,0.2287598799341366,0.46875,0.25055474999999994,-0.0217318700658633
thompson,28,46,1,1.0,0.5647761160631778,0.03125,0.9991960000000002,-0.43451888393682203
thompson,28,46,2,0.96875,0.2287566266782699,0.46875,0.25055474999999994,-0.02173512332173
thompson,28,47,1,1.0,0.5647761156547854,0.03125,0.9991960000000002,-0.43451888434521446
thompson,28,47,2,0.96875,0.22875337342241864,0.46875,0.25055474999999994,-0.021738376577581264
thompson,28,48,1,1.0,0.5647761152462735,0.03125,0.9991960000000002,-0.43451888475372635
thompson,28,48,2,0.96875,0.22875012016657525,0.46875,0.25055474999999994,-0.021741629833424647
thompson,28,49,1,1.0,0.5647761148377645,0.03125,0.9991960000000002,-0.43451888516223536
thompson,28,49,2,0.96875,0.22874686691070878,0.46875,0.25055474999999994,-0.021744883089291123
thompson,29,0,1,1.0,0.5901402624037984,0.0625,0.999277,-0.4092237375962019
thompson,29,0,2,0.96875,0.2504101481487752,0.53125,0.25044875,0.00023614814877531698
thompson,29,1,1,1.0,0.5901402619954799,0.0625,0.999277,-0.4092237380045204
thompson,29,1,2,0.96875,0.25040714861057434,0.53125,0.25044875,0.0002331486105744407
thompson,29,2,1,1.0,0.5901402615871096,0.0625,0.999277,-0.4092237384128906
thompson,29,2,2,0.96875,0.25040414907241615,0.53125,0.25044875,0.0002301490724162525
thompson,29,3,1,1.0,0.5901402611786835,0.0625,0.999277,-0.4092237388213168
thompson,29,3,2,0.96875,0.2504011495342408,0.53125,0.25044875,0.00022714953424091133
thompson,29,4,1,1.0,0.5901402607703305,0.0625,0.999277,-0.4092237392296697
thompson,29,4,2,0.96875,0.250398149996071,0.53125,0.25044875,0.0002241499960711213
thompson,29,5,1,1.0,0.5901402603619104,0.0625,0.999277,-0.4092237396380899
thompson,29,5,2,0.96875,0.25039515045789995,0.53125,0.25044875,0.0002211504579000545
thompson,29,6,1,1.0,0.5901402599535401,0.0625,0.999277,-0.4092237400464601
thompson,29,6,2,0.96875,0.2503921509197125,0.53125,0.25044875,0.0002181509197126119
thompson,29,7,1,1.0,0.590140259545225,0.0625,0.999277,-0.4092237404547753
thompson,29,7,2,0.96875,0.25038915138154405,0.53125,0.25044875,0.00021515138154415414
thompson,29,8,1,1.0,0.5901402591367642,0.0625,0.999277,-0.4092237408632361
thompson,29,8,2,0.96875,0.2503861518433672,0.53125,0.25044875,0.00021215184336731419
thompson,29,9,1,1.0,0.5901402587283109,0.0625,0.999277,-0.40922374127168937
thompson,29,9,2,0.96875,0.2503831523051962,0.53125,0.25044875,0.0002091523051963029
thompson,29,10,1,1.0,0.5901402583199675,0.0625,0.999277,-0.4092237416800327
thompson,29,10,2,0.96875,0.2503801527670272,0.53125,0.25044875,0.00020615276702729002
thompson,29,11,1,1.0,0.5901402579115289,0.0625,0.999277,-0.40922374208847134
thompson,29,11,2,0.96875,0.25037715322884857,0.53125,0.25044875,0.0002031532288486737
thompson,29,12,1,1.0,0.5901402575031234,0.0625,0.999277,-0.4092237424968769
thompson,29,12,2,0.96875,0.25037415369068067,0.53125,0.25044875,0.00020015369068077105
thompson,29,13,1,1.0,0.5901402570947165,0.0625,0.999277,-0.40922374290528374
thompson,29,13,2,0.96875,0.2503711541525,0.53125,0.25044875,0.00019715415250010082
thompson,29,14,1,1.0,0.5901402566864062,0.0625,0.999277,-0.409223743313594
thompson,29,14,2,0.96875,0.2503681546143206,0.53125,0.25044875,0.00019415461432070735
thompson,29,15,1,1.0,0.5901402562779672,0.0625,0.999277,-0.4092237437220331
thompson,29,15,2,0.96875,0.2503651550761323,0.53125,0.25044875,0.0001911550761323766
thompson,29,16,1,1.0,0.5901402558695557,0.0625,0.999277,-0.4092237441304446
thompson,29,16,2,0.96875,0.2503621555379595,0.53125,0.25044875,0.00018815553795958895
thompson,29,17,1,1.0,0.5901402554611628,0.0625,0.999277,-0.4092237445388375
thompson,29,17,2,0.96875,0.25035915599979597,0.53125,0.25044875,0.00018515599979607167
thompson,29,18,1,1.0,0.5901402550527981,0.0625,0.999277,-0.40922374494720215
thompson,29,18,2,0.96875,0.25035615646161796,0.53125,0.25044875,0.00018215646161806598
thompson,29,19,1,1.0,0.590140254644387,0.0625,0.999277,-0.40922374535561323
thompson,29,19,2,0.96875,0.2503531569234486,0.53125,0.25044875,0.00017915692344872003
thompson,29,20,1,1.0,0.5901402542359984,0.0625,0.999277,-0.4092237457640019
thompson,29,20,2,0.96875,0.250350157385284,0.53125,0.25044875,0.00017615738528409253
thompson,29,21,1,1.0,0.5901402538275777,0.0625,0.999277,-0.4092237461724225
thompson,29,21,2,0.96875,0.2503471578471022,0.53125,0.25044875,0.00017315784710231208
thompson,29,22,1,1.0,0.5119505366295859,0.0,0.9991150000000003,-0.4872574633704142
thompson,29,22,2,0.96875,0.25160835239660284,0.5,0.25061124999999995,0.0010153523966029976
thompson,29,23,1,1.0,0.5119505366295859,0.0,0.9991150000000003,-0.4872574633704142
thompson,29,23,2,0.96875,0.2516061349799611,0.5,0.25061124999999995,0.00101313497996125
thompson,29,24,1,1.0,0.5119505366295859,0.0,0.9991150000000003,-0.4872574633704142
thompson,29,24,2,0.96875,0.2516039175633107,0.5,0.25061124999999995,0.0010109175633108425
thompson,29,25,1,1.0,0.5119505366295859,0.0,0.9991150000000003,-0.4872574633704142
thompson,29,25,2,0.96875,0.2516017001466687,0.5,0.25061124999999995,0.0010087001466688728
thompson,29,26,1,1.0,0.5119505366295859,0.0,0.9991150000000003,-0.4872574633704142
thompson,29,26,2,0.96875,0.25159948273002886,0.5,0.25061124999999995,0.0010064827300290125
thompson,29,27,1,1.0,0.5119505366295859,0.0,0.9991150000000003,-0.4872574633704142
thompson,29,27,2,0.96875,0.25159726531338467,0.5,0.25061124999999995,0.0010042653133848223
thompson,29,28,1,1.0,0.5119505366295859,0.0,0.9991150000000003,-0.4872574633704142
thompson,29,28,2,0.96875,0.25159504789673925,0.5,0.25061124999999995,0.0010020478967394109
thompson,29,29,1,1.0,0.5119505366295859,0.0,0.9991150000000003,-0.4872574633704142
thompson,29,29,2,0.96875,0.2515928304801067,0.5,0.25061124999999995,0.000999830480106878
thompson,29,30,1,1.0,0.5119505366295859,0.0,0.9991150000000003,-0.4872574633704142
thompson,29,30,2,0.96875,0.2515906130634654,0.5,0.25061124999999995,0.0009976130634655744
thompson,29,31,1,1.0,0.5119505366295859,0.0,0.9991150000000003,-0.4872574633704142
thompson,29,31,2,0.96875,0.2515883956468151,0.5,0.25061124999999995,0.000995395646815278
thompson,29,32,1,1.0,0.5119505366295859,0.0,0.9991150000000003,-0.4872574633704142
thompson,29,32,2,0.96875,0.2515861782301656,0.5,0.25061124999999995,0.0009931782301657588
thompson,29,33,1,1.0,0.5647761209652792,0.03125,0.9991960000000002,-0.43451887903472064
thompson,29,33,2,0.96875,0.2287989190044406,0.46875,0.25055474999999994,-0.021692830995559298
thompson,29,34,1,1.0,0.5647761205567691,0.03125,0.9991960000000002,-0.43451887944323075
thompson,29,34,2,0.96875,0.22879566574859111,0.46875,0.25055474999999994,-0.021696084251408787
thompson,29,35,1,1.0,0.5647761201483111,0.03125,0.9991960000000002,-0.4345188798516887
thompson,29,35,2,0.96875,0.2287924124927213,0.46875,0.25055474999999994,-0.021699337507278593
thompson,29,36,1,1.0,0.5647761197397659,0.03125,0.9991960000000002,-0.4345188802602339
thompson,29,36,2,0.96875,0.22878915923687626,0.46875,0.25055474999999994,-0.02170259076312364
thompson,29,37,1,1.0,0.5647761193313136,0.03125,0.9991960000000002,-0.43451888066868627
thompson,29,37,2,0.96875,0.22878590598101267,0.46875,0.25055474999999994,-0.02170584401898723
thompson,29,38,1,1.0,0.5647761189227786,0.03125,0.9991960000000002,-0.43451888107722125
thompson,29,38,2,0.96875,0.22878265272516785,0.46875,0.25055474999999994,-0.021709097274832057
thompson,29,39,1,1.0,0.5647761185142627,0.03125,0.9991960000000002,-0.43451888148573714
thompson,29,39,2,0.96875,0.22877939946929515,0.46875,0.25055474999999994,-0.02171235053070475
thompson,29,40,1,1.0,0.5647761181058054,0.03125,0.9991960000000002,-0.4345188818941944
thompson,29,40,2,0.96875,0.2287761462134259,0.46875,0.25055474999999994,-0.021715603786574
thompson,29,41,1,1.0,0.5647761176972329,0.03125,0.9991960000000002,-0.4345188823027669
thompson,29,41,2,0.96875,0.2287728929575521,0.46875,0.25055474999999994,-0.021718857042447803
thompson,29,42,1,1.0,0.5647761172888296,0.03125,0.9991960000000002,-0.43451888271117023
thompson,29,42,2,0.96875,0.22876963970171071,0.46875,0.25055474999999994,-0.021722110298289188
thompson,29,43,1,1.0,0.5647761168803304,0.03125,0.9991960000000002,-0.43451888311966946
thompson,29,43,2,0.96875,0.22876638644584701,0.46875,0.25055474999999994,-0.021725363554152888
thompson,29,44,1,1.0,0.5647761164718502,0.03125,0.9991960000000002,-0.4345188835281496
thompson,29,44,2,0.96875,0.22876313318999997,0.46875,0.25055474999999994,-0.021728616809999934
thompson,29,45,1,1.0,0.5647761160632562,0.03125,0.9991960000000002,-0.43451888393674365
thompson,29,45,2,0.96875,0.2287598799341366,0.46875,0.25055474999999994,-0.0217318700658633
thompson,29,46,1,1.0,0.5647761156547747,0.03125,0.9991960000000002,-0.4345188843452251
thompson,29,46,2,0.96875,0.2287566266782699,0.46875,0.25055474999999994,-0.02173512332173
thompson,29,47,1,1.0,0.5647761152463823,0.03125,0.9991960000000002,-0.43451888475361755
thompson,29,47,2,0.96875,0.22875337342241864,0.46875,0.25055474999999994,-0.021738376577581264
thompson,29,48,1,1.0,0.5647761148378704,0.03125,0.9991960000000002,-0.43451888516212944
thompson,29,48,2,0.96875,0.22875012016657525,0.46875,0.25055474999999994,-0.021741629833424647
thompson,29,49,1,1.0,0.5647761144293614,0.03125,0.9991960000000002,-0.43451888557063845
thompson,29,49,2,0.96875,0.22874686691070878,0.46875,0.25055474999999994,-0.021744883089291123
thompson,30,0,1,1.0,0.5901402619954106,0.0625,0.999277,-0.40922373800458967
thompson,30,0,2,0.96875,0.2504073151534102,0.53125,0.25044875,0.00023331515341029618
thompson,30,1,1,1.0,0.5901402615870921,0.0625,0.999277,-0.40922373841290816
thompson,30,1,2,0.96875,0.2504043156152093,0.53125,0.25044875,0.0002303156152094199
thompson,30,2,1,1.0,0.5901402611787219,0.0625,0.999277,-0.4092237388212784
thompson,30,2,2,0.96875,0.25040131607705113,0.53125,0.25044875,0.0002273160770512317
thompson,30,3,1,1.0,0.5901402607702957,0.0625,0.999277,-0.40922373922970456
thompson,30,3,2,0.96875,0.2503983165388758,0.53125,0.25044875,0.00022431653887589054
thompson,30,4,1,1.0,0.5901402603619428,0.0625,0.999277,-0.40922373963805747
thompson,30,4,2,0.96875,0.250395317000706,0.53125,0.25044875,0.0002213170007061005
thompson,30,5,1,1.0,0.5901402599535226,0.0625,0.999277,-0.40922374004647766
thompson,30,5,2,0.96875,0.25039231746253493,0.53125,0.25044875,0.0002183174625350337
thompson,30,6,1,1.0,0.5901402595451524,0.0625,0.999277,-0.4092237404548479
thompson,30,6,2,0.96875,0.2503893179243475,0.53125,0.25044875,0.00021531792434759112
thompson,30,7,1,1.0,0.5901402591368372,0.0625,0.999277,-0.40922374086316304
thompson,30,7,2,0.96875,0.25038631838617903,0.53125,0.25044875,0.00021231838617913334
thompson,30,8,1,1.0,0.5901402587283764,0.0625,0.999277,-0.40922374127162386
thompson,30,8,2,0.96875,0.2503833188480022,0.53125,0.25044875,0.0002093188480022934
thompson,30,9,1,1.0,0.5901402583199231,0.0625,0.999277,-0.40922374168007714
thompson,30,9,2,0.96875,0.2503803193098312,0.53125,0.25044875,0.0002063193098312821
thompson,30,10,1,1.0,0.5901402579115798,0.0625,0.999277,-0.4092237420884205
thompson,30,10,2,0.96875,0.25037731977166217,0.53125,0.25044875,0.00020331977166226922
thompson,30,11,1,1.0,0.5901402575031411,0.0625,0.999277,-0.4092237424968591
thompson,30,11,2,0.96875,0.25037432023348355,0.53125,0.25044875,0.0002003202334836529
thompson,30,12,1,1.0,0.5901402570947356,0.0625,0.999277,-0.40922374290526464
thompson,30,12,2,0.96875,0.25037132069531565,0.53125,0.25044875,0.00019732069531575025
thompson,30,13,1,1.0,0.5901402566863287,0.0625,0.999277,-0.4092237433136715
thompson,30,13,2,0.96875,0.250368321157135,0.53125,0.25044875,0.00019432115713508002
thompson,30,14,1,1.0,0.5901402562780185,0.0625,0.999277,-0.4092237437219818
thompson,30,14,2,0.96875,0.2503653216189556,0.53125,0.25044875,0.00019132161895568656
thompson,30,15,1,1.0,0.5901402558695794,0.0625,0.999277,-0.40922374413042084
thompson,30,15,2,0.96875,0.25036232208076725,0.53125,0.25044875,0.0001883220807673558
thompson,30,16,1,1.0,0.5901402554611679,0.0625,0.999277,-0.40922374453883237
thompson,30,16,2,0.96875,0.25035932254259446,0.53125,0.25044875,0.00018532254259456815
thompson,30,17,1,1.0,0.590140255052775,0.0625,0.999277,-0.40922374494722524
thompson,30,17,2,0.96875,0.25035632300443095,0.53125,0.25044875,0.00018232300443105087
thompson,30,18,1,1.0,0.5901402546444103,0.0625,0.999277,-0.4092237453555899
thompson,30,18,2,0.96875,0.25035332346625294,0.53125,0.25044875,0.00017932346625304518
thompson,30,19,1,1.0,0.5901402542359993,0.0625,0.999277,-0.409223745764001
thompson,30,19,2,0.96875,0.2503503239280836,0.53125,0.25044875,0.00017632392808369923
thompson,30,20,1,1.0,0.5901402538276106,0.0625,0.999277,-0.40922374617238966
thompson,30,20,2,0.96875,0.25034732438991897,0.53125,0.25044875,0.00017332438991907173
thompson,30,21,1,1.0,0.59014025341919,0.0625,0.999277,-0.4092237465808103
thompson,30,21,2,0.96875,0.2503443248517372,0.53125,0.25044875,0.00017032485173729128
thompson,30,22,1,1.0,0.5119505358125039,0.0,0.9991150000000003,-0.48725746418749616
thompson,30,22,2,0.96875,0.2516070850215364,0.5,0.25061124999999995,0.0010140850215365482
thompson,30,23,1,1.0,0.5119505358125039,0.0,0.9991150000000003,-0.48725746418749616
thompson,30,23,2,0.96875,0.25160486760489464,0.5,0.25061124999999995,0.0010118676048948005
thompson,30,24,1,1.0,0.5119505358125039,0.0,0.9991150000000003,-0.48725746418749616
thompson,30,24,2,0.96875,0.25160265018824424,0.5,0.25061124999999995,0.0010096501882443931
thompson,30,25,1,1.0,0.5119505358125039,0.0,0.9991150000000003,-0.48725746418749616
thompson,30,25,2,0.96875,0.25160043277160227,0.5,0.25061124999999995,0.0010074327716024234
thompson,30,26,1,1.0,0.5119505358125039,0.0,0.9991150000000003,-0.48725746418749616
thompson,30,26,2,0.96875,0.2515982153549624,0.5,0.25061124999999995,0.001005215354962563
thompson,30,27,1,1.0,0.5119505358125039,0.0,0.9991150000000003,-0.48725746418749616
thompson,30,27,2,0.96875,0.2515959979383182,0.5,0.25061124999999995,0.001002997938318373
thompson,30,28,1,1.0,0.5119505358125039,0.0,0.9991150000000003,-0.48725746418749616
thompson,30,28,2,0.96875,0.2515937805216728,0.5,0.25061124999999995,0.0010007805216729615
thompson,30,29,1,1.0,0.5119505358125039,0.0,0.9991150000000003,-0.48725746418749616
thompson,30,29,2,0.96875,0.2515915631050403,0.5,0.25061124999999995,0.0009985631050404287
thompson,30,30,1,1.0,0.5119505358125039,0.0,0.9991150000000003,-0.48725746418749616
thompson,30,30,2,0.96875,0.25158934568839897,0.5,0.25061124999999995,0.000996345688399125
thompson,30,31,1,1.0,0.5119505358125039,0.0,0.9991150000000003,-0.48725746418749616
thompson,30,31,2,0.96875,0.2515871282717487,0.5,0.25061124999999995,0.0009941282717488287
thompson,30,32,1,1.0,0.5119505358125039,0.0,0.9991150000000003,-0.48725746418749616
thompson,30,32,2,0.96875,0.25158491085509915,0.5,0.25061124999999995,0.0009919108550993094
thompson,30,33,1,1.0,0.5647761205568939,0.03125,0.9991960000000002,-0.43451887944310597
thompson,30,33,2,0.96875,0.2287989190044406,0.46875,0.25055474999999994,-0.021692830995559298
thompson,30,34,1,1.0,0.5647761201483837,0.03125,0.9991960000000002,-0.4345188798516161
thompson,30,34,2,0.96875,0.22879566574859111,0.46875,0.25055474999999994,-0.021696084251408787
thompson,30,35,1,1.0,0.5647761197399258,0.03125,0.9991960000000002,-0.434518880260074
thompson,30,35,2,0.96875,0.2287924124927213,0.46875,0.25055474999999994,-0.021699337507278593
thompson,30,36,1,1.0,0.5647761193313806,0.03125,0.9991960000000002,-0.4345188806686192
thompson,30,36,2,0.96875,0.22878915923687626,0.46875,0.25055474999999994,-0.02170259076312364
thompson,30,37,1,1.0,0.5647761189229282,0.03125,0.9991960000000002,-0.4345188810770716
thompson,30,37,2,0.96875,0.22878590598101267,0.46875,0.25055474999999994,-0.02170584401898723
thompson,30,38,1,1.0,0.5647761185143932,0.03125,0.9991960000000002,-0.4345188814856066
thompson,30,38,2,0.96875,0.22878265272516785,0.46875,0.25055474999999994,-0.021709097274832057
thompson,30,39,1,1.0,0.5647761181058774,0.03125,0.9991960000000002,-0.43451888189412247
thompson,30,39,2,0.96875,0.22877939946929515,0.46875,0.25055474999999994,-0.02171235053070475
thompson,30,40,1,1.0,0.5647761176974201,0.03125,0.9991960000000002,-0.43451888230257973
thompson,30,40,2,0.96875,0.2287761462134259,0.46875,0.25055474999999994,-0.021715603786574
thompson,30,41,1,1.0,0.5647761172888476,0.03125,0.9991960000000002,-0.43451888271115224
thompson,30,41,2,0.96875,0.2287728929575521,0.46875,0.25055474999999994,-0.021718857042447803
thompson,30,42,1,1.0,0.5647761168804443,0.03125,0.9991960000000002,-0.43451888311955555
thompson,30,42,2,0.96875,0.22876963970171071,0.46875,0.25055474999999994,-0.021722110298289188
thompson,30,43,1,1.0,0.564776116471945,0.03125,0.9991960000000002,-0.4345188835280548
thompson,30,43,2,0.96875,0.22876638644584701,0.46875,0.25055474999999994,-0.021725363554152888
thompson,30,44,1,1.0,0.5647761160634649,0.03125,0.9991960000000002,-0.4345188839365349
thompson,30,44,2,0.96875,0.22876313318999997,0.46875,0.25055474999999994,-0.021728616809999934
thompson,30,45,1,1.0,0.5647761156548708,0.03125,0.9991960000000002,-0.434518884345129
thompson,30,45,2,0.96875,0.2287598799341366,0.46875,0.25055474999999994,-0.0217318700658633
thompson,30,46,1,1.0,0.5647761152463894,0.03125,0.9991960000000002,-0.43451888475361045
thompson,30,46,2,0.96875,0.2287566266782699,0.46875,0.25055474999999994,-0.02173512332173
thompson,30,47,1,1.0,0.564776114837997,0.03125,0.9991960000000002,-0.4345188851620029
thompson,30,47,2,0.96875,0.22875337342241864,0.46875,0.25055474999999994,-0.021738376577581264
thompson,30,48,1,1.0,0.564776114429485,0.03125,0.9991960000000002,-0.43451888557051477
thompson,30,48,2,0.96875,0.22875012016657525,0.46875,0.25055474999999994,-0.021741629833424647
thompson,30,49,1,1.0,0.564776114020976,0.03125,0.9991960000000002,-0.4345188859790238
thompson,30,49,2,0.96875,0.22874686691070878,0.46875,0.25055474999999994,-0.021744883089291123
thompson,31,0,1,1.0,0.5901402615870392,0.0625,0.999277,-0.409223738412961
thompson,31,0,2,0.96875,0.244417947734536,0.5,0.25044875,-0.005838052265464022
thompson,31,1,1,1.0,0.5901402611787208,0.0625,0.999277,-0.4092237388212795
thompson,31,1,2,0.96875,0.2444157303178915,0.5,0.25044875,-0.005840269682108545
thompson,31,2,1,1.0,0.5901402607703505,0.0625,0.999277,-0.4092237392296497
thompson,31,2,2,0.96875,0.24441351290125163,0.5,0.25044875,-0.005842487098748406
thompson,31,3,1,1.0,0.5901402603619244,0.0625,0.999277,-0.4092237396380759
thompson,31,3,2,0.96875,0.244411295484601,0.5,0.25044875,-0.005844704515399035
thompson,31,4,1,1.0,0.5901402599535714,0.0625,0.999277,-0.4092237400464288
thompson,31,4,2,0.96875,0.24440907806795525,0.5,0.25044875,-0.00584692193204478
thompson,31,5,1,1.0,0.5901402595451513,0.0625,0.999277,-0.409223740454849
thompson,31,5,2,0.96875,0.24440686065131884,0.5,0.25044875,-0.005849139348681198
thompson,31,6,1,1.0,0.590140259136781,0.0625,0.999277,-0.4092237408632192
thompson,31,6,2,0.96875,0.24440464323467143,0.5,0.25044875,-0.005851356765328608
thompson,31,7,1,1.0,0.5901402587284659,0.0625,0.999277,-0.4092237412715344
thompson,31,7,2,0.96875,0.24440242581801447,0.5,0.25044875,-0.005853574181985566
thompson,31,8,1,1.0,0.590140258320005,0.0625,0.999277,-0.4092237416799952
thompson,31,8,2,0.96875,0.24440020840137483,0.5,0.25044875,-0.005855791598625204
thompson,31,9,1,1.0,0.5901402579115518,0.0625,0.999277,-0.40922374208844847
thompson,31,9,2,0.96875,0.2443979909847081,0.5,0.25044875,-0.005858009015291932
thompson,31,10,1,1.0,0.5901402575032084,0.0625,0.999277,-0.40922374249679183
thompson,31,10,2,0.96875,0.24439577356808334,0.5,0.25044875,-0.005860226431916693
thompson,31,11,1,1.0,0.5901402570947698,0.0625,0.999277,-0.40922374290523045
thompson,31,11,2,0.96875,0.2443935561514317,0.5,0.25044875,-0.005862443848568322
thompson,31,12,1,1.0,0.5901402566863643,0.0625,0.999277,-0.409223743313636
thompson,31,12,2,0.96875,0.24439133873478186,0.5,0.25044875,-0.005864661265218174
thompson,31,13,1,1.0,0.5901402562779574,0.0625,0.999277,-0.40922374372204284
thompson,31,13,2,0.96875,0.2443891213181601,0.5,0.25044875,-0.005866878681839938
thompson,31,14,1,1.0,0.5901402558696471,0.0625,0.999277,-0.4092237441303531
thompson,31,14,2,0.96875,0.24438690390151346,0.5,0.25044875,-0.00586909609848657
thompson,31,15,1,1.0,0.5901402554612081,0.0625,0.999277,-0.4092237445387922
thompson,31,15,2,0.96875,0.24438468648485773,0.5,0.25044875,-0.005871313515142307
thompson,31,16,1,1.0,0.5901402550527965,0.0625,0.999277,-0.4092237449472037
thompson,31,16,2,0.96875,0.24438246906822908,0.5,0.25044875,-0.005873530931770954
thompson,31,17,1,1.0,0.5901402546444037,0.0625,0.999277,-0.4092237453555966
thompson,31,17,2,0.96875,0.24438025165156801,0.5,0.25044875,-0.005875748348432019
thompson,31,18,1,1.0,0.590140254236039,0.0625,0.999277,-0.40922374576396126
thompson,31,18,2,0.96875,0.24437803423493282,0.5,0.25044875,-0.005877965765067217
thompson,31,19,1,1.0,0.5901402538276279,0.0625,0.999277,-0.40922374617237234
thompson,31,19,2,0.96875,0.2443758168182832,0.5,0.25044875,-0.005880183181716847
thompson,31,20,1,1.0,0.5901402534192393,0.0625,0.999277,-0.409223746580761
thompson,31,20,2,0.96875,0.24437359940163467,0.5,0.25044875,-0.005882400598365367
thompson,31,21,1,1.0,0.5901402530108186,0.0625,0.999277,-0.4092237469891816
thompson,31,21,2,0.96875,0.2443713819849917,0.5,0.25044875,-0.005884618015008336
thompson,31,22,1,1.0,0.5119505349955255,0.0,0.9991150000000003,-0.48725746500447464
thompson,31,22,2,0.96875,0.22883470481888735,0.46875,0.25061124999999995,-0.021657045181112555
thompson,31,23,1,1.0,0.5119505349955255,0.0,0.9991150000000003,-0.48725746500447464
thompson,31,23,2,0.96875,0.22883145156303297,0.46875,0.25061124999999995,-0.02166029843696693
thompson,31,24,1,1.0,0.5119505349955255,0.0,0.9991150000000003,-0.48725746500447464
thompson,31,24,2,0.96875,0.2288281983071898,0.46875,0.25061124999999995,-0.02166355169281009
thompson,31,25,1,1.0,0.5119505349955255,0.0,0.9991150000000003,-0.48725746500447464
thompson,31,25,2,0.96875,0.228824945051323,0.46875,0.25061124999999995,-0.0216668049486769
thompson,31,26,1,1.0,0.5119505349955255,0.0,0.9991150000000003,-0.48725746500447464
thompson,31,26,2,0.96875,0.22882169179545475,0.46875,0.25061124999999995,-0.02167005820454515
thompson,31,27,1,1.0,0.5119505349955255,0.0,0.9991150000000003,-0.48725746500447464
thompson,31,27,2,0.96875,0.2288184385395856,0.46875,0.25061124999999995,-0.02167331146041429
thompson,31,28,1,1.0,0.5119505349955255,0.0,0.9991150000000003,-0.48725746500447464
thompson,31,28,2,0.96875,0.2288151852837388,0.46875,0.25061124999999995,-0.021676564716261115
thompson,31,29,1,1.0,0.5119505349955255,0.0,0.9991150000000003,-0.48725746500447464
thompson,31,29,2,0.96875,0.22881193202790218,0.46875,0.25061124999999995,-0.021679817972097726
thompson,31,30,1,1.0,0.5119505349955255,0.0,0.9991150000000003,-0.48725746500447464
thompson,31,30,2,0.96875,0.22880867877203992,0.46875,0.25061124999999995,-0.021683071227959982
thompson,31,31,1,1.0,0.5119505349955255,0.0,0.9991150000000003,-0.48725746500447464
thompson,31,31,2,0.96875,0.228805425516177,0.46875,0.25061124999999995,-0.021686324483822905
thompson,31,32,1,1.0,0.5119505349955255,0.0,0.9991150000000003,-0.48725746500447464
thompson,31,32,2,0.96875,0.22880217226033073,0.46875,0.25061124999999995,-0.021689577739669175
thompson,31,33,1,1.0,0.5647761201484497,0.03125,0.9991960000000002,-0.43451887985155013
thompson,31,33,2,0.96875,0.21849620244669032,0.4375,0.25055474999999994,-0.031991047553309504
thompson,31,34,1,1.0,0.5647761197399396,0.03125,0.9991960000000002,-0.43451888026006025
thompson,31,34,2,0.96875,0.21849294919084394,0.4375,0.25055474999999994,-0.031994300809155884
thompson,31,35,1,1.0,0.5647761193314816,0.03125,0.9991960000000002,-0.4345188806685182
thompson,31,35,2,0.96875,0.2184896959349848,0.4375,0.25055474999999994,-0.03199755406501503
thompson,31,36,1,1.0,0.5647761189229364,0.03125,0.9991960000000002,-0.4345188810770634
thompson,31,36,2,0.96875,0.21848644267913275,0.4375,0.25055474999999994,-0.032000807320867075
thompson,31,37,1,1.0,0.5647761185144841,0.03125,0.9991960000000002,-0.43451888148551576
thompson,31,37,2,0.96875,0.21848318942325518,0.4375,0.25055474999999994,-0.03200406057674465
thompson,31,38,1,1.0,0.5647761181059491,0.03125,0.9991960000000002,-0.43451888189405075
thompson,31,38,2,0.96875,0.21847993616742623,0.4375,0.25055474999999994,-0.0320073138325736
thompson,31,39,1,1.0,0.5647761176974332,0.03125,0.9991960000000002,-0.43451888230256663
thompson,31,39,2,0.96875,0.21847668291153255,0.4375,0.25055474999999994,-0.03201056708846728
thompson,31,40,1,1.0,0.5647761172889759,0.03125,0.9991960000000002,-0.4345188827110239
thompson,31,40,2,0.96875,0.21847342965567562,0.4375,0.25055474999999994,-0.032013820344324206
thompson,31,41,1,1.0,0.5647761168804034,0.03125,0.9991960000000002,-0.4345188831195964
thompson,31,41,2,0.96875,0.21847017639982913,0.4375,0.25055474999999994,-0.0320170736001707
thompson,31,42,1,1.0,0.5647761164720001,0.03125,0.9991960000000002,-0.4345188835279997
thompson,31,42,2,0.96875,0.21846692314395488,0.4375,0.25055474999999994,-0.032020326856044945
thompson,31,43,1,1.0,0.5647761160635009,0.03125,0.9991960000000002,-0.43451888393649896
thompson,31,43,2,0.96875,0.2184636698881125,0.4375,0.25055474999999994,-0.03202358011188733
thompson,31,44,1,1.0,0.5647761156550207,0.03125,0.9991960000000002,-0.4345188843449791
thompson,31,44,2,0.96875,0.21846041663225768,0.4375,0.25055474999999994,-0.03202683336774215
thompson,31,45,1,1.0,0.5647761152464267,0.03125,0.9991960000000002,-0.43451888475357314
thompson,31,45,2,0.96875,0.21845716337640342,0.4375,0.25055474999999994,-0.03203008662359641
thompson,31,46,1,1.0,0.5647761148379452,0.03125,0.9991960000000002,-0.4345188851620546
thompson,31,46,2,0.96875,0.21845391012051674,0.4375,0.25055474999999994,-0.03203333987948309
thompson,31,47,1,1.0,0.5647761144295528,0.03125,0.9991960000000002,-0.43451888557044704
thompson,31,47,2,0.96875,0.21845065686467413,0.4375,0.25055474999999994,-0.0320365931353257
thompson,31,48,1,1.0,0.5647761140210409,0.03125,0.9991960000000002,-0.43451888597895894
thompson,31,48,2,0.96875,0.21844740360883408,0.4375,0.25055474999999994,-0.03203984639116575
thompson,31,49,1,1.0,0.5647761136125319,0.03125,0.9991960000000002,-0.43451888638746794
thompson,31,49,2,0.96875,0.2184441503529596,0.4375,0.25055474999999994,-0.03204309964704022
thompson,32,0,1,1.0,0.5901402611786228,0.0625,0.999277,-0.4092237388213774
thompson,32,0,2,0.96875,0.24441511473918143,0.5,0.25044875,-0.005840885260818607
thompson,32,1,1,1.0,0.5901402607703043,0.0625,0.999277,-0.4092237392296959
thompson,32,1,2,0.96875,0.2444128973225369,0.5,0.25044875,-0.00584310267746313
thompson,32,2,1,1.0,0.5901402603619341,0.0625,0.999277,-0.40922373963806613
thompson,32,2,2,0.96875,0.24441067990589704,0.5,0.25044875,-0.00584532009410299
thompson,32,3,1,1.0,0.5901402599535079,0.0625,0.999277,-0.4092237400464923
thompson,32,3,2,0.96875,0.24440846248924641,0.5,0.25044875,-0.00584753751075362
thompson,32,4,1,1.0,0.590140259545155,0.0625,0.999277,-0.4092237404548452
thompson,32,4,2,0.96875,0.24440624507260067,0.5,0.25044875,-0.005849754927399364
thompson,32,5,1,1.0,0.5901402591367348,0.0625,0.999277,-0.4092237408632654
thompson,32,5,2,0.96875,0.24440402765596425,0.5,0.25044875,-0.005851972344035783
thompson,32,6,1,1.0,0.5901402587283646,0.0625,0.999277,-0.40922374127163563
thompson,32,6,2,0.96875,0.24440181023931684,0.5,0.25044875,-0.005854189760683193
thompson,32,7,1,1.0,0.5901402583200495,0.0625,0.999277,-0.4092237416799508
thompson,32,7,2,0.96875,0.24439959282265988,0.5,0.25044875,-0.0058564071773401505
thompson,32,8,1,1.0,0.5901402579115886,0.0625,0.999277,-0.4092237420884116
thompson,32,8,2,0.96875,0.24439737540602025,0.5,0.25044875,-0.005858624593979789
thompson,32,9,1,1.0,0.5901402575031354,0.0625,0.999277,-0.4092237424968649
thompson,32,9,2,0.96875,0.24439515798935352,0.5,0.25044875,-0.0058608420106465164
thompson,32,10,1,1.0,0.590140257094792,0.0625,0.999277,-0.40922374290520824
thompson,32,10,2,0.96875,0.24439294057272876,0.5,0.25044875,-0.005863059427271278
thompson,32,11,1,1.0,0.5901402566863534,0.0625,0.999277,-0.40922374331364686
thompson,32,11,2,0.96875,0.24439072315607713,0.5,0.25044875,-0.005865276843922906
thompson,32,12,1,1.0,0.5901402562779479,0.0625,0.999277,-0.4092237437220524
thompson,32,12,2,0.96875,0.24438850573942728,0.5,0.25044875,-0.005867494260572759
thompson,32,13,1,1.0,0.590140255869541,0.0625,0.999277,-0.40922374413045925
thompson,32,13,2,0.96875,0.2443862883228055,0.5,0.25044875,-0.005869711677194522
thompson,32,14,1,1.0,0.5901402554612307,0.0625,0.999277,-0.40922374453876953
thompson,32,14,2,0.96875,0.24438407090615888,0.5,0.25044875,-0.005871929093841155
thompson,32,15,1,1.0,0.5901402550527917,0.0625,0.999277,-0.4092237449472086
thompson,32,15,2,0.96875,0.24438185348950314,0.5,0.25044875,-0.0058741465104968915
thompson,32,16,1,1.0,0.5901402546443801,0.0625,0.999277,-0.4092237453556201
thompson,32,16,2,0.96875,0.2443796360728745,0.5,0.25044875,-0.005876363927125539
thompson,32,17,1,1.0,0.5901402542359873,0.0625,0.999277,-0.409223745764013
thompson,32,17,2,0.96875,0.24437741865621343,0.5,0.25044875,-0.005878581343786604
thompson,32,18,1,1.0,0.5901402538276226,0.0625,0.999277,-0.40922374617237767
thompson,32,18,2,0.96875,0.24437520123957823,0.5,0.25044875,-0.0058807987604218015
thompson,32,19,1,1.0,0.5901402534192115,0.0625,0.999277,-0.40922374658078875
thompson,32,19,2,0.96875,0.2443729838229286,0.5,0.25044875,-0.005883016177071432
thompson,32,20,1,1.0,0.5901402530108228,0.0625,0.999277,-0.4092237469891774
thompson,32,20,2,0.96875,0.24437076640628008,0.5,0.25044875,-0.005885233593719952
thompson,32,21,1,1.0,0.5901402526024022,0.0625,0.999277,-0.40922374739759804
thompson,32,21,2,0.96875,0.2443685489896371,0.5,0.25044875,-0.005887451010362921
thompson,32,22,1,1.0,0.511950534178451,0.0,0.9991150000000003,-0.48725746582154905
thompson,32,22,2,0.96875,0.22883470481888735,0.46875,0.25061124999999995,-0.021657045181112555
thompson,32,23,1,1.0,0.511950534178451,0.0,0.9991150000000003,-0.48725746582154905
thompson,32,23,2,0.96875,0.22883145156303297,0.46875,0.25061124999999995,-0.02166029843696693
thompson,32,24,1,1.0,0.511950534178451,0.0,0.9991150000000003,-0.48725746582154905
thompson,32,24,2,0.96875,0.2288281983071898,0.46875,0.25061124999999995,-0.02166355169281009
thompson,32,25,1,1.0,0.511950534178451,0.0,0.9991150000000003,-0.48725746582154905
thompson,32,25,2,0.96875,0.228824945051323,0.46875,0.25061124999999995,-0.0216668049486769
thompson,32,26,1,1.0,0.511950534178451,0.0,0.9991150000000003,-0.48725746582154905
thompson,32,26,2,0.96875,0.22882169179545475,0.46875,0.25061124999999995,-0.02167005820454515
thompson,32,27,1,1.0,0.511950534178451,0.0,0.9991150000000003,-0.48725746582154905
thompson,32,27,2,0.96875,0.2288184385395856,0.46875,0.25061124999999995,-0.02167331146041429
thompson,32,28,1,1.0,0.511950534178451,0.0,0.9991150000000003,-0.48725746582154905
thompson,32,28,2,0.96875,0.2288151852837388,0.46875,0.25061124999999995,-0.021676564716261115
thompson,32,29,1,1.0,0.511950534178451,0.0,0.9991150000000003,-0.48725746582154905
thompson,32,29,2,0.96875,0.22881193202790218,0.46875,0.25061124999999995,-0.021679817972097726
thompson,32,30,1,1.0,0.511950534178451,0.0,0.9991150000000003,-0.48725746582154905
thompson,32,30,2,0.96875,0.22880867877203992,0.46875,0.25061124999999995,-0.021683071227959982
thompson,32,31,1,1.0,0.511950534178451,0.0,0.9991150000000003,-0.48725746582154905
thompson,32,31,2,0.96875,0.228805425516177,0.46875,0.25061124999999995,-0.021686324483822905
thompson,32,32,1,1.0,0.511950534178451,0.0,0.9991150000000003,-0.48725746582154905
thompson,32,32,2,0.96875,0.22880217226033073,0.46875,0.25061124999999995,-0.021689577739669175
thompson,32,33,1,1.0,0.564776119740129,0.03125,0.9991960000000002,-0.43451888025987084
thompson,32,33,2,0.96875,0.21849620244669032,0.4375,0.25055474999999994,-0.031991047553309504
thompson,32,34,1,1.0,0.5647761193316189,0.03125,0.9991960000000002,-0.43451888066838096
thompson,32,34,2,0.96875,0.21849294919084394,0.4375,0.25055474999999994,-0.031994300809155884
thompson,32,35,1,1.0,0.5647761189231609,0.03125,0.9991960000000002,-0.4345188810768389
thompson,32,35,2,0.96875,0.2184896959349848,0.4375,0.25055474999999994,-0.03199755406501503
thompson,32,36,1,1.0,0.5647761185146157,0.03125,0.9991960000000002,-0.4345188814853841
thompson,32,36,2,0.96875,0.21848644267913275,0.4375,0.25055474999999994,-0.032000807320867075
thompson,32,37,1,1.0,0.5647761181061633,0.03125,0.9991960000000002,-0.4345188818938365
thompson,32,37,2,0.96875,0.21848318942325518,0.4375,0.25055474999999994,-0.03200406057674465
thompson,32,38,1,1.0,0.5647761176976284,0.03125,0.9991960000000002,-0.43451888230237146
thompson,32,38,2,0.96875,0.21847993616742623,0.4375,0.25055474999999994,-0.0320073138325736
thompson,32,39,1,1.0,0.5647761172891125,0.03125,0.9991960000000002,-0.43451888271088734
thompson,32,39,2,0.96875,0.21847668291153255,0.4375,0.25055474999999994,-0.03201056708846728
thompson,32,40,1,1.0,0.5647761168806552,0.03125,0.9991960000000002,-0.4345188831193446
thompson,32,40,2,0.96875,0.21847342965567562,0.4375,0.25055474999999994,-0.032013820344324206
thompson,32,41,1,1.0,0.5647761164720827,0.03125,0.9991960000000002,-0.4345188835279171
thompson,32,41,2,0.96875,0.21847017639982913,0.4375,0.25055474999999994,-0.0320170736001707
thompson,32,42,1,1.0,0.5647761160636794,0.03125,0.9991960000000002,-0.43451888393632043
thompson,32,42,2,0.96875,0.21846692314395488,0.4375,0.25055474999999994,-0.032020326856044945
thompson,32,43,1,1.0,0.5647761156551802,0.03125,0.9991960000000002,-0.43451888434481967
thompson,32,43,2,0.96875,0.2184636698881125,0.4375,0.25055474999999994,-0.03202358011188733
thompson,32,44,1,1.0,0.5647761152467,0.03125,0.9991960000000002,-0.4345188847532998
thompson,32,44,2,0.96875,0.21846041663225768,0.4375,0.25055474999999994,-0.03202683336774215
thompson,32,45,1,1.0,0.564776114838106,0.03125,0.9991960000000002,-0.43451888516189385
thompson,32,45,2,0.96875,0.21845716337640342,0.4375,0.25055474999999994,-0.03203008662359641
thompson,32,46,1,1.0,0.5647761144296245,0.03125,0.9991960000000002,-0.4345188855703753
thompson,32,46,2,0.96875,0.21845391012051674,0.4375,0.25055474999999994,-0.03203333987948309
thompson,32,47,1,1.0,0.5647761140212321,0.03125,0.9991960000000002,-0.43451888597876775
thompson,32,47,2,0.96875,0.21845065686467413,0.4375,0.25055474999999994,-0.0320365931353257
thompson,32,48,1,1.0,0.5647761136127202,0.03125,0.9991960000000002,-0.43451888638727965
thompson,32,48,2,0.96875,0.21844740360883408,0.4375,0.25055474999999994,-0.03203984639116575
thompson,32,49,1,1.0,0.5647761132042112,0.03125,0.9991960000000002,-0.43451888679578865
thompson,32,49,2,0.96875,0.2184441503529596,0.4375,0.25055474999999994,-0.03204309964704022
thompson,33,0,1,1.0,0.5901402607702,0.0625,0.999277,-0.40922373922980027
thompson,33,0,2,0.96875,0.24441228174379853,0.5,0.25044875,-0.005843718256201502
thompson,33,1,1,1.0,0.5901402603618815,0.0625,0.999277,-0.40922373963811876
thompson,33,1,2,0.96875,0.244410064327154,0.5,0.25044875,-0.0058459356728460254
thompson,33,2,1,1.0,0.5901402599535113,0.0625,0.999277,-0.409223740046489
thompson,33,2,2,0.96875,0.24440784691051415,0.5,0.25044875,-0.005848153089485886
thompson,33,3,1,1.0,0.5901402595450851,0.0625,0.999277,-0.40922374045491516
thompson,33,3,2,0.96875,0.24440562949386352,0.5,0.25044875,-0.005850370506136515
thompson,33,4,1,1.0,0.5901402591367322,0.0625,0.999277,-0.40922374086326807
thompson,33,4,2,0.96875,0.24440341207721777,0.5,0.25044875,-0.00585258792278226
thompson,33,5,1,1.0,0.590140258728312,0.0625,0.999277,-0.40922374127168826
thompson,33,5,2,0.96875,0.24440119466058136,0.5,0.25044875,-0.005854805339418678
thompson,33,6,1,1.0,0.5901402583199418,0.0625,0.999277,-0.4092237416800585
thompson,33,6,2,0.96875,0.24439897724393395,0.5,0.25044875,-0.005857022756066088
thompson,33,7,1,1.0,0.5901402579116266,0.0625,0.999277,-0.40922374208837364
thompson,33,7,2,0.96875,0.244396759827277,0.5,0.25044875,-0.005859240172723046
thompson,33,8,1,1.0,0.5901402575031658,0.0625,0.999277,-0.40922374249683446
thompson,33,8,2,0.96875,0.24439454241063735,0.5,0.25044875,-0.005861457589362684
thompson,33,9,1,1.0,0.5901402570947125,0.0625,0.999277,-0.40922374290528774
thompson,33,9,2,0.96875,0.24439232499397062,0.5,0.25044875,-0.005863675006029412
thompson,33,10,1,1.0,0.5901402566863692,0.0625,0.999277,-0.4092237433136311
thompson,33,10,2,0.96875,0.24439010757734586,0.5,0.25044875,-0.005865892422654173
thompson,33,11,1,1.0,0.5901402562779305,0.0625,0.999277,-0.4092237437220697
thompson,33,11,2,0.96875,0.24438789016069423,0.5,0.25044875,-0.005868109839305802
thompson,33,12,1,1.0,0.590140255869525,0.0625,0.999277,-0.40922374413047524
thompson,33,12,2,0.96875,0.24438567274404438,0.5,0.25044875,-0.005870327255955654
thompson,33,13,1,1.0,0.5901402554611181,0.0625,0.999277,-0.4092237445388821
thompson,33,13,2,0.96875,0.24438345532742262,0.5,0.25044875,-0.005872544672577418
thompson,33,14,1,1.0,0.5901402550528079,0.0625,0.999277,-0.4092237449471924
thompson,33,14,2,0.96875,0.24438123791077598,0.5,0.25044875,-0.00587476208922405
thompson,33,15,1,1.0,0.5901402546443688,0.0625,0.999277,-0.40922374535563144
thompson,33,15,2,0.96875,0.24437902049412025,0.5,0.25044875,-0.005876979505879787
thompson,33,16,1,1.0,0.5901402542359573,0.0625,0.999277,-0.40922374576404297
thompson,33,16,2,0.96875,0.2443768030774916,0.5,0.25044875,-0.005879196922508434
thompson,33,17,1,1.0,0.5901402538275644,0.0625,0.999277,-0.40922374617243584
thompson,33,17,2,0.96875,0.24437458566083053,0.5,0.25044875,-0.0058814143391694995
thompson,33,18,1,1.0,0.5901402534191997,0.0625,0.999277,-0.4092237465808005
thompson,33,18,2,0.96875,0.24437236824419534,0.5,0.25044875,-0.005883631755804697
thompson,33,19,1,1.0,0.5901402530107887,0.0625,0.999277,-0.4092237469892116
thompson,33,19,2,0.96875,0.2443701508275457,0.5,0.25044875,-0.005885849172454327
thompson,33,20,1,1.0,0.5901402526024,0.0625,0.999277,-0.40922374739760026
thompson,33,20,2,0.96875,0.2443679334108972,0.5,0.25044875,-0.005888066589102847
thompson,33,21,1,1.0,0.5901402521939794,0.0625,0.999277,-0.4092237478060209
thompson,33,21,2,0.96875,0.24436571599425422,0.5,0.25044875,-0.005890284005745816
thompson,33,22,1,1.0,0.5119505333613595,0.0,0.9991150000000003,-0.48725746663864056
thompson,33,22,2,0.96875,0.22883470481888735,0.46875,0.25061124999999995,-0.021657045181112555
thompson,33,23,1,1.0,0.5119505333613595,0.0,0.9991150000000003,-0.48725746663864056
thompson,33,23,2,0.96875,0.22883145156303297,0.46875,0.25061124999999995,-0.02166029843696693
thompson,33,24,1,1.0,0.5119505333613595,0.0,0.9991150000000003,-0.48725746663864056
thompson,33,24,2,0.96875,0.2288281983071898,0.46875,0.25061124999999995,-0.02166355169281009
thompson,33,25,1,1.0,0.5119505333613595,0.0,0.9991150000000003,-0.48725746663864056
thompson,33,25,2,0.96875,0.228824945051323,0.46875,0.25061124999999995,-0.0216668049486769
thompson,33,26,1,1.0,0.5119505333613595,0.0,0.9991150000000003,-0.48725746663864056
thompson,33,26,2,0.96875,0.22882169179545475,0.46875,0.25061124999999995,-0.02167005820454515
thompson,33,27,1,1.0,0.5119505333613595,0.0,0.9991150000000003,-0.48725746663864056
thompson,33,27,2,0.96875,0.2288184385395856,0.46875,0.25061124999999995,-0.02167331146041429
thompson,33,28,1,1.0,0.5119505333613595,0.0,0.9991150000000003,-0.48725746663864056
thompson,33,28,2,0.96875,0.2288151852837388,0.46875,0.25061124999999995,-0.021676564716261115
thompson,33,29,1,1.0,0.5119505333613595,0.0,0.9991150000000003,-0.48725746663864056
thompson,33,29,2,0.96875,0.22881193202790218,0.46875,0.25061124999999995,-0.021679817972097726
thompson,33,30,1,1.0,0.5119505333613595,0.0,0.9991150000000003,-0.48725746663864056
thompson,33,30,2,0.96875,0.22880867877203992,0.46875,0.25061124999999995,-0.021683071227959982
thompson,33,31,1,1.0,0.5119505333613595,0.0,0.9991150000000003,-0.48725746663864056
thompson,33,31,2,0.96875,0.228805425516177,0.46875,0.25061124999999995,-0.021686324483822905
thompson,33,32,1,1.0,0.5119505333613595,0.0,0.9991150000000003,-0.48725746663864056
thompson,33,32,2,0.96875,0.22880217226033073,0.46875,0.25061124999999995,-0.021689577739669175
thompson,33,33,1,1.0,0.5647761193317035,0.03125,0.9991960000000002,-0.43451888066829636
thompson,33,33,2,0.96875,0.21849620244669032,0.4375,0.25055474999999994,-0.031991047553309504
thompson,33,34,1,1.0,0.5647761189231933,0.03125,0.9991960000000002,-0.4345188810768065
thompson,33,34,2,0.96875,0.21849294919084394,0.4375,0.25055474999999994,-0.031994300809155884
thompson,33,35,1,1.0,0.5647761185147354,0.03125,0.9991960000000002,-0.4345188814852644
thompson,33,35,2,0.96875,0.2184896959349848,0.4375,0.25055474999999994,-0.03199755406501503
thompson,33,36,1,1.0,0.5647761181061902,0.03125,0.9991960000000002,-0.4345188818938096
thompson,33,36,2,0.96875,0.21848644267913275,0.4375,0.25055474999999994,-0.032000807320867075
thompson,33,37,1,1.0,0.5647761176977378,0.03125,0.9991960000000002,-0.434518882302262
thompson,33,37,2,0.96875,0.21848318942325518,0.4375,0.25055474999999994,-0.03200406057674465
thompson,33,38,1,1.0,0.5647761172892029,0.03125,0.9991960000000002,-0.43451888271079697
thompson,33,38,2,0.96875,0.21847993616742623,0.4375,0.25055474999999994,-0.0320073138325736
thompson,33,39,1,1.0,0.564776116880687,0.03125,0.9991960000000002,-0.43451888311931286
thompson,33,39,2,0.96875,0.21847668291153255,0.4375,0.25055474999999994,-0.03201056708846728
thompson,33,40,1,1.0,0.5647761164722297,0.03125,0.9991960000000002,-0.43451888352777013
thompson,33,40,2,0.96875,0.21847342965567562,0.4375,0.25055474999999994,-0.032013820344324206
thompson,33,41,1,1.0,0.5647761160636572,0.03125,0.9991960000000002,-0.43451888393634264
thompson,33,41,2,0.96875,0.21847017639982913,0.4375,0.25055474999999994,-0.0320170736001707
thompson,33,42,1,1.0,0.5647761156552539,0.03125,0.9991960000000002,-0.43451888434474595
thompson,33,42,2,0.96875,0.21846692314395488,0.4375,0.25055474999999994,-0.032020326856044945
thompson,33,43,1,1.0,0.5647761152467546,0.03125,0.9991960000000002,-0.4345188847532452
thompson,33,43,2,0.96875,0.2184636698881125,0.4375,0.25055474999999994,-0.03202358011188733
thompson,33,44,1,1.0,0.5647761148382745,0.03125,0.9991960000000002,-0.4345188851617253
thompson,33,44,2,0.96875,0.21846041663225768,0.4375,0.25055474999999994,-0.03202683336774215
thompson,33,45,1,1.0,0.5647761144296805,0.03125,0.9991960000000002,-0.43451888557031937
thompson,33,45,2,0.96875,0.21845716337640342,0.4375,0.25055474999999994,-0.03203008662359641
thompson,33,46,1,1.0,0.564776114021199,0.03125,0.9991960000000002,-0.43451888597880084
thompson,33,46,2,0.96875,0.21845391012051674,0.4375,0.25055474999999994,-0.03203333987948309
thompson,33,47,1,1.0,0.5647761136128066,0.03125,0.9991960000000002,-0.43451888638719327
thompson,33,47,2,0.96875,0.21845065686467413,0.4375,0.25055474999999994,-0.0320365931353257
thompson,33,48,1,1.0,0.5647761132042947,0.03125,0.9991960000000002,-0.43451888679570516
thompson,33,48,2,0.96875,0.21844740360883408,0.4375,0.25055474999999994,-0.03203984639116575
thompson,33,49,1,1.0,0.5647761127957857,0.03125,0.9991960000000002,-0.43451888720421417
thompson,33,49,2,0.96875,0.2184441503529596,0.4375,0.25055474999999994,-0.03204309964704022
thompson,34,0,1,1.0,0.5901402603617338,0.0625,0.999277,-0.4092237396382664
thompson,34,0,2,0.96875,0.24440944874846438,0.5,0.25044875,-0.005846551251535659
thompson,34,1,1,1.0,0.5901402599534153,0.0625,0.999277,-0.4092237400465849
thompson,34,1,2,0.96875,0.24440723133181985,0.5,0.25044875,-0.005848768668180182
thompson,34,2,1,1.0,0.5901402595450451,0.0625,0.999277,-0.40922374045495513
thompson,34,2,2,0.96875,0.24440501391518,0.5,0.25044875,-0.005850986084820042
thompson,34,3,1,1.0,0.5901402591366189,0.0625,0.999277,-0.4092237408633813
thompson,34,3,2,0.96875,0.24440279649852936,0.5,0.25044875,-0.005853203501470672
thompson,34,4,1,1.0,0.590140258728266,0.0625,0.999277,-0.4092237412717342
thompson,34,4,2,0.96875,0.24440057908188362,0.5,0.25044875,-0.005855420918116416
thompson,34,5,1,1.0,0.5901402583198458,0.0625,0.999277,-0.4092237416801544
thompson,34,5,2,0.96875,0.2443983616652472,0.5,0.25044875,-0.005857638334752835
thompson,34,6,1,1.0,0.5901402579114756,0.0625,0.999277,-0.40922374208852463
thompson,34,6,2,0.96875,0.2443961442485998,0.5,0.25044875,-0.005859855751400245
thompson,34,7,1,1.0,0.5901402575031605,0.0625,0.999277,-0.4092237424968398
thompson,34,7,2,0.96875,0.24439392683194283,0.5,0.25044875,-0.0058620731680572025
thompson,34,8,1,1.0,0.5901402570946996,0.0625,0.999277,-0.4092237429053006
thompson,34,8,2,0.96875,0.2443917094153032,0.5,0.25044875,-0.005864290584696841
thompson,34,9,1,1.0,0.5901402566862464,0.0625,0.999277,-0.4092237433137539
thompson,34,9,2,0.96875,0.24438949199863647,0.5,0.25044875,-0.005866508001363568
thompson,34,10,1,1.0,0.590140256277903,0.0625,0.999277,-0.40922374372209724
thompson,34,10,2,0.96875,0.2443872745820117,0.5,0.25044875,-0.00586872541798833
thompson,34,11,1,1.0,0.5901402558694644,0.0625,0.999277,-0.40922374413053586
thompson,34,11,2,0.96875,0.24438505716536008,0.5,0.25044875,-0.005870942834639958
thompson,34,12,1,1.0,0.5901402554610589,0.0625,0.999277,-0.4092237445389414
thompson,34,12,2,0.96875,0.24438283974871022,0.5,0.25044875,-0.005873160251289811
thompson,34,13,1,1.0,0.590140255052652,0.0625,0.999277,-0.40922374494734826
thompson,34,13,2,0.96875,0.24438062233208846,0.5,0.25044875,-0.005875377667911574
thompson,34,14,1,1.0,0.5901402546443417,0.0625,0.999277,-0.40922374535565853
thompson,34,14,2,0.96875,0.24437840491544183,0.5,0.25044875,-0.005877595084558207
thompson,34,15,1,1.0,0.5901402542359027,0.0625,0.999277,-0.4092237457640976
thompson,34,15,2,0.96875,0.2443761874987861,0.5,0.25044875,-0.0058798125012139435
thompson,34,16,1,1.0,0.5901402538274911,0.0625,0.999277,-0.4092237461725091
thompson,34,16,2,0.96875,0.24437397008215744,0.5,0.25044875,-0.0058820299178425905
thompson,34,17,1,1.0,0.5901402534190983,0.0625,0.999277,-0.409223746580902
thompson,34,17,2,0.96875,0.24437175266549638,0.5,0.25044875,-0.005884247334503656
thompson,34,18,1,1.0,0.5901402530107336,0.0625,0.999277,-0.40922374698926667
thompson,34,18,2,0.96875,0.24436953524886118,0.5,0.25044875,-0.0058864647511388535
thompson,34,19,1,1.0,0.5901402526023225,0.0625,0.999277,-0.40922374739767775
thompson,34,19,2,0.96875,0.24436731783221155,0.5,0.25044875,-0.005888682167788484
thompson,34,20,1,1.0,0.5901402521939338,0.0625,0.999277,-0.4092237478060664
thompson,34,20,2,0.96875,0.24436510041556303,0.5,0.25044875,-0.005890899584437004
thompson,34,21,1,1.0,0.5901402517855132,0.0625,0.999277,-0.40922374821448704
thompson,34,21,2,0.96875,0.24436288299892006,0.5,0.25044875,-0.005893117001079973
thompson,34,22,1,1.0,0.5119505325443677,0.0,0.9991150000000003,-0.48725746745563236
thompson,34,22,2,0.96875,0.22883470481888735,0.46875,0.25061124999999995,-0.021657045181112555
thompson,34,23,1,1.0,0.5119505325443677,0.0,0.9991150000000003,-0.48725746745563236
thompson,34,23,2,0.96875,0.22883145156303297,0.46875,0.25061124999999995,-0.02166029843696693
thompson,34,24,1,1.0,0.5119505325443677,0.0,0.9991150000000003,-0.48725746745563236
thompson,34,24,2,0.96875,0.2288281983071898,0.46875,0.25061124999999995,-0.02166355169281009
thompson,34,25,1,1.0,0.5119505325443677,0.0,0.9991150000000003,-0.48725746745563236
thompson,34,25,2,0.96875,0.228824945051323,0.46875,0.25061124999999995,-0.0216668049486769
thompson,34,26,1,1.0,0.5119505325443677,0.0,0.9991150000000003,-0.48725746745563236
thompson,34,26,2,0.96875,0.22882169179545475,0.46875,0.25061124999999995,-0.02167005820454515
thompson,34,27,1,1.0,0.5119505325443677,0.0,0.9991150000000003,-0.48725746745563236
thompson,34,27,2,0.96875,0.2288184385395856,0.46875,0.25061124999999995,-0.02167331146041429
thompson,34,28,1,1.0,0.5119505325443677,0.0,0.9991150000000003,-0.48725746745563236
thompson,34,28,2,0.96875,0.2288151852837388,0.46875,0.25061124999999995,-0.021676564716261115
thompson,34,29,1,1.0,0.5119505325443677,0.0,0.9991150000000003,-0.48725746745563236
thompson,34,29,2,0.96875,0.22881193202790218,0.46875,0.25061124999999995,-0.021679817972097726
thompson,34,30,1,1.0,0.5119505325443677,0.0,0.9991150000000003,-0.48725746745563236
thompson,34,30,2,0.96875,0.22880867877203992,0.46875,0.25061124999999995,-0.021683071227959982
thompson,34,31,1,1.0,0.5119505325443677,0.0,0.9991150000000003,-0.48725746745563236
thompson,34,31,2,0.96875,0.228805425516177,0.46875,0.25061124999999995,-0.021686324483822905
thompson,34,32,1,1.0,0.5119505325443677,0.0,0.9991150000000003,-0.48725746745563236
thompson,34,32,2,0.96875,0.22880217226033073,0.46875,0.25061124999999995,-0.021689577739669175
thompson,34,33,1,1.0,0.5647761189233066,0.03125,0.9991960000000002,-0.43451888107669323
thompson,34,33,2,0.96875,0.21849620244669032,0.4375,0.25055474999999994,-0.031991047553309504
thompson,34,34,1,1.0,0.5647761185147965,0.03125,0.9991960000000002,-0.43451888148520335
thompson,34,34,2,0.96875,0.21849294919084394,0.4375,0.25055474999999994,-0.031994300809155884
thompson,34,35,1,1.0,0.5647761181063385,0.03125,0.9991960000000002,-0.4345188818936613
thompson,34,35,2,0.96875,0.2184896959349848,0.4375,0.25055474999999994,-0.03199755406501503
thompson,34,36,1,1.0,0.5647761176977933,0.03125,0.9991960000000002,-0.4345188823022065
thompson,34,36,2,0.96875,0.21848644267913275,0.4375,0.25055474999999994,-0.032000807320867075
thompson,34,37,1,1.0,0.564776117289341,0.03125,0.9991960000000002,-0.43451888271065886
thompson,34,37,2,0.96875,0.21848318942325518,0.4375,0.25055474999999994,-0.03200406057674465
thompson,34,38,1,1.0,0.564776116880806,0.03125,0.9991960000000002,-0.43451888311919384
thompson,34,38,2,0.96875,0.21847993616742623,0.4375,0.25055474999999994,-0.0320073138325736
thompson,34,39,1,1.0,0.5647761164722901,0.03125,0.9991960000000002,-0.43451888352770973
thompson,34,39,2,0.96875,0.21847668291153255,0.4375,0.25055474999999994,-0.03201056708846728
thompson,34,40,1,1.0,0.5647761160638328,0.03125,0.9991960000000002,-0.434518883936167
thompson,34,40,2,0.96875,0.21847342965567562,0.4375,0.25055474999999994,-0.032013820344324206
thompson,34,41,1,1.0,0.5647761156552603,0.03125,0.9991960000000002,-0.4345188843447395
thompson,34,41,2,0.96875,0.21847017639982913,0.4375,0.25055474999999994,-0.0320170736001707
thompson,34,42,1,1.0,0.564776115246857,0.03125,0.9991960000000002,-0.4345188847531428
thompson,34,42,2,0.96875,0.21846692314395488,0.4375,0.25055474999999994,-0.032020326856044945
thompson,34,43,1,1.0,0.5647761148383578,0.03125,0.9991960000000002,-0.43451888516164205
thompson,34,43,2,0.96875,0.2184636698881125,0.4375,0.25055474999999994,-0.03202358011188733
thompson,34,44,1,1.0,0.5647761144298776,0.03125,0.9991960000000002,-0.4345188855701222
thompson,34,44,2,0.96875,0.21846041663225768,0.4375,0.25055474999999994,-0.03202683336774215
thompson,34,45,1,1.0,0.5647761140212836,0.03125,0.9991960000000002,-0.43451888597871624
thompson,34,45,2,0.96875,0.21845716337640342,0.4375,0.25055474999999994,-0.03203008662359641
thompson,34,46,1,1.0,0.5647761136128021,0.03125,0.9991960000000002,-0.4345188863871977
thompson,34,46,2,0.96875,0.21845391012051674,0.4375,0.25055474999999994,-0.03203333987948309
thompson,34,47,1,1.0,0.5647761132044097,0.03125,0.9991960000000002,-0.43451888679559014
thompson,34,47,2,0.96875,0.21845065686467413,0.4375,0.25055474999999994,-0.0320365931353257
thompson,34,48,1,1.0,0.5647761127958978,0.03125,0.9991960000000002,-0.43451888720410203
thompson,34,48,2,0.96875,0.21844740360883408,0.4375,0.25055474999999994,-0.03203984639116575
thompson,34,49,1,1.0,0.5647761123873888,0.03125,0.9991960000000002,-0.43451888761261104
thompson,34,49,2,0.96875,0.2184441503529596,0.4375,0.25055474999999994,-0.03204309964704022
thompson,35,0,1,1.0,0.5901402599532994,0.0625,0.999277,-0.4092237400467008
thompson,35,0,2,0.96875,0.24440661575309836,0.5,0.25044875,-0.005849384246901679
thompson,35,1,1,1.0,0.590140259544981,0.0625,0.999277,-0.4092237404550193
thompson,35,1,2,0.96875,0.24440439833645383,0.5,0.25044875,-0.005851601663546202
thompson,35,2,1,1.0,0.5901402591366107,0.0625,0.999277,-0.40922374086338953
thompson,35,2,2,0.96875,0.24440218091981397,0.5,0.25044875,-0.005853819080186062
thompson,35,3,1,1.0,0.5901402587281845,0.0625,0.999277,-0.4092237412718157
thompson,35,3,2,0.96875,0.24439996350316334,0.5,0.25044875,-0.005856036496836692
thompson,35,4,1,1.0,0.5901402583198316,0.0625,0.999277,-0.4092237416801686
thompson,35,4,2,0.96875,0.2443977460865176,0.5,0.25044875,-0.005858253913482436
thompson,35,5,1,1.0,0.5901402579114114,0.0625,0.999277,-0.4092237420885888
thompson,35,5,2,0.96875,0.24439552866988118,0.5,0.25044875,-0.005860471330118855
thompson,35,6,1,1.0,0.5901402575030412,0.0625,0.999277,-0.40922374249695903
thompson,35,6,2,0.96875,0.24439331125323377,0.5,0.25044875,-0.005862688746766265
thompson,35,7,1,1.0,0.5901402570947261,0.0625,0.999277,-0.4092237429052742
thompson,35,7,2,0.96875,0.2443910938365768,0.5,0.25044875,-0.0058649061634232225
thompson,35,8,1,1.0,0.5901402566862652,0.0625,0.999277,-0.409223743313735
thompson,35,8,2,0.96875,0.24438887641993717,0.5,0.25044875,-0.005867123580062861
thompson,35,9,1,1.0,0.590140256277812,0.0625,0.999277,-0.4092237437221883
thompson,35,9,2,0.96875,0.24438665900327045,0.5,0.25044875,-0.005869340996729588
thompson,35,10,1,1.0,0.5901402558694686,0.0625,0.999277,-0.40922374413053164
thompson,35,10,2,0.96875,0.24438444158664568,0.5,0.25044875,-0.00587155841335435
thompson,35,11,1,1.0,0.59014025546103,0.0625,0.999277,-0.40922374453897026
thompson,35,11,2,0.96875,0.24438222416999406,0.5,0.25044875,-0.005873775830005978
thompson,35,12,1,1.0,0.5901402550526245,0.0625,0.999277,-0.4092237449473758
thompson,35,12,2,0.96875,0.2443800067533442,0.5,0.25044875,-0.005875993246655831
thompson,35,13,1,1.0,0.5901402546442176,0.0625,0.999277,-0.40922374535578265
thompson,35,13,2,0.96875,0.24437778933672244,0.5,0.25044875,-0.005878210663277594
thompson,35,14,1,1.0,0.5901402542359073,0.0625,0.999277,-0.4092237457640929
thompson,35,14,2,0.96875,0.2443755719200758,0.5,0.25044875,-0.005880428079924227
thompson,35,15,1,1.0,0.5901402538274683,0.0625,0.999277,-0.409223746172532
thompson,35,15,2,0.96875,0.24437335450342007,0.5,0.25044875,-0.0058826454965799635
thompson,35,16,1,1.0,0.5901402534190567,0.0625,0.999277,-0.4092237465809435
thompson,35,16,2,0.96875,0.24437113708679142,0.5,0.25044875,-0.0058848629132086105
thompson,35,17,1,1.0,0.5901402530106639,0.0625,0.999277,-0.4092237469893364
thompson,35,17,2,0.96875,0.24436891967013036,0.5,0.25044875,-0.005887080329869676
thompson,35,18,1,1.0,0.5901402526022992,0.0625,0.999277,-0.40922374739770107
thompson,35,18,2,0.96875,0.24436670225349516,0.5,0.25044875,-0.0058892977465048735
thompson,35,19,1,1.0,0.5901402521938881,0.0625,0.999277,-0.40922374780611215
thompson,35,19,2,0.96875,0.24436448483684553,0.5,0.25044875,-0.005891515163154504
thompson,35,20,1,1.0,0.5901402517854994,0.0625,0.999277,-0.4092237482145008
thompson,35,20,2,0.96875,0.244362267420197,0.5,0.25044875,-0.005893732579803024
thompson,35,21,1,1.0,0.5901402513770788,0.0625,0.999277,-0.40922374862292143
thompson,35,21,2,0.96875,0.24436005000355404,0.5,0.25044875,-0.005895949996445993
thompson,35,22,1,1.0,0.5119505317273242,0.0,0.9991150000000003,-0.4872574682726759
thompson,35,22,2,0.96875,0.22883470481888735,0.46875,0.25061124999999995,-0.021657045181112555
thompson,35,23,1,1.0,0.5119505317273242,0.0,0.9991150000000003,-0.4872574682726759
thompson,35,23,2,0.96875,0.22883145156303297,0.46875,0.25061124999999995,-0.02166029843696693
thompson,35,24,1,1.0,0.5119505317273242,0.0,0.9991150000000003,-0.4872574682726759
thompson,35,24,2,0.96875,0.2288281983071898,0.46875,0.25061124999999995,-0.02166355169281009
thompson,35,25,1,1.0,0.5119505317273242,0.0,0.9991150000000003,-0.4872574682726759
thompson,35,25,2,0.96875,0.228824945051323,0.46875,0.25061124999999995,-0.0216668049486769
thompson,35,26,1,1.0,0.5119505317273242,0.0,0.9991150000000003,-0.4872574682726759
thompson,35,26,2,0.96875,0.22882169179545475,0.46875,0.25061124999999995,-0.02167005820454515
thompson,35,27,1,1.0,0.5119505317273242,0.0,0.9991150000000003,-0.4872574682726759
thompson,35,27,2,0.96875,0.2288184385395856,0.46875,0.25061124999999995,-0.02167331146041429
thompson,35,28,1,1.0,0.5119505317273242,0.0,0.9991150000000003,-0.4872574682726759
thompson,35,28,2,0.96875,0.2288151852837388,0.46875,0.25061124999999995,-0.021676564716261115
thompson,35,29,1,1.0,0.5119505317273242,0.0,0.9991150000000003,-0.4872574682726759
thompson,35,29,2,0.96875,0.22881193202790218,0.46875,0.25061124999999995,-0.021679817972097726
thompson,35,30,1,1.0,0.5119505317273242,0.0,0.9991150000000003,-0.4872574682726759
thompson,35,30,2,0.96875,0.22880867877203992,0.46875,0.25061124999999995,-0.021683071227959982
thompson,35,31,1,1.0,0.5119505317273242,0.0,0.9991150000000003,-0.4872574682726759
thompson,35,31,2,0.96875,0.228805425516177,0.46875,0.25061124999999995,-0.021686324483822905
thompson,35,32,1,1.0,0.5119505317273242,0.0,0.9991150000000003,-0.4872574682726759
thompson,35,32,2,0.96875,0.22880217226033073,0.46875,0.25061124999999995,-0.021689577739669175
thompson,35,33,1,1.0,0.5647761185149359,0.03125,0.9991960000000002,-0.4345188814850639
thompson,35,33,2,0.96875,0.21849620244669032,0.4375,0.25055474999999994,-0.031991047553309504
thompson,35,34,1,1.0,0.5647761181064258,0.03125,0.9991960000000002,-0.434518881893574
thompson,35,34,2,0.96875,0.21849294919084394,0.4375,0.25055474999999994,-0.031994300809155884
thompson,35,35,1,1.0,0.5647761176979679,0.03125,0.9991960000000002,-0.43451888230203195
thompson,35,35,2,0.96875,0.2184896959349848,0.4375,0.25055474999999994,-0.03199755406501503
thompson,35,36,1,1.0,0.5647761172894227,0.03125,0.9991960000000002,-0.43451888271057715
thompson,35,36,2,0.96875,0.21848644267913275,0.4375,0.25055474999999994,-0.032000807320867075
thompson,35,37,1,1.0,0.5647761168809703,0.03125,0.9991960000000002,-0.43451888311902953
thompson,35,37,2,0.96875,0.21848318942325518,0.4375,0.25055474999999994,-0.03200406057674465
thompson,35,38,1,1.0,0.5647761164724353,0.03125,0.9991960000000002,-0.4345188835275645
thompson,35,38,2,0.96875,0.21847993616742623,0.4375,0.25055474999999994,-0.0320073138325736
thompson,35,39,1,1.0,0.5647761160639194,0.03125,0.9991960000000002,-0.4345188839360804
thompson,35,39,2,0.96875,0.21847668291153255,0.4375,0.25055474999999994,-0.03201056708846728
thompson,35,40,1,1.0,0.5647761156554622,0.03125,0.9991960000000002,-0.43451888434453767
thompson,35,40,2,0.96875,0.21847342965567562,0.4375,0.25055474999999994,-0.032013820344324206
thompson,35,41,1,1.0,0.5647761152468896,0.03125,0.9991960000000002,-0.4345188847531102
thompson,35,41,2,0.96875,0.21847017639982913,0.4375,0.25055474999999994,-0.0320170736001707
thompson,35,42,1,1.0,0.5647761148384863,0.03125,0.9991960000000002,-0.4345188851615135
thompson,35,42,2,0.96875,0.21846692314395488,0.4375,0.25055474999999994,-0.032020326856044945
thompson,35,43,1,1.0,0.5647761144299871,0.03125,0.9991960000000002,-0.4345188855700127
thompson,35,43,2,0.96875,0.2184636698881125,0.4375,0.25055474999999994,-0.03202358011188733
thompson,35,44,1,1.0,0.564776114021507,0.03125,0.9991960000000002,-0.43451888597849286
thompson,35,44,2,0.96875,0.21846041663225768,0.4375,0.25055474999999994,-0.03202683336774215
thompson,35,45,1,1.0,0.5647761136129129,0.03125,0.9991960000000002,-0.4345188863870869
thompson,35,45,2,0.96875,0.21845716337640342,0.4375,0.25055474999999994,-0.03203008662359641
thompson,35,46,1,1.0,0.5647761132044314,0.03125,0.9991960000000002,-0.4345188867955684
thompson,35,46,2,0.96875,0.21845391012051674,0.4375,0.25055474999999994,-0.03203333987948309
thompson,35,47,1,1.0,0.564776112796039,0.03125,0.9991960000000002,-0.4345188872039608
thompson,35,47,2,0.96875,0.21845065686467413,0.4375,0.25055474999999994,-0.0320365931353257
thompson,35,48,1,1.0,0.5647761123875271,0.03125,0.9991960000000002,-0.4345188876124727
thompson,35,48,2,0.96875,0.21844740360883408,0.4375,0.25055474999999994,-0.03203984639116575
thompson,35,49,1,1.0,0.5647761119790181,0.03125,0.9991960000000002,-0.4345188880209817
thompson,35,49,2,0.96875,0.2184441503529596,0.4375,0.25055474999999994,-0.03204309964704022
thompson,36,0,1,1.0,0.5901402595449625,0.0625,0.999277,-0.40922374045503773
thompson,36,0,2,0.96875,0.24440378275772812,0.5,0.25044875,-0.005852217242271918
thompson,36,1,1,1.0,0.590140259136644,0.0625,0.999277,-0.4092237408633562
thompson,36,1,2,0.96875,0.2444015653410836,0.5,0.25044875,-0.005854434658916441
thompson,36,2,1,1.0,0.5901402587282738,0.0625,0.999277,-0.40922374127172645
thompson,36,2,2,0.96875,0.24439934792444373,0.5,0.25044875,-0.005856652075556301
thompson,36,3,1,1.0,0.5901402583198476,0.0625,0.999277,-0.40922374168015263
thompson,36,3,2,0.96875,0.2443971305077931,0.5,0.25044875,-0.005858869492206931
thompson,36,4,1,1.0,0.5901402579114947,0.0625,0.999277,-0.40922374208850554
thompson,36,4,2,0.96875,0.24439491309114736,0.5,0.25044875,-0.005861086908852675
thompson,36,5,1,1.0,0.5901402575030745,0.0625,0.999277,-0.4092237424969257
thompson,36,5,2,0.96875,0.24439269567451094,0.5,0.25044875,-0.005863304325489094
thompson,36,6,1,1.0,0.5901402570947043,0.0625,0.999277,-0.40922374290529595
thompson,36,6,2,0.96875,0.24439047825786353,0.5,0.25044875,-0.005865521742136504
thompson,36,7,1,1.0,0.5901402566863891,0.0625,0.999277,-0.4092237433136111
thompson,36,7,2,0.96875,0.24438826084120657,0.5,0.25044875,-0.005867739158793461
thompson,36,8,1,1.0,0.5901402562779283,0.0625,0.999277,-0.40922374372207193
thompson,36,8,2,0.96875,0.24438604342456693,0.5,0.25044875,-0.0058699565754330996
thompson,36,9,1,1.0,0.590140255869475,0.0625,0.999277,-0.4092237441305252
thompson,36,9,2,0.96875,0.2443838260079002,0.5,0.25044875,-0.005872173992099827
thompson,36,10,1,1.0,0.5901402554611317,0.0625,0.999277,-0.40922374453886856
thompson,36,10,2,0.96875,0.24438160859127545,0.5,0.25044875,-0.0058743914087245885
thompson,36,11,1,1.0,0.5901402550526931,0.0625,0.999277,-0.4092237449473072
thompson,36,11,2,0.96875,0.24437939117462382,0.5,0.25044875,-0.005876608825376217
thompson,36,12,1,1.0,0.5901402546442875,0.0625,0.999277,-0.4092237453557127
thompson,36,12,2,0.96875,0.24437717375797396,0.5,0.25044875,-0.0058788262420260695
thompson,36,13,1,1.0,0.5901402542358807,0.0625,0.999277,-0.4092237457641196
thompson,36,13,2,0.96875,0.2443749563413522,0.5,0.25044875,-0.005881043658647833
thompson,36,14,1,1.0,0.5901402538275704,0.0625,0.999277,-0.40922374617242985
thompson,36,14,2,0.96875,0.24437273892470557,0.5,0.25044875,-0.005883261075294466
thompson,36,15,1,1.0,0.5901402534191313,0.0625,0.999277,-0.4092237465808689
thompson,36,15,2,0.96875,0.24437052150804983,0.5,0.25044875,-0.005885478491950202
thompson,36,16,1,1.0,0.5901402530107198,0.0625,0.999277,-0.40922374698928043
thompson,36,16,2,0.96875,0.24436830409142118,0.5,0.25044875,-0.005887695908578849
thompson,36,17,1,1.0,0.5901402526023269,0.0625,0.999277,-0.4092237473976733
thompson,36,17,2,0.96875,0.24436608667476012,0.5,0.25044875,-0.005889913325239915
thompson,36,18,1,1.0,0.5901402521939623,0.0625,0.999277,-0.409223747806038
thompson,36,18,2,0.96875,0.24436386925812492,0.5,0.25044875,-0.005892130741875112
thompson,36,19,1,1.0,0.5901402517855512,0.0625,0.999277,-0.40922374821444907
thompson,36,19,2,0.96875,0.2443616518414753,0.5,0.25044875,-0.005894348158524743
thompson,36,20,1,1.0,0.5901402513771625,0.0625,0.999277,-0.4092237486228377
thompson,36,20,2,0.96875,0.24435943442482677,0.5,0.25044875,-0.005896565575173263
thompson,36,21,1,1.0,0.5901402509687419,0.0625,0.999277,-0.40922374903125835
thompson,36,21,2,0.96875,0.2443572170081838,0.5,0.25044875,-0.0058987829918162316
thompson,36,22,1,1.0,0.5119505309102358,0.0,0.9991150000000003,-0.4872574690897643
thompson,36,22,2,0.96875,0.22883470481888735,0.46875,0.25061124999999995,-0.021657045181112555
thompson,36,23,1,1.0,0.5119505309102358,0.0,0.9991150000000003,-0.4872574690897643
thompson,36,23,2,0.96875,0.22883145156303297,0.46875,0.25061124999999995,-0.02166029843696693
thompson,36,24,1,1.0,0.5119505309102358,0.0,0.9991150000000003,-0.4872574690897643
thompson,36,24,2,0.96875,0.2288281983071898,0.46875,0.25061124999999995,-0.02166355169281009
thompson,36,25,1,1.0,0.5119505309102358,0.0,0.9991150000000003,-0.4872574690897643
thompson,36,25,2,0.96875,0.228824945051323,0.46875,0.25061124999999995,-0.0216668049486769
thompson,36,26,1,1.0,0.5119505309102358,0.0,0.9991150000000003,-0.4872574690897643
thompson,36,26,2,0.96875,0.22882169179545475,0.46875,0.25061124999999995,-0.02167005820454515
thompson,36,27,1,1.0,0.5119505309102358,0.0,0.9991150000000003,-0.4872574690897643
thompson,36,27,2,0.96875,0.2288184385395856,0.46875,0.25061124999999995,-0.02167331146041429
thompson,36,28,1,1.0,0.5119505309102358,0.0,0.9991150000000003,-0.4872574690897643
thompson,36,28,2,0.96875,0.2288151852837388,0.46875,0.25061124999999995,-0.021676564716261115
thompson,36,29,1,1.0,0.5119505309102358,0.0,0.9991150000000003,-0.4872574690897643
thompson,36,29,2,0.96875,0.22881193202790218,0.46875,0.25061124999999995,-0.021679817972097726
thompson,36,30,1,1.0,0.5119505309102358,0.0,0.9991150000000003,-0.4872574690897643
thompson,36,30,2,0.96875,0.22880867877203992,0.46875,0.25061124999999995,-0.021683071227959982
thompson,36,31,1,1.0,0.5119505309102358,0.0,0.9991150000000003,-0.4872574690897643
thompson,36,31,2,0.96875,0.228805425516177,0.46875,0.25061124999999995,-0.021686324483822905
thompson,36,32,1,1.0,0.5119505309102358,0.0,0.9991150000000003,-0.4872574690897643
thompson,36,32,2,0.96875,0.22880217226033073,0.46875,0.25061124999999995,-0.021689577739669175
thompson,36,33,1,1.0,0.564776118106464,0.03125,0.9991960000000002,-0.4345188818935358
thompson,36,33,2,0.96875,0.21849620244669032,0.4375,0.25055474999999994,-0.031991047553309504
thompson,36,34,1,1.0,0.5647761176979539,0.03125,0.9991960000000002,-0.43451888230204594
thompson,36,34,2,0.96875,0.21849294919084394,0.4375,0.25055474999999994,-0.031994300809155884
thompson,36,35,1,1.0,0.564776117289496,0.03125,0.9991960000000002,-0.4345188827105039
thompson,36,35,2,0.96875,0.2184896959349848,0.4375,0.25055474999999994,-0.03199755406501503
thompson,36,36,1,1.0,0.5647761168809508,0.03125,0.9991960000000002,-0.43451888311904907
thompson,36,36,2,0.96875,0.21848644267913275,0.4375,0.25055474999999994,-0.032000807320867075
thompson,36,37,1,1.0,0.5647761164724984,0.03125,0.9991960000000002,-0.43451888352750145
thompson,36,37,2,0.96875,0.21848318942325518,0.4375,0.25055474999999994,-0.03200406057674465
thompson,36,38,1,1.0,0.5647761160639634,0.03125,0.9991960000000002,-0.43451888393603644
thompson,36,38,2,0.96875,0.21847993616742623,0.4375,0.25055474999999994,-0.0320073138325736
thompson,36,39,1,1.0,0.5647761156554475,0.03125,0.9991960000000002,-0.4345188843445523
thompson,36,39,2,0.96875,0.21847668291153255,0.4375,0.25055474999999994,-0.03201056708846728
thompson,36,40,1,1.0,0.5647761152469902,0.03125,0.9991960000000002,-0.4345188847530096
thompson,36,40,2,0.96875,0.21847342965567562,0.4375,0.25055474999999994,-0.032013820344324206
thompson,36,41,1,1.0,0.5647761148384177,0.03125,0.9991960000000002,-0.4345188851615821
thompson,36,41,2,0.96875,0.21847017639982913,0.4375,0.25055474999999994,-0.0320170736001707
thompson,36,42,1,1.0,0.5647761144300144,0.03125,0.9991960000000002,-0.4345188855699854
thompson,36,42,2,0.96875,0.21846692314395488,0.4375,0.25055474999999994,-0.032020326856044945
thompson,36,43,1,1.0,0.5647761140215152,0.03125,0.9991960000000002,-0.43451888597848465
thompson,36,43,2,0.96875,0.2184636698881125,0.4375,0.25055474999999994,-0.03202358011188733
thompson,36,44,1,1.0,0.564776113613035,0.03125,0.9991960000000002,-0.4345188863869648
thompson,36,44,2,0.96875,0.21846041663225768,0.4375,0.25055474999999994,-0.03202683336774215
thompson,36,45,1,1.0,0.564776113204441,0.03125,0.9991960000000002,-0.43451888679555883
thompson,36,45,2,0.96875,0.21845716337640342,0.4375,0.25055474999999994,-0.03203008662359641
thompson,36,46,1,1.0,0.5647761127959595,0.03125,0.9991960000000002,-0.4345188872040403
thompson,36,46,2,0.96875,0.21845391012051674,0.4375,0.25055474999999994,-0.03203333987948309
thompson,36,47,1,1.0,0.5647761123875671,0.03125,0.9991960000000002,-0.43451888761243274
thompson,36,47,2,0.96875,0.21845065686467413,0.4375,0.25055474999999994,-0.0320365931353257
thompson,36,48,1,1.0,0.5647761119790552,0.03125,0.9991960000000002,-0.4345188880209446
thompson,36,48,2,0.96875,0.21844740360883408,0.4375,0.25055474999999994,-0.03203984639116575
thompson,36,49,1,1.0,0.5647761115705462,0.03125,0.9991960000000002,-0.43451888842945363
thompson,36,49,2,0.96875,0.2184441503529596,0.4375,0.25055474999999994,-0.03204309964704022
thompson,37,0,1,1.0,0.5901402591364704,0.0625,0.999277,-0.40922374086352986
thompson,37,0,2,0.96875,0.2444009497623798,0.5,0.25044875,-0.00585505023762023
thompson,37,1,1,1.0,0.5901402587281519,0.0625,0.999277,-0.40922374127184835
thompson,37,1,2,0.96875,0.24439873234573528,0.5,0.25044875,-0.005857267654264753
thompson,37,2,1,1.0,0.5901402583197817,0.0625,0.999277,-0.4092237416802186
thompson,37,2,2,0.96875,0.24439651492909542,0.5,0.25044875,-0.005859485070904613
thompson,37,3,1,1.0,0.5901402579113555,0.0625,0.999277,-0.40922374208864476
thompson,37,3,2,0.96875,0.2443942975124448,0.5,0.25044875,-0.005861702487555243
thompson,37,4,1,1.0,0.5901402575030026,0.0625,0.999277,-0.40922374249699767
thompson,37,4,2,0.96875,0.24439208009579905,0.5,0.25044875,-0.005863919904200987
thompson,37,5,1,1.0,0.5901402570945824,0.0625,0.999277,-0.40922374290541785
thompson,37,5,2,0.96875,0.24438986267916263,0.5,0.25044875,-0.005866137320837406
thompson,37,6,1,1.0,0.5901402566862122,0.0625,0.999277,-0.4092237433137881
thompson,37,6,2,0.96875,0.24438764526251522,0.5,0.25044875,-0.0058683547374848155
thompson,37,7,1,1.0,0.590140256277897,0.0625,0.999277,-0.40922374372210324
thompson,37,7,2,0.96875,0.24438542784585826,0.5,0.25044875,-0.005870572154141773
thompson,37,8,1,1.0,0.5901402558694362,0.0625,0.999277,-0.40922374413056406
thompson,37,8,2,0.96875,0.24438321042921862,0.5,0.25044875,-0.0058727895707814115
thompson,37,9,1,1.0,0.5901402554609829,0.0625,0.999277,-0.40922374453901733
thompson,37,9,2,0.96875,0.2443809930125519,0.5,0.25044875,-0.005875006987448139
thompson,37,10,1,1.0,0.5901402550526396,0.0625,0.999277,-0.4092237449473607
thompson,37,10,2,0.96875,0.24437877559592713,0.5,0.25044875,-0.0058772244040729005
thompson,37,11,1,1.0,0.590140254644201,0.0625,0.999277,-0.4092237453557993
thompson,37,11,2,0.96875,0.2443765581792755,0.5,0.25044875,-0.005879441820724529
thompson,37,12,1,1.0,0.5901402542357954,0.0625,0.999277,-0.40922374576420484
thompson,37,12,2,0.96875,0.24437434076262565,0.5,0.25044875,-0.0058816592373743815
thompson,37,13,1,1.0,0.5901402538273886,0.0625,0.999277,-0.4092237461726117
thompson,37,13,2,0.96875,0.2443721233460039,0.5,0.25044875,-0.005883876653996145
thompson,37,14,1,1.0,0.5901402534190783,0.0625,0.999277,-0.409223746580922
thompson,37,14,2,0.96875,0.24436990592935726,0.5,0.25044875,-0.005886094070642778
thompson,37,15,1,1.0,0.5901402530106392,0.0625,0.999277,-0.40922374698936104
thompson,37,15,2,0.96875,0.24436768851270152,0.5,0.25044875,-0.005888311487298514
thompson,37,16,1,1.0,0.5901402526022277,0.0625,0.999277,-0.40922374739777256
thompson,37,16,2,0.96875,0.24436547109607287,0.5,0.25044875,-0.005890528903927161
thompson,37,17,1,1.0,0.5901402521938348,0.0625,0.999277,-0.40922374780616544
thompson,37,17,2,0.96875,0.2443632536794118,0.5,0.25044875,-0.005892746320588227
thompson,37,18,1,1.0,0.5901402517854701,0.0625,0.999277,-0.4092237482145301
thompson,37,18,2,0.96875,0.2443610362627766,0.5,0.25044875,-0.005894963737223424
thompson,37,19,1,1.0,0.590140251377059,0.0625,0.999277,-0.4092237486229412
thompson,37,19,2,0.96875,0.24435881884612698,0.5,0.25044875,-0.0058971811538730545
thompson,37,20,1,1.0,0.5901402509686704,0.0625,0.999277,-0.40922374903132985
thompson,37,20,2,0.96875,0.24435660142947846,0.5,0.25044875,-0.005899398570521575
thompson,37,21,1,1.0,0.5901402505602498,0.0625,0.999277,-0.4092237494397505
thompson,37,21,2,0.96875,0.2443543840128355,0.5,0.25044875,-0.0059016159871645435
thompson,37,22,1,1.0,0.5119505300931565,0.0,0.9991150000000003,-0.4872574699068436
thompson,37,22,2,0.96875,0.22883470481888735,0.46875,0.25061124999999995,-0.021657045181112555
thompson,37,23,1,1.0,0.5119505300931565,0.0,0.9991150000000003,-0.4872574699068436
thompson,37,23,2,0.96875,0.22883145156303297,0.46875,0.25061124999999995,-0.02166029843696693
thompson,37,24,1,1.0,0.5119505300931565,0.0,0.9991150000000003,-0.4872574699068436
thompson,37,24,2,0.96875,0.2288281983071898,0.46875,0.25061124999999995,-0.02166355169281009
thompson,37,25,1,1.0,0.5119505300931565,0.0,0.9991150000000003,-0.4872574699068436
thompson,37,25,2,0.96875,0.228824945051323,0.46875,0.25061124999999995,-0.0216668049486769
thompson,37,26,1,1.0,0.5119505300931565,0.0,0.9991150000000003,-0.4872574699068436
thompson,37,26,2,0.96875,0.22882169179545475,0.46875,0.25061124999999995,-0.02167005820454515
thompson,37,27,1,1.0,0.5119505300931565,0.0,0.9991150000000003,-0.4872574699068436
thompson,37,27,2,0.96875,0.2288184385395856,0.46875,0.25061124999999995,-0.02167331146041429
thompson,37,28,1,1.0,0.5119505300931565,0.0,0.9991150000000003,-0.4872574699068436
thompson,37,28,2,0.96875,0.2288151852837388,0.46875,0.25061124999999995,-0.021676564716261115
thompson,37,29,1,1.0,0.5119505300931565,0.0,0.9991150000000003,-0.4872574699068436
thompson,37,29,2,0.96875,0.22881193202790218,0.46875,0.25061124999999995,-0.021679817972097726
thompson,37,30,1,1.0,0.5119505300931565,0.0,0.9991150000000003,-0.4872574699068436
thompson,37,30,2,0.96875,0.22880867877203992,0.46875,0.25061124999999995,-0.021683071227959982
thompson,37,31,1,1.0,0.5119505300931565,0.0,0.9991150000000003,-0.4872574699068436
thompson,37,31,2,0.96875,0.228805425516177,0.46875,0.25061124999999995,-0.021686324483822905
thompson,37,32,1,1.0,0.5119505300931565,0.0,0.9991150000000003,-0.4872574699068436
thompson,37,32,2,0.96875,0.22880217226033073,0.46875,0.25061124999999995,-0.021689577739669175
thompson,37,33,1,1.0,0.5647761176980833,0.03125,0.9991960000000002,-0.4345188823019165
thompson,37,33,2,0.96875,0.21849620244669032,0.4375,0.25055474999999994,-0.031991047553309504
thompson,37,34,1,1.0,0.5647761172895732,0.03125,0.9991960000000002,-0.4345188827104266
thompson,37,34,2,0.96875,0.21849294919084394,0.4375,0.25055474999999994,-0.031994300809155884
thompson,37,35,1,1.0,0.5647761168811153,0.03125,0.9991960000000002,-0.43451888311888454
thompson,37,35,2,0.96875,0.2184896959349848,0.4375,0.25055474999999994,-0.03199755406501503
thompson,37,36,1,1.0,0.5647761164725701,0.03125,0.9991960000000002,-0.43451888352742973
thompson,37,36,2,0.96875,0.21848644267913275,0.4375,0.25055474999999994,-0.032000807320867075
thompson,37,37,1,1.0,0.5647761160641177,0.03125,0.9991960000000002,-0.4345188839358821
thompson,37,37,2,0.96875,0.21848318942325518,0.4375,0.25055474999999994,-0.03200406057674465
thompson,37,38,1,1.0,0.5647761156555827,0.03125,0.9991960000000002,-0.4345188843444171
thompson,37,38,2,0.96875,0.21847993616742623,0.4375,0.25055474999999994,-0.0320073138325736
thompson,37,39,1,1.0,0.5647761152470668,0.03125,0.9991960000000002,-0.434518884752933
thompson,37,39,2,0.96875,0.21847668291153255,0.4375,0.25055474999999994,-0.03201056708846728
thompson,37,40,1,1.0,0.5647761148386096,0.03125,0.9991960000000002,-0.43451888516139026
thompson,37,40,2,0.96875,0.21847342965567562,0.4375,0.25055474999999994,-0.032013820344324206
thompson,37,41,1,1.0,0.5647761144300371,0.03125,0.9991960000000002,-0.43451888556996277
thompson,37,41,2,0.96875,0.21847017639982913,0.4375,0.25055474999999994,-0.0320170736001707
thompson,37,42,1,1.0,0.5647761140216337,0.03125,0.9991960000000002,-0.4345188859783661
thompson,37,42,2,0.96875,0.21846692314395488,0.4375,0.25055474999999994,-0.032020326856044945
thompson,37,43,1,1.0,0.5647761136131345,0.03125,0.9991960000000002,-0.4345188863868653
thompson,37,43,2,0.96875,0.2184636698881125,0.4375,0.25055474999999994,-0.03202358011188733
thompson,37,44,1,1.0,0.5647761132046544,0.03125,0.9991960000000002,-0.43451888679534545
thompson,37,44,2,0.96875,0.21846041663225768,0.4375,0.25055474999999994,-0.03202683336774215
thompson,37,45,1,1.0,0.5647761127960603,0.03125,0.9991960000000002,-0.4345188872039395
thompson,37,45,2,0.96875,0.21845716337640342,0.4375,0.25055474999999994,-0.03203008662359641
thompson,37,46,1,1.0,0.5647761123875789,0.03125,0.9991960000000002,-0.43451888761242097
thompson,37,46,2,0.96875,0.21845391012051674,0.4375,0.25055474999999994,-0.03203333987948309
thompson,37,47,1,1.0,0.5647761119791864,0.03125,0.9991960000000002,-0.4345188880208134
thompson,37,47,2,0.96875,0.21845065686467413,0.4375,0.25055474999999994,-0.0320365931353257
thompson,37,48,1,1.0,0.5647761115706745,0.03125,0.9991960000000002,-0.4345188884293253
thompson,37,48,2,0.96875,0.21844740360883408,0.4375,0.25055474999999994,-0.03203984639116575
thompson,37,49,1,1.0,0.5647761111621655,0.03125,0.9991960000000002,-0.4345188888378343
thompson,37,49,2,0.96875,0.2184441503529596,0.4375,0.25055474999999994,-0.03204309964704022
thompson,38,0,1,1.0,0.5901402587281008,0.0625,0.999277,-0.4092237412718994
thompson,38,0,2,0.96875,0.24439811676701756,0.5,0.25044875,-0.005857883232982475
thompson,38,1,1,1.0,0.5901402583197823,0.0625,0.999277,-0.4092237416802179
thompson,38,1,2,0.96875,0.24439589935037304,0.5,0.25044875,-0.005860100649626998
thompson,38,2,1,1.0,0.5901402579114121,0.0625,0.999277,-0.40922374208858814
thompson,38,2,2,0.96875,0.24439368193373318,0.5,0.25044875,-0.005862318066266858
thompson,38,3,1,1.0,0.5901402575029859,0.0625,0.999277,-0.4092237424970143
thompson,38,3,2,0.96875,0.24439146451708255,0.5,0.25044875,-0.005864535482917488
thompson,38,4,1,1.0,0.590140257094633,0.0625,0.999277,-0.4092237429053672
thompson,38,4,2,0.96875,0.2443892471004368,0.5,0.25044875,-0.005866752899563232
thompson,38,5,1,1.0,0.5901402566862128,0.0625,0.999277,-0.4092237433137874
thompson,38,5,2,0.96875,0.24438702968380038,0.5,0.25044875,-0.005868970316199651
thompson,38,6,1,1.0,0.5901402562778426,0.0625,0.999277,-0.40922374372215764
thompson,38,6,2,0.96875,0.24438481226715297,0.5,0.25044875,-0.005871187732847061
thompson,38,7,1,1.0,0.5901402558695275,0.0625,0.999277,-0.4092237441304728
thompson,38,7,2,0.96875,0.24438259485049602,0.5,0.25044875,-0.0058734051495040185
thompson,38,8,1,1.0,0.5901402554610666,0.0625,0.999277,-0.4092237445389336
thompson,38,8,2,0.96875,0.24438037743385638,0.5,0.25044875,-0.005875622566143657
thompson,38,9,1,1.0,0.5901402550526134,0.0625,0.999277,-0.4092237449473869
thompson,38,9,2,0.96875,0.24437816001718965,0.5,0.25044875,-0.0058778399828103844
thompson,38,10,1,1.0,0.59014025464427,0.0625,0.999277,-0.40922374535573025
thompson,38,10,2,0.96875,0.2443759426005649,0.5,0.25044875,-0.005880057399435146
thompson,38,11,1,1.0,0.5901402542358314,0.0625,0.999277,-0.40922374576416887
thompson,38,11,2,0.96875,0.24437372518391326,0.5,0.25044875,-0.005882274816086774
thompson,38,12,1,1.0,0.5901402538274259,0.0625,0.999277,-0.4092237461725744
thompson,38,12,2,0.96875,0.2443715077672634,0.5,0.25044875,-0.005884492232736627
thompson,38,13,1,1.0,0.590140253419019,0.0625,0.999277,-0.40922374658098126
thompson,38,13,2,0.96875,0.24436929035064164,0.5,0.25044875,-0.00588670964935839
thompson,38,14,1,1.0,0.5901402530107087,0.0625,0.999277,-0.40922374698929154
thompson,38,14,2,0.96875,0.244367072933995,0.5,0.25044875,-0.005888927066005023
thompson,38,15,1,1.0,0.5901402526022697,0.0625,0.999277,-0.4092237473977306
thompson,38,15,2,0.96875,0.24436485551733927,0.5,0.25044875,-0.0058911444826607595
thompson,38,16,1,1.0,0.5901402521938581,0.0625,0.999277,-0.4092237478061421
thompson,38,16,2,0.96875,0.24436263810071063,0.5,0.25044875,-0.005893361899289407
thompson,38,17,1,1.0,0.5901402517854653,0.0625,0.999277,-0.409223748214535
thompson,38,17,2,0.96875,0.24436042068404956,0.5,0.25044875,-0.005895579315950472
thompson,38,18,1,1.0,0.5901402513771006,0.0625,0.999277,-0.4092237486228997
thompson,38,18,2,0.96875,0.24435820326741436,0.5,0.25044875,-0.0058977967325856695
thompson,38,19,1,1.0,0.5901402509686895,0.0625,0.999277,-0.40922374903131076
thompson,38,19,2,0.96875,0.24435598585076473,0.5,0.25044875,-0.0059000141492353
thompson,38,20,1,1.0,0.5901402505603008,0.0625,0.999277,-0.4092237494396994
thompson,38,20,2,0.96875,0.24435376843411621,0.5,0.25044875,-0.00590223156588382
thompson,38,21,1,1.0,0.5901402501518802,0.0625,0.999277,-0.40922374984812004
thompson,38,21,2,0.96875,0.24435155101747325,0.5,0.25044875,-0.005904448982526789
thompson,38,22,1,1.0,0.5119505292760017,0.0,0.9991150000000003,-0.4872574707239984
thompson,38,22,2,0.96875,0.22883470481888735,0.46875,0.25061124999999995,-0.021657045181112555
thompson,38,23,1,1.0,0.5119505292760017,0.0,0.9991150000000003,-0.4872574707239984
thompson,38,23,2,0.96875,0.22883145156303297,0.46875,0.25061124999999995,-0.02166029843696693
thompson,38,24,1,1.0,0.5119505292760017,0.0,0.9991150000000003,-0.4872574707239984
thompson,38,24,2,0.96875,0.2288281983071898,0.46875,0.25061124999999995,-0.02166355169281009
thompson,38,25,1,1.0,0.5119505292760017,0.0,0.9991150000000003,-0.4872574707239984
thompson,38,25,2,0.96875,0.228824945051323,0.46875,0.25061124999999995,-0.0216668049486769
thompson,38,26,1,1.0,0.5119505292760017,0.0,0.9991150000000003,-0.4872574707239984
thompson,38,26,2,0.96875,0.22882169179545475,0.46875,0.25061124999999995,-0.02167005820454515
thompson,38,27,1,1.0,0.5119505292760017,0.0,0.9991150000000003,-0.4872574707239984
thompson,38,27,2,0.96875,0.2288184385395856,0.46875,0.25061124999999995,-0.02167331146041429
thompson,38,28,1,1.0,0.5119505292760017,0.0,0.9991150000000003,-0.4872574707239984
thompson,38,28,2,0.96875,0.2288151852837388,0.46875,0.25061124999999995,-0.021676564716261115
thompson,38,29,1,1.0,0.5119505292760017,0.0,0.9991150000000003,-0.4872574707239984
thompson,38,29,2,0.96875,0.22881193202790218,0.46875,0.25061124999999995,-0.021679817972097726
thompson,38,30,1,1.0,0.5119505292760017,0.0,0.9991150000000003,-0.4872574707239984
thompson,38,30,2,0.96875,0.22880867877203992,0.46875,0.25061124999999995,-0.021683071227959982
thompson,38,31,1,1.0,0.5119505292760017,0.0,0.9991150000000003,-0.4872574707239984
thompson,38,31,2,0.96875,0.228805425516177,0.46875,0.25061124999999995,-0.021686324483822905
thompson,38,32,1,1.0,0.5119505292760017,0.0,0.9991150000000003,-0.4872574707239984
thompson,38,32,2,0.96875,0.22880217226033073,0.46875,0.25061124999999995,-0.021689577739669175
thompson,38,33,1,1.0,0.5647761172896842,0.03125,0.9991960000000002,-0.4345188827103156
thompson,38,33,2,0.96875,0.21849620244669032,0.4375,0.25055474999999994,-0.031991047553309504
thompson,38,34,1,1.0,0.5647761168811741,0.03125,0.9991960000000002,-0.4345188831188257
thompson,38,34,2,0.96875,0.21849294919084394,0.4375,0.25055474999999994,-0.031994300809155884
thompson,38,35,1,1.0,0.5647761164727162,0.03125,0.9991960000000002,-0.43451888352728363
thompson,38,35,2,0.96875,0.2184896959349848,0.4375,0.25055474999999994,-0.03199755406501503
thompson,38,36,1,1.0,0.564776116064171,0.03125,0.9991960000000002,-0.4345188839358288
thompson,38,36,2,0.96875,0.21848644267913275,0.4375,0.25055474999999994,-0.032000807320867075
thompson,38,37,1,1.0,0.5647761156557186,0.03125,0.9991960000000002,-0.4345188843442812
thompson,38,37,2,0.96875,0.21848318942325518,0.4375,0.25055474999999994,-0.03200406057674465
thompson,38,38,1,1.0,0.5647761152471836,0.03125,0.9991960000000002,-0.4345188847528162
thompson,38,38,2,0.96875,0.21847993616742623,0.4375,0.25055474999999994,-0.0320073138325736
thompson,38,39,1,1.0,0.5647761148386677,0.03125,0.9991960000000002,-0.4345188851613321
thompson,38,39,2,0.96875,0.21847668291153255,0.4375,0.25055474999999994,-0.03201056708846728
thompson,38,40,1,1.0,0.5647761144302105,0.03125,0.9991960000000002,-0.43451888556978935
thompson,38,40,2,0.96875,0.21847342965567562,0.4375,0.25055474999999994,-0.032013820344324206
thompson,38,41,1,1.0,0.564776114021638,0.03125,0.9991960000000002,-0.43451888597836186
thompson,38,41,2,0.96875,0.21847017639982913,0.4375,0.25055474999999994,-0.0320170736001707
thompson,38,42,1,1.0,0.5647761136132347,0.03125,0.9991960000000002,-0.43451888638676517
thompson,38,42,2,0.96875,0.21846692314395488,0.4375,0.25055474999999994,-0.032020326856044945
thompson,38,43,1,1.0,0.5647761132047354,0.03125,0.9991960000000002,-0.4345188867952644
thompson,38,43,2,0.96875,0.2184636698881125,0.4375,0.25055474999999994,-0.03202358011188733
thompson,38,44,1,1.0,0.5647761127962553,0.03125,0.9991960000000002,-0.43451888720374454
thompson,38,44,2,0.96875,0.21846041663225768,0.4375,0.25055474999999994,-0.03202683336774215
thompson,38,45,1,1.0,0.5647761123876612,0.03125,0.9991960000000002,-0.4345188876123386
thompson,38,45,2,0.96875,0.21845716337640342,0.4375,0.25055474999999994,-0.03203008662359641
thompson,38,46,1,1.0,0.5647761119791798,0.03125,0.9991960000000002,-0.43451888802082006
thompson,38,46,2,0.96875,0.21845391012051674,0.4375,0.25055474999999994,-0.03203333987948309
thompson,38,47,1,1.0,0.5647761115707873,0.03125,0.9991960000000002,-0.4345188884292125
thompson,38,47,2,0.96875,0.21845065686467413,0.4375,0.25055474999999994,-0.0320365931353257
thompson,38,48,1,1.0,0.5647761111622754,0.03125,0.9991960000000002,-0.4345188888377244
thompson,38,48,2,0.96875,0.21844740360883408,0.4375,0.25055474999999994,-0.03203984639116575
thompson,38,49,1,1.0,0.5647761107537664,0.03125,0.9991960000000002,-0.4345188892462334
thompson,38,49,2,0.96875,0.2184441503529596,0.4375,0.25055474999999994,-0.03204309964704022
thompson,39,0,1,1.0,0.5901402583197077,0.0625,0.999277,-0.4092237416802925
thompson,39,0,2,0.96875,0.24439528377166053,0.5,0.25044875,-0.005860716228339502
thompson,39,1,1,1.0,0.5901402579113892,0.0625,0.999277,-0.409223742088611
thompson,39,1,2,0.96875,0.244393066355016,0.5,0.25044875,-0.005862933644984025
thompson,39,2,1,1.0,0.590140257503019,0.0625,0.999277,-0.40922374249698124
thompson,39,2,2,0.96875,0.24439084893837615,0.5,0.25044875,-0.0058651510616238856
thompson,39,3,1,1.0,0.5901402570945928,0.0625,0.999277,-0.4092237429054074
thompson,39,3,2,0.96875,0.24438863152172552,0.5,0.25044875,-0.005867368478274515
thompson,39,4,1,1.0,0.5901402566862399,0.0625,0.999277,-0.4092237433137603
thompson,39,4,2,0.96875,0.24438641410507977,0.5,0.25044875,-0.0058695858949202595
thompson,39,5,1,1.0,0.5901402562778197,0.0625,0.999277,-0.4092237437221805
thompson,39,5,2,0.96875,0.24438419668844336,0.5,0.25044875,-0.005871803311556678
thompson,39,6,1,1.0,0.5901402558694495,0.0625,0.999277,-0.40922374413055074
thompson,39,6,2,0.96875,0.24438197927179595,0.5,0.25044875,-0.005874020728204088
thompson,39,7,1,1.0,0.5901402554611344,0.0625,0.999277,-0.4092237445388659
thompson,39,7,2,0.96875,0.244379761855139,0.5,0.25044875,-0.005876238144861046
thompson,39,8,1,1.0,0.5901402550526735,0.0625,0.999277,-0.4092237449473267
thompson,39,8,2,0.96875,0.24437754443849935,0.5,0.25044875,-0.005878455561500684
thompson,39,9,1,1.0,0.5901402546442203,0.0625,0.999277,-0.40922374535578
thompson,39,9,2,0.96875,0.24437532702183262,0.5,0.25044875,-0.005880672978167412
thompson,39,10,1,1.0,0.5901402542358769,0.0625,0.999277,-0.40922374576412335
thompson,39,10,2,0.96875,0.24437310960520786,0.5,0.25044875,-0.005882890394792173
thompson,39,11,1,1.0,0.5901402538274383,0.0625,0.999277,-0.40922374617256196
thompson,39,11,2,0.96875,0.24437089218855623,0.5,0.25044875,-0.005885107811443802
thompson,39,12,1,1.0,0.5901402534190328,0.0625,0.999277,-0.4092237465809675
thompson,39,12,2,0.96875,0.24436867477190638,0.5,0.25044875,-0.005887325228093654
thompson,39,13,1,1.0,0.5901402530106259,0.0625,0.999277,-0.40922374698937436
thompson,39,13,2,0.96875,0.24436645735528462,0.5,0.25044875,-0.0058895426447154176
thompson,39,14,1,1.0,0.5901402526023156,0.0625,0.999277,-0.40922374739768463
thompson,39,14,2,0.96875,0.24436423993863798,0.5,0.25044875,-0.00589176006136205
thompson,39,15,1,1.0,0.5901402521938766,0.0625,0.999277,-0.4092237478061237
thompson,39,15,2,0.96875,0.24436202252198225,0.5,0.25044875,-0.005893977478017787
thompson,39,16,1,1.0,0.590140251785465,0.0625,0.999277,-0.4092237482145352
thompson,39,16,2,0.96875,0.2443598051053536,0.5,0.25044875,-0.005896194894646434
thompson,39,17,1,1.0,0.5901402513770722,0.0625,0.999277,-0.4092237486229281
thompson,39,17,2,0.96875,0.24435758768869253,0.5,0.25044875,-0.005898412311307499
thompson,39,18,1,1.0,0.5901402509687075,0.0625,0.999277,-0.40922374903129277
thompson,39,18,2,0.96875,0.24435537027205734,0.5,0.25044875,-0.005900629727942697
thompson,39,19,1,1.0,0.5901402505602964,0.0625,0.999277,-0.40922374943970385
thompson,39,19,2,0.96875,0.2443531528554077,0.5,0.25044875,-0.005902847144592327
thompson,39,20,1,1.0,0.5901402501519077,0.0625,0.999277,-0.4092237498480925
thompson,39,20,2,0.96875,0.2443509354387592,0.5,0.25044875,-0.005905064561240847
thompson,39,21,1,1.0,0.5901402497434871,0.0625,0.999277,-0.40922375025651314
thompson,39,21,2,0.96875,0.24434871802211622,0.5,0.25044875,-0.005907281977883816
thompson,39,22,1,1.0,0.5119505284590552,0.0,0.9991150000000003,-0.4872574715409449
thompson,39,22,2,0.96875,0.22883470481888735,0.46875,0.25061124999999995,-0.021657045181112555
thompson,39,23,1,1.0,0.5119505284590552,0.0,0.9991150000000003,-0.4872574715409449
thompson,39,23,2,0.96875,0.22883145156303297,0.46875,0.25061124999999995,-0.02166029843696693
thompson,39,24,1,1.0,0.5119505284590552,0.0,0.9991150000000003,-0.4872574715409449
thompson,39,24,2,0.96875,0.2288281983071898,0.46875,0.25061124999999995,-0.02166355169281009
thompson,39,25,1,1.0,0.5119505284590552,0.0,0.9991150000000003,-0.4872574715409449
thompson,39,25,2,0.96875,0.228824945051323,0.46875,0.25061124999999995,-0.0216668049486769
thompson,39,26,1,1.0,0.5119505284590552,0.0,0.9991150000000003,-0.4872574715409449
thompson,39,26,2,0.96875,0.22882169179545475,0.46875,0.25061124999999995,-0.02167005820454515
thompson,39,27,1,1.0,0.5119505284590552,0.0,0.9991150000000003,-0.4872574715409449
thompson,39,27,2,0.96875,0.2288184385395856,0.46875,0.25061124999999995,-0.02167331146041429
thompson,39,28,1,1.0,0.5119505284590552,0.0,0.9991150000000003,-0.4872574715409449
thompson,39,28,2,0.96875,0.2288151852837388,0.46875,0.25061124999999995,-0.021676564716261115
thompson,39,29,1,1.0,0.5119505284590552,0.0,0.9991150000000003,-0.4872574715409449
thompson,39,29,2,0.96875,0.22881193202790218,0.46875,0.25061124999999995,-0.021679817972097726
thompson,39,30,1,1.0,0.5119505284590552,0.0,0.9991150000000003,-0.4872574715409449
thompson,39,30,2,0.96875,0.22880867877203992,0.46875,0.25061124999999995,-0.021683071227959982
thompson,39,31,1,1.0,0.5119505284590552,0.0,0.9991150000000003,-0.4872574715409449
thompson,39,31,2,0.96875,0.228805425516177,0.46875,0.25061124999999995,-0.021686324483822905
thompson,39,32,1,1.0,0.5119505284590552,0.0,0.9991150000000003,-0.4872574715409449
thompson,39,32,2,0.96875,0.22880217226033073,0.46875,0.25061124999999995,-0.021689577739669175
thompson,39,33,1,1.0,0.5647761168813424,0.03125,0.9991960000000002,-0.4345188831186574
thompson,39,33,2,0.96875,0.21849620244669032,0.4375,0.25055474999999994,-0.031991047553309504
thompson,39,34,1,1.0,0.5647761164728323,0.03125,0.9991960000000002,-0.4345188835271675
thompson,39,34,2,0.96875,0.21849294919084394,0.4375,0.25055474999999994,-0.031994300809155884
thompson,39,35,1,1.0,0.5647761160643744,0.03125,0.9991960000000002,-0.43451888393562543
thompson,39,35,2,0.96875,0.2184896959349848,0.4375,0.25055474999999994,-0.03199755406501503
thompson,39,36,1,1.0,0.5647761156558292,0.03125,0.9991960000000002,-0.43451888434417063
thompson,39,36,2,0.96875,0.21848644267913275,0.4375,0.25055474999999994,-0.032000807320867075
thompson,39,37,1,1.0,0.5647761152473768,0.03125,0.9991960000000002,-0.434518884752623
thompson,39,37,2,0.96875,0.21848318942325518,0.4375,0.25055474999999994,-0.03200406057674465
thompson,39,38,1,1.0,0.5647761148388418,0.03125,0.9991960000000002,-0.434518885161158
thompson,39,38,2,0.96875,0.21847993616742623,0.4375,0.25055474999999994,-0.0320073138325736
thompson,39,39,1,1.0,0.5647761144303259,0.03125,0.9991960000000002,-0.4345188855696739
thompson,39,39,2,0.96875,0.21847668291153255,0.4375,0.25055474999999994,-0.03201056708846728
thompson,39,40,1,1.0,0.5647761140218687,0.03125,0.9991960000000002,-0.43451888597813115
thompson,39,40,2,0.96875,0.21847342965567562,0.4375,0.25055474999999994,-0.032013820344324206
thompson,39,41,1,1.0,0.5647761136132962,0.03125,0.9991960000000002,-0.43451888638670366
thompson,39,41,2,0.96875,0.21847017639982913,0.4375,0.25055474999999994,-0.0320170736001707
thompson,39,42,1,1.0,0.5647761132048928,0.03125,0.9991960000000002,-0.434518886795107
thompson,39,42,2,0.96875,0.21846692314395488,0.4375,0.25055474999999994,-0.032020326856044945
thompson,39,43,1,1.0,0.5647761127963936,0.03125,0.9991960000000002,-0.4345188872036062
thompson,39,43,2,0.96875,0.2184636698881125,0.4375,0.25055474999999994,-0.03202358011188733
thompson,39,44,1,1.0,0.5647761123879135,0.03125,0.9991960000000002,-0.43451888761208635
thompson,39,44,2,0.96875,0.21846041663225768,0.4375,0.25055474999999994,-0.03202683336774215
thompson,39,45,1,1.0,0.5647761119793194,0.03125,0.9991960000000002,-0.4345188880206804
thompson,39,45,2,0.96875,0.21845716337640342,0.4375,0.25055474999999994,-0.03203008662359641
thompson,39,46,1,1.0,0.564776111570838,0.03125,0.9991960000000002,-0.43451888842916186
thompson,39,46,2,0.96875,0.21845391012051674,0.4375,0.25055474999999994,-0.03203333987948309
thompson,39,47,1,1.0,0.5647761111624455,0.03125,0.9991960000000002,-0.4345188888375543
thompson,39,47,2,0.96875,0.21845065686467413,0.4375,0.25055474999999994,-0.0320365931353257
thompson,39,48,1,1.0,0.5647761107539336,0.03125,0.9991960000000002,-0.4345188892460662
thompson,39,48,2,0.96875,0.21844740360883408,0.4375,0.25055474999999994,-0.03203984639116575
thompson,39,49,1,1.0,0.5647761103454246,0.03125,0.9991960000000002,-0.4345188896545752
thompson,39,49,2,0.96875,0.2184441503529596,0.4375,0.25055474999999994,-0.03204309964704022
thompson,40,0,1,1.0,0.5901402579113437,0.0625,0.999277,-0.40922374208865653
thompson,40,0,2,0.96875,0.24439245077629196,0.5,0.25044875,-0.0058635492237080755
thompson,40,1,1,1.0,0.5901402575030252,0.0625,0.999277,-0.409223742496975
thompson,40,1,2,0.96875,0.24439023335964744,0.5,0.25044875,-0.005865766640352599
thompson,40,2,1,1.0,0.590140257094655,0.0625,0.999277,-0.40922374290534524
thompson,40,2,2,0.96875,0.24438801594300757,0.5,0.25044875,-0.005867984056992459
thompson,40,3,1,1.0,0.5901402566862288,0.0625,0.999277,-0.4092237433137714
thompson,40,3,2,0.96875,0.24438579852635695,0.5,0.25044875,-0.0058702014736430885
thompson,40,4,1,1.0,0.5901402562778759,0.0625,0.999277,-0.40922374372212433
thompson,40,4,2,0.96875,0.2443835811097112,0.5,0.25044875,-0.005872418890288833
thompson,40,5,1,1.0,0.5901402558694557,0.0625,0.999277,-0.4092237441305445
thompson,40,5,2,0.96875,0.24438136369307478,0.5,0.25044875,-0.005874636306925252
thompson,40,6,1,1.0,0.5901402554610855,0.0625,0.999277,-0.40922374453891475
thompson,40,6,2,0.96875,0.24437914627642737,0.5,0.25044875,-0.0058768537235726614
thompson,40,7,1,1.0,0.5901402550527703,0.0625,0.999277,-0.4092237449472299
thompson,40,7,2,0.96875,0.24437692885977041,0.5,0.25044875,-0.005879071140229619
thompson,40,8,1,1.0,0.5901402546443095,0.0625,0.999277,-0.4092237453556907
thompson,40,8,2,0.96875,0.24437471144313078,0.5,0.25044875,-0.0058812885568692574
thompson,40,9,1,1.0,0.5901402542358563,0.0625,0.999277,-0.409223745764144
thompson,40,9,2,0.96875,0.24437249402646405,0.5,0.25044875,-0.005883505973535985
thompson,40,10,1,1.0,0.5901402538275129,0.0625,0.999277,-0.40922374617248736
thompson,40,10,2,0.96875,0.2443702766098393,0.5,0.25044875,-0.005885723390160746
thompson,40,11,1,1.0,0.5901402534190743,0.0625,0.999277,-0.409223746580926
thompson,40,11,2,0.96875,0.24436805919318766,0.5,0.25044875,-0.005887940806812375
thompson,40,12,1,1.0,0.5901402530106687,0.0625,0.999277,-0.4092237469893315
thompson,40,12,2,0.96875,0.2443658417765378,0.5,0.25044875,-0.005890158223462227
thompson,40,13,1,1.0,0.5901402526022619,0.0625,0.999277,-0.40922374739773837
thompson,40,13,2,0.96875,0.24436362435991604,0.5,0.25044875,-0.005892375640083991
thompson,40,14,1,1.0,0.5901402521939516,0.0625,0.999277,-0.40922374780604864
thompson,40,14,2,0.96875,0.2443614069432694,0.5,0.25044875,-0.005894593056730624
thompson,40,15,1,1.0,0.5901402517855125,0.0625,0.999277,-0.4092237482144877
thompson,40,15,2,0.96875,0.24435918952661367,0.5,0.25044875,-0.00589681047338636
thompson,40,16,1,1.0,0.590140251377101,0.0625,0.999277,-0.40922374862289923
thompson,40,16,2,0.96875,0.24435697210998503,0.5,0.25044875,-0.005899027890015007
thompson,40,17,1,1.0,0.5901402509687081,0.0625,0.999277,-0.4092237490312921
thompson,40,17,2,0.96875,0.24435475469332396,0.5,0.25044875,-0.005901245306676073
thompson,40,18,1,1.0,0.5901402505603435,0.0625,0.999277,-0.4092237494396568
thompson,40,18,2,0.96875,0.24435253727668876,0.5,0.25044875,-0.00590346272331127
thompson,40,19,1,1.0,0.5901402501519324,0.0625,0.999277,-0.40922374984806786
thompson,40,19,2,0.96875,0.24435031986003913,0.5,0.25044875,-0.0059056801399609005
thompson,40,20,1,1.0,0.5901402497435437,0.0625,0.999277,-0.4092237502564565
thompson,40,20,2,0.96875,0.2443481024433906,0.5,0.25044875,-0.0059078975566094205
thompson,40,21,1,1.0,0.5901402493351231,0.0625,0.999277,-0.40922375066487715
thompson,40,21,2,0.96875,0.24434588502674764,0.5,0.25044875,-0.0059101149732523894
thompson,40,22,1,1.0,0.5119505276419684,0.0,0.9991150000000003,-0.48725747235803174
thompson,40,22,2,0.96875,0.22883470481888735,0.46875,0.25061124999999995,-0.021657045181112555
thompson,40,23,1,1.0,0.5119505276419684,0.0,0.9991150000000003,-0.48725747235803174
thompson,40,23,2,0.96875,0.22883145156303297,0.46875,0.25061124999999995,-0.02166029843696693
thompson,40,24,1,1.0,0.5119505276419684,0.0,0.9991150000000003,-0.48725747235803174
thompson,40,24,2,0.96875,0.2288281983071898,0.46875,0.25061124999999995,-0.02166355169281009
thompson,40,25,1,1.0,0.5119505276419684,0.0,0.9991150000000003,-0.48725747235803174
thompson,40,25,2,0.96875,0.228824945051323,0.46875,0.25061124999999995,-0.0216668049486769
thompson,40,26,1,1.0,0.5119505276419684,0.0,0.9991150000000003,-0.48725747235803174
thompson,40,26,2,0.96875,0.22882169179545475,0.46875,0.25061124999999995,-0.02167005820454515
thompson,40,27,1,1.0,0.5119505276419684,0.0,0.9991150000000003,-0.48725747235803174
thompson,40,27,2,0.96875,0.2288184385395856,0.46875,0.25061124999999995,-0.02167331146041429
thompson,40,28,1,1.0,0.5119505276419684,0.0,0.9991150000000003,-0.48725747235803174
thompson,40,28,2,0.96875,0.2288151852837388,0.46875,0.25061124999999995,-0.021676564716261115
thompson,40,29,1,1.0,0.5119505276419684,0.0,0.9991150000000003,-0.48725747235803174
thompson,40,29,2,0.96875,0.22881193202790218,0.46875,0.25061124999999995,-0.021679817972097726
thompson,40,30,1,1.0,0.5119505276419684,0.0,0.9991150000000003,-0.48725747235803174
thompson,40,30,2,0.96875,0.22880867877203992,0.46875,0.25061124999999995,-0.021683071227959982
thompson,40,31,1,1.0,0.5119505276419684,0.0,0.9991150000000003,-0.48725747235803174
thompson,40,31,2,0.96875,0.228805425516177,0.46875,0.25061124999999995,-0.021686324483822905
thompson,40,32,1,1.0,0.5119505276419684,0.0,0.9991150000000003,-0.48725747235803174
thompson,40,32,2,0.96875,0.22880217226033073,0.46875,0.25061124999999995,-0.021689577739669175
thompson,40,33,1,1.0,0.5647761164729409,0.03125,0.9991960000000002,-0.4345188835270589
thompson,40,33,2,0.96875,0.21849620244669032,0.4375,0.25055474999999994,-0.031991047553309504
thompson,40,34,1,1.0,0.5647761160644308,0.03125,0.9991960000000002,-0.43451888393556903
thompson,40,34,2,0.96875,0.21849294919084394,0.4375,0.25055474999999994,-0.031994300809155884
thompson,40,35,1,1.0,0.5647761156559729,0.03125,0.9991960000000002,-0.43451888434402697
thompson,40,35,2,0.96875,0.2184896959349848,0.4375,0.25055474999999994,-0.03199755406501503
thompson,40,36,1,1.0,0.5647761152474277,0.03125,0.9991960000000002,-0.43451888475257217
thompson,40,36,2,0.96875,0.21848644267913275,0.4375,0.25055474999999994,-0.032000807320867075
thompson,40,37,1,1.0,0.5647761148389753,0.03125,0.9991960000000002,-0.43451888516102455
thompson,40,37,2,0.96875,0.21848318942325518,0.4375,0.25055474999999994,-0.03200406057674465
thompson,40,38,1,1.0,0.5647761144304403,0.03125,0.9991960000000002,-0.43451888556955953
thompson,40,38,2,0.96875,0.21847993616742623,0.4375,0.25055474999999994,-0.0320073138325736
thompson,40,39,1,1.0,0.5647761140219244,0.03125,0.9991960000000002,-0.4345188859780754
thompson,40,39,2,0.96875,0.21847668291153255,0.4375,0.25055474999999994,-0.03201056708846728
thompson,40,40,1,1.0,0.5647761136134671,0.03125,0.9991960000000002,-0.4345188863865327
thompson,40,40,2,0.96875,0.21847342965567562,0.4375,0.25055474999999994,-0.032013820344324206
thompson,40,41,1,1.0,0.5647761132048946,0.03125,0.9991960000000002,-0.4345188867951052
thompson,40,41,2,0.96875,0.21847017639982913,0.4375,0.25055474999999994,-0.0320170736001707
thompson,40,42,1,1.0,0.5647761127964913,0.03125,0.9991960000000002,-0.4345188872035085
thompson,40,42,2,0.96875,0.21846692314395488,0.4375,0.25055474999999994,-0.032020326856044945
thompson,40,43,1,1.0,0.5647761123879921,0.03125,0.9991960000000002,-0.43451888761200774
thompson,40,43,2,0.96875,0.2184636698881125,0.4375,0.25055474999999994,-0.03202358011188733
thompson,40,44,1,1.0,0.5647761119795119,0.03125,0.9991960000000002,-0.4345188880204879
thompson,40,44,2,0.96875,0.21846041663225768,0.4375,0.25055474999999994,-0.03202683336774215
thompson,40,45,1,1.0,0.5647761115709179,0.03125,0.9991960000000002,-0.43451888842908193
thompson,40,45,2,0.96875,0.21845716337640342,0.4375,0.25055474999999994,-0.03203008662359641
thompson,40,46,1,1.0,0.5647761111624364,0.03125,0.9991960000000002,-0.4345188888375634
thompson,40,46,2,0.96875,0.21845391012051674,0.4375,0.25055474999999994,-0.03203333987948309
thompson,40,47,1,1.0,0.564776110754044,0.03125,0.9991960000000002,-0.43451888924595583
thompson,40,47,2,0.96875,0.21845065686467413,0.4375,0.25055474999999994,-0.0320365931353257
thompson,40,48,1,1.0,0.5647761103455321,0.03125,0.9991960000000002,-0.4345188896544677
thompson,40,48,2,0.96875,0.21844740360883408,0.4375,0.25055474999999994,-0.03203984639116575
thompson,40,49,1,1.0,0.5647761099370231,0.03125,0.9991960000000002,-0.4345188900629767
thompson,40,49,2,0.96875,0.2184441503529596,0.4375,0.25055474999999994,-0.03204309964704022
thompson,41,0,1,1.0,0.590140257502886,0.0625,0.999277,-0.40922374249711424
thompson,41,0,2,0.96875,0.24438961778093504,0.5,0.25044875,-0.005866382219064992
thompson,41,1,1,1.0,0.5901402570945675,0.0625,0.999277,-0.40922374290543273
thompson,41,1,2,0.96875,0.24438740036429052,0.5,0.25044875,-0.005868599635709515
thompson,41,2,1,1.0,0.5901402566861973,0.0625,0.999277,-0.40922374331380296
thompson,41,2,2,0.96875,0.24438518294765066,0.5,0.25044875,-0.005870817052349375
thompson,41,3,1,1.0,0.5901402562777711,0.0625,0.999277,-0.40922374372222914
thompson,41,3,2,0.96875,0.24438296553100003,0.5,0.25044875,-0.005873034469000005
thompson,41,4,1,1.0,0.5901402558694182,0.0625,0.999277,-0.40922374413058205
thompson,41,4,2,0.96875,0.24438074811435428,0.5,0.25044875,-0.005875251885645749
thompson,41,5,1,1.0,0.590140255460998,0.0625,0.999277,-0.40922374453900223
thompson,41,5,2,0.96875,0.24437853069771787,0.5,0.25044875,-0.005877469302282168
thompson,41,6,1,1.0,0.5901402550526278,0.0625,0.999277,-0.40922374494737246
thompson,41,6,2,0.96875,0.24437631328107046,0.5,0.25044875,-0.005879686718929578
thompson,41,7,1,1.0,0.5901402546443126,0.0625,0.999277,-0.4092237453556876
thompson,41,7,2,0.96875,0.2443740958644135,0.5,0.25044875,-0.005881904135586535
thompson,41,8,1,1.0,0.5901402542358518,0.0625,0.999277,-0.40922374576414844
thompson,41,8,2,0.96875,0.24437187844777386,0.5,0.25044875,-0.005884121552226174
thompson,41,9,1,1.0,0.5901402538273985,0.0625,0.999277,-0.4092237461726017
thompson,41,9,2,0.96875,0.24436966103110713,0.5,0.25044875,-0.005886338968892901
thompson,41,10,1,1.0,0.5901402534190552,0.0625,0.999277,-0.40922374658094507
thompson,41,10,2,0.96875,0.24436744361448237,0.5,0.25044875,-0.005888556385517663
thompson,41,11,1,1.0,0.5901402530106166,0.0625,0.999277,-0.4092237469893837
thompson,41,11,2,0.96875,0.24436522619783074,0.5,0.25044875,-0.005890773802169291
thompson,41,12,1,1.0,0.590140252602211,0.0625,0.999277,-0.4092237473977892
thompson,41,12,2,0.96875,0.2443630087811809,0.5,0.25044875,-0.0058929912188191436
thompson,41,13,1,1.0,0.5901402521938042,0.0625,0.999277,-0.4092237478061961
thompson,41,13,2,0.96875,0.24436079136455913,0.5,0.25044875,-0.005895208635440907
thompson,41,14,1,1.0,0.5901402517854939,0.0625,0.999277,-0.40922374821450636
thompson,41,14,2,0.96875,0.2443585739479125,0.5,0.25044875,-0.00589742605208754
thompson,41,15,1,1.0,0.5901402513770548,0.0625,0.999277,-0.4092237486229454
thompson,41,15,2,0.96875,0.24435635653125676,0.5,0.25044875,-0.005899643468743276
thompson,41,16,1,1.0,0.5901402509686433,0.0625,0.999277,-0.40922374903135694
thompson,41,16,2,0.96875,0.2443541391146281,0.5,0.25044875,-0.0059018608853719234
thompson,41,17,1,1.0,0.5901402505602504,0.0625,0.999277,-0.4092237494397498
thompson,41,17,2,0.96875,0.24435192169796704,0.5,0.25044875,-0.005904078302032989
thompson,41,18,1,1.0,0.5901402501518858,0.0625,0.999277,-0.4092237498481145
thompson,41,18,2,0.96875,0.24434970428133185,0.5,0.25044875,-0.005906295718668186
thompson,41,19,1,1.0,0.5901402497434747,0.0625,0.999277,-0.4092237502565256
thompson,41,19,2,0.96875,0.24434748686468222,0.5,0.25044875,-0.005908513135317817
thompson,41,20,1,1.0,0.590140249335086,0.0625,0.999277,-0.40922375066491423
thompson,41,20,2,0.96875,0.2443452694480337,0.5,0.25044875,-0.005910730551966337
thompson,41,21,1,1.0,0.5901402489266654,0.0625,0.999277,-0.40922375107333486
thompson,41,21,2,0.96875,0.24434305203139073,0.5,0.25044875,-0.005912947968609306
thompson,41,22,1,1.0,0.5119505268249179,0.0,0.9991150000000003,-0.48725747317508217
thompson,41,22,2,0.96875,0.22883470481888735,0.46875,0.25061124999999995,-0.021657045181112555
thompson,41,23,1,1.0,0.5119505268249179,0.0,0.9991150000000003,-0.48725747317508217
thompson,41,23,2,0.96875,0.22883145156303297,0.46875,0.25061124999999995,-0.02166029843696693
thompson,41,24,1,1.0,0.5119505268249179,0.0,0.9991150000000003,-0.48725747317508217
thompson,41,24,2,0.96875,0.2288281983071898,0.46875,0.25061124999999995,-0.02166355169281009
thompson,41,25,1,1.0,0.5119505268249179,0.0,0.9991150000000003,-0.48725747317508217
thompson,41,25,2,0.96875,0.228824945051323,0.46875,0.25061124999999995,-0.0216668049486769
thompson,41,26,1,1.0,0.5119505268249179,0.0,0.9991150000000003,-0.48725747317508217
thompson,41,26,2,0.96875,0.22882169179545475,0.46875,0.25061124999999995,-0.02167005820454515
thompson,41,27,1,1.0,0.5119505268249179,0.0,0.9991150000000003,-0.48725747317508217
thompson,41,27,2,0.96875,0.2288184385395856,0.46875,0.25061124999999995,-0.02167331146041429
thompson,41,28,1,1.0,0.5119505268249179,0.0,0.9991150000000003,-0.48725747317508217
thompson,41,28,2,0.96875,0.2288151852837388,0.46875,0.25061124999999995,-0.021676564716261115
thompson,41,29,1,1.0,0.5119505268249179,0.0,0.9991150000000003,-0.48725747317508217
thompson,41,29,2,0.96875,0.22881193202790218,0.46875,0.25061124999999995,-0.021679817972097726
thompson,41,30,1,1.0,0.5119505268249179,0.0,0.9991150000000003,-0.48725747317508217
thompson,41,30,2,0.96875,0.22880867877203992,0.46875,0.25061124999999995,-0.021683071227959982
thompson,41,31,1,1.0,0.5119505268249179,0.0,0.9991150000000003,-0.48725747317508217
thompson,41,31,2,0.96875,0.228805425516177,0.46875,0.25061124999999995,-0.021686324483822905
thompson,41,32,1,1.0,0.5119505268249179,0.0,0.9991150000000003,-0.48725747317508217
thompson,41,32,2,0.96875,0.22880217226033073,0.46875,0.25061124999999995,-0.021689577739669175
thompson,41,33,1,1.0,0.5647761160645243,0.03125,0.9991960000000002,-0.43451888393547555
thompson,41,33,2,0.96875,0.21849620244669032,0.4375,0.25055474999999994,-0.031991047553309504
thompson,41,34,1,1.0,0.5647761156560142,0.03125,0.9991960000000002,-0.43451888434398567
thompson,41,34,2,0.96875,0.21849294919084394,0.4375,0.25055474999999994,-0.031994300809155884
thompson,41,35,1,1.0,0.5647761152475562,0.03125,0.9991960000000002,-0.4345188847524436
thompson,41,35,2,0.96875,0.2184896959349848,0.4375,0.25055474999999994,-0.03199755406501503
thompson,41,36,1,1.0,0.564776114839011,0.03125,0.9991960000000002,-0.4345188851609888
thompson,41,36,2,0.96875,0.21848644267913275,0.4375,0.25055474999999994,-0.032000807320867075
thompson,41,37,1,1.0,0.5647761144305586,0.03125,0.9991960000000002,-0.4345188855694412
thompson,41,37,2,0.96875,0.21848318942325518,0.4375,0.25055474999999994,-0.03200406057674465
thompson,41,38,1,1.0,0.5647761140220237,0.03125,0.9991960000000002,-0.43451888597797617
thompson,41,38,2,0.96875,0.21847993616742623,0.4375,0.25055474999999994,-0.0320073138325736
thompson,41,39,1,1.0,0.5647761136135078,0.03125,0.9991960000000002,-0.43451888638649205
thompson,41,39,2,0.96875,0.21847668291153255,0.4375,0.25055474999999994,-0.03201056708846728
thompson,41,40,1,1.0,0.5647761132050505,0.03125,0.9991960000000002,-0.4345188867949493
thompson,41,40,2,0.96875,0.21847342965567562,0.4375,0.25055474999999994,-0.032013820344324206
thompson,41,41,1,1.0,0.564776112796478,0.03125,0.9991960000000002,-0.43451888720352183
thompson,41,41,2,0.96875,0.21847017639982913,0.4375,0.25055474999999994,-0.0320170736001707
thompson,41,42,1,1.0,0.5647761123880747,0.03125,0.9991960000000002,-0.43451888761192514
thompson,41,42,2,0.96875,0.21846692314395488,0.4375,0.25055474999999994,-0.032020326856044945
thompson,41,43,1,1.0,0.5647761119795754,0.03125,0.9991960000000002,-0.4345188880204244
thompson,41,43,2,0.96875,0.2184636698881125,0.4375,0.25055474999999994,-0.03202358011188733
thompson,41,44,1,1.0,0.5647761115710953,0.03125,0.9991960000000002,-0.4345188884289045
thompson,41,44,2,0.96875,0.21846041663225768,0.4375,0.25055474999999994,-0.03202683336774215
thompson,41,45,1,1.0,0.5647761111625013,0.03125,0.9991960000000002,-0.43451888883749856
thompson,41,45,2,0.96875,0.21845716337640342,0.4375,0.25055474999999994,-0.03203008662359641
thompson,41,46,1,1.0,0.5647761107540198,0.03125,0.9991960000000002,-0.43451888924598003
thompson,41,46,2,0.96875,0.21845391012051674,0.4375,0.25055474999999994,-0.03203333987948309
thompson,41,47,1,1.0,0.5647761103456274,0.03125,0.9991960000000002,-0.43451888965437246
thompson,41,47,2,0.96875,0.21845065686467413,0.4375,0.25055474999999994,-0.0320365931353257
thompson,41,48,1,1.0,0.5647761099371155,0.03125,0.9991960000000002,-0.43451889006288436
thompson,41,48,2,0.96875,0.21844740360883408,0.4375,0.25055474999999994,-0.03203984639116575
thompson,41,49,1,1.0,0.5647761095286065,0.03125,0.9991960000000002,-0.43451889047139336
thompson,41,49,2,0.96875,0.2184441503529596,0.4375,0.25055474999999994,-0.03204309964704022
thompson,42,0,1,1.0,0.5901402570944574,0.0625,0.999277,-0.40922374290554286
thompson,42,0,2,0.96875,0.24438678478557785,0.5,0.25044875,-0.005869215214422185
thompson,42,1,1,1.0,0.5901402566861389,0.0625,0.999277,-0.40922374331386135
thompson,42,1,2,0.96875,0.24438456736893333,0.5,0.25044875,-0.005871432631066709
thompson,42,2,1,1.0,0.5901402562777687,0.0625,0.999277,-0.4092237437222316
thompson,42,2,2,0.96875,0.24438234995229347,0.5,0.25044875,-0.005873650047706569
thompson,42,3,1,1.0,0.5901402558693425,0.0625,0.999277,-0.40922374413065776
thompson,42,3,2,0.96875,0.24438013253564284,0.5,0.25044875,-0.005875867464357198
thompson,42,4,1,1.0,0.5901402554609896,0.0625,0.999277,-0.40922374453901067
thompson,42,4,2,0.96875,0.2443779151189971,0.5,0.25044875,-0.005878084881002943
thompson,42,5,1,1.0,0.5901402550525694,0.0625,0.999277,-0.40922374494743086
thompson,42,5,2,0.96875,0.24437569770236067,0.5,0.25044875,-0.0058803022976393615
thompson,42,6,1,1.0,0.5901402546441992,0.0625,0.999277,-0.4092237453558011
thompson,42,6,2,0.96875,0.24437348028571326,0.5,0.25044875,-0.005882519714286771
thompson,42,7,1,1.0,0.590140254235884,0.0625,0.999277,-0.40922374576411624
thompson,42,7,2,0.96875,0.2443712628690563,0.5,0.25044875,-0.005884737130943729
thompson,42,8,1,1.0,0.5901402538274232,0.0625,0.999277,-0.40922374617257706
thompson,42,8,2,0.96875,0.24436904545241667,0.5,0.25044875,-0.005886954547583367
thompson,42,9,1,1.0,0.5901402534189699,0.0625,0.999277,-0.40922374658103033
thompson,42,9,2,0.96875,0.24436682803574994,0.5,0.25044875,-0.005889171964250095
thompson,42,10,1,1.0,0.5901402530106266,0.0625,0.999277,-0.4092237469893737
thompson,42,10,2,0.96875,0.24436461061912518,0.5,0.25044875,-0.005891389380874856
thompson,42,11,1,1.0,0.5901402526021879,0.0625,0.999277,-0.4092237473978123
thompson,42,11,2,0.96875,0.24436239320247355,0.5,0.25044875,-0.005893606797526485
thompson,42,12,1,1.0,0.5901402521937824,0.0625,0.999277,-0.40922374780621784
thompson,42,12,2,0.96875,0.2443601757858237,0.5,0.25044875,-0.005895824214176337
thompson,42,13,1,1.0,0.5901402517853755,0.0625,0.999277,-0.4092237482146247
thompson,42,13,2,0.96875,0.24435795836920193,0.5,0.25044875,-0.005898041630798101
thompson,42,14,1,1.0,0.5901402513770653,0.0625,0.999277,-0.409223748622935
thompson,42,14,2,0.96875,0.2443557409525553,0.5,0.25044875,-0.005900259047444734
thompson,42,15,1,1.0,0.5901402509686262,0.0625,0.999277,-0.40922374903137404
thompson,42,15,2,0.96875,0.24435352353589956,0.5,0.25044875,-0.00590247646410047
thompson,42,16,1,1.0,0.5901402505602147,0.0625,0.999277,-0.40922374943978557
thompson,42,16,2,0.96875,0.24435130611927092,0.5,0.25044875,-0.005904693880729117
thompson,42,17,1,1.0,0.5901402501518218,0.0625,0.999277,-0.40922374984817844
thompson,42,17,2,0.96875,0.24434908870260985,0.5,0.25044875,-0.005906911297390183
thompson,42,18,1,1.0,0.5901402497434571,0.0625,0.999277,-0.4092237502565431
thompson,42,18,2,0.96875,0.24434687128597465,0.5,0.25044875,-0.00590912871402538
thompson,42,19,1,1.0,0.590140249335046,0.0625,0.999277,-0.4092237506649542
thompson,42,19,2,0.96875,0.24434465386932502,0.5,0.25044875,-0.00591134613067501
thompson,42,20,1,1.0,0.5901402489266574,0.0625,0.999277,-0.40922375107334286
thompson,42,20,2,0.96875,0.2443424364526765,0.5,0.25044875,-0.00591356354732353
thompson,42,21,1,1.0,0.5901402485182368,0.0625,0.999277,-0.4092237514817635
thompson,42,21,2,0.96875,0.24434021903603353,0.5,0.25044875,-0.005915780963966499
thompson,42,22,1,1.0,0.511950526007794,0.0,0.9991150000000003,-0.4872574739922061
thompson,42,22,2,0.96875,0.22883470481888735,0.46875,0.25061124999999995,-0.021657045181112555
thompson,42,23,1,1.0,0.511950526007794,0.0,0.9991150000000003,-0.4872574739922061
thompson,42,23,2,0.96875,0.22883145156303297,0.46875,0.25061124999999995,-0.02166029843696693
thompson,42,24,1,1.0,0.511950526007794,0.0,0.9991150000000003,-0.4872574739922061
thompson,42,24,2,0.96875,0.2288281983071898,0.46875,0.25061124999999995,-0.02166355169281009
thompson,42,25,1,1.0,0.511950526007794,0.0,0.9991150000000003,-0.4872574739922061
thompson,42,25,2,0.96875,0.228824945051323,0.46875,0.25061124999999995,-0.0216668049486769
thompson,42,26,1,1.0,0.511950526007794,0.0,0.9991150000000003,-0.4872574739922061
thompson,42,26,2,0.96875,0.22882169179545475,0.46875,0.25061124999999995,-0.02167005820454515
thompson,42,27,1,1.0,0.511950526007794,0.0,0.9991150000000003,-0.4872574739922061
thompson,42,27,2,0.96875,0.2288184385395856,0.46875,0.25061124999999995,-0.02167331146041429
thompson,42,28,1,1.0,0.511950526007794,0.0,0.9991150000000003,-0.4872574739922061
thompson,42,28,2,0.96875,0.2288151852837388,0.46875,0.25061124999999995,-0.021676564716261115
thompson,42,29,1,1.0,0.511950526007794,0.0,0.9991150000000003,-0.4872574739922061
thompson,42,29,2,0.96875,0.22881193202790218,0.46875,0.25061124999999995,-0.021679817972097726
thompson,42,30,1,1.0,0.511950526007794,0.0,0.9991150000000003,-0.4872574739922061
thompson,42,30,2,0.96875,0.22880867877203992,0.46875,0.25061124999999995,-0.021683071227959982
thompson,42,31,1,1.0,0.511950526007794,0.0,0.9991150000000003,-0.4872574739922061
thompson,42,31,2,0.96875,0.228805425516177,0.46875,0.25061124999999995,-0.021686324483822905
thompson,42,32,1,1.0,0.511950526007794,0.0,0.9991150000000003,-0.4872574739922061
thompson,42,32,2,0.96875,0.22880217226033073,0.46875,0.25061124999999995,-0.021689577739669175
thompson,42,33,1,1.0,0.5647761156561307,0.03125,0.9991960000000002,-0.4345188843438691
thompson,42,33,2,0.96875,0.21849620244669032,0.4375,0.25055474999999994,-0.031991047553309504
thompson,42,34,1,1.0,0.5647761152476206,0.03125,0.9991960000000002,-0.4345188847523792
thompson,42,34,2,0.96875,0.21849294919084394,0.4375,0.25055474999999994,-0.031994300809155884
thompson,42,35,1,1.0,0.5647761148391627,0.03125,0.9991960000000002,-0.43451888516083714
thompson,42,35,2,0.96875,0.2184896959349848,0.4375,0.25055474999999994,-0.03199755406501503
thompson,42,36,1,1.0,0.5647761144306175,0.03125,0.9991960000000002,-0.43451888556938234
thompson,42,36,2,0.96875,0.21848644267913275,0.4375,0.25055474999999994,-0.032000807320867075
thompson,42,37,1,1.0,0.5647761140221651,0.03125,0.9991960000000002,-0.4345188859778347
thompson,42,37,2,0.96875,0.21848318942325518,0.4375,0.25055474999999994,-0.03200406057674465
thompson,42,38,1,1.0,0.5647761136136301,0.03125,0.9991960000000002,-0.4345188863863697
thompson,42,38,2,0.96875,0.21847993616742623,0.4375,0.25055474999999994,-0.0320073138325736
thompson,42,39,1,1.0,0.5647761132051142,0.03125,0.9991960000000002,-0.4345188867948856
thompson,42,39,2,0.96875,0.21847668291153255,0.4375,0.25055474999999994,-0.03201056708846728
thompson,42,40,1,1.0,0.564776112796657,0.03125,0.9991960000000002,-0.43451888720334286
thompson,42,40,2,0.96875,0.21847342965567562,0.4375,0.25055474999999994,-0.032013820344324206
thompson,42,41,1,1.0,0.5647761123880845,0.03125,0.9991960000000002,-0.43451888761191537
thompson,42,41,2,0.96875,0.21847017639982913,0.4375,0.25055474999999994,-0.0320170736001707
thompson,42,42,1,1.0,0.5647761119796811,0.03125,0.9991960000000002,-0.4345188880203187
thompson,42,42,2,0.96875,0.21846692314395488,0.4375,0.25055474999999994,-0.032020326856044945
thompson,42,43,1,1.0,0.5647761115711819,0.03125,0.9991960000000002,-0.4345188884288179
thompson,42,43,2,0.96875,0.2184636698881125,0.4375,0.25055474999999994,-0.03202358011188733
thompson,42,44,1,1.0,0.5647761111627018,0.03125,0.9991960000000002,-0.43451888883729806
thompson,42,44,2,0.96875,0.21846041663225768,0.4375,0.25055474999999994,-0.03202683336774215
thompson,42,45,1,1.0,0.5647761107541077,0.03125,0.9991960000000002,-0.4345188892458921
thompson,42,45,2,0.96875,0.21845716337640342,0.4375,0.25055474999999994,-0.03203008662359641
thompson,42,46,1,1.0,0.5647761103456262,0.03125,0.9991960000000002,-0.4345188896543736
thompson,42,46,2,0.96875,0.21845391012051674,0.4375,0.25055474999999994,-0.03203333987948309
thompson,42,47,1,1.0,0.5647761099372338,0.03125,0.9991960000000002,-0.434518890062766
thompson,42,47,2,0.96875,0.21845065686467413,0.4375,0.25055474999999994,-0.0320365931353257
thompson,42,48,1,1.0,0.5647761095287219,0.03125,0.9991960000000002,-0.4345188904712779
thompson,42,48,2,0.96875,0.21844740360883408,0.4375,0.25055474999999994,-0.03203984639116575
thompson,42,49,1,1.0,0.5647761091202129,0.03125,0.9991960000000002,-0.4345188908797869
thompson,42,49,2,0.96875,0.2184441503529596,0.4375,0.25055474999999994,-0.03204309964704022
thompson,43,0,1,1.0,0.5901402566860008,0.0625,0.999277,-0.40922374331399947
thompson,43,0,2,0.96875,0.2443839517902096,0.5,0.25044875,-0.005872048209790426
thompson,43,1,1,1.0,0.5901402562776823,0.0625,0.999277,-0.40922374372231796
thompson,43,1,2,0.96875,0.24438173437356508,0.5,0.25044875,-0.005874265626434949
thompson,43,2,1,1.0,0.5901402558693121,0.0625,0.999277,-0.4092237441306882
thompson,43,2,2,0.96875,0.24437951695692522,0.5,0.25044875,-0.005876483043074809
thompson,43,3,1,1.0,0.5901402554608859,0.0625,0.999277,-0.40922374453911436
thompson,43,3,2,0.96875,0.2443772995402746,0.5,0.25044875,-0.005878700459725439
thompson,43,4,1,1.0,0.590140255052533,0.0625,0.999277,-0.40922374494746727
thompson,43,4,2,0.96875,0.24437508212362885,0.5,0.25044875,-0.005880917876371183
thompson,43,5,1,1.0,0.5901402546441128,0.0625,0.999277,-0.40922374535588746
thompson,43,5,2,0.96875,0.24437286470699243,0.5,0.25044875,-0.005883135293007602
thompson,43,6,1,1.0,0.5901402542357426,0.0625,0.999277,-0.4092237457642577
thompson,43,6,2,0.96875,0.24437064729034502,0.5,0.25044875,-0.005885352709655012
thompson,43,7,1,1.0,0.5901402538274274,0.0625,0.999277,-0.40922374617257284
thompson,43,7,2,0.96875,0.24436842987368806,0.5,0.25044875,-0.0058875701263119695
thompson,43,8,1,1.0,0.5901402534189666,0.0625,0.999277,-0.40922374658103366
thompson,43,8,2,0.96875,0.24436621245704843,0.5,0.25044875,-0.005889787542951608
thompson,43,9,1,1.0,0.5901402530105133,0.0625,0.999277,-0.40922374698948694
thompson,43,9,2,0.96875,0.2443639950403817,0.5,0.25044875,-0.0058920049596183355
thompson,43,10,1,1.0,0.59014025260217,0.0625,0.999277,-0.4092237473978303
thompson,43,10,2,0.96875,0.24436177762375694,0.5,0.25044875,-0.005894222376243097
thompson,43,11,1,1.0,0.5901402521937313,0.0625,0.999277,-0.4092237478062689
thompson,43,11,2,0.96875,0.2443595602071053,0.5,0.25044875,-0.005896439792894725
thompson,43,12,1,1.0,0.5901402517853258,0.0625,0.999277,-0.40922374821467444
thompson,43,12,2,0.96875,0.24435734279045546,0.5,0.25044875,-0.005898657209544578
thompson,43,13,1,1.0,0.590140251376919,0.0625,0.999277,-0.4092237486230813
thompson,43,13,2,0.96875,0.2443551253738337,0.5,0.25044875,-0.005900874626166341
thompson,43,14,1,1.0,0.5901402509686087,0.0625,0.999277,-0.4092237490313916
thompson,43,14,2,0.96875,0.24435290795718706,0.5,0.25044875,-0.005903092042812974
thompson,43,15,1,1.0,0.5901402505601696,0.0625,0.999277,-0.40922374943983064
thompson,43,15,2,0.96875,0.24435069054053132,0.5,0.25044875,-0.0059053094594687106
thompson,43,16,1,1.0,0.5901402501517581,0.0625,0.999277,-0.40922374984824217
thompson,43,16,2,0.96875,0.24434847312390268,0.5,0.25044875,-0.005907526876097358
thompson,43,17,1,1.0,0.5901402497433652,0.0625,0.999277,-0.40922375025663504
thompson,43,17,2,0.96875,0.2443462557072416,0.5,0.25044875,-0.005909744292758423
thompson,43,18,1,1.0,0.5901402493350005,0.0625,0.999277,-0.4092237506649997
thompson,43,18,2,0.96875,0.2443440382906064,0.5,0.25044875,-0.0059119617093936205
thompson,43,19,1,1.0,0.5901402489265895,0.0625,0.999277,-0.4092237510734108
thompson,43,19,2,0.96875,0.24434182087395678,0.5,0.25044875,-0.005914179126043251
thompson,43,20,1,1.0,0.5901402485182008,0.0625,0.999277,-0.40922375148179946
thompson,43,20,2,0.96875,0.24433960345730826,0.5,0.25044875,-0.005916396542691771
thompson,43,21,1,1.0,0.5901402481097802,0.0625,0.999277,-0.4092237518902201
thompson,43,21,2,0.96875,0.2443373860406653,0.5,0.25044875,-0.00591861395933474
thompson,43,22,1,1.0,0.5119505251908688,0.0,0.9991150000000003,-0.4872574748091313
thompson,43,22,2,0.96875,0.22883470481888735,0.46875,0.25061124999999995,-0.021657045181112555
thompson,43,23,1,1.0,0.5119505251908688,0.0,0.9991150000000003,-0.4872574748091313
thompson,43,23,2,0.96875,0.22883145156303297,0.46875,0.25061124999999995,-0.02166029843696693
thompson,43,24,1,1.0,0.5119505251908688,0.0,0.9991150000000003,-0.4872574748091313
thompson,43,24,2,0.96875,0.2288281983071898,0.46875,0.25061124999999995,-0.02166355169281009
thompson,43,25,1,1.0,0.5119505251908688,0.0,0.9991150000000003,-0.4872574748091313
thompson,43,25,2,0.96875,0.228824945051323,0.46875,0.25061124999999995,-0.0216668049486769
thompson,43,26,1,1.0,0.5119505251908688,0.0,0.9991150000000003,-0.4872574748091313
thompson,43,26,2,0.96875,0.22882169179545475,0.46875,0.25061124999999995,-0.02167005820454515
thompson,43,27,1,1.0,0.5119505251908688,0.0,0.9991150000000003,-0.4872574748091313
thompson,43,27,2,0.96875,0.2288184385395856,0.46875,0.25061124999999995,-0.02167331146041429
thompson,43,28,1,1.0,0.5119505251908688,0.0,0.9991150000000003,-0.4872574748091313
thompson,43,28,2,0.96875,0.2288151852837388,0.46875,0.25061124999999995,-0.021676564716261115
thompson,43,29,1,1.0,0.5119505251908688,0.0,0.9991150000000003,-0.4872574748091313
thompson,43,29,2,0.96875,0.22881193202790218,0.46875,0.25061124999999995,-0.021679817972097726
thompson,43,30,1,1.0,0.5119505251908688,0.0,0.9991150000000003,-0.4872574748091313
thompson,43,30,2,0.96875,0.22880867877203992,0.46875,0.25061124999999995,-0.021683071227959982
thompson,43,31,1,1.0,0.5119505251908688,0.0,0.9991150000000003,-0.4872574748091313
thompson,43,31,2,0.96875,0.228805425516177,0.46875,0.25061124999999995,-0.021686324483822905
thompson,43,32,1,1.0,0.5119505251908688,0.0,0.9991150000000003,-0.4872574748091313
thompson,43,32,2,0.96875,0.22880217226033073,0.46875,0.25061124999999995,-0.021689577739669175
thompson,43,33,1,1.0,0.5647761152477636,0.03125,0.9991960000000002,-0.4345188847522362
thompson,43,33,2,0.96875,0.21849620244669032,0.4375,0.25055474999999994,-0.031991047553309504
thompson,43,34,1,1.0,0.5647761148392535,0.03125,0.9991960000000002,-0.4345188851607463
thompson,43,34,2,0.96875,0.21849294919084394,0.4375,0.25055474999999994,-0.031994300809155884
thompson,43,35,1,1.0,0.5647761144307956,0.03125,0.9991960000000002,-0.43451888556920426
thompson,43,35,2,0.96875,0.2184896959349848,0.4375,0.25055474999999994,-0.03199755406501503
thompson,43,36,1,1.0,0.5647761140222504,0.03125,0.9991960000000002,-0.43451888597774946
thompson,43,36,2,0.96875,0.21848644267913275,0.4375,0.25055474999999994,-0.032000807320867075
thompson,43,37,1,1.0,0.564776113613798,0.03125,0.9991960000000002,-0.43451888638620184
thompson,43,37,2,0.96875,0.21848318942325518,0.4375,0.25055474999999994,-0.03200406057674465
thompson,43,38,1,1.0,0.564776113205263,0.03125,0.9991960000000002,-0.4345188867947368
thompson,43,38,2,0.96875,0.21847993616742623,0.4375,0.25055474999999994,-0.0320073138325736
thompson,43,39,1,1.0,0.5647761127967471,0.03125,0.9991960000000002,-0.4345188872032527
thompson,43,39,2,0.96875,0.21847668291153255,0.4375,0.25055474999999994,-0.03201056708846728
thompson,43,40,1,1.0,0.5647761123882898,0.03125,0.9991960000000002,-0.43451888761171
thompson,43,40,2,0.96875,0.21847342965567562,0.4375,0.25055474999999994,-0.032013820344324206
thompson,43,41,1,1.0,0.5647761119797173,0.03125,0.9991960000000002,-0.4345188880202825
thompson,43,41,2,0.96875,0.21847017639982913,0.4375,0.25055474999999994,-0.0320170736001707
thompson,43,42,1,1.0,0.564776111571314,0.03125,0.9991960000000002,-0.4345188884286858
thompson,43,42,2,0.96875,0.21846692314395488,0.4375,0.25055474999999994,-0.032020326856044945
thompson,43,43,1,1.0,0.5647761111628148,0.03125,0.9991960000000002,-0.43451888883718504
thompson,43,43,2,0.96875,0.2184636698881125,0.4375,0.25055474999999994,-0.03202358011188733
thompson,43,44,1,1.0,0.5647761107543346,0.03125,0.9991960000000002,-0.4345188892456652
thompson,43,44,2,0.96875,0.21846041663225768,0.4375,0.25055474999999994,-0.03202683336774215
thompson,43,45,1,1.0,0.5647761103457406,0.03125,0.9991960000000002,-0.4345188896542592
thompson,43,45,2,0.96875,0.21845716337640342,0.4375,0.25055474999999994,-0.03203008662359641
thompson,43,46,1,1.0,0.5647761099372591,0.03125,0.9991960000000002,-0.4345188900627407
thompson,43,46,2,0.96875,0.21845391012051674,0.4375,0.25055474999999994,-0.03203333987948309
thompson,43,47,1,1.0,0.5647761095288667,0.03125,0.9991960000000002,-0.4345188904711331
thompson,43,47,2,0.96875,0.21845065686467413,0.4375,0.25055474999999994,-0.0320365931353257
thompson,43,48,1,1.0,0.5647761091203548,0.03125,0.9991960000000002,-0.434518890879645
thompson,43,48,2,0.96875,0.21844740360883408,0.4375,0.25055474999999994,-0.03203984639116575
thompson,43,49,1,1.0,0.5647761087118458,0.03125,0.9991960000000002,-0.434518891288154
thompson,43,49,2,0.96875,0.2184441503529596,0.4375,0.25055474999999994,-0.03204309964704022
thompson,44,0,1,1.0,0.6201470680838124,0.0625,0.999322,-0.3792139319161879
thompson,44,0,2,1.0,0.2576246593604227,0.5625,0.250409,0.007113659360423019
thompson,44,1,1,1.0,0.620147067675477,0.0625,0.999322,-0.3792139323245233
thompson,44,1,2,1.0,0.25762165982220986,0.5625,0.250409,0.0071106598222101525
thompson,44,2,1,1.0,0.620147067267133,0.0625,0.999322,-0.3792139327328673
thompson,44,2,2,1.0,0.2576186602840307,0.5625,0.250409,0.007107660284030981
thompson,44,3,1,1.0,0.6201470668587277,0.0625,0.999322,-0.3792139331412726
thompson,44,3,2,1.0,0.2576156607458639,0.5625,0.250409,0.007104660745864189
thompson,44,4,1,1.0,0.6201470664503717,0.0625,0.999322,-0.3792139335496286
thompson,44,4,2,1.0,0.2576126612076941,0.5625,0.250409,0.007101661207694399
thompson,44,5,1,1.0,0.6201470660420196,0.0625,0.999322,-0.37921393395798064
thompson,44,5,2,1.0,0.25760966166952637,0.5625,0.250409,0.0070986616695266624
thompson,44,6,1,1.0,0.6201470656336265,0.0625,0.999322,-0.37921393436637374
thompson,44,6,2,1.0,0.2576066621313356,0.5625,0.250409,0.007095662131335889
thompson,44,7,1,1.0,0.6201470652252639,0.0625,0.999322,-0.3792139347747364
thompson,44,7,2,1.0,0.25760366259316714,0.5625,0.250409,0.007092662593167431
thompson,44,8,1,1.0,0.6201470648169345,0.0625,0.999322,-0.3792139351830658
thompson,44,8,2,1.0,0.2576006630549903,0.5625,0.250409,0.0070896630549905915
thompson,44,9,1,1.0,0.6201470644084981,0.0625,0.999322,-0.3792139355915022
thompson,44,9,2,1.0,0.2575976635168135,0.5625,0.250409,0.007086663516813807
thompson,44,10,1,1.0,0.6201470640001632,0.0625,0.999322,-0.3792139359998371
thompson,44,10,2,1.0,0.2575946639786503,0.5625,0.250409,0.007083663978650567
thompson,44,11,1,1.0,0.6201470635918256,0.0625,0.999322,-0.3792139364081747
thompson,44,11,2,1.0,0.2575916644404752,0.5625,0.250409,0.007080664440475504
thompson,44,12,1,1.0,0.6201470631834183,0.0625,0.999322,-0.379213936816582
thompson,44,12,2,1.0,0.2575886649022931,0.5625,0.250409,0.00707766490229339
thompson,44,13,1,1.0,0.6201470627750991,0.0625,0.999322,-0.37921393722490115
thompson,44,13,2,1.0,0.2575856653641231,0.5625,0.250409,0.007074665364123378
thompson,44,14,1,1.0,0.6201470623666983,0.0625,0.999322,-0.379213937633302
thompson,44,14,2,1.0,0.2575826658259527,0.5625,0.250409,0.0070716658259529774
thompson,44,15,1,1.0,0.6201470619583209,0.0625,0.999322,-0.37921393804167935
thompson,44,15,2,1.0,0.257579666287766,0.5625,0.250409,0.007068666287766312
thompson,44,16,1,1.0,0.6201470615500195,0.0625,0.999322,-0.37921393844998075
thompson,44,16,2,1.0,0.25757666674958846,0.5625,0.250409,0.00706566674958875
thompson,44,17,1,1.0,0.6201470611416897,0.0625,0.999322,-0.37921393885831056
thompson,44,17,2,1.0,0.25757366721140207,0.5625,0.250409,0.0070626672114023625
thompson,44,18,1,1.0,0.6201470607332111,0.0625,0.999322,-0.37921393926678915
thompson,44,18,2,1.0,0.25757066767324105,0.5625,0.250409,0.007059667673241343
thompson,44,19,1,1.0,0.620147060324902,0.0625,0.999322,-0.3792139396750983
thompson,44,19,2,1.0,0.2575676681350777,0.5625,0.250409,0.0070566681350779925
thompson,44,20,1,1.0,0.6201470599164756,0.0625,0.999322,-0.3792139400835247
thompson,44,20,2,1.0,0.2575646685969071,0.5625,0.250409,0.00705366859690737
thompson,44,21,1,1.0,0.6201470595081473,0.0625,0.999322,-0.379213940491853
thompson,44,21,2,1.0,0.2575616690587253,0.5625,0.250409,0.007050669058725589
thompson,44,22,1,1.0,0.5412033824013038,0.0,0.9991960000000002,-0.4578936175986963
thompson,44,22,2,1.0,0.28315909588917465,0.53125,0.25055474999999994,0.03226234588917476
thompson,44,23,1,1.0,0.5412033819928652,0.0,0.9991960000000002,-0.4578936180071349
thompson,44,23,2,1.0,0.28315909588917465,0.53125,0.25055474999999994,0.03226234588917476
thompson,44,24,1,1.0,0.5412033815843744,0.0,0.9991960000000002,-0.4578936184156257
thompson,44,24,2,1.0,0.28315909588917465,0.53125,0.25055474999999994,0.03226234588917476
thompson,44,25,1,1.0,0.5412033811758261,0.0,0.9991960000000002,-0.457893618824174
thompson,44,25,2,1.0,0.28315909588917465,0.53125,0.25055474999999994,0.03226234588917476
thompson,44,26,1,1.0,0.5412033807673973,0.0,0.9991960000000002,-0.45789361923260286
thompson,44,26,2,1.0,0.28315909588917465,0.53125,0.25055474999999994,0.03226234588917476
thompson,44,27,1,1.0,0.5412033803588736,0.0,0.9991960000000002,-0.4578936196411265
thompson,44,27,2,1.0,0.28315909588917465,0.53125,0.25055474999999994,0.03226234588917476
thompson,44,28,1,1.0,0.5412033799503952,0.0,0.9991960000000002,-0.4578936200496049
thompson,44,28,2,1.0,0.28315909588917465,0.53125,0.25055474999999994,0.03226234588917476
thompson,44,29,1,1.0,0.5412033795418385,0.0,0.9991960000000002,-0.4578936204581616
thompson,44,29,2,1.0,0.28315909588917465,0.53125,0.25055474999999994,0.03226234588917476
thompson,44,30,1,1.0,0.5412033791333575,0.0,0.9991960000000002,-0.45789362086664265
thompson,44,30,2,1.0,0.28315909588917465,0.53125,0.25055474999999994,0.03226234588917476
thompson,44,31,1,1.0,0.5412033787248716,0.0,0.9991960000000002,-0.45789362127512856
thompson,44,31,2,1.0,0.28315909588917465,0.53125,0.25055474999999994,0.03226234588917476
thompson,44,32,1,1.0,0.5412033783163848,0.0,0.9991960000000002,-0.45789362168361536
thompson,44,32,2,1.0,0.28315909588917465,0.53125,0.25055474999999994,0.03226234588917476
thompson,44,33,1,1.0,0.5763790422380654,0.03125,0.9992860000000001,-0.4231439577619345
thompson,44,33,2,1.0,0.2515649501875872,0.5,0.25044875,0.0009719501875873338
thompson,44,34,1,1.0,0.5763790418296676,0.03125,0.9992860000000001,-0.42314395817033224
thompson,44,34,2,1.0,0.25156273277095864,0.5,0.25044875,0.0009697327709587977
thompson,44,35,1,1.0,0.57637904142128,0.03125,0.9992860000000001,-0.4231439585787198
thompson,44,35,2,1.0,0.25156051535429313,0.5,0.25044875,0.0009675153542932913
thompson,44,36,1,1.0,0.5763790410128592,0.03125,0.9992860000000001,-0.42314395898714063
thompson,44,36,2,1.0,0.2515582979376577,0.5,0.25044875,0.0009652979376578719
thompson,44,37,1,1.0,0.5763790406044468,0.03125,0.9992860000000001,-0.42314395939555305
thompson,44,37,2,1.0,0.25155608052101075,0.5,0.25044875,0.0009630805210109061
thompson,44,38,1,1.0,0.5763790401960213,0.03125,0.9992860000000001,-0.42314395980397856
thompson,44,38,2,1.0,0.2515538631043761,0.5,0.25044875,0.0009608631043762639
thompson,44,39,1,1.0,0.5763790397876697,0.03125,0.9992860000000001,-0.42314396021233014
thompson,44,39,2,1.0,0.25155164568773614,0.5,0.25044875,0.0009586456877362926
thompson,44,40,1,1.0,0.5763790393793294,0.03125,0.9992860000000001,-0.4231439606206704
thompson,44,40,2,1.0,0.2515494282710785,0.5,0.25044875,0.0009564282710786687
thompson,44,41,1,1.0,0.5763790389709483,0.03125,0.9992860000000001,-0.4231439610290515
thompson,44,41,2,1.0,0.25154721085441756,0.5,0.25044875,0.0009542108544177141
thompson,44,42,1,1.0,0.5763790385624606,0.03125,0.9992860000000001,-0.4231439614375392
thompson,44,42,2,1.0,0.2515449934377886,0.5,0.25044875,0.000951993437788734
thompson,44,43,1,1.0,0.5763790381540789,0.03125,0.9992860000000001,-0.42314396184592096
thompson,44,43,2,1.0,0.25154277602113595,0.5,0.25044875,0.0009497760211361062
thompson,44,44,1,1.0,0.5763790377456989,0.03125,0.9992860000000001,-0.42314396225430095
thompson,44,44,2,1.0,0.25154055860450997,0.5,0.25044875,0.0009475586045101236
thompson,44,45,1,1.0,0.5763790373373309,0.03125,0.9992860000000001,-0.42314396266266896
thompson,44,45,2,1.0,0.251538341187848,0.5,0.25044875,0.0009453411878481699
thompson,44,46,1,1.0,0.57637903692889,0.03125,0.9992860000000001,-0.4231439630711098
thompson,44,46,2,1.0,0.25153612377120926,0.5,0.25044875,0.0009431237712094198
thompson,44,47,1,1.0,0.5763790365204876,0.03125,0.9992860000000001,-0.4231439634795122
thompson,44,47,2,1.0,0.2515339063545641,0.5,0.25044875,0.0009409063545642304
thompson,44,48,1,1.0,0.5763790361121143,0.03125,0.9992860000000001,-0.42314396388788555
thompson,44,48,2,1.0,0.2515316889379232,0.5,0.25044875,0.0009386889379233709
thompson,44,49,1,1.0,0.576379035703746,0.03125,0.9992860000000001,-0.4231439642962538
thompson,44,49,2,1.0,0.2515294715212856,0.5,0.25044875,0.0009364715212857311
thompson,45,0,1,1.0,0.620147067675358,0.0625,0.999322,-0.3792139323246423
thompson,45,0,2,1.0,0.2576233919853607,0.5625,0.250409,0.007112391985361011
thompson,45,1,1,1.0,0.6201470672670226,0.0625,0.999322,-0.37921393273297765
thompson,45,1,2,1.0,0.25762039244714785,0.5625,0.250409,0.007109392447148144
thompson,45,2,1,1.0,0.6201470668586786,0.0625,0.999322,-0.3792139331413217
thompson,45,2,2,1.0,0.2576173929089687,0.5625,0.250409,0.007106392908968973
thompson,45,3,1,1.0,0.6201470664502733,0.0625,0.999322,-0.379213933549727
thompson,45,3,2,1.0,0.2576143933708019,0.5625,0.250409,0.00710339337080218
thompson,45,4,1,1.0,0.6201470660419173,0.0625,0.999322,-0.379213933958083
thompson,45,4,2,1.0,0.2576113938326321,0.5625,0.250409,0.00710039383263239
thompson,45,5,1,1.0,0.6201470656335653,0.0625,0.999322,-0.379213934366435
thompson,45,5,2,1.0,0.25760839429446436,0.5625,0.250409,0.007097394294464654
thompson,45,6,1,1.0,0.6201470652251722,0.0625,0.999322,-0.3792139347748281
thompson,45,6,2,1.0,0.2576053947562736,0.5625,0.250409,0.007094394756273881
thompson,45,7,1,1.0,0.6201470648168095,0.0625,0.999322,-0.3792139351831908
thompson,45,7,2,1.0,0.25760239521810513,0.5625,0.250409,0.007091395218105423
thompson,45,8,1,1.0,0.6201470644084801,0.0625,0.999322,-0.37921393559152017
thompson,45,8,2,1.0,0.2575993956799283,0.5625,0.250409,0.007088395679928583
thompson,45,9,1,1.0,0.6201470640000437,0.0625,0.999322,-0.37921393599995656
thompson,45,9,2,1.0,0.2575963961417515,0.5625,0.250409,0.0070853961417517985
thompson,45,10,1,1.0,0.6201470635917088,0.0625,0.999322,-0.3792139364082915
thompson,45,10,2,1.0,0.25759339660358826,0.5625,0.250409,0.007082396603588559
thompson,45,11,1,1.0,0.6201470631833712,0.0625,0.999322,-0.37921393681662907
thompson,45,11,2,1.0,0.2575903970654132,0.5625,0.250409,0.007079397065413495
thompson,45,12,1,1.0,0.6201470627749639,0.0625,0.999322,-0.3792139372250364
thompson,45,12,2,1.0,0.2575873975272311,0.5625,0.250409,0.007076397527231382
thompson,45,13,1,1.0,0.6201470623666447,0.0625,0.999322,-0.37921393763335554
thompson,45,13,2,1.0,0.2575843979890611,0.5625,0.250409,0.00707339798906137
thompson,45,14,1,1.0,0.6201470619582439,0.0625,0.999322,-0.3792139380417564
thompson,45,14,2,1.0,0.2575813984508907,0.5625,0.250409,0.007070398450890969
thompson,45,15,1,1.0,0.6201470615498665,0.0625,0.999322,-0.37921393845013374
thompson,45,15,2,1.0,0.257578398912704,0.5625,0.250409,0.0070673989127043035
thompson,45,16,1,1.0,0.6201470611415651,0.0625,0.999322,-0.37921393885843513
thompson,45,16,2,1.0,0.25757539937452645,0.5625,0.250409,0.007064399374526742
thompson,45,17,1,1.0,0.6201470607332353,0.0625,0.999322,-0.37921393926676494
thompson,45,17,2,1.0,0.25757239983634006,0.5625,0.250409,0.007061399836340354
thompson,45,18,1,1.0,0.6201470603247567,0.0625,0.999322,-0.3792139396752435
thompson,45,18,2,1.0,0.25756940029817904,0.5625,0.250409,0.007058400298179335
thompson,45,19,1,1.0,0.6201470599164476,0.0625,0.999322,-0.3792139400835527
thompson,45,19,2,1.0,0.2575664007600157,0.5625,0.250409,0.007055400760015984
thompson,45,20,1,1.0,0.6201470595080212,0.0625,0.999322,-0.3792139404919791
thompson,45,20,2,1.0,0.25756340122184507,0.5625,0.250409,0.007052401221845361
thompson,45,21,1,1.0,0.6201470590996929,0.0625,0.999322,-0.37921394090030736
thompson,45,21,2,1.0,0.2575604016836633,0.5625,0.250409,0.007049401683663581
thompson,45,22,1,1.0,0.5412033819928477,0.0,0.9991960000000002,-0.45789361800715245
thompson,45,22,2,1.0,0.28315664216670944,0.53125,0.25055474999999994,0.03225989216670955
thompson,45,23,1,1.0,0.5412033815844091,0.0,0.9991960000000002,-0.45789361841559106
thompson,45,23,2,1.0,0.28315664216670944,0.53125,0.25055474999999994,0.03225989216670955
thompson,45,24,1,1.0,0.5412033811759183,0.0,0.9991960000000002,-0.45789361882408186
thompson,45,24,2,1.0,0.28315664216670944,0.53125,0.25055474999999994,0.03225989216670955
thompson,45,25,1,1.0,0.54120338076737,0.0,0.9991960000000002,-0.45789361923263017
thompson,45,25,2,1.0,0.28315664216670944,0.53125,0.25055474999999994,0.03225989216670955
thompson,45,26,1,1.0,0.5412033803589411,0.0,0.9991960000000002,-0.457893619641059
thompson,45,26,2,1.0,0.28315664216670944,0.53125,0.25055474999999994,0.03225989216670955
thompson,45,27,1,1.0,0.5412033799504175,0.0,0.9991960000000002,-0.4578936200495827
thompson,45,27,2,1.0,0.28315664216670944,0.53125,0.25055474999999994,0.03225989216670955
thompson,45,28,1,1.0,0.5412033795419391,0.0,0.9991960000000002,-0.45789362045806103
thompson,45,28,2,1.0,0.28315664216670944,0.53125,0.25055474999999994,0.03225989216670955
thompson,45,29,1,1.0,0.5412033791333823,0.0,0.9991960000000002,-0.4578936208666178
thompson,45,29,2,1.0,0.28315664216670944,0.53125,0.25055474999999994,0.03225989216670955
thompson,45,30,1,1.0,0.5412033787249013,0.0,0.9991960000000002,-0.4578936212750988
thompson,45,30,2,1.0,0.28315664216670944,0.53125,0.25055474999999994,0.03225989216670955
thompson,45,31,1,1.0,0.5412033783164154,0.0,0.9991960000000002,-0.4578936216835847
thompson,45,31,2,1.0,0.28315664216670944,0.53125,0.25055474999999994,0.03225989216670955
thompson,45,32,1,1.0,0.5412033779079286,0.0,0.9991960000000002,-0.4578936220920715
thompson,45,32,2,1.0,0.28315664216670944,0.53125,0.25055474999999994,0.03225989216670955
thompson,45,33,1,1.0,0.5763790418296856,0.03125,0.9992860000000001,-0.42314395817031425
thompson,45,33,2,1.0,0.25156368281252517,0.5,0.25044875,0.0009706828125253253
thompson,45,34,1,1.0,0.5763790414212878,0.03125,0.9992860000000001,-0.423143958578712
thompson,45,34,2,1.0,0.25156146539589663,0.5,0.25044875,0.0009684653958967893
thompson,45,35,1,1.0,0.5763790410129003,0.03125,0.9992860000000001,-0.42314395898709956
thompson,45,35,2,1.0,0.2515592479792311,0.5,0.25044875,0.0009662479792312828
thompson,45,36,1,1.0,0.5763790406044794,0.03125,0.9992860000000001,-0.4231439593955204
thompson,45,36,2,1.0,0.2515570305625957,0.5,0.25044875,0.0009640305625958634
thompson,45,37,1,1.0,0.576379040196067,0.03125,0.9992860000000001,-0.4231439598039328
thompson,45,37,2,1.0,0.25155481314594874,0.5,0.25044875,0.0009618131459488977
thompson,45,38,1,1.0,0.5763790397876415,0.03125,0.9992860000000001,-0.42314396021235834
thompson,45,38,2,1.0,0.2515525957293141,0.5,0.25044875,0.0009595957293142554
thompson,45,39,1,1.0,0.5763790393792899,0.03125,0.9992860000000001,-0.4231439606207099
thompson,45,39,2,1.0,0.2515503783126741,0.5,0.25044875,0.0009573783126742841
thompson,45,40,1,1.0,0.5763790389709497,0.03125,0.9992860000000001,-0.42314396102905016
thompson,45,40,2,1.0,0.2515481608960165,0.5,0.25044875,0.0009551608960166602
thompson,45,41,1,1.0,0.5763790385625686,0.03125,0.9992860000000001,-0.42314396143743127
thompson,45,41,2,1.0,0.25154594347935555,0.5,0.25044875,0.0009529434793557057
thompson,45,42,1,1.0,0.5763790381540809,0.03125,0.9992860000000001,-0.42314396184591896
thompson,45,42,2,1.0,0.25154372606272657,0.5,0.25044875,0.0009507260627267256
thompson,45,43,1,1.0,0.5763790377456991,0.03125,0.9992860000000001,-0.42314396225430073
thompson,45,43,2,1.0,0.25154150864607394,0.5,0.25044875,0.0009485086460740977
thompson,45,44,1,1.0,0.5763790373373191,0.03125,0.9992860000000001,-0.42314396266268073
thompson,45,44,2,1.0,0.25153929122944796,0.5,0.25044875,0.0009462912294481152
thompson,45,45,1,1.0,0.5763790369289511,0.03125,0.9992860000000001,-0.42314396307104873
thompson,45,45,2,1.0,0.251537073812786,0.5,0.25044875,0.0009440738127861614
thompson,45,46,1,1.0,0.5763790365205103,0.03125,0.9992860000000001,-0.42314396347948957
thompson,45,46,2,1.0,0.25153485639614725,0.5,0.25044875,0.0009418563961474113
thompson,45,47,1,1.0,0.5763790361121078,0.03125,0.9992860000000001,-0.423143963887892
thompson,45,47,2,1.0,0.25153263897950207,0.5,0.25044875,0.000939638979502222
thompson,45,48,1,1.0,0.5763790357037345,0.03125,0.9992860000000001,-0.42314396429626533
thompson,45,48,2,1.0,0.2515304215628612,0.5,0.25044875,0.0009374215628613625
thompson,45,49,1,1.0,0.5763790352953663,0.03125,0.9992860000000001,-0.42314396470463356
thompson,45,49,2,1.0,0.25152820414622357,0.5,0.25044875,0.0009352041462237226
thompson,46,0,1,1.0,0.6201470672669702,0.0625,0.999322,-0.37921393273303006
thompson,46,0,2,1.0,0.2576221246103047,0.5625,0.250409,0.007111124610304997
thompson,46,1,1,1.0,0.6201470668586349,0.0625,0.999322,-0.3792139331413654
thompson,46,1,2,1.0,0.25761912507209184,0.5625,0.250409,0.007108125072092131
thompson,46,2,1,1.0,0.6201470664502908,0.0625,0.999322,-0.37921393354970945
thompson,46,2,2,1.0,0.25761612553391267,0.5625,0.250409,0.007105125533912959
thompson,46,3,1,1.0,0.6201470660418855,0.0625,0.999322,-0.37921393395811476
thompson,46,3,2,1.0,0.2576131259957459,0.5625,0.250409,0.007102125995746167
thompson,46,4,1,1.0,0.6201470656335295,0.0625,0.999322,-0.3792139343664708
thompson,46,4,2,1.0,0.2576101264575761,0.5625,0.250409,0.007099126457576377
thompson,46,5,1,1.0,0.6201470652251775,0.0625,0.999322,-0.3792139347748228
thompson,46,5,2,1.0,0.25760712691940835,0.5625,0.250409,0.007096126919408641
thompson,46,6,1,1.0,0.6201470648167844,0.0625,0.999322,-0.3792139351832159
thompson,46,6,2,1.0,0.2576041273812176,0.5625,0.250409,0.0070931273812178675
thompson,46,7,1,1.0,0.6201470644084217,0.0625,0.999322,-0.37921393559157857
thompson,46,7,2,1.0,0.2576011278430491,0.5625,0.250409,0.00709012784304941
thompson,46,8,1,1.0,0.6201470640000923,0.0625,0.999322,-0.37921393599990794
thompson,46,8,2,1.0,0.2575981283048723,0.5625,0.250409,0.00708712830487257
thompson,46,9,1,1.0,0.620147063591656,0.0625,0.999322,-0.37921393640834433
thompson,46,9,2,1.0,0.2575951287666955,0.5625,0.250409,0.007084128766695785
thompson,46,10,1,1.0,0.620147063183321,0.0625,0.999322,-0.37921393681667925
thompson,46,10,2,1.0,0.25759212922853225,0.5625,0.250409,0.0070811292285325456
thompson,46,11,1,1.0,0.6201470627749834,0.0625,0.999322,-0.37921393722501684
thompson,46,11,2,1.0,0.2575891296903572,0.5625,0.250409,0.007078129690357482
thompson,46,12,1,1.0,0.6201470623665761,0.0625,0.999322,-0.37921393763342415
thompson,46,12,2,1.0,0.2575861301521751,0.5625,0.250409,0.0070751301521753684
thompson,46,13,1,1.0,0.620147061958257,0.0625,0.999322,-0.3792139380417433
thompson,46,13,2,1.0,0.25758313061400506,0.5625,0.250409,0.007072130614005356
thompson,46,14,1,1.0,0.6201470615498561,0.0625,0.999322,-0.3792139384501442
thompson,46,14,2,1.0,0.25758013107583466,0.5625,0.250409,0.007069131075834956
thompson,46,15,1,1.0,0.6201470611414788,0.0625,0.999322,-0.3792139388585215
thompson,46,15,2,1.0,0.257577131537648,0.5625,0.250409,0.00706613153764829
thompson,46,16,1,1.0,0.6201470607331774,0.0625,0.999322,-0.3792139392668229
thompson,46,16,2,1.0,0.25757413199947043,0.5625,0.250409,0.007063131999470729
thompson,46,17,1,1.0,0.6201470603248476,0.0625,0.999322,-0.3792139396751527
thompson,46,17,2,1.0,0.25757113246128405,0.5625,0.250409,0.007060132461284341
thompson,46,18,1,1.0,0.620147059916369,0.0625,0.999322,-0.3792139400836313
thompson,46,18,2,1.0,0.257568132923123,0.5625,0.250409,0.0070571329231233215
thompson,46,19,1,1.0,0.6201470595080598,0.0625,0.999322,-0.37921394049194046
thompson,46,19,2,1.0,0.2575651333849597,0.5625,0.250409,0.007054133384959971
thompson,46,20,1,1.0,0.6201470590996334,0.0625,0.999322,-0.37921394090036686
thompson,46,20,2,1.0,0.25756213384678905,0.5625,0.250409,0.007051133846789348
thompson,46,21,1,1.0,0.6201470586913052,0.0625,0.999322,-0.3792139413086951
thompson,46,21,2,1.0,0.2575591343086073,0.5625,0.250409,0.007048134308607568
thompson,46,22,1,1.0,0.5412033815843651,0.0,0.9991960000000002,-0.45789361841563503
thompson,46,22,2,1.0,0.28315418844425966,0.53125,0.25055474999999994,0.03225743844425977
thompson,46,23,1,1.0,0.5412033811759265,0.0,0.9991960000000002,-0.45789361882407364
thompson,46,23,2,1.0,0.28315418844425966,0.53125,0.25055474999999994,0.03225743844425977
thompson,46,24,1,1.0,0.5412033807674357,0.0,0.9991960000000002,-0.45789361923256444
thompson,46,24,2,1.0,0.28315418844425966,0.53125,0.25055474999999994,0.03225743844425977
thompson,46,25,1,1.0,0.5412033803588874,0.0,0.9991960000000002,-0.45789361964111275
thompson,46,25,2,1.0,0.28315418844425966,0.53125,0.25055474999999994,0.03225743844425977
thompson,46,26,1,1.0,0.5412033799504585,0.0,0.9991960000000002,-0.4578936200495416
thompson,46,26,2,1.0,0.28315418844425966,0.53125,0.25055474999999994,0.03225743844425977
thompson,46,27,1,1.0,0.5412033795419349,0.0,0.9991960000000002,-0.45789362045806525
thompson,46,27,2,1.0,0.28315418844425966,0.53125,0.25055474999999994,0.03225743844425977
thompson,46,28,1,1.0,0.5412033791334565,0.0,0.999181,-0.4578936208665436
thompson,46,28,2,1.0,0.28315418844425966,0.53125,0.25055474999999994,0.03225743844425977
thompson,46,29,1,1.0,0.5412033787248998,0.0,0.999181,-0.45789362127510036
thompson,46,29,2,1.0,0.28315418844425966,0.53125,0.25055474999999994,0.03225743844425977
thompson,46,30,1,1.0,0.5412033783164187,0.0,0.999181,-0.4578936216835814
thompson,46,30,2,1.0,0.28315418844425966,0.53125,0.25055474999999994,0.03225743844425977
thompson,46,31,1,1.0,0.5412033779079328,0.0,0.999181,-0.4578936220920673
thompson,46,31,2,1.0,0.28315418844425966,0.53125,0.25055474999999994,0.03225743844425977
thompson,46,32,1,1.0,0.541203377499446,0.0,0.999181,-0.4578936225005541
thompson,46,32,2,1.0,0.28315418844425966,0.53125,0.25055474999999994,0.03225743844425977
thompson,46,33,1,1.0,0.5763670898634675,0.03125,0.999286,-0.4231439585787442
thompson,46,33,2,1.0,0.25156241543746916,0.5,0.250459,0.000969415437469312
thompson,46,34,1,1.0,0.5763670898634675,0.03125,0.999286,-0.42314395898714197
thompson,46,34,2,1.0,0.2515601980208406,0.5,0.250459,0.000967198020840776
thompson,46,35,1,1.0,0.5763670898634675,0.03125,0.999286,-0.4231439593955295
thompson,46,35,2,1.0,0.2515579806041751,0.5,0.250459,0.0009649806041752695
thompson,46,36,1,1.0,0.5763670898634675,0.03125,0.999286,-0.42314395980395036
thompson,46,36,2,1.0,0.2515557631875397,0.5,0.250459,0.0009627631875398501
thompson,46,37,1,1.0,0.5763670898634675,0.03125,0.999286,-0.4231439602123628
thompson,46,37,2,1.0,0.25155354577089273,0.5,0.250459,0.0009605457708928844
thompson,46,38,1,1.0,0.5763670898634675,0.03125,0.999286,-0.4231439606207883
thompson,46,38,2,1.0,0.2515513283542581,0.5,0.250459,0.0009583283542582421
thompson,46,39,1,1.0,0.5763670898634675,0.03125,0.999286,-0.42314396102913987
thompson,46,39,2,1.0,0.2515491109376181,0.5,0.250459,0.0009561109376182708
thompson,46,40,1,1.0,0.5763670898634675,0.03125,0.999286,-0.4231439614374801
thompson,46,40,2,1.0,0.2515468935209605,0.5,0.250459,0.0009538935209606469
thompson,46,41,1,1.0,0.5763670898634675,0.03125,0.999286,-0.4231439618458612
thompson,46,41,2,1.0,0.25154467610429954,0.5,0.250459,0.0009516761042996924
thompson,46,42,1,1.0,0.5763670898634675,0.03125,0.999286,-0.4231439622543489
thompson,46,42,2,1.0,0.25154245868767056,0.5,0.250459,0.0009494586876707123
thompson,46,43,1,1.0,0.5763670898634675,0.03125,0.999286,-0.4231439626627307
thompson,46,43,2,1.0,0.25154024127101793,0.5,0.250459,0.0009472412710180844
thompson,46,44,1,1.0,0.5763670898634675,0.03125,0.999286,-0.4231439630711107
thompson,46,44,2,1.0,0.25153802385439195,0.5,0.250459,0.0009450238543921019
thompson,46,45,1,1.0,0.5763670898634675,0.03125,0.999286,-0.4231439634794787
thompson,46,45,2,1.0,0.25153580643773,0.5,0.250459,0.0009428064377301482
thompson,46,46,1,1.0,0.5763670898634675,0.03125,0.999286,-0.4231439638879195
thompson,46,46,2,1.0,0.25153358902109124,0.5,0.250459,0.0009405890210913981
thompson,46,47,1,1.0,0.5763670898634675,0.03125,0.999286,-0.42314396429632195
thompson,46,47,2,1.0,0.25153137160444605,0.5,0.250459,0.0009383716044462087
thompson,46,48,1,1.0,0.5763670898634675,0.03125,0.999286,-0.4231439647046953
thompson,46,48,2,1.0,0.2515291541878052,0.5,0.250459,0.0009361541878053492
thompson,46,49,1,1.0,0.5763670898634675,0.03125,0.999286,-0.4231439651130635
thompson,46,49,2,1.0,0.25152693677116755,0.5,0.250459,0.0009339367711677093
thompson,47,0,1,1.0,0.6201470668586009,0.0625,0.999322,-0.3792139331413994
thompson,47,0,2,1.0,0.2576208572352419,0.5625,0.250409,0.007109857235242212
thompson,47,1,1,1.0,0.6201470664502655,0.0625,0.999322,-0.37921393354973476
thompson,47,1,2,1.0,0.25761785769702905,0.5625,0.250409,0.007106857697029345
thompson,47,2,1,1.0,0.6201470660419215,0.0625,0.999322,-0.3792139339580788
thompson,47,2,2,1.0,0.2576148581588499,0.5625,0.250409,0.007103858158850174
thompson,47,3,1,1.0,0.6201470656335162,0.0625,0.999322,-0.3792139343664841
thompson,47,3,2,1.0,0.2576118586206831,0.5625,0.250409,0.007100858620683381
thompson,47,4,1,1.0,0.6201470652251602,0.0625,0.999322,-0.3792139347748401
thompson,47,4,2,1.0,0.2576088590825133,0.5625,0.250409,0.007097859082513591
thompson,47,5,1,1.0,0.6201470648168081,0.0625,0.999322,-0.37921393518319213
thompson,47,5,2,1.0,0.25760585954434556,0.5625,0.250409,0.007094859544345855
thompson,47,6,1,1.0,0.620147064408415,0.0625,0.999322,-0.3792139355915852
thompson,47,6,2,1.0,0.2576028600061548,0.5625,0.250409,0.007091860006155082
thompson,47,7,1,1.0,0.6201470640000524,0.0625,0.999322,-0.3792139359999479
thompson,47,7,2,1.0,0.25759986046798633,0.5625,0.250409,0.007088860467986624
thompson,47,8,1,1.0,0.620147063591723,0.0625,0.999322,-0.3792139364082773
thompson,47,8,2,1.0,0.2575968609298095,0.5625,0.250409,0.007085860929809784
thompson,47,9,1,1.0,0.6201470631832866,0.0625,0.999322,-0.37921393681671367
thompson,47,9,2,1.0,0.2575938613916327,0.5625,0.250409,0.007082861391633
thompson,47,10,1,1.0,0.6201470627749517,0.0625,0.999322,-0.3792139372250486
thompson,47,10,2,1.0,0.25759086185346947,0.5625,0.250409,0.00707986185346976
thompson,47,11,1,1.0,0.6201470623666141,0.0625,0.999322,-0.3792139376333862
thompson,47,11,2,1.0,0.2575878623152944,0.5625,0.250409,0.007076862315294696
thompson,47,12,1,1.0,0.6201470619582068,0.0625,0.999322,-0.3792139380417935
thompson,47,12,2,1.0,0.2575848627771123,0.5625,0.250409,0.007073862777112583
thompson,47,13,1,1.0,0.6201470615498876,0.0625,0.999322,-0.37921393845011264
thompson,47,13,2,1.0,0.2575818632389423,0.5625,0.250409,0.007070863238942571
thompson,47,14,1,1.0,0.6201470611414868,0.0625,0.999322,-0.3792139388585135
thompson,47,14,2,1.0,0.2575788637007719,0.5625,0.250409,0.00706786370077217
thompson,47,15,1,1.0,0.6201470607331094,0.0625,0.999322,-0.37921393926689084
thompson,47,15,2,1.0,0.2575758641625852,0.5625,0.250409,0.007064864162585505
thompson,47,16,1,1.0,0.620147060324808,0.0625,0.999322,-0.37921393967519224
thompson,47,16,2,1.0,0.25757286462440765,0.5625,0.250409,0.007061864624407943
thompson,47,17,1,1.0,0.6201470599164782,0.0625,0.999322,-0.37921394008352205
thompson,47,17,2,1.0,0.25756986508622126,0.5625,0.250409,0.007058865086221555
thompson,47,18,1,1.0,0.6201470595079996,0.0625,0.999322,-0.37921394049200063
thompson,47,18,2,1.0,0.25756686554806024,0.5625,0.250409,0.007055865548060536
thompson,47,19,1,1.0,0.6201470590996905,0.0625,0.999322,-0.3792139409003098
thompson,47,19,2,1.0,0.2575638660098969,0.5625,0.250409,0.007052866009897185
thompson,47,20,1,1.0,0.6201470586912641,0.0625,0.999322,-0.3792139413087362
thompson,47,20,2,1.0,0.25756086647172627,0.5625,0.250409,0.0070498664717265624
thompson,47,21,1,1.0,0.6201470582829358,0.0625,0.999322,-0.37921394171706446
thompson,47,21,2,1.0,0.2575578669335445,0.5625,0.250409,0.007046866933544782
thompson,47,22,1,1.0,0.5412033811756964,0.0,0.9991960000000002,-0.4578936188243037
thompson,47,22,2,1.0,0.2831517347218042,0.53125,0.25055474999999994,0.032254984721804325
thompson,47,23,1,1.0,0.5412033807672578,0.0,0.9991960000000002,-0.4578936192327423
thompson,47,23,2,1.0,0.2831517347218042,0.53125,0.25055474999999994,0.032254984721804325
thompson,47,24,1,1.0,0.541203380358767,0.0,0.9991960000000002,-0.4578936196412331
thompson,47,24,2,1.0,0.2831517347218042,0.53125,0.25055474999999994,0.032254984721804325
thompson,47,25,1,1.0,0.5412033799502187,0.0,0.9991960000000002,-0.4578936200497814
thompson,47,25,2,1.0,0.2831517347218042,0.53125,0.25055474999999994,0.032254984721804325
thompson,47,26,1,1.0,0.5412033795417899,0.0,0.9991960000000002,-0.45789362045821025
thompson,47,26,2,1.0,0.2831517347218042,0.53125,0.25055474999999994,0.032254984721804325
thompson,47,27,1,1.0,0.5412033791332662,0.0,0.9991960000000002,-0.4578936208667339
thompson,47,27,2,1.0,0.2831517347218042,0.53125,0.25055474999999994,0.032254984721804325
thompson,47,28,1,1.0,0.5412033787247879,0.0,0.999181,-0.45789362127521227
thompson,47,28,2,1.0,0.2831517347218042,0.53125,0.25055474999999994,0.032254984721804325
thompson,47,29,1,1.0,0.5412033783162311,0.0,0.999181,-0.457893621683769
thompson,47,29,2,1.0,0.2831517347218042,0.53125,0.25055474999999994,0.032254984721804325
thompson,47,30,1,1.0,0.5412033779077501,0.0,0.999181,-0.45789362209225004
thompson,47,30,2,1.0,0.2831517347218042,0.53125,0.25055474999999994,0.032254984721804325
thompson,47,31,1,1.0,0.5412033774992642,0.0,0.999181,-0.45789362250073595
thompson,47,31,2,1.0,0.2831517347218042,0.53125,0.25055474999999994,0.032254984721804325
thompson,47,32,1,1.0,0.5412033770907774,0.0,0.999181,-0.45789362290922275
thompson,47,32,2,1.0,0.2831517347218042,0.53125,0.25055474999999994,0.032254984721804325
thompson,47,33,1,1.0,0.5763670890466631,0.03125,0.999286,-0.4231439589871202
thompson,47,33,2,1.0,0.25156114806240637,0.5,0.250459,0.0009681480624065264
thompson,47,34,1,1.0,0.5763670890466631,0.03125,0.999286,-0.42314395939551797
thompson,47,34,2,1.0,0.25155893064577783,0.5,0.250459,0.0009659306457779904
thompson,47,35,1,1.0,0.5763670890466631,0.03125,0.999286,-0.4231439598039055
thompson,47,35,2,1.0,0.2515567132291123,0.5,0.250459,0.0009637132291124839
thompson,47,36,1,1.0,0.5763670890466631,0.03125,0.999286,-0.42314396021232636
thompson,47,36,2,1.0,0.2515544958124769,0.5,0.250459,0.0009614958124770645
thompson,47,37,1,1.0,0.5763670890466631,0.03125,0.999286,-0.4231439606207388
thompson,47,37,2,1.0,0.25155227839582994,0.5,0.250459,0.0009592783958300988
thompson,47,38,1,1.0,0.5763670890466631,0.03125,0.999286,-0.4231439610291643
thompson,47,38,2,1.0,0.2515500609791953,0.5,0.250459,0.0009570609791954565
thompson,47,39,1,1.0,0.5763670890466631,0.03125,0.999286,-0.42314396143751587
thompson,47,39,2,1.0,0.25154784356255533,0.5,0.250459,0.0009548435625554852
thompson,47,40,1,1.0,0.5763670890466631,0.03125,0.999286,-0.4231439618458561
thompson,47,40,2,1.0,0.2515456261458977,0.5,0.250459,0.0009526261458978613
thompson,47,41,1,1.0,0.5763670890466631,0.03125,0.999286,-0.4231439622542372
thompson,47,41,2,1.0,0.25154340872923675,0.5,0.250459,0.0009504087292369068
thompson,47,42,1,1.0,0.5763670890466631,0.03125,0.999286,-0.4231439626627249
thompson,47,42,2,1.0,0.25154119131260777,0.5,0.250459,0.0009481913126079267
thompson,47,43,1,1.0,0.5763670890466631,0.03125,0.999286,-0.4231439630711067
thompson,47,43,2,1.0,0.25153897389595514,0.5,0.250459,0.0009459738959552988
thompson,47,44,1,1.0,0.5763670890466631,0.03125,0.999286,-0.4231439634794867
thompson,47,44,2,1.0,0.25153675647932916,0.5,0.250459,0.0009437564793293163
thompson,47,45,1,1.0,0.5763670890466631,0.03125,0.999286,-0.4231439638878547
thompson,47,45,2,1.0,0.2515345390626672,0.5,0.250459,0.0009415390626673625
thompson,47,46,1,1.0,0.5763670890466631,0.03125,0.999286,-0.4231439642962955
thompson,47,46,2,1.0,0.25153232164602846,0.5,0.250459,0.0009393216460286125
thompson,47,47,1,1.0,0.5763670890466631,0.03125,0.999286,-0.42314396470469795
thompson,47,47,2,1.0,0.25153010422938327,0.5,0.250459,0.0009371042293834231
thompson,47,48,1,1.0,0.5763670890466631,0.03125,0.999286,-0.4231439651130713
thompson,47,48,2,1.0,0.2515278868127424,0.5,0.250459,0.0009348868127425636
thompson,47,49,1,1.0,0.5763670890466631,0.03125,0.999286,-0.4231439655214395
thompson,47,49,2,1.0,0.25152566939610477,0.5,0.250459,0.0009326693961049237
thompson,48,0,1,1.0,0.6201470664501489,0.0625,0.999322,-0.37921393354985133
thompson,48,0,2,1.0,0.2576195898601877,0.5625,0.250409,0.007108589860187975
thompson,48,1,1,1.0,0.6201470660418136,0.0625,0.999322,-0.3792139339581867
thompson,48,1,2,1.0,0.2576165903219748,0.5625,0.250409,0.007105590321975108
thompson,48,2,1,1.0,0.6201470656334696,0.0625,0.999322,-0.3792139343665307
thompson,48,2,2,1.0,0.25761359078379564,0.5625,0.250409,0.007102590783795937
thompson,48,3,1,1.0,0.6201470652250642,0.0625,0.999322,-0.37921393477493603
thompson,48,3,2,1.0,0.25761059124562885,0.5625,0.250409,0.007099591245629144
thompson,48,4,1,1.0,0.6201470648167082,0.0625,0.999322,-0.37921393518329205
thompson,48,4,2,1.0,0.25760759170745906,0.5625,0.250409,0.007096591707459354
thompson,48,5,1,1.0,0.6201470644083562,0.0625,0.999322,-0.37921393559164407
thompson,48,5,2,1.0,0.2576045921692913,0.5625,0.250409,0.007093592169291618
thompson,48,6,1,1.0,0.6201470639999631,0.0625,0.999322,-0.37921393600003717
thompson,48,6,2,1.0,0.25760159263110055,0.5625,0.250409,0.007090592631100845
thompson,48,7,1,1.0,0.6201470635916004,0.0625,0.999322,-0.37921393640839984
thompson,48,7,2,1.0,0.2575985930929321,0.5625,0.250409,0.007087593092932387
thompson,48,8,1,1.0,0.6201470631832711,0.0625,0.999322,-0.3792139368167292
thompson,48,8,2,1.0,0.25759559355475525,0.5625,0.250409,0.007084593554755547
thompson,48,9,1,1.0,0.6201470627748347,0.0625,0.999322,-0.3792139372251656
thompson,48,9,2,1.0,0.25759259401657847,0.5625,0.250409,0.007081594016578763
thompson,48,10,1,1.0,0.6201470623664997,0.0625,0.999322,-0.37921393763350053
thompson,48,10,2,1.0,0.25758959447841523,0.5625,0.250409,0.007078594478415523
thompson,48,11,1,1.0,0.6201470619581622,0.0625,0.999322,-0.3792139380418381
thompson,48,11,2,1.0,0.25758659494024017,0.5625,0.250409,0.007075594940240459
thompson,48,12,1,1.0,0.6201470615497549,0.0625,0.999322,-0.3792139384502454
thompson,48,12,2,1.0,0.25758359540205805,0.5625,0.250409,0.007072595402058346
thompson,48,13,1,1.0,0.6201470611414357,0.0625,0.999322,-0.3792139388585646
thompson,48,13,2,1.0,0.25758059586388804,0.5625,0.250409,0.007069595863888334
thompson,48,14,1,1.0,0.6201470607330348,0.0625,0.999322,-0.37921393926696545
thompson,48,14,2,1.0,0.25757759632571764,0.5625,0.250409,0.007066596325717933
thompson,48,15,1,1.0,0.6201470603246575,0.0625,0.999322,-0.3792139396753428
thompson,48,15,2,1.0,0.257574596787531,0.5625,0.250409,0.007063596787531268
thompson,48,16,1,1.0,0.6201470599163561,0.0625,0.999322,-0.3792139400836442
thompson,48,16,2,1.0,0.2575715972493534,0.5625,0.250409,0.007060597249353706
thompson,48,17,1,1.0,0.6201470595080263,0.0625,0.999322,-0.379213940491974
thompson,48,17,2,1.0,0.257568597711167,0.5625,0.250409,0.007057597711167318
thompson,48,18,1,1.0,0.6201470590995477,0.0625,0.999322,-0.3792139409004526
thompson,48,18,2,1.0,0.257565598173006,0.5625,0.250409,0.007054598173006299
thompson,48,19,1,1.0,0.6201470586912385,0.0625,0.999322,-0.37921394130876174
thompson,48,19,2,1.0,0.25756259863484265,0.5625,0.250409,0.007051598634842948
thompson,48,20,1,1.0,0.6201470582828121,0.0625,0.999322,-0.37921394171718814
thompson,48,20,2,1.0,0.25755959909667203,0.5625,0.250409,0.0070485990966723255
thompson,48,21,1,1.0,0.6201470578744839,0.0625,0.999322,-0.3792139421255164
thompson,48,21,2,1.0,0.25755659955849025,0.5625,0.250409,0.007045599558490545
thompson,48,22,1,1.0,0.5412033807672147,0.0,0.9991960000000002,-0.4578936192327854
thompson,48,22,2,1.0,0.2831492809993317,0.53125,0.25055474999999994,0.032252530999331785
thompson,48,23,1,1.0,0.5412033803587761,0.0,0.9991960000000002,-0.457893619641224
thompson,48,23,2,1.0,0.2831492809993317,0.53125,0.25055474999999994,0.032252530999331785
thompson,48,24,1,1.0,0.5412033799502853,0.0,0.9991960000000002,-0.4578936200497148
thompson,48,24,2,1.0,0.2831492809993317,0.53125,0.25055474999999994,0.032252530999331785
thompson,48,25,1,1.0,0.541203379541737,0.0,0.9991960000000002,-0.4578936204582631
thompson,48,25,2,1.0,0.2831492809993317,0.53125,0.25055474999999994,0.032252530999331785
thompson,48,26,1,1.0,0.5412033791333082,0.0,0.9991960000000002,-0.45789362086669194
thompson,48,26,2,1.0,0.2831492809993317,0.53125,0.25055474999999994,0.032252530999331785
thompson,48,27,1,1.0,0.5412033787247845,0.0,0.9991960000000002,-0.4578936212752156
thompson,48,27,2,1.0,0.2831492809993317,0.53125,0.25055474999999994,0.032252530999331785
thompson,48,28,1,1.0,0.5412033783163062,0.0,0.999181,-0.45789362168369396
thompson,48,28,2,1.0,0.2831492809993317,0.53125,0.25055474999999994,0.032252530999331785
thompson,48,29,1,1.0,0.5412033779077494,0.0,0.999181,-0.4578936220922507
thompson,48,29,2,1.0,0.2831492809993317,0.53125,0.25055474999999994,0.032252530999331785
thompson,48,30,1,1.0,0.5412033774992684,0.0,0.999181,-0.45789362250073173
thompson,48,30,2,1.0,0.2831492809993317,0.53125,0.25055474999999994,0.032252530999331785
thompson,48,31,1,1.0,0.5412033770907825,0.0,0.999181,-0.45789362290921765
thompson,48,31,2,1.0,0.2831492809993317,0.53125,0.25055474999999994,0.032252530999331785
thompson,48,32,1,1.0,0.5412033766822957,0.0,0.999181,-0.45789362331770445
thompson,48,32,2,1.0,0.2831492809993317,0.53125,0.25055474999999994,0.032252530999331785
thompson,48,33,1,1.0,0.5763670882298045,0.03125,0.999286,-0.4231439593955355
thompson,48,33,2,1.0,0.25155988068735213,0.5,0.250459,0.0009668806873522895
thompson,48,34,1,1.0,0.5763670882298045,0.03125,0.999286,-0.42314395980393327
thompson,48,34,2,1.0,0.2515576632707236,0.5,0.250459,0.0009646632707237535
thompson,48,35,1,1.0,0.5763670882298045,0.03125,0.999286,-0.4231439602123208
thompson,48,35,2,1.0,0.2515554458540581,0.5,0.250459,0.000962445854058247
thompson,48,36,1,1.0,0.5763670882298045,0.03125,0.999286,-0.42314396062074167
thompson,48,36,2,1.0,0.25155322843742267,0.5,0.250459,0.0009602284374228276
thompson,48,37,1,1.0,0.5763670882298045,0.03125,0.999286,-0.4231439610291541
thompson,48,37,2,1.0,0.2515510110207757,0.5,0.250459,0.0009580110207758619
thompson,48,38,1,1.0,0.5763670882298045,0.03125,0.999286,-0.4231439614375796
thompson,48,38,2,1.0,0.25154879360414106,0.5,0.250459,0.0009557936041412196
thompson,48,39,1,1.0,0.5763670882298045,0.03125,0.999286,-0.42314396184593117
thompson,48,39,2,1.0,0.2515465761875011,0.5,0.250459,0.0009535761875012483
thompson,48,40,1,1.0,0.5763670882298045,0.03125,0.999286,-0.4231439622542714
thompson,48,40,2,1.0,0.25154435877084347,0.5,0.250459,0.0009513587708436244
thompson,48,41,1,1.0,0.5763670882298045,0.03125,0.999286,-0.42314396266265253
thompson,48,41,2,1.0,0.2515421413541825,0.5,0.250459,0.0009491413541826699
thompson,48,42,1,1.0,0.5763670882298045,0.03125,0.999286,-0.4231439630711402
thompson,48,42,2,1.0,0.25153992393755353,0.5,0.250459,0.0009469239375536898
thompson,48,43,1,1.0,0.5763670882298045,0.03125,0.999286,-0.423143963479522
thompson,48,43,2,1.0,0.2515377065209009,0.5,0.250459,0.0009447065209010619
thompson,48,44,1,1.0,0.5763670882298045,0.03125,0.999286,-0.423143963887902
thompson,48,44,2,1.0,0.2515354891042749,0.5,0.250459,0.0009424891042750794
thompson,48,45,1,1.0,0.5763670882298045,0.03125,0.999286,-0.42314396429627
thompson,48,45,2,1.0,0.25153327168761297,0.5,0.250459,0.0009402716876131256
thompson,48,46,1,1.0,0.5763670882298045,0.03125,0.999286,-0.42314396470471083
thompson,48,46,2,1.0,0.2515310542709742,0.5,0.250459,0.0009380542709743755
thompson,48,47,1,1.0,0.5763670882298045,0.03125,0.999286,-0.42314396511311325
thompson,48,47,2,1.0,0.25152883685432903,0.5,0.250459,0.0009358368543291862
thompson,48,48,1,1.0,0.5763670882298045,0.03125,0.999286,-0.4231439655214866
thompson,48,48,2,1.0,0.25152661943768817,0.5,0.250459,0.0009336194376883267
thompson,48,49,1,1.0,0.5763670882298045,0.03125,0.999286,-0.4231439659298548
thompson,48,49,2,1.0,0.25152440202105053,0.5,0.250459,0.0009314020210506868
thompson,49,0,1,1.0,0.6201470660417432,0.0625,0.999322,-0.3792139339582571
thompson,49,0,2,1.0,0.25761832248512734,0.5625,0.250409,0.007107322485127632
thompson,49,1,1,1.0,0.6201470656334078,0.0625,0.999322,-0.37921393436659245
thompson,49,1,2,1.0,0.25761532294691447,0.5625,0.250409,0.007104322946914765
thompson,49,2,1,1.0,0.6201470652250638,0.0625,0.999322,-0.3792139347749365
thompson,49,2,2,1.0,0.2576123234087353,0.5625,0.250409,0.007101323408735594
thompson,49,3,1,1.0,0.6201470648166585,0.0625,0.999322,-0.3792139351833418
thompson,49,3,2,1.0,0.2576093238705685,0.5625,0.250409,0.007098323870568801
thompson,49,4,1,1.0,0.6201470644083025,0.0625,0.999322,-0.3792139355916978
thompson,49,4,2,1.0,0.2576063243323987,0.5625,0.250409,0.007095324332399011
thompson,49,5,1,1.0,0.6201470639999505,0.0625,0.999322,-0.3792139360000498
thompson,49,5,2,1.0,0.257603324794231,0.5625,0.250409,0.007092324794231275
thompson,49,6,1,1.0,0.6201470635915574,0.0625,0.999322,-0.3792139364084429
thompson,49,6,2,1.0,0.2576003252560402,0.5625,0.250409,0.007089325256040502
thompson,49,7,1,1.0,0.6201470631831947,0.0625,0.999322,-0.3792139368168056
thompson,49,7,2,1.0,0.25759732571787175,0.5625,0.250409,0.007086325717872044
thompson,49,8,1,1.0,0.6201470627748653,0.0625,0.999322,-0.37921393722513497
thompson,49,8,2,1.0,0.2575943261796949,0.5625,0.250409,0.007083326179695204
thompson,49,9,1,1.0,0.6201470623664289,0.0625,0.999322,-0.37921393763357136
thompson,49,9,2,1.0,0.2575913266415181,0.5625,0.250409,0.00708032664151842
thompson,49,10,1,1.0,0.620147061958094,0.0625,0.999322,-0.3792139380419063
thompson,49,10,2,1.0,0.2575883271033549,0.5625,0.250409,0.00707732710335518
thompson,49,11,1,1.0,0.6201470615497564,0.0625,0.999322,-0.37921393845024387
thompson,49,11,2,1.0,0.2575853275651798,0.5625,0.250409,0.007074327565180116
thompson,49,12,1,1.0,0.6201470611413491,0.0625,0.999322,-0.3792139388586512
thompson,49,12,2,1.0,0.2575823280269977,0.5625,0.250409,0.007071328026998003
thompson,49,13,1,1.0,0.6201470607330299,0.0625,0.999322,-0.37921393926697033
thompson,49,13,2,1.0,0.2575793284888277,0.5625,0.250409,0.007068328488827991
thompson,49,14,1,1.0,0.6201470603246291,0.0625,0.999322,-0.3792139396753712
thompson,49,14,2,1.0,0.2575763289506573,0.5625,0.250409,0.00706532895065759
thompson,49,15,1,1.0,0.6201470599162517,0.0625,0.999322,-0.37921394008374854
thompson,49,15,2,1.0,0.25757332941247063,0.5625,0.250409,0.007062329412470925
thompson,49,16,1,1.0,0.6201470595079503,0.0625,0.999322,-0.37921394049204993
thompson,49,16,2,1.0,0.25757032987429307,0.5625,0.250409,0.007059329874293363
thompson,49,17,1,1.0,0.6201470590996205,0.0625,0.999322,-0.37921394090037974
thompson,49,17,2,1.0,0.2575673303361067,0.5625,0.250409,0.007056330336106975
thompson,49,18,1,1.0,0.620147058691142,0.0625,0.999322,-0.3792139413088583
thompson,49,18,2,1.0,0.25756433079794566,0.5625,0.250409,0.007053330797945956
thompson,49,19,1,1.0,0.6201470582828328,0.0625,0.999322,-0.3792139417171675
thompson,49,19,2,1.0,0.2575613312597823,0.5625,0.250409,0.007050331259782605
thompson,49,20,1,1.0,0.6201470578744064,0.0625,0.999322,-0.3792139421255939
thompson,49,20,2,1.0,0.2575583317216117,0.5625,0.250409,0.007047331721611982
thompson,49,21,1,1.0,0.6201470574660781,0.0625,0.999322,-0.37921394253392215
thompson,49,21,2,1.0,0.2575553321834299,0.5625,0.250409,0.007044332183430202
thompson,49,22,1,1.0,0.5412033803587035,0.0,0.9991960000000002,-0.4578936196412966
thompson,49,22,2,1.0,0.2831468272768879,0.53125,0.25055474999999994,0.032250077276888
thompson,49,23,1,1.0,0.5412033799502649,0.0,0.9991960000000002,-0.4578936200497352
thompson,49,23,2,1.0,0.2831468272768879,0.53125,0.25055474999999994,0.032250077276888
thompson,49,24,1,1.0,0.5412033795417741,0.0,0.9991960000000002,-0.457893620458226
thompson,49,24,2,1.0,0.2831468272768879,0.53125,0.25055474999999994,0.032250077276888
thompson,49,25,1,1.0,0.5412033791332258,0.0,0.9991960000000002,-0.4578936208667743
thompson,49,25,2,1.0,0.2831468272768879,0.53125,0.25055474999999994,0.032250077276888
thompson,49,26,1,1.0,0.541203378724797,0.0,0.9991960000000002,-0.45789362127520317
thompson,49,26,2,1.0,0.2831468272768879,0.53125,0.25055474999999994,0.032250077276888
thompson,49,27,1,1.0,0.5412033783162733,0.0,0.9991960000000002,-0.4578936216837268
thompson,49,27,2,1.0,0.2831468272768879,0.53125,0.25055474999999994,0.032250077276888
thompson,49,28,1,1.0,0.5412033779077949,0.0,0.999181,-0.4578936220922052
thompson,49,28,2,1.0,0.2831468272768879,0.53125,0.25055474999999994,0.032250077276888
thompson,49,29,1,1.0,0.5412033774992382,0.0,0.999181,-0.45789362250076193
thompson,49,29,2,1.0,0.2831468272768879,0.53125,0.25055474999999994,0.032250077276888
thompson,49,30,1,1.0,0.5412033770907572,0.0,0.999181,-0.45789362290924296
thompson,49,30,2,1.0,0.2831468272768879,0.53125,0.25055474999999994,0.032250077276888
thompson,49,31,1,1.0,0.5412033766822713,0.0,0.999181,-0.45789362331772887
thompson,49,31,2,1.0,0.2831468272768879,0.53125,0.25055474999999994,0.032250077276888
thompson,49,32,1,1.0,0.5412033762737845,0.0,0.999181,-0.45789362372621567
thompson,49,32,2,1.0,0.2831468272768879,0.53125,0.25055474999999994,0.032250077276888
thompson,49,33,1,1.0,0.5763670874129961,0.03125,0.999286,-0.42314395980393416
thompson,49,33,2,1.0,0.2515586133122918,0.5,0.250459,0.0009656133122919464
thompson,49,34,1,1.0,0.5763670874129961,0.03125,0.999286,-0.4231439602123319
thompson,49,34,2,1.0,0.25155639589566325,0.5,0.250459,0.0009633958956634103
thompson,49,35,1,1.0,0.5763670874129961,0.03125,0.999286,-0.42314396062071946
thompson,49,35,2,1.0,0.25155417847899775,0.5,0.250459,0.0009611784789979039
thompson,49,36,1,1.0,0.5763670874129961,0.03125,0.999286,-0.4231439610291403
thompson,49,36,2,1.0,0.25155196106236233,0.5,0.250459,0.0009589610623624845
thompson,49,37,1,1.0,0.5763670874129961,0.03125,0.999286,-0.42314396143755273
thompson,49,37,2,1.0,0.25154974364571536,0.5,0.250459,0.0009567436457155187
thompson,49,38,1,1.0,0.5763670874129961,0.03125,0.999286,-0.42314396184597824
thompson,49,38,2,1.0,0.2515475262290807,0.5,0.250459,0.0009545262290808765
thompson,49,39,1,1.0,0.5763670874129961,0.03125,0.999286,-0.4231439622543298
thompson,49,39,2,1.0,0.25154530881244075,0.5,0.250459,0.0009523088124409052
thompson,49,40,1,1.0,0.5763670874129961,0.03125,0.999286,-0.42314396266267007
thompson,49,40,2,1.0,0.2515430913957831,0.5,0.250459,0.0009500913957832813
thompson,49,41,1,1.0,0.5763670874129961,0.03125,0.999286,-0.4231439630710512
thompson,49,41,2,1.0,0.25154087397912217,0.5,0.250459,0.0009478739791223267
thompson,49,42,1,1.0,0.5763670874129961,0.03125,0.999286,-0.42314396347953886
thompson,49,42,2,1.0,0.2515386565624932,0.5,0.250459,0.0009456565624933466
thompson,49,43,1,1.0,0.5763670874129961,0.03125,0.999286,-0.42314396388792064
thompson,49,43,2,1.0,0.25153643914584056,0.5,0.250459,0.0009434391458407188
thompson,49,44,1,1.0,0.5763670874129961,0.03125,0.999286,-0.42314396429630063
thompson,49,44,2,1.0,0.2515342217292146,0.5,0.250459,0.0009412217292147362
thompson,49,45,1,1.0,0.5763670874129961,0.03125,0.999286,-0.42314396470466864
thompson,49,45,2,1.0,0.2515320043125526,0.5,0.250459,0.0009390043125527825
thompson,49,46,1,1.0,0.5763670874129961,0.03125,0.999286,-0.4231439651131095
thompson,49,46,2,1.0,0.2515297868959139,0.5,0.250459,0.0009367868959140324
thompson,49,47,1,1.0,0.5763670874129961,0.03125,0.999286,-0.4231439655215119
thompson,49,47,2,1.0,0.2515275694792687,0.5,0.250459,0.000934569479268843
thompson,49,48,1,1.0,0.5763670874129961,0.03125,0.999286,-0.42314396592988524
thompson,49,48,2,1.0,0.2515253520626278,0.5,0.250459,0.0009323520626279835
thompson,49,49,1,1.0,0.5763670874129961,0.03125,0.999286,-0.42314396633825346
thompson,49,49,2,1.0,0.2515231346459902,0.5,0.250459,0.0009301346459903437
